subject_id,project_id,workflow_id,subject_set_id,metadata,locations,classifications_count,retired_at,retirement_reason,created_at,updated_at
82173425,19171,,109306,"{""images"":""Deci44100_CCES_010_1033.png"",""sounds"":""Deci44100_CCES_010_1033.mp3"",""subject_id"":""Deci44100_CCES_010_1033""}","{""0"":""https://panoptes-uploads.zooniverse.org/subject_location/b43de8e4-c1e9-4d27-b279-ab26a2d8492c.mpga"",""1"":""https://panoptes-uploads.zooniverse.org/subject_location/875733f9-617d-411f-92c3-957776250bad.png""}",0,,,2022-11-07 20:39:32 UTC,2022-11-07 20:39:32 UTC
82173448,19171,,109306,"{""images"":""Deci44100_CCES_010_1074.png"",""sounds"":""Deci44100_CCES_010_1074.mp3"",""subject_id"":""Deci44100_CCES_010_1074""}","{""0"":""https://panoptes-uploads.zooniverse.org/subject_location/a71e96ab-b658-4f90-8c7c-a280be30d2f1.mpga"",""1"":""https://panoptes-uploads.zooniverse.org/subject_location/cf3e194b-44a9-42bf-9a00-65007764b1f9.png""}",0,,,2022-11-07 20:39:33 UTC,2022-11-07 20:39:33 UTC
82173451,19171,,109306,"{""images"":""Deci44100_CCES_010_1127.png"",""sounds"":""Deci44100_CCES_010_1127.mp3"",""subject_id"":""Deci44100_CCES_010_1127""}","{""0"":""https://panoptes-uploads.zooniverse.org/subject_location/d00ea666-a108-4849-88b9-5be894072684.mpga"",""1"":""https://panoptes-uploads.zooniverse.org/subject_location/67e3457f-b162-479d-8cdd-da08004052ec.png""}",0,,,2022-11-07 20:39:34 UTC,2022-11-07 20:39:34 UTC
82173453,19171,,109306,"{""images"":""Deci44100_CCES_010_1165.png"",""sounds"":""Deci44100_CCES_010_1165.mp3"",""subject_id"":""Deci44100_CCES_010_1165""}","{""0"":""https://panoptes-uploads.zooniverse.org/subject_location/eac6f5c3-a0e3-4a79-9fb3-1de2c53ab6f6.mpga"",""1"":""https://panoptes-uploads.zooniverse.org/subject_location/529f7231-74c2-41a8-93f8-85aedbaa2caf.png""}",0,,,2022-11-07 20:39:34 UTC,2022-11-07 20:39:34 UTC
82173464,19171,,109306,"{""images"":""Deci44100_CCES_010_1192.png"",""sounds"":""Deci44100_CCES_010_1192.mp3"",""subject_id"":""Deci44100_CCES_010_1192""}","{""0"":""https://panoptes-uploads.zooniverse.org/subject_location/9ea7c72d-28f9-4b02-bf48-9e0798e9bcf5.mpga"",""1"":""https://panoptes-uploads.zooniverse.org/subject_location/c40f3eeb-dc5e-4eac-a55e-bfc8aa52918f.png""}",0,,,2022-11-07 20:39:35 UTC,2022-11-07 20:39:35 UTC
82173475,19171,,109306,"{""images"":""Deci44100_CCES_010_1233.png"",""sounds"":""Deci44100_CCES_010_1233.mp3"",""subject_id"":""Deci44100_CCES_010_1233""}","{""0"":""https://panoptes-uploads.zooniverse.org/subject_location/d5c03869-0d9f-4707-9cdc-97d952138f01.mpga"",""1"":""https://panoptes-uploads.zooniverse.org/subject_location/f0a59e2f-4ccc-42dd-af23-093ac5c4a7dd.png""}",0,,,2022-11-07 20:39:35 UTC,2022-11-07 20:39:35 UTC
82173477,19171,,109306,"{""images"":""Deci44100_CCES_010_1242.png"",""sounds"":""Deci44100_CCES_010_1242.mp3"",""subject_id"":""Deci44100_CCES_010_1242""}","{""0"":""https://panoptes-uploads.zooniverse.org/subject_location/7ecba517-457c-4adb-a4a0-b4f6fbc81555.mpga"",""1"":""https://panoptes-uploads.zooniverse.org/subject_location/03a562e4-fa53-4122-8604-72f75505111d.png""}",0,,,2022-11-07 20:39:35 UTC,2022-11-07 20:39:35 UTC
82173479,19171,,109306,"{""images"":""Deci44100_CCES_010_1264.png"",""sounds"":""Deci44100_CCES_010_1264.mp3"",""subject_id"":""Deci44100_CCES_010_1264""}","{""0"":""https://panoptes-uploads.zooniverse.org/subject_location/bcbf2c87-75f4-451a-b966-c4e865650877.mpga"",""1"":""https://panoptes-uploads.zooniverse.org/subject_location/6f76a705-1597-4bca-8f71-db039ff2382f.png""}",0,,,2022-11-07 20:39:36 UTC,2022-11-07 20:39:36 UTC
82173481,19171,,109306,"{""images"":""Deci44100_CCES_010_1266.png"",""sounds"":""Deci44100_CCES_010_1266.mp3"",""subject_id"":""Deci44100_CCES_010_1266""}","{""0"":""https://panoptes-uploads.zooniverse.org/subject_location/240697f7-fcbd-4599-98af-2dd421de6e4f.mpga"",""1"":""https://panoptes-uploads.zooniverse.org/subject_location/fafb5e76-4337-4775-8367-70f1d280dc44.png""}",0,,,2022-11-07 20:39:36 UTC,2022-11-07 20:39:36 UTC
82173500,19171,,109306,"{""images"":""Deci44100_CCES_010_1277.png"",""sounds"":""Deci44100_CCES_010_1277.mp3"",""subject_id"":""Deci44100_CCES_010_1277""}","{""0"":""https://panoptes-uploads.zooniverse.org/subject_location/e58976f1-6d75-4186-8373-1740da1871d3.mpga"",""1"":""https://panoptes-uploads.zooniverse.org/subject_location/2b9cb998-4b0b-413e-b315-aa827e6aa0de.png""}",0,,,2022-11-07 20:39:37 UTC,2022-11-07 20:39:37 UTC
82173505,19171,,109306,"{""images"":""Deci44100_CCES_010_132.png"",""sounds"":""Deci44100_CCES_010_132.mp3"",""subject_id"":""Deci44100_CCES_010_132""}","{""0"":""https://panoptes-uploads.zooniverse.org/subject_location/0948f341-474a-4bbb-80db-0f935a2423f7.mpga"",""1"":""https://panoptes-uploads.zooniverse.org/subject_location/918deb96-9756-4df5-815e-58867366b06c.png""}",0,,,2022-11-07 20:39:37 UTC,2022-11-07 20:39:37 UTC
82173507,19171,,109306,"{""images"":""Deci44100_CCES_010_137.png"",""sounds"":""Deci44100_CCES_010_137.mp3"",""subject_id"":""Deci44100_CCES_010_137""}","{""0"":""https://panoptes-uploads.zooniverse.org/subject_location/36d8fd41-0e1b-41ce-aa1a-33bc42ab7196.mpga"",""1"":""https://panoptes-uploads.zooniverse.org/subject_location/3c3ca906-5d6e-4dd5-b7c1-00b7124f2dfb.png""}",0,,,2022-11-07 20:39:37 UTC,2022-11-07 20:39:37 UTC
82173510,19171,,109306,"{""images"":""Deci44100_CCES_010_1430.png"",""sounds"":""Deci44100_CCES_010_1430.mp3"",""subject_id"":""Deci44100_CCES_010_1430""}","{""0"":""https://panoptes-uploads.zooniverse.org/subject_location/ca6618ba-ec81-4ac2-bc6f-5f9d190a46c0.mpga"",""1"":""https://panoptes-uploads.zooniverse.org/subject_location/9c8f2cb0-4bcf-4884-9753-5d72e47328b6.png""}",0,,,2022-11-07 20:39:38 UTC,2022-11-07 20:39:38 UTC
82173527,19171,,109306,"{""images"":""Deci44100_CCES_010_1439.png"",""sounds"":""Deci44100_CCES_010_1439.mp3"",""subject_id"":""Deci44100_CCES_010_1439""}","{""0"":""https://panoptes-uploads.zooniverse.org/subject_location/ea25f88a-21ba-4c20-bdc2-0cde305a31e1.mpga"",""1"":""https://panoptes-uploads.zooniverse.org/subject_location/f93f79fd-848e-4bdb-bdf6-97761da85def.png""}",0,,,2022-11-07 20:39:38 UTC,2022-11-07 20:39:38 UTC
82173534,19171,,109306,"{""images"":""Deci44100_CCES_010_1448.png"",""sounds"":""Deci44100_CCES_010_1448.mp3"",""subject_id"":""Deci44100_CCES_010_1448""}","{""0"":""https://panoptes-uploads.zooniverse.org/subject_location/5c87ef43-38ba-477f-aa48-99064d385631.mpga"",""1"":""https://panoptes-uploads.zooniverse.org/subject_location/6a759cd3-a4c1-4138-acae-bfe06a62dea0.png""}",0,,,2022-11-07 20:39:39 UTC,2022-11-07 20:39:39 UTC
82173537,19171,,109306,"{""images"":""Deci44100_CCES_010_1460.png"",""sounds"":""Deci44100_CCES_010_1460.mp3"",""subject_id"":""Deci44100_CCES_010_1460""}","{""0"":""https://panoptes-uploads.zooniverse.org/subject_location/419fd387-68e9-4be4-801c-9bd968ee5202.mpga"",""1"":""https://panoptes-uploads.zooniverse.org/subject_location/59b130e4-f590-40b3-9f7f-5fcbef00a41f.png""}",0,,,2022-11-07 20:39:39 UTC,2022-11-07 20:39:39 UTC
82173540,19171,,109306,"{""images"":""Deci44100_CCES_010_1483.png"",""sounds"":""Deci44100_CCES_010_1483.mp3"",""subject_id"":""Deci44100_CCES_010_1483""}","{""0"":""https://panoptes-uploads.zooniverse.org/subject_location/b2320104-7b4b-4af6-a00b-6d27d3297723.mpga"",""1"":""https://panoptes-uploads.zooniverse.org/subject_location/e557009d-a72a-485b-a64e-9e76dd585f3a.png""}",0,,,2022-11-07 20:39:39 UTC,2022-11-07 20:39:39 UTC
82173549,19171,,109306,"{""images"":""Deci44100_CCES_010_1485.png"",""sounds"":""Deci44100_CCES_010_1485.mp3"",""subject_id"":""Deci44100_CCES_010_1485""}","{""0"":""https://panoptes-uploads.zooniverse.org/subject_location/0b8e2670-9951-4d9c-a17e-c5ec9c0372f3.mpga"",""1"":""https://panoptes-uploads.zooniverse.org/subject_location/9d94ad83-255a-4cd4-a76e-23be951bc22f.png""}",0,,,2022-11-07 20:39:40 UTC,2022-11-07 20:39:40 UTC
82173564,19171,,109306,"{""images"":""Deci44100_CCES_010_1503.png"",""sounds"":""Deci44100_CCES_010_1503.mp3"",""subject_id"":""Deci44100_CCES_010_1503""}","{""0"":""https://panoptes-uploads.zooniverse.org/subject_location/3f104199-9e9b-4371-abb0-d56e882a0282.mpga"",""1"":""https://panoptes-uploads.zooniverse.org/subject_location/bebfe105-afb5-4304-bcbf-c0aa0b762624.png""}",0,,,2022-11-07 20:39:40 UTC,2022-11-07 20:39:40 UTC
82173567,19171,,109306,"{""images"":""Deci44100_CCES_010_1554.png"",""sounds"":""Deci44100_CCES_010_1554.mp3"",""subject_id"":""Deci44100_CCES_010_1554""}","{""0"":""https://panoptes-uploads.zooniverse.org/subject_location/1310d948-a902-4f24-913b-6f83f700ad44.mpga"",""1"":""https://panoptes-uploads.zooniverse.org/subject_location/f33238cb-30e9-46c8-b8c6-ab2b2003ee4b.png""}",0,,,2022-11-07 20:39:41 UTC,2022-11-07 20:39:41 UTC
82173570,19171,,109306,"{""images"":""Deci44100_CCES_010_1591.png"",""sounds"":""Deci44100_CCES_010_1591.mp3"",""subject_id"":""Deci44100_CCES_010_1591""}","{""0"":""https://panoptes-uploads.zooniverse.org/subject_location/1809a10e-af06-4db9-9d04-2b459532a1b7.mpga"",""1"":""https://panoptes-uploads.zooniverse.org/subject_location/e5f6364f-9ab1-46b5-af84-5f6e0d0a334f.png""}",0,,,2022-11-07 20:39:41 UTC,2022-11-07 20:39:41 UTC
82173573,19171,,109306,"{""images"":""Deci44100_CCES_010_1650.png"",""sounds"":""Deci44100_CCES_010_1650.mp3"",""subject_id"":""Deci44100_CCES_010_1650""}","{""0"":""https://panoptes-uploads.zooniverse.org/subject_location/0009a1b1-b9ab-4b90-bbc2-d935a51eb331.mpga"",""1"":""https://panoptes-uploads.zooniverse.org/subject_location/ba7f2cb2-be82-4201-a42d-0c0c493added.png""}",0,,,2022-11-07 20:39:42 UTC,2022-11-07 20:39:42 UTC
82173583,19171,,109306,"{""images"":""Deci44100_CCES_010_1664.png"",""sounds"":""Deci44100_CCES_010_1664.mp3"",""subject_id"":""Deci44100_CCES_010_1664""}","{""0"":""https://panoptes-uploads.zooniverse.org/subject_location/b7dfb596-0ddb-4dbe-8495-4c419e70660b.mpga"",""1"":""https://panoptes-uploads.zooniverse.org/subject_location/4bfc50fe-ea2b-4a1c-89e2-4e773dfbe32a.png""}",0,,,2022-11-07 20:39:42 UTC,2022-11-07 20:39:42 UTC
82173596,19171,,109306,"{""images"":""Deci44100_CCES_010_1668.png"",""sounds"":""Deci44100_CCES_010_1668.mp3"",""subject_id"":""Deci44100_CCES_010_1668""}","{""0"":""https://panoptes-uploads.zooniverse.org/subject_location/129c9228-e9ea-4430-beb9-f43029741c62.mpga"",""1"":""https://panoptes-uploads.zooniverse.org/subject_location/67b1924c-9bff-44de-933a-02f2d2dd9bca.png""}",0,,,2022-11-07 20:39:43 UTC,2022-11-07 20:39:43 UTC
82173599,19171,,109306,"{""images"":""Deci44100_CCES_010_167.png"",""sounds"":""Deci44100_CCES_010_167.mp3"",""subject_id"":""Deci44100_CCES_010_167""}","{""0"":""https://panoptes-uploads.zooniverse.org/subject_location/28a2ff1d-b130-4b74-84ff-c9260346e307.mpga"",""1"":""https://panoptes-uploads.zooniverse.org/subject_location/2bf13189-f2f3-41f7-987c-bade182c5109.png""}",0,,,2022-11-07 20:39:43 UTC,2022-11-07 20:39:43 UTC
82173604,19171,,109306,"{""images"":""Deci44100_CCES_010_168.png"",""sounds"":""Deci44100_CCES_010_168.mp3"",""subject_id"":""Deci44100_CCES_010_168""}","{""0"":""https://panoptes-uploads.zooniverse.org/subject_location/2efe0d51-07d4-498d-b160-ce53023cea9c.mpga"",""1"":""https://panoptes-uploads.zooniverse.org/subject_location/52945607-430f-49f5-9e36-0b7bc70df917.png""}",0,,,2022-11-07 20:39:43 UTC,2022-11-07 20:39:43 UTC
82173611,19171,,109306,"{""images"":""Deci44100_CCES_010_1688.png"",""sounds"":""Deci44100_CCES_010_1688.mp3"",""subject_id"":""Deci44100_CCES_010_1688""}","{""0"":""https://panoptes-uploads.zooniverse.org/subject_location/c97bb304-af3c-472f-8a16-0aff424fab16.mpga"",""1"":""https://panoptes-uploads.zooniverse.org/subject_location/244280b3-79e2-4113-af7c-86fcd10de80d.png""}",0,,,2022-11-07 20:39:44 UTC,2022-11-07 20:39:44 UTC
82173626,19171,,109306,"{""images"":""Deci44100_CCES_010_1718.png"",""sounds"":""Deci44100_CCES_010_1718.mp3"",""subject_id"":""Deci44100_CCES_010_1718""}","{""0"":""https://panoptes-uploads.zooniverse.org/subject_location/ae460f81-702d-485d-9613-dcd9e802f07c.mpga"",""1"":""https://panoptes-uploads.zooniverse.org/subject_location/3bda643c-beee-4f4d-81de-f46bea09a902.png""}",0,,,2022-11-07 20:39:44 UTC,2022-11-07 20:39:44 UTC
82173628,19171,,109306,"{""images"":""Deci44100_CCES_010_1758.png"",""sounds"":""Deci44100_CCES_010_1758.mp3"",""subject_id"":""Deci44100_CCES_010_1758""}","{""0"":""https://panoptes-uploads.zooniverse.org/subject_location/e7e26394-4e40-4af4-b8af-3267a4c3acb3.mpga"",""1"":""https://panoptes-uploads.zooniverse.org/subject_location/20fc35bc-75f5-4438-82f5-96d2258d295c.png""}",0,,,2022-11-07 20:39:44 UTC,2022-11-07 20:39:44 UTC
82173630,19171,,109306,"{""images"":""Deci44100_CCES_010_1793.png"",""sounds"":""Deci44100_CCES_010_1793.mp3"",""subject_id"":""Deci44100_CCES_010_1793""}","{""0"":""https://panoptes-uploads.zooniverse.org/subject_location/8aab6de0-75f3-4e99-acdd-92c329b47cbe.mpga"",""1"":""https://panoptes-uploads.zooniverse.org/subject_location/5c0e0dcb-ea4f-4034-884f-882353a5f07b.png""}",0,,,2022-11-07 20:39:45 UTC,2022-11-07 20:39:45 UTC
82173635,19171,,109306,"{""images"":""Deci44100_CCES_010_1815.png"",""sounds"":""Deci44100_CCES_010_1815.mp3"",""subject_id"":""Deci44100_CCES_010_1815""}","{""0"":""https://panoptes-uploads.zooniverse.org/subject_location/3a3641cb-f1a9-4d08-8412-02d85d3c4b94.mpga"",""1"":""https://panoptes-uploads.zooniverse.org/subject_location/1faef44c-6190-4f30-9277-4b646d06074c.png""}",0,,,2022-11-07 20:39:45 UTC,2022-11-07 20:39:45 UTC
82173644,19171,,109306,"{""images"":""Deci44100_CCES_010_1839.png"",""sounds"":""Deci44100_CCES_010_1839.mp3"",""subject_id"":""Deci44100_CCES_010_1839""}","{""0"":""https://panoptes-uploads.zooniverse.org/subject_location/cb6a1424-b162-4a0a-b89f-9bda36b87bb3.mpga"",""1"":""https://panoptes-uploads.zooniverse.org/subject_location/222c4522-58e6-494e-9af9-83eecc9942a1.png""}",0,,,2022-11-07 20:39:46 UTC,2022-11-07 20:39:46 UTC
82173657,19171,,109306,"{""images"":""Deci44100_CCES_010_1856.png"",""sounds"":""Deci44100_CCES_010_1856.mp3"",""subject_id"":""Deci44100_CCES_010_1856""}","{""0"":""https://panoptes-uploads.zooniverse.org/subject_location/74b48d3b-18bf-4cec-9c84-de5d27abc4f7.mpga"",""1"":""https://panoptes-uploads.zooniverse.org/subject_location/5d016821-c937-4994-9c9d-695ee1ffc071.png""}",0,,,2022-11-07 20:39:46 UTC,2022-11-07 20:39:46 UTC
82173660,19171,,109306,"{""images"":""Deci44100_CCES_010_1875.png"",""sounds"":""Deci44100_CCES_010_1875.mp3"",""subject_id"":""Deci44100_CCES_010_1875""}","{""0"":""https://panoptes-uploads.zooniverse.org/subject_location/5bbe6b2d-2a06-4a40-8b48-e352cdcf5d98.mpga"",""1"":""https://panoptes-uploads.zooniverse.org/subject_location/d8e24adb-a86b-4fdb-a931-591c8a95ddf0.png""}",0,,,2022-11-07 20:39:47 UTC,2022-11-07 20:39:47 UTC
82173663,19171,,109306,"{""images"":""Deci44100_CCES_010_1884.png"",""sounds"":""Deci44100_CCES_010_1884.mp3"",""subject_id"":""Deci44100_CCES_010_1884""}","{""0"":""https://panoptes-uploads.zooniverse.org/subject_location/941177c7-4380-44a1-979f-3e462586f545.mpga"",""1"":""https://panoptes-uploads.zooniverse.org/subject_location/304fbf18-993c-4a89-a978-94c243b8a626.png""}",0,,,2022-11-07 20:39:47 UTC,2022-11-07 20:39:47 UTC
82173682,19171,,109306,"{""images"":""Deci44100_CCES_010_1926.png"",""sounds"":""Deci44100_CCES_010_1926.mp3"",""subject_id"":""Deci44100_CCES_010_1926""}","{""0"":""https://panoptes-uploads.zooniverse.org/subject_location/f558d6b0-388e-4202-ab3c-1287a9c8951a.mpga"",""1"":""https://panoptes-uploads.zooniverse.org/subject_location/42dd67f2-26c7-4846-8d39-18f62ef24528.png""}",0,,,2022-11-07 20:39:48 UTC,2022-11-07 20:39:48 UTC
82173686,19171,,109306,"{""images"":""Deci44100_CCES_010_1933.png"",""sounds"":""Deci44100_CCES_010_1933.mp3"",""subject_id"":""Deci44100_CCES_010_1933""}","{""0"":""https://panoptes-uploads.zooniverse.org/subject_location/e827acd4-5abc-437e-b200-f8289be53c98.mpga"",""1"":""https://panoptes-uploads.zooniverse.org/subject_location/b25781c1-a7d4-49bc-9ff3-3babace95080.png""}",0,,,2022-11-07 20:39:48 UTC,2022-11-07 20:39:48 UTC
82173689,19171,,109306,"{""images"":""Deci44100_CCES_010_1968.png"",""sounds"":""Deci44100_CCES_010_1968.mp3"",""subject_id"":""Deci44100_CCES_010_1968""}","{""0"":""https://panoptes-uploads.zooniverse.org/subject_location/7f136bed-cce1-4455-9ae9-6c6318199faa.mpga"",""1"":""https://panoptes-uploads.zooniverse.org/subject_location/bfcdd62a-9935-4c3b-923f-f2ace2242f25.png""}",0,,,2022-11-07 20:39:49 UTC,2022-11-07 20:39:49 UTC
82173696,19171,,109306,"{""images"":""Deci44100_CCES_010_1988.png"",""sounds"":""Deci44100_CCES_010_1988.mp3"",""subject_id"":""Deci44100_CCES_010_1988""}","{""0"":""https://panoptes-uploads.zooniverse.org/subject_location/9554e212-9589-4b67-90f9-6b06fa0637c4.mpga"",""1"":""https://panoptes-uploads.zooniverse.org/subject_location/73e56a31-8098-4336-a81e-e0ecda6d1346.png""}",0,,,2022-11-07 20:39:49 UTC,2022-11-07 20:39:49 UTC
82173715,19171,,109306,"{""images"":""Deci44100_CCES_010_2006.png"",""sounds"":""Deci44100_CCES_010_2006.mp3"",""subject_id"":""Deci44100_CCES_010_2006""}","{""0"":""https://panoptes-uploads.zooniverse.org/subject_location/3dfaba31-6ef4-4937-8548-61fc9ad15869.mpga"",""1"":""https://panoptes-uploads.zooniverse.org/subject_location/f07bda71-2567-43c6-8ca9-afd55553c493.png""}",0,,,2022-11-07 20:39:50 UTC,2022-11-07 20:39:50 UTC
82173718,19171,,109306,"{""images"":""Deci44100_CCES_010_2024.png"",""sounds"":""Deci44100_CCES_010_2024.mp3"",""subject_id"":""Deci44100_CCES_010_2024""}","{""0"":""https://panoptes-uploads.zooniverse.org/subject_location/7a7a2082-5735-4b7e-a15f-62e29a6f6d08.mpga"",""1"":""https://panoptes-uploads.zooniverse.org/subject_location/ad944046-64f0-4d35-bbfa-e420c42d3361.png""}",0,,,2022-11-07 20:39:50 UTC,2022-11-07 20:39:50 UTC
82173722,19171,,109306,"{""images"":""Deci44100_CCES_010_2028.png"",""sounds"":""Deci44100_CCES_010_2028.mp3"",""subject_id"":""Deci44100_CCES_010_2028""}","{""0"":""https://panoptes-uploads.zooniverse.org/subject_location/f42f361f-feec-43e1-91ee-0d61b53c0454.mpga"",""1"":""https://panoptes-uploads.zooniverse.org/subject_location/990f6553-e9a0-40a5-b57d-5b7d0445b0c6.png""}",0,,,2022-11-07 20:39:50 UTC,2022-11-07 20:39:50 UTC
82173727,19171,,109306,"{""images"":""Deci44100_CCES_010_2031.png"",""sounds"":""Deci44100_CCES_010_2031.mp3"",""subject_id"":""Deci44100_CCES_010_2031""}","{""0"":""https://panoptes-uploads.zooniverse.org/subject_location/61fe6dd8-8432-4a49-8163-0d2ed2d6d1ec.mpga"",""1"":""https://panoptes-uploads.zooniverse.org/subject_location/e894be59-ea56-45f1-99fa-fe0f84268686.png""}",0,,,2022-11-07 20:39:51 UTC,2022-11-07 20:39:51 UTC
82173743,19171,,109306,"{""images"":""Deci44100_CCES_010_2066.png"",""sounds"":""Deci44100_CCES_010_2066.mp3"",""subject_id"":""Deci44100_CCES_010_2066""}","{""0"":""https://panoptes-uploads.zooniverse.org/subject_location/2ed3ca69-f577-4cfb-a4f9-af6167042072.mpga"",""1"":""https://panoptes-uploads.zooniverse.org/subject_location/0ed5d3c7-1358-4c82-9421-2314e25e222b.png""}",0,,,2022-11-07 20:39:51 UTC,2022-11-07 20:39:51 UTC
82173751,19171,,109306,"{""images"":""Deci44100_CCES_010_2090.png"",""sounds"":""Deci44100_CCES_010_2090.mp3"",""subject_id"":""Deci44100_CCES_010_2090""}","{""0"":""https://panoptes-uploads.zooniverse.org/subject_location/7ae63363-909a-4d6e-8d1d-08d661bc3fd0.mpga"",""1"":""https://panoptes-uploads.zooniverse.org/subject_location/d2ad01d2-165a-4b8e-b66d-2ace9a66fe3a.png""}",0,,,2022-11-07 20:39:52 UTC,2022-11-07 20:39:52 UTC
82173754,19171,,109306,"{""images"":""Deci44100_CCES_010_2092.png"",""sounds"":""Deci44100_CCES_010_2092.mp3"",""subject_id"":""Deci44100_CCES_010_2092""}","{""0"":""https://panoptes-uploads.zooniverse.org/subject_location/edf86cea-2699-4694-9f16-4030153e4d9f.mpga"",""1"":""https://panoptes-uploads.zooniverse.org/subject_location/19654997-d23f-465c-95cf-9e6db0468c07.png""}",0,,,2022-11-07 20:39:52 UTC,2022-11-07 20:39:52 UTC
82173758,19171,,109306,"{""images"":""Deci44100_CCES_010_2093.png"",""sounds"":""Deci44100_CCES_010_2093.mp3"",""subject_id"":""Deci44100_CCES_010_2093""}","{""0"":""https://panoptes-uploads.zooniverse.org/subject_location/14389ec4-5875-467b-ac81-75f4ee9d0b87.mpga"",""1"":""https://panoptes-uploads.zooniverse.org/subject_location/cc767eff-966f-4b43-9b50-ce778a893ec4.png""}",0,,,2022-11-07 20:39:53 UTC,2022-11-07 20:39:53 UTC
82173778,19171,,109306,"{""images"":""Deci44100_CCES_010_2109.png"",""sounds"":""Deci44100_CCES_010_2109.mp3"",""subject_id"":""Deci44100_CCES_010_2109""}","{""0"":""https://panoptes-uploads.zooniverse.org/subject_location/6e9d9053-df99-40f6-a053-12ea24b85aea.mpga"",""1"":""https://panoptes-uploads.zooniverse.org/subject_location/16fb4ae2-5865-480f-b645-74b49a3b5b1f.png""}",0,,,2022-11-07 20:39:53 UTC,2022-11-07 20:39:53 UTC
82173782,19171,,109306,"{""images"":""Deci44100_CCES_010_2134.png"",""sounds"":""Deci44100_CCES_010_2134.mp3"",""subject_id"":""Deci44100_CCES_010_2134""}","{""0"":""https://panoptes-uploads.zooniverse.org/subject_location/e423b1b8-4f1e-477e-a355-2deb6f33146d.mpga"",""1"":""https://panoptes-uploads.zooniverse.org/subject_location/7b443621-63eb-4458-9935-fb55fc5616f3.png""}",0,,,2022-11-07 20:39:54 UTC,2022-11-07 20:39:54 UTC
82173785,19171,,109306,"{""images"":""Deci44100_CCES_010_2142.png"",""sounds"":""Deci44100_CCES_010_2142.mp3"",""subject_id"":""Deci44100_CCES_010_2142""}","{""0"":""https://panoptes-uploads.zooniverse.org/subject_location/bbf199aa-a2aa-4e06-89cf-71e50cd9d1b5.mpga"",""1"":""https://panoptes-uploads.zooniverse.org/subject_location/ea4b4979-520e-47fb-a490-9df103c2b817.png""}",0,,,2022-11-07 20:39:54 UTC,2022-11-07 20:39:54 UTC
82173788,19171,,109306,"{""images"":""Deci44100_CCES_010_2145.png"",""sounds"":""Deci44100_CCES_010_2145.mp3"",""subject_id"":""Deci44100_CCES_010_2145""}","{""0"":""https://panoptes-uploads.zooniverse.org/subject_location/1562f5be-5d4e-4f9d-a121-f56f656202c4.mpga"",""1"":""https://panoptes-uploads.zooniverse.org/subject_location/1b65ac7a-420e-4457-bf55-942b76036d0f.png""}",0,,,2022-11-07 20:39:55 UTC,2022-11-07 20:39:55 UTC
82173808,19171,,109306,"{""images"":""Deci44100_CCES_010_2173.png"",""sounds"":""Deci44100_CCES_010_2173.mp3"",""subject_id"":""Deci44100_CCES_010_2173""}","{""0"":""https://panoptes-uploads.zooniverse.org/subject_location/e4c57bb7-e883-4985-831a-1ab1aebbcaa5.mpga"",""1"":""https://panoptes-uploads.zooniverse.org/subject_location/d2371f6d-92a6-4ef3-897d-6b346f33f0b8.png""}",0,,,2022-11-07 20:39:55 UTC,2022-11-07 20:39:55 UTC
82173812,19171,,109306,"{""images"":""Deci44100_CCES_010_2199.png"",""sounds"":""Deci44100_CCES_010_2199.mp3"",""subject_id"":""Deci44100_CCES_010_2199""}","{""0"":""https://panoptes-uploads.zooniverse.org/subject_location/59ccc338-e037-4986-bb71-af127255c8ee.mpga"",""1"":""https://panoptes-uploads.zooniverse.org/subject_location/d74ea9dd-8a23-41d9-b46f-44ca94365bd7.png""}",0,,,2022-11-07 20:39:56 UTC,2022-11-07 20:39:56 UTC
82173817,19171,,109306,"{""images"":""Deci44100_CCES_010_2256.png"",""sounds"":""Deci44100_CCES_010_2256.mp3"",""subject_id"":""Deci44100_CCES_010_2256""}","{""0"":""https://panoptes-uploads.zooniverse.org/subject_location/56804585-5d98-4735-bcd8-093dd682f4d3.mpga"",""1"":""https://panoptes-uploads.zooniverse.org/subject_location/599b7786-c821-406f-bdd6-d8342fc142ec.png""}",0,,,2022-11-07 20:39:56 UTC,2022-11-07 20:39:56 UTC
82173820,19171,,109306,"{""images"":""Deci44100_CCES_010_228.png"",""sounds"":""Deci44100_CCES_010_228.mp3"",""subject_id"":""Deci44100_CCES_010_228""}","{""0"":""https://panoptes-uploads.zooniverse.org/subject_location/598f6fde-53c0-47da-83d4-24cfed13c409.mpga"",""1"":""https://panoptes-uploads.zooniverse.org/subject_location/43dc24b6-7369-474b-aba6-cff1d0252802.png""}",0,,,2022-11-07 20:39:56 UTC,2022-11-07 20:39:56 UTC
82173823,19171,,109306,"{""images"":""Deci44100_CCES_010_2328.png"",""sounds"":""Deci44100_CCES_010_2328.mp3"",""subject_id"":""Deci44100_CCES_010_2328""}","{""0"":""https://panoptes-uploads.zooniverse.org/subject_location/c1a8fee4-fcc5-4c53-a795-27d0a45b3739.mpga"",""1"":""https://panoptes-uploads.zooniverse.org/subject_location/486669c5-4a2a-47e8-8fcf-fe1e35be09ed.png""}",0,,,2022-11-07 20:39:57 UTC,2022-11-07 20:39:57 UTC
82173841,19171,,109306,"{""images"":""Deci44100_CCES_010_2356.png"",""sounds"":""Deci44100_CCES_010_2356.mp3"",""subject_id"":""Deci44100_CCES_010_2356""}","{""0"":""https://panoptes-uploads.zooniverse.org/subject_location/96ae6e5f-3db0-4a04-9b46-8cd76957406a.mpga"",""1"":""https://panoptes-uploads.zooniverse.org/subject_location/32ba3379-c45f-4136-a027-a99631375f49.png""}",0,,,2022-11-07 20:39:57 UTC,2022-11-07 20:39:57 UTC
82173845,19171,,109306,"{""images"":""Deci44100_CCES_010_238.png"",""sounds"":""Deci44100_CCES_010_238.mp3"",""subject_id"":""Deci44100_CCES_010_238""}","{""0"":""https://panoptes-uploads.zooniverse.org/subject_location/23a03ac1-b7bd-4648-a0c4-84c21d001f91.mpga"",""1"":""https://panoptes-uploads.zooniverse.org/subject_location/6e6da41c-fd69-430d-948b-424b5c2188bc.png""}",0,,,2022-11-07 20:39:58 UTC,2022-11-07 20:39:58 UTC
82173848,19171,,109306,"{""images"":""Deci44100_CCES_010_2382.png"",""sounds"":""Deci44100_CCES_010_2382.mp3"",""subject_id"":""Deci44100_CCES_010_2382""}","{""0"":""https://panoptes-uploads.zooniverse.org/subject_location/d6f0727d-3e77-47f6-9efe-b3620ad0f530.mpga"",""1"":""https://panoptes-uploads.zooniverse.org/subject_location/c191f918-dc71-4d6e-9ea0-9cabeb732ef6.png""}",0,,,2022-11-07 20:39:58 UTC,2022-11-07 20:39:58 UTC
82173851,19171,,109306,"{""images"":""Deci44100_CCES_010_2437.png"",""sounds"":""Deci44100_CCES_010_2437.mp3"",""subject_id"":""Deci44100_CCES_010_2437""}","{""0"":""https://panoptes-uploads.zooniverse.org/subject_location/9255ed21-9777-4e92-8e47-42c4a5f92f63.mpga"",""1"":""https://panoptes-uploads.zooniverse.org/subject_location/c2ab9fc8-7d32-4e2e-abba-00b31e39e211.png""}",0,,,2022-11-07 20:39:59 UTC,2022-11-07 20:39:59 UTC
82173854,19171,,109306,"{""images"":""Deci44100_CCES_010_2445.png"",""sounds"":""Deci44100_CCES_010_2445.mp3"",""subject_id"":""Deci44100_CCES_010_2445""}","{""0"":""https://panoptes-uploads.zooniverse.org/subject_location/f9b6ee55-86bb-4dcd-9c33-04dd1bc9641f.mpga"",""1"":""https://panoptes-uploads.zooniverse.org/subject_location/a6f311c8-6bd4-4534-a7ba-2eb68a74130c.png""}",0,,,2022-11-07 20:39:59 UTC,2022-11-07 20:39:59 UTC
82173860,19171,,109306,"{""images"":""Deci44100_CCES_010_2454.png"",""sounds"":""Deci44100_CCES_010_2454.mp3"",""subject_id"":""Deci44100_CCES_010_2454""}","{""0"":""https://panoptes-uploads.zooniverse.org/subject_location/ae5622ac-d5af-4558-855e-f14f9a9000b9.mpga"",""1"":""https://panoptes-uploads.zooniverse.org/subject_location/2a5da43a-3f7c-4cb8-ad6a-43ae49f66952.png""}",0,,,2022-11-07 20:40:00 UTC,2022-11-07 20:40:00 UTC
82173875,19171,,109306,"{""images"":""Deci44100_CCES_010_2463.png"",""sounds"":""Deci44100_CCES_010_2463.mp3"",""subject_id"":""Deci44100_CCES_010_2463""}","{""0"":""https://panoptes-uploads.zooniverse.org/subject_location/81e96f1f-9bf0-407d-8e86-55941e5f8ad8.mpga"",""1"":""https://panoptes-uploads.zooniverse.org/subject_location/caa27cad-16be-4fff-a6df-440a2bc08373.png""}",0,,,2022-11-07 20:40:00 UTC,2022-11-07 20:40:00 UTC
82173879,19171,,109306,"{""images"":""Deci44100_CCES_010_2467.png"",""sounds"":""Deci44100_CCES_010_2467.mp3"",""subject_id"":""Deci44100_CCES_010_2467""}","{""0"":""https://panoptes-uploads.zooniverse.org/subject_location/324f70b9-48ca-4fd6-9d1a-8b9bf3403faa.mpga"",""1"":""https://panoptes-uploads.zooniverse.org/subject_location/4cc5818d-7c3e-470d-8974-e3934aa19879.png""}",0,,,2022-11-07 20:40:01 UTC,2022-11-07 20:40:01 UTC
82173882,19171,,109306,"{""images"":""Deci44100_CCES_010_2468.png"",""sounds"":""Deci44100_CCES_010_2468.mp3"",""subject_id"":""Deci44100_CCES_010_2468""}","{""0"":""https://panoptes-uploads.zooniverse.org/subject_location/07d721d8-aadd-4fba-b886-eaa0d08ac34d.mpga"",""1"":""https://panoptes-uploads.zooniverse.org/subject_location/a24f5322-f597-4fe3-84e9-6bdb34cdee38.png""}",0,,,2022-11-07 20:40:01 UTC,2022-11-07 20:40:01 UTC
82173885,19171,,109306,"{""images"":""Deci44100_CCES_010_2480.png"",""sounds"":""Deci44100_CCES_010_2480.mp3"",""subject_id"":""Deci44100_CCES_010_2480""}","{""0"":""https://panoptes-uploads.zooniverse.org/subject_location/2fe7f207-6118-4b4d-825d-863041934160.mpga"",""1"":""https://panoptes-uploads.zooniverse.org/subject_location/f37f2691-c9cf-4e6c-80ea-ec0ef38d067c.png""}",0,,,2022-11-07 20:40:01 UTC,2022-11-07 20:40:01 UTC
82173900,19171,,109306,"{""images"":""Deci44100_CCES_010_2515.png"",""sounds"":""Deci44100_CCES_010_2515.mp3"",""subject_id"":""Deci44100_CCES_010_2515""}","{""0"":""https://panoptes-uploads.zooniverse.org/subject_location/cd3a1858-9147-4c00-b0f8-ced4cdd725d6.mpga"",""1"":""https://panoptes-uploads.zooniverse.org/subject_location/db064a17-bd80-4dde-825a-4beff9b8bb07.png""}",0,,,2022-11-07 20:40:02 UTC,2022-11-07 20:40:02 UTC
82173907,19171,,109306,"{""images"":""Deci44100_CCES_010_2537.png"",""sounds"":""Deci44100_CCES_010_2537.mp3"",""subject_id"":""Deci44100_CCES_010_2537""}","{""0"":""https://panoptes-uploads.zooniverse.org/subject_location/d0f412a8-5fbd-4898-8d7b-4181eb1a3978.mpga"",""1"":""https://panoptes-uploads.zooniverse.org/subject_location/5b8a5a10-181a-4f33-bca2-3bf83b88e661.png""}",0,,,2022-11-07 20:40:02 UTC,2022-11-07 20:40:02 UTC
82173910,19171,,109306,"{""images"":""Deci44100_CCES_010_2538.png"",""sounds"":""Deci44100_CCES_010_2538.mp3"",""subject_id"":""Deci44100_CCES_010_2538""}","{""0"":""https://panoptes-uploads.zooniverse.org/subject_location/e62be0fa-21bd-4728-8842-e49ef917773d.mpga"",""1"":""https://panoptes-uploads.zooniverse.org/subject_location/0447c0c3-2049-4f33-aeae-1ace676b6f9b.png""}",0,,,2022-11-07 20:40:03 UTC,2022-11-07 20:40:03 UTC
82173913,19171,,109306,"{""images"":""Deci44100_CCES_010_2551.png"",""sounds"":""Deci44100_CCES_010_2551.mp3"",""subject_id"":""Deci44100_CCES_010_2551""}","{""0"":""https://panoptes-uploads.zooniverse.org/subject_location/7547a7c9-2ba8-4e93-8793-9c38761df7b3.mpga"",""1"":""https://panoptes-uploads.zooniverse.org/subject_location/44d41a85-1cf9-41b0-b9dc-d69b8d62555b.png""}",0,,,2022-11-07 20:40:03 UTC,2022-11-07 20:40:03 UTC
82173923,19171,,109306,"{""images"":""Deci44100_CCES_010_2569.png"",""sounds"":""Deci44100_CCES_010_2569.mp3"",""subject_id"":""Deci44100_CCES_010_2569""}","{""0"":""https://panoptes-uploads.zooniverse.org/subject_location/62cc3531-f84a-4ecc-a96f-335d5a529b09.mpga"",""1"":""https://panoptes-uploads.zooniverse.org/subject_location/43176971-f106-4262-b245-c23d723bbeea.png""}",0,,,2022-11-07 20:40:03 UTC,2022-11-07 20:40:03 UTC
82173937,19171,,109306,"{""images"":""Deci44100_CCES_010_2592.png"",""sounds"":""Deci44100_CCES_010_2592.mp3"",""subject_id"":""Deci44100_CCES_010_2592""}","{""0"":""https://panoptes-uploads.zooniverse.org/subject_location/225cf189-a679-4ce3-850d-1dd26a96ef24.mpga"",""1"":""https://panoptes-uploads.zooniverse.org/subject_location/32f3ceab-2a4e-4708-9537-0a48ab4ae68f.png""}",0,,,2022-11-07 20:40:04 UTC,2022-11-07 20:40:04 UTC
82173941,19171,,109306,"{""images"":""Deci44100_CCES_010_2647.png"",""sounds"":""Deci44100_CCES_010_2647.mp3"",""subject_id"":""Deci44100_CCES_010_2647""}","{""0"":""https://panoptes-uploads.zooniverse.org/subject_location/5cfb3e86-5809-4fbf-80ee-737c7cbe3584.mpga"",""1"":""https://panoptes-uploads.zooniverse.org/subject_location/467681d4-7346-48ef-9dde-ab4682557e28.png""}",0,,,2022-11-07 20:40:04 UTC,2022-11-07 20:40:04 UTC
82173944,19171,,109306,"{""images"":""Deci44100_CCES_010_2658.png"",""sounds"":""Deci44100_CCES_010_2658.mp3"",""subject_id"":""Deci44100_CCES_010_2658""}","{""0"":""https://panoptes-uploads.zooniverse.org/subject_location/c06f0bef-a964-42f7-b60f-a90ba903d45b.mpga"",""1"":""https://panoptes-uploads.zooniverse.org/subject_location/4cc8ab52-9782-40d4-a49c-4a5c04a6c8cc.png""}",0,,,2022-11-07 20:40:05 UTC,2022-11-07 20:40:05 UTC
82173947,19171,,109306,"{""images"":""Deci44100_CCES_010_2665.png"",""sounds"":""Deci44100_CCES_010_2665.mp3"",""subject_id"":""Deci44100_CCES_010_2665""}","{""0"":""https://panoptes-uploads.zooniverse.org/subject_location/3083b7e0-5742-4910-998e-f52f9f57e30e.mpga"",""1"":""https://panoptes-uploads.zooniverse.org/subject_location/fc51f6f9-7308-46b1-b3df-182d4e44d326.png""}",0,,,2022-11-07 20:40:05 UTC,2022-11-07 20:40:05 UTC
82173958,19171,,109306,"{""images"":""Deci44100_CCES_010_2675.png"",""sounds"":""Deci44100_CCES_010_2675.mp3"",""subject_id"":""Deci44100_CCES_010_2675""}","{""0"":""https://panoptes-uploads.zooniverse.org/subject_location/c4d139b5-fd51-454c-b9bc-e387043bb216.mpga"",""1"":""https://panoptes-uploads.zooniverse.org/subject_location/afee4cb7-b7a7-491a-93d5-7722164e2e90.png""}",0,,,2022-11-07 20:40:05 UTC,2022-11-07 20:40:05 UTC
82173969,19171,,109306,"{""images"":""Deci44100_CCES_010_268.png"",""sounds"":""Deci44100_CCES_010_268.mp3"",""subject_id"":""Deci44100_CCES_010_268""}","{""0"":""https://panoptes-uploads.zooniverse.org/subject_location/ea6aeb30-6562-49a7-b5c4-9bcbfef16665.mpga"",""1"":""https://panoptes-uploads.zooniverse.org/subject_location/6150260a-ca3e-4bb8-a424-efa2d177c5a0.png""}",0,,,2022-11-07 20:40:06 UTC,2022-11-07 20:40:06 UTC
82173972,19171,,109306,"{""images"":""Deci44100_CCES_010_2681.png"",""sounds"":""Deci44100_CCES_010_2681.mp3"",""subject_id"":""Deci44100_CCES_010_2681""}","{""0"":""https://panoptes-uploads.zooniverse.org/subject_location/31c8d185-7533-4358-9cba-03968f93c690.mpga"",""1"":""https://panoptes-uploads.zooniverse.org/subject_location/7946695c-c7a8-4b15-9e91-4a64f5e0652d.png""}",0,,,2022-11-07 20:40:06 UTC,2022-11-07 20:40:06 UTC
82173976,19171,,109306,"{""images"":""Deci44100_CCES_010_2695.png"",""sounds"":""Deci44100_CCES_010_2695.mp3"",""subject_id"":""Deci44100_CCES_010_2695""}","{""0"":""https://panoptes-uploads.zooniverse.org/subject_location/1022e59e-8de7-4943-b41a-da8a4251b973.mpga"",""1"":""https://panoptes-uploads.zooniverse.org/subject_location/e71c606f-a80a-4336-b735-0f4fd18b7f91.png""}",0,,,2022-11-07 20:40:07 UTC,2022-11-07 20:40:07 UTC
82173984,19171,,109306,"{""images"":""Deci44100_CCES_010_2700.png"",""sounds"":""Deci44100_CCES_010_2700.mp3"",""subject_id"":""Deci44100_CCES_010_2700""}","{""0"":""https://panoptes-uploads.zooniverse.org/subject_location/39c17008-d5b8-4b97-a752-cebd88000eb6.mpga"",""1"":""https://panoptes-uploads.zooniverse.org/subject_location/c44e9e23-1e7d-4eab-aa29-27b519b7c2f6.png""}",0,,,2022-11-07 20:40:07 UTC,2022-11-07 20:40:07 UTC
82173998,19171,,109306,"{""images"":""Deci44100_CCES_010_2756.png"",""sounds"":""Deci44100_CCES_010_2756.mp3"",""subject_id"":""Deci44100_CCES_010_2756""}","{""0"":""https://panoptes-uploads.zooniverse.org/subject_location/c765a429-b17b-4d5f-a164-f5f801048d96.mpga"",""1"":""https://panoptes-uploads.zooniverse.org/subject_location/edd24096-78c6-41c0-91c7-9c365132f7bd.png""}",0,,,2022-11-07 20:40:07 UTC,2022-11-07 20:40:07 UTC
82174001,19171,,109306,"{""images"":""Deci44100_CCES_010_2763.png"",""sounds"":""Deci44100_CCES_010_2763.mp3"",""subject_id"":""Deci44100_CCES_010_2763""}","{""0"":""https://panoptes-uploads.zooniverse.org/subject_location/79f3b3a9-a53b-4682-b819-74e74d471413.mpga"",""1"":""https://panoptes-uploads.zooniverse.org/subject_location/7fbecaa0-615e-4a75-a270-3bfa687d6966.png""}",0,,,2022-11-07 20:40:08 UTC,2022-11-07 20:40:08 UTC
82174004,19171,,109306,"{""images"":""Deci44100_CCES_010_2852.png"",""sounds"":""Deci44100_CCES_010_2852.mp3"",""subject_id"":""Deci44100_CCES_010_2852""}","{""0"":""https://panoptes-uploads.zooniverse.org/subject_location/2cc34b03-080d-48f2-a39f-662e59249406.mpga"",""1"":""https://panoptes-uploads.zooniverse.org/subject_location/dd0ac0f8-60c4-4ffa-a32c-b87e4fc7e808.png""}",0,,,2022-11-07 20:40:08 UTC,2022-11-07 20:40:08 UTC
82174007,19171,,109306,"{""images"":""Deci44100_CCES_010_2896.png"",""sounds"":""Deci44100_CCES_010_2896.mp3"",""subject_id"":""Deci44100_CCES_010_2896""}","{""0"":""https://panoptes-uploads.zooniverse.org/subject_location/09dddc47-0ecf-43d8-9436-30703abdddb3.mpga"",""1"":""https://panoptes-uploads.zooniverse.org/subject_location/6bdab595-ba5a-4f00-83c8-f0ee467c13c5.png""}",0,,,2022-11-07 20:40:09 UTC,2022-11-07 20:40:09 UTC
82174009,19171,,109306,"{""images"":""Deci44100_CCES_010_2903.png"",""sounds"":""Deci44100_CCES_010_2903.mp3"",""subject_id"":""Deci44100_CCES_010_2903""}","{""0"":""https://panoptes-uploads.zooniverse.org/subject_location/04583cb0-af96-4ab0-a5cd-7fff27112ea9.mpga"",""1"":""https://panoptes-uploads.zooniverse.org/subject_location/61a2ea01-4a20-49fe-bb11-a99924cb0530.png""}",0,,,2022-11-07 20:40:09 UTC,2022-11-07 20:40:09 UTC
82174027,19171,,109306,"{""images"":""Deci44100_CCES_010_292.png"",""sounds"":""Deci44100_CCES_010_292.mp3"",""subject_id"":""Deci44100_CCES_010_292""}","{""0"":""https://panoptes-uploads.zooniverse.org/subject_location/2cbaba15-0371-4b29-96ea-f2beabfd1d4b.mpga"",""1"":""https://panoptes-uploads.zooniverse.org/subject_location/9de4706a-622c-4b32-ac08-4b582e2db27c.png""}",0,,,2022-11-07 20:40:09 UTC,2022-11-07 20:40:09 UTC
82174037,19171,,109306,"{""images"":""Deci44100_CCES_010_2925.png"",""sounds"":""Deci44100_CCES_010_2925.mp3"",""subject_id"":""Deci44100_CCES_010_2925""}","{""0"":""https://panoptes-uploads.zooniverse.org/subject_location/67479fd9-2614-428b-9ac2-61d477a8dad0.mpga"",""1"":""https://panoptes-uploads.zooniverse.org/subject_location/a755d159-cdb8-4049-94e5-eb938b018d25.png""}",0,,,2022-11-07 20:40:10 UTC,2022-11-07 20:40:10 UTC
82174040,19171,,109306,"{""images"":""Deci44100_CCES_010_2931.png"",""sounds"":""Deci44100_CCES_010_2931.mp3"",""subject_id"":""Deci44100_CCES_010_2931""}","{""0"":""https://panoptes-uploads.zooniverse.org/subject_location/974a6b64-8fae-41ea-afb2-79b615eabc50.mpga"",""1"":""https://panoptes-uploads.zooniverse.org/subject_location/5a56718f-c471-4d28-87cf-23c7e8eef214.png""}",0,,,2022-11-07 20:40:10 UTC,2022-11-07 20:40:10 UTC
82174043,19171,,109306,"{""images"":""Deci44100_CCES_010_2953.png"",""sounds"":""Deci44100_CCES_010_2953.mp3"",""subject_id"":""Deci44100_CCES_010_2953""}","{""0"":""https://panoptes-uploads.zooniverse.org/subject_location/ad4119aa-2106-4eba-a908-50bfdd9ea837.mpga"",""1"":""https://panoptes-uploads.zooniverse.org/subject_location/5f57a403-c225-44c6-b05f-84887d367fa6.png""}",0,,,2022-11-07 20:40:11 UTC,2022-11-07 20:40:11 UTC
82174051,19171,,109306,"{""images"":""Deci44100_CCES_010_297.png"",""sounds"":""Deci44100_CCES_010_297.mp3"",""subject_id"":""Deci44100_CCES_010_297""}","{""0"":""https://panoptes-uploads.zooniverse.org/subject_location/7bf1636a-c0fb-47a0-b13e-2ed3dd98bb3c.mpga"",""1"":""https://panoptes-uploads.zooniverse.org/subject_location/549abdec-1983-46c9-901d-1a2e076b899c.png""}",0,,,2022-11-07 20:40:11 UTC,2022-11-07 20:40:11 UTC
82174066,19171,,109306,"{""images"":""Deci44100_CCES_010_3002.png"",""sounds"":""Deci44100_CCES_010_3002.mp3"",""subject_id"":""Deci44100_CCES_010_3002""}","{""0"":""https://panoptes-uploads.zooniverse.org/subject_location/945a862d-87f4-4452-ae7f-b9e311d92342.mpga"",""1"":""https://panoptes-uploads.zooniverse.org/subject_location/18545f6f-38c6-4f4a-a82a-32185f37443c.png""}",0,,,2022-11-07 20:40:11 UTC,2022-11-07 20:40:11 UTC
82174069,19171,,109306,"{""images"":""Deci44100_CCES_010_3054.png"",""sounds"":""Deci44100_CCES_010_3054.mp3"",""subject_id"":""Deci44100_CCES_010_3054""}","{""0"":""https://panoptes-uploads.zooniverse.org/subject_location/967037c4-3058-4dbe-b35a-3dfed6ef59aa.mpga"",""1"":""https://panoptes-uploads.zooniverse.org/subject_location/54cd5afb-8b43-4d0a-aac7-29f5e1b58662.png""}",0,,,2022-11-07 20:40:12 UTC,2022-11-07 20:40:12 UTC
82174071,19171,,109306,"{""images"":""Deci44100_CCES_010_3073.png"",""sounds"":""Deci44100_CCES_010_3073.mp3"",""subject_id"":""Deci44100_CCES_010_3073""}","{""0"":""https://panoptes-uploads.zooniverse.org/subject_location/3147a356-04f7-4be4-9fa4-37c1078d3baf.mpga"",""1"":""https://panoptes-uploads.zooniverse.org/subject_location/ff992a64-1a29-4e9a-8d11-6445d8c10991.png""}",0,,,2022-11-07 20:40:12 UTC,2022-11-07 20:40:12 UTC
82174074,19171,,109306,"{""images"":""Deci44100_CCES_010_314.png"",""sounds"":""Deci44100_CCES_010_314.mp3"",""subject_id"":""Deci44100_CCES_010_314""}","{""0"":""https://panoptes-uploads.zooniverse.org/subject_location/05fd2b04-c2ff-4211-b089-87695d4422de.mpga"",""1"":""https://panoptes-uploads.zooniverse.org/subject_location/6af07d79-c14a-4281-8576-1c854c4c115a.png""}",0,,,2022-11-07 20:40:13 UTC,2022-11-07 20:40:13 UTC
82174081,19171,,109306,"{""images"":""Deci44100_CCES_010_3140.png"",""sounds"":""Deci44100_CCES_010_3140.mp3"",""subject_id"":""Deci44100_CCES_010_3140""}","{""0"":""https://panoptes-uploads.zooniverse.org/subject_location/7f2a224a-3ea5-4c47-a8b7-60ba901b1fe4.mpga"",""1"":""https://panoptes-uploads.zooniverse.org/subject_location/7b17f212-6f88-42e3-86da-2fe640a89f33.png""}",0,,,2022-11-07 20:40:13 UTC,2022-11-07 20:40:13 UTC
82174096,19171,,109306,"{""images"":""Deci44100_CCES_010_3199.png"",""sounds"":""Deci44100_CCES_010_3199.mp3"",""subject_id"":""Deci44100_CCES_010_3199""}","{""0"":""https://panoptes-uploads.zooniverse.org/subject_location/36a0f9b9-6cb0-47fa-abd6-74996542dd8a.mpga"",""1"":""https://panoptes-uploads.zooniverse.org/subject_location/4f02ade3-47e8-4834-be0f-be69dd210f0f.png""}",0,,,2022-11-07 20:40:13 UTC,2022-11-07 20:40:13 UTC
82174099,19171,,109306,"{""images"":""Deci44100_CCES_010_3216.png"",""sounds"":""Deci44100_CCES_010_3216.mp3"",""subject_id"":""Deci44100_CCES_010_3216""}","{""0"":""https://panoptes-uploads.zooniverse.org/subject_location/27e881c0-1efc-4921-bc08-2385c909a8a3.mpga"",""1"":""https://panoptes-uploads.zooniverse.org/subject_location/8de85e3c-4420-4d0c-920a-71f4c5a18fa5.png""}",0,,,2022-11-07 20:40:14 UTC,2022-11-07 20:40:14 UTC
82174101,19171,,109306,"{""images"":""Deci44100_CCES_010_3227.png"",""sounds"":""Deci44100_CCES_010_3227.mp3"",""subject_id"":""Deci44100_CCES_010_3227""}","{""0"":""https://panoptes-uploads.zooniverse.org/subject_location/5938a9c2-1b0e-45c0-96be-3fbbb0dab4a5.mpga"",""1"":""https://panoptes-uploads.zooniverse.org/subject_location/18756a80-a6d4-42fa-9ad7-657cade4944a.png""}",0,,,2022-11-07 20:40:14 UTC,2022-11-07 20:40:14 UTC
82174105,19171,,109306,"{""images"":""Deci44100_CCES_010_3268.png"",""sounds"":""Deci44100_CCES_010_3268.mp3"",""subject_id"":""Deci44100_CCES_010_3268""}","{""0"":""https://panoptes-uploads.zooniverse.org/subject_location/84ba1708-bba2-4441-a036-aa7555a2ae47.mpga"",""1"":""https://panoptes-uploads.zooniverse.org/subject_location/bdffbd8a-de1e-4e16-9989-18dc0ef0c335.png""}",0,,,2022-11-07 20:40:15 UTC,2022-11-07 20:40:15 UTC
82174118,19171,,109306,"{""images"":""Deci44100_CCES_010_330.png"",""sounds"":""Deci44100_CCES_010_330.mp3"",""subject_id"":""Deci44100_CCES_010_330""}","{""0"":""https://panoptes-uploads.zooniverse.org/subject_location/ad70f152-3e0d-4d90-bc1c-8fa9f1881877.mpga"",""1"":""https://panoptes-uploads.zooniverse.org/subject_location/1a69f1a4-3b63-4ac0-bb62-41bb0bdab045.png""}",0,,,2022-11-07 20:40:15 UTC,2022-11-07 20:40:15 UTC
82174127,19171,,109306,"{""images"":""Deci44100_CCES_010_3321.png"",""sounds"":""Deci44100_CCES_010_3321.mp3"",""subject_id"":""Deci44100_CCES_010_3321""}","{""0"":""https://panoptes-uploads.zooniverse.org/subject_location/135187f7-0cf7-4c86-acc1-d096c7098301.mpga"",""1"":""https://panoptes-uploads.zooniverse.org/subject_location/57f8dc03-4d39-475c-a3b4-f3af3f935498.png""}",0,,,2022-11-07 20:40:15 UTC,2022-11-07 20:40:15 UTC
82174130,19171,,109306,"{""images"":""Deci44100_CCES_010_334.png"",""sounds"":""Deci44100_CCES_010_334.mp3"",""subject_id"":""Deci44100_CCES_010_334""}","{""0"":""https://panoptes-uploads.zooniverse.org/subject_location/c97d9adf-6035-41c2-b74b-e563c7f7776e.mpga"",""1"":""https://panoptes-uploads.zooniverse.org/subject_location/c03a4b92-450a-4802-addd-394d88811233.png""}",0,,,2022-11-07 20:40:16 UTC,2022-11-07 20:40:16 UTC
82174133,19171,,109306,"{""images"":""Deci44100_CCES_010_3378.png"",""sounds"":""Deci44100_CCES_010_3378.mp3"",""subject_id"":""Deci44100_CCES_010_3378""}","{""0"":""https://panoptes-uploads.zooniverse.org/subject_location/44af0a75-25ba-4da9-86dc-12bec72a3ab5.mpga"",""1"":""https://panoptes-uploads.zooniverse.org/subject_location/c4771f8e-e1ca-49e2-a1e7-7198e59e9c74.png""}",0,,,2022-11-07 20:40:16 UTC,2022-11-07 20:40:16 UTC
82174138,19171,,109306,"{""images"":""Deci44100_CCES_010_3435.png"",""sounds"":""Deci44100_CCES_010_3435.mp3"",""subject_id"":""Deci44100_CCES_010_3435""}","{""0"":""https://panoptes-uploads.zooniverse.org/subject_location/a2509d9d-2334-4099-a7f2-4070ba5cad7b.mpga"",""1"":""https://panoptes-uploads.zooniverse.org/subject_location/34914d1a-4df2-442f-88cd-f2744712a9b9.png""}",0,,,2022-11-07 20:40:17 UTC,2022-11-07 20:40:17 UTC
82174154,19171,,109306,"{""images"":""Deci44100_CCES_010_3477.png"",""sounds"":""Deci44100_CCES_010_3477.mp3"",""subject_id"":""Deci44100_CCES_010_3477""}","{""0"":""https://panoptes-uploads.zooniverse.org/subject_location/cca9d2b7-5288-4fac-846d-b0c6282142dc.mpga"",""1"":""https://panoptes-uploads.zooniverse.org/subject_location/2baaec1e-f047-47d9-b05b-475b91ef15cb.png""}",0,,,2022-11-07 20:40:17 UTC,2022-11-07 20:40:17 UTC
82174162,19171,,109306,"{""images"":""Deci44100_CCES_010_3510.png"",""sounds"":""Deci44100_CCES_010_3510.mp3"",""subject_id"":""Deci44100_CCES_010_3510""}","{""0"":""https://panoptes-uploads.zooniverse.org/subject_location/1c393816-14d3-415e-84db-034c8203107c.mpga"",""1"":""https://panoptes-uploads.zooniverse.org/subject_location/bf076328-2a23-4b5c-8ed8-ff51ede987bf.png""}",0,,,2022-11-07 20:40:17 UTC,2022-11-07 20:40:17 UTC
82174167,19171,,109306,"{""images"":""Deci44100_CCES_010_352.png"",""sounds"":""Deci44100_CCES_010_352.mp3"",""subject_id"":""Deci44100_CCES_010_352""}","{""0"":""https://panoptes-uploads.zooniverse.org/subject_location/58ec7e31-7f1f-4ed3-8c20-689a3fb80fbb.mpga"",""1"":""https://panoptes-uploads.zooniverse.org/subject_location/82af52d5-c136-4863-b780-b8f6cb4e7572.png""}",0,,,2022-11-07 20:40:18 UTC,2022-11-07 20:40:18 UTC
82174172,19171,,109306,"{""images"":""Deci44100_CCES_010_3533.png"",""sounds"":""Deci44100_CCES_010_3533.mp3"",""subject_id"":""Deci44100_CCES_010_3533""}","{""0"":""https://panoptes-uploads.zooniverse.org/subject_location/e603303d-aeb5-40a7-b7e1-c6b6f50db22b.mpga"",""1"":""https://panoptes-uploads.zooniverse.org/subject_location/69081613-74bf-437c-8572-315c251ff9dd.png""}",0,,,2022-11-07 20:40:18 UTC,2022-11-07 20:40:18 UTC
82174189,19171,,109306,"{""images"":""Deci44100_CCES_010_3560.png"",""sounds"":""Deci44100_CCES_010_3560.mp3"",""subject_id"":""Deci44100_CCES_010_3560""}","{""0"":""https://panoptes-uploads.zooniverse.org/subject_location/a0b78bcc-5837-496e-b96d-77904cd30510.mpga"",""1"":""https://panoptes-uploads.zooniverse.org/subject_location/0dcc9317-2fca-46a7-b8ac-54e73b9bc58d.png""}",0,,,2022-11-07 20:40:19 UTC,2022-11-07 20:40:19 UTC
82174192,19171,,109306,"{""images"":""Deci44100_CCES_010_3574.png"",""sounds"":""Deci44100_CCES_010_3574.mp3"",""subject_id"":""Deci44100_CCES_010_3574""}","{""0"":""https://panoptes-uploads.zooniverse.org/subject_location/c8d828fb-60a2-4bf5-8426-d1b8779a221a.mpga"",""1"":""https://panoptes-uploads.zooniverse.org/subject_location/7b001389-da88-455f-825a-7ee1390274d6.png""}",0,,,2022-11-07 20:40:19 UTC,2022-11-07 20:40:19 UTC
82174196,19171,,109306,"{""images"":""Deci44100_CCES_010_3576.png"",""sounds"":""Deci44100_CCES_010_3576.mp3"",""subject_id"":""Deci44100_CCES_010_3576""}","{""0"":""https://panoptes-uploads.zooniverse.org/subject_location/a07d54db-e451-4ac6-b221-bdfa50076cb8.mpga"",""1"":""https://panoptes-uploads.zooniverse.org/subject_location/aeb2a2c5-1b61-4cf3-8493-2b4b80d6721d.png""}",0,,,2022-11-07 20:40:19 UTC,2022-11-07 20:40:19 UTC
82174199,19171,,109306,"{""images"":""Deci44100_CCES_010_361.png"",""sounds"":""Deci44100_CCES_010_361.mp3"",""subject_id"":""Deci44100_CCES_010_361""}","{""0"":""https://panoptes-uploads.zooniverse.org/subject_location/5542a16b-3efa-474d-a825-561278528d09.mpga"",""1"":""https://panoptes-uploads.zooniverse.org/subject_location/8b3b59c6-7905-43a8-aa62-69348c1bcc3c.png""}",0,,,2022-11-07 20:40:20 UTC,2022-11-07 20:40:20 UTC
82174207,19171,,109306,"{""images"":""Deci44100_CCES_010_3726.png"",""sounds"":""Deci44100_CCES_010_3726.mp3"",""subject_id"":""Deci44100_CCES_010_3726""}","{""0"":""https://panoptes-uploads.zooniverse.org/subject_location/756166dd-cb74-4ab6-a5cc-26f15122cd15.mpga"",""1"":""https://panoptes-uploads.zooniverse.org/subject_location/8e2de7d1-bda9-435e-a0e8-b5d5ccf837aa.png""}",0,,,2022-11-07 20:40:20 UTC,2022-11-07 20:40:20 UTC
82174221,19171,,109306,"{""images"":""Deci44100_CCES_010_375.png"",""sounds"":""Deci44100_CCES_010_375.mp3"",""subject_id"":""Deci44100_CCES_010_375""}","{""0"":""https://panoptes-uploads.zooniverse.org/subject_location/e6df6794-3cd1-45c2-b672-473602a810ac.mpga"",""1"":""https://panoptes-uploads.zooniverse.org/subject_location/8b6e0539-a78b-42b0-9c68-00e1a33b359e.png""}",0,,,2022-11-07 20:40:21 UTC,2022-11-07 20:40:21 UTC
82174224,19171,,109306,"{""images"":""Deci44100_CCES_010_3890.png"",""sounds"":""Deci44100_CCES_010_3890.mp3"",""subject_id"":""Deci44100_CCES_010_3890""}","{""0"":""https://panoptes-uploads.zooniverse.org/subject_location/44c3a69b-a0cb-48f3-a778-e6b754152cfc.mpga"",""1"":""https://panoptes-uploads.zooniverse.org/subject_location/5c7dc5c8-bd8a-4db3-8cc9-b33156a310d6.png""}",0,,,2022-11-07 20:40:21 UTC,2022-11-07 20:40:21 UTC
82174227,19171,,109306,"{""images"":""Deci44100_CCES_010_3897.png"",""sounds"":""Deci44100_CCES_010_3897.mp3"",""subject_id"":""Deci44100_CCES_010_3897""}","{""0"":""https://panoptes-uploads.zooniverse.org/subject_location/17bfeac3-1acc-4591-ae2a-55c3308d8737.mpga"",""1"":""https://panoptes-uploads.zooniverse.org/subject_location/a29d4020-422d-4f4c-9baf-b8d89da0af74.png""}",0,,,2022-11-07 20:40:21 UTC,2022-11-07 20:40:21 UTC
82174230,19171,,109306,"{""images"":""Deci44100_CCES_010_3909.png"",""sounds"":""Deci44100_CCES_010_3909.mp3"",""subject_id"":""Deci44100_CCES_010_3909""}","{""0"":""https://panoptes-uploads.zooniverse.org/subject_location/bb161111-61d4-4e4a-a6b0-f3d9ab311871.mpga"",""1"":""https://panoptes-uploads.zooniverse.org/subject_location/2bdd7533-0e06-41b1-8017-09c7d8e82b8f.png""}",0,,,2022-11-07 20:40:22 UTC,2022-11-07 20:40:22 UTC
82174239,19171,,109306,"{""images"":""Deci44100_CCES_010_3931.png"",""sounds"":""Deci44100_CCES_010_3931.mp3"",""subject_id"":""Deci44100_CCES_010_3931""}","{""0"":""https://panoptes-uploads.zooniverse.org/subject_location/383df770-85ac-43ce-8d00-053d36ca1edc.mpga"",""1"":""https://panoptes-uploads.zooniverse.org/subject_location/3dc3931f-dea4-4c2c-b20e-cdf0ff023305.png""}",0,,,2022-11-07 20:40:22 UTC,2022-11-07 20:40:22 UTC
82174241,19171,,109306,"{""images"":""Deci44100_CCES_010_3949.png"",""sounds"":""Deci44100_CCES_010_3949.mp3"",""subject_id"":""Deci44100_CCES_010_3949""}","{""0"":""https://panoptes-uploads.zooniverse.org/subject_location/d2b3e898-e5ae-4480-b900-c3af7819c4be.mpga"",""1"":""https://panoptes-uploads.zooniverse.org/subject_location/03f0bb58-16af-4f33-be84-e0fc9eeb2bd9.png""}",0,,,2022-11-07 20:40:22 UTC,2022-11-07 20:40:22 UTC
82174244,19171,,109306,"{""images"":""Deci44100_CCES_010_3965.png"",""sounds"":""Deci44100_CCES_010_3965.mp3"",""subject_id"":""Deci44100_CCES_010_3965""}","{""0"":""https://panoptes-uploads.zooniverse.org/subject_location/214198dc-490a-47db-a5c5-b5e339595163.mpga"",""1"":""https://panoptes-uploads.zooniverse.org/subject_location/b324ec1a-3d8f-4359-8e83-c474273a1888.png""}",0,,,2022-11-07 20:40:23 UTC,2022-11-07 20:40:23 UTC
82174247,19171,,109306,"{""images"":""Deci44100_CCES_010_3984.png"",""sounds"":""Deci44100_CCES_010_3984.mp3"",""subject_id"":""Deci44100_CCES_010_3984""}","{""0"":""https://panoptes-uploads.zooniverse.org/subject_location/db1b183e-4d30-49d8-aacf-3324d1db5f9b.mpga"",""1"":""https://panoptes-uploads.zooniverse.org/subject_location/1b4eb15f-fad5-4d37-b13e-584ccf2fedbe.png""}",0,,,2022-11-07 20:40:23 UTC,2022-11-07 20:40:23 UTC
82174250,19171,,109306,"{""images"":""Deci44100_CCES_010_4018.png"",""sounds"":""Deci44100_CCES_010_4018.mp3"",""subject_id"":""Deci44100_CCES_010_4018""}","{""0"":""https://panoptes-uploads.zooniverse.org/subject_location/14467903-20ae-4ca2-a24a-4fbb061f80c1.mpga"",""1"":""https://panoptes-uploads.zooniverse.org/subject_location/00f80557-2bc4-4c4f-a5c8-1053183ca770.png""}",0,,,2022-11-07 20:40:24 UTC,2022-11-07 20:40:24 UTC
82174256,19171,,109306,"{""images"":""Deci44100_CCES_010_4027.png"",""sounds"":""Deci44100_CCES_010_4027.mp3"",""subject_id"":""Deci44100_CCES_010_4027""}","{""0"":""https://panoptes-uploads.zooniverse.org/subject_location/d73dd278-7e2e-4312-bc89-062b365f38d7.mpga"",""1"":""https://panoptes-uploads.zooniverse.org/subject_location/f5f2353c-eabd-4581-b82d-0185f971d38d.png""}",0,,,2022-11-07 20:40:24 UTC,2022-11-07 20:40:24 UTC
82174259,19171,,109306,"{""images"":""Deci44100_CCES_010_4120.png"",""sounds"":""Deci44100_CCES_010_4120.mp3"",""subject_id"":""Deci44100_CCES_010_4120""}","{""0"":""https://panoptes-uploads.zooniverse.org/subject_location/28d10afb-7c30-4258-944c-72830b929b0e.mpga"",""1"":""https://panoptes-uploads.zooniverse.org/subject_location/bcfd55a1-9aef-4858-acaf-61fc0d37c670.png""}",0,,,2022-11-07 20:40:24 UTC,2022-11-07 20:40:24 UTC
82174262,19171,,109306,"{""images"":""Deci44100_CCES_010_4196.png"",""sounds"":""Deci44100_CCES_010_4196.mp3"",""subject_id"":""Deci44100_CCES_010_4196""}","{""0"":""https://panoptes-uploads.zooniverse.org/subject_location/96ebb753-9089-4a11-8dee-f97c94f03484.mpga"",""1"":""https://panoptes-uploads.zooniverse.org/subject_location/a0f73eef-7622-4ad3-b6d8-1991d40492b5.png""}",0,,,2022-11-07 20:40:25 UTC,2022-11-07 20:40:25 UTC
82174265,19171,,109306,"{""images"":""Deci44100_CCES_010_423.png"",""sounds"":""Deci44100_CCES_010_423.mp3"",""subject_id"":""Deci44100_CCES_010_423""}","{""0"":""https://panoptes-uploads.zooniverse.org/subject_location/9f185c26-ff54-4641-9530-67c6cf913bad.mpga"",""1"":""https://panoptes-uploads.zooniverse.org/subject_location/e3c84e58-29b8-4694-bdf9-37000a6c298a.png""}",0,,,2022-11-07 20:40:25 UTC,2022-11-07 20:40:25 UTC
82174268,19171,,109306,"{""images"":""Deci44100_CCES_010_4256.png"",""sounds"":""Deci44100_CCES_010_4256.mp3"",""subject_id"":""Deci44100_CCES_010_4256""}","{""0"":""https://panoptes-uploads.zooniverse.org/subject_location/e06e8221-bc67-404b-9602-fc9a0cb22d27.mpga"",""1"":""https://panoptes-uploads.zooniverse.org/subject_location/cb043517-af2f-4dcf-adeb-cfc12a45e091.png""}",0,,,2022-11-07 20:40:26 UTC,2022-11-07 20:40:26 UTC
82174271,19171,,109306,"{""images"":""Deci44100_CCES_010_4261.png"",""sounds"":""Deci44100_CCES_010_4261.mp3"",""subject_id"":""Deci44100_CCES_010_4261""}","{""0"":""https://panoptes-uploads.zooniverse.org/subject_location/6a5494bc-b800-4271-ad4d-9708cb954f91.mpga"",""1"":""https://panoptes-uploads.zooniverse.org/subject_location/c782d630-679d-494d-90a6-65e87e45a343.png""}",0,,,2022-11-07 20:40:26 UTC,2022-11-07 20:40:26 UTC
82174273,19171,,109306,"{""images"":""Deci44100_CCES_010_4288.png"",""sounds"":""Deci44100_CCES_010_4288.mp3"",""subject_id"":""Deci44100_CCES_010_4288""}","{""0"":""https://panoptes-uploads.zooniverse.org/subject_location/acac0886-b9c9-4228-b540-d8dd963eb631.mpga"",""1"":""https://panoptes-uploads.zooniverse.org/subject_location/afe61994-81c0-4f48-b6f7-b88d336baeaa.png""}",0,,,2022-11-07 20:40:26 UTC,2022-11-07 20:40:26 UTC
82174276,19171,,109306,"{""images"":""Deci44100_CCES_010_4297.png"",""sounds"":""Deci44100_CCES_010_4297.mp3"",""subject_id"":""Deci44100_CCES_010_4297""}","{""0"":""https://panoptes-uploads.zooniverse.org/subject_location/6a8188a2-6946-4fed-b8ce-b4498d30af74.mpga"",""1"":""https://panoptes-uploads.zooniverse.org/subject_location/99f8abb1-5814-444d-a574-291f742e967c.png""}",0,,,2022-11-07 20:40:27 UTC,2022-11-07 20:40:27 UTC
82174279,19171,,109306,"{""images"":""Deci44100_CCES_010_4316.png"",""sounds"":""Deci44100_CCES_010_4316.mp3"",""subject_id"":""Deci44100_CCES_010_4316""}","{""0"":""https://panoptes-uploads.zooniverse.org/subject_location/227b4360-5a04-4be9-a85d-b9110fba81c1.mpga"",""1"":""https://panoptes-uploads.zooniverse.org/subject_location/d0f2a7d0-35f9-498d-91e7-2dab6e98b6a8.png""}",0,,,2022-11-07 20:40:27 UTC,2022-11-07 20:40:27 UTC
82174282,19171,,109306,"{""images"":""Deci44100_CCES_010_4362.png"",""sounds"":""Deci44100_CCES_010_4362.mp3"",""subject_id"":""Deci44100_CCES_010_4362""}","{""0"":""https://panoptes-uploads.zooniverse.org/subject_location/c12b01c4-27da-414d-becf-bd22e73bc0c1.mpga"",""1"":""https://panoptes-uploads.zooniverse.org/subject_location/0420902b-ac3b-450a-9f76-8d0125fa187e.png""}",0,,,2022-11-07 20:40:28 UTC,2022-11-07 20:40:28 UTC
82174285,19171,,109306,"{""images"":""Deci44100_CCES_010_4364.png"",""sounds"":""Deci44100_CCES_010_4364.mp3"",""subject_id"":""Deci44100_CCES_010_4364""}","{""0"":""https://panoptes-uploads.zooniverse.org/subject_location/b8be613d-f6f1-4430-a4ab-ffd8d5135599.mpga"",""1"":""https://panoptes-uploads.zooniverse.org/subject_location/bed70e65-1bd9-4491-931e-82f1fc3f97cf.png""}",0,,,2022-11-07 20:40:28 UTC,2022-11-07 20:40:28 UTC
82174288,19171,,109306,"{""images"":""Deci44100_CCES_010_458.png"",""sounds"":""Deci44100_CCES_010_458.mp3"",""subject_id"":""Deci44100_CCES_010_458""}","{""0"":""https://panoptes-uploads.zooniverse.org/subject_location/605952bb-4af0-4371-b0c8-3c5d03ce023d.mpga"",""1"":""https://panoptes-uploads.zooniverse.org/subject_location/545489e1-9ec3-44f6-9c4c-5d5fc16f8541.png""}",0,,,2022-11-07 20:40:28 UTC,2022-11-07 20:40:28 UTC
82174291,19171,,109306,"{""images"":""Deci44100_CCES_010_539.png"",""sounds"":""Deci44100_CCES_010_539.mp3"",""subject_id"":""Deci44100_CCES_010_539""}","{""0"":""https://panoptes-uploads.zooniverse.org/subject_location/04b7447a-f448-489d-bfd7-dae2c337c35e.mpga"",""1"":""https://panoptes-uploads.zooniverse.org/subject_location/55837f0f-ebc9-4974-8c79-d60f78b525cb.png""}",0,,,2022-11-07 20:40:29 UTC,2022-11-07 20:40:29 UTC
82174294,19171,,109306,"{""images"":""Deci44100_CCES_010_589.png"",""sounds"":""Deci44100_CCES_010_589.mp3"",""subject_id"":""Deci44100_CCES_010_589""}","{""0"":""https://panoptes-uploads.zooniverse.org/subject_location/5a2f8d12-19b0-4eec-a2ae-880863f717d4.mpga"",""1"":""https://panoptes-uploads.zooniverse.org/subject_location/5f5103fe-0ab1-41a7-96f9-0af33020c52b.png""}",0,,,2022-11-07 20:40:29 UTC,2022-11-07 20:40:29 UTC
82174297,19171,,109306,"{""images"":""Deci44100_CCES_010_605.png"",""sounds"":""Deci44100_CCES_010_605.mp3"",""subject_id"":""Deci44100_CCES_010_605""}","{""0"":""https://panoptes-uploads.zooniverse.org/subject_location/a946104e-0d38-4115-808c-87a38f160804.mpga"",""1"":""https://panoptes-uploads.zooniverse.org/subject_location/369e6e4b-0920-45a3-823c-28992d04daa9.png""}",0,,,2022-11-07 20:40:30 UTC,2022-11-07 20:40:30 UTC
82174300,19171,,109306,"{""images"":""Deci44100_CCES_010_632.png"",""sounds"":""Deci44100_CCES_010_632.mp3"",""subject_id"":""Deci44100_CCES_010_632""}","{""0"":""https://panoptes-uploads.zooniverse.org/subject_location/1cacd2bc-aeae-46c0-b2ac-9df0bf935f98.mpga"",""1"":""https://panoptes-uploads.zooniverse.org/subject_location/03f47d1e-adde-4b3b-a94c-31e0e1472c36.png""}",0,,,2022-11-07 20:40:30 UTC,2022-11-07 20:40:30 UTC
82174303,19171,,109306,"{""images"":""Deci44100_CCES_010_665.png"",""sounds"":""Deci44100_CCES_010_665.mp3"",""subject_id"":""Deci44100_CCES_010_665""}","{""0"":""https://panoptes-uploads.zooniverse.org/subject_location/b08419ca-b02e-49a6-9b6b-6746250a16fc.mpga"",""1"":""https://panoptes-uploads.zooniverse.org/subject_location/a45e52d6-bf3d-401a-a0c7-a1c30df82e4e.png""}",0,,,2022-11-07 20:40:30 UTC,2022-11-07 20:40:30 UTC
82174306,19171,,109306,"{""images"":""Deci44100_CCES_010_687.png"",""sounds"":""Deci44100_CCES_010_687.mp3"",""subject_id"":""Deci44100_CCES_010_687""}","{""0"":""https://panoptes-uploads.zooniverse.org/subject_location/e66e5e40-220a-4df1-95db-8907b41bf328.mpga"",""1"":""https://panoptes-uploads.zooniverse.org/subject_location/5892b071-3d67-4aac-8492-48b63c29d0a1.png""}",0,,,2022-11-07 20:40:31 UTC,2022-11-07 20:40:31 UTC
82174309,19171,,109306,"{""images"":""Deci44100_CCES_010_689.png"",""sounds"":""Deci44100_CCES_010_689.mp3"",""subject_id"":""Deci44100_CCES_010_689""}","{""0"":""https://panoptes-uploads.zooniverse.org/subject_location/61878f7a-a23b-437c-9579-c726478cf575.mpga"",""1"":""https://panoptes-uploads.zooniverse.org/subject_location/05d83cf4-4803-47b5-aaf0-e6a40c15ed06.png""}",0,,,2022-11-07 20:40:31 UTC,2022-11-07 20:40:31 UTC
82174312,19171,,109306,"{""images"":""Deci44100_CCES_010_698.png"",""sounds"":""Deci44100_CCES_010_698.mp3"",""subject_id"":""Deci44100_CCES_010_698""}","{""0"":""https://panoptes-uploads.zooniverse.org/subject_location/e1ee76aa-9335-4fc0-a557-2fe1708162f0.mpga"",""1"":""https://panoptes-uploads.zooniverse.org/subject_location/3b4d3482-c1b3-460b-815b-8d40050d8f38.png""}",0,,,2022-11-07 20:40:32 UTC,2022-11-07 20:40:32 UTC
82174314,19171,,109306,"{""images"":""Deci44100_CCES_010_715.png"",""sounds"":""Deci44100_CCES_010_715.mp3"",""subject_id"":""Deci44100_CCES_010_715""}","{""0"":""https://panoptes-uploads.zooniverse.org/subject_location/b5da2300-6aba-4b98-9812-11f286982f10.mpga"",""1"":""https://panoptes-uploads.zooniverse.org/subject_location/7950da95-5a2e-48f3-96b6-7de2445e4c44.png""}",0,,,2022-11-07 20:40:32 UTC,2022-11-07 20:40:32 UTC
82174317,19171,,109306,"{""images"":""Deci44100_CCES_010_806.png"",""sounds"":""Deci44100_CCES_010_806.mp3"",""subject_id"":""Deci44100_CCES_010_806""}","{""0"":""https://panoptes-uploads.zooniverse.org/subject_location/08380f75-f7a3-43fe-9391-d3493de2d03c.mpga"",""1"":""https://panoptes-uploads.zooniverse.org/subject_location/c6d94a91-6eff-408a-ba14-a1b46a8893ec.png""}",0,,,2022-11-07 20:40:33 UTC,2022-11-07 20:40:33 UTC
82174320,19171,,109306,"{""images"":""Deci44100_CCES_010_814.png"",""sounds"":""Deci44100_CCES_010_814.mp3"",""subject_id"":""Deci44100_CCES_010_814""}","{""0"":""https://panoptes-uploads.zooniverse.org/subject_location/b95f1a1d-be78-4b8d-8a98-9d28c8c41ce2.mpga"",""1"":""https://panoptes-uploads.zooniverse.org/subject_location/94c1972c-8831-4c61-94dc-66f05c135fb9.png""}",0,,,2022-11-07 20:40:33 UTC,2022-11-07 20:40:33 UTC
82174323,19171,,109306,"{""images"":""Deci44100_CCES_010_829.png"",""sounds"":""Deci44100_CCES_010_829.mp3"",""subject_id"":""Deci44100_CCES_010_829""}","{""0"":""https://panoptes-uploads.zooniverse.org/subject_location/2d0c7904-aac3-41b0-9131-9e2926d2b51a.mpga"",""1"":""https://panoptes-uploads.zooniverse.org/subject_location/59bbaee2-4514-4e82-8df6-07edfdd4d35a.png""}",0,,,2022-11-07 20:40:33 UTC,2022-11-07 20:40:33 UTC
82174326,19171,,109306,"{""images"":""Deci44100_CCES_010_9.png"",""sounds"":""Deci44100_CCES_010_9.mp3"",""subject_id"":""Deci44100_CCES_010_9""}","{""0"":""https://panoptes-uploads.zooniverse.org/subject_location/c0bfc485-9ef4-420b-a935-64ee562478f6.mpga"",""1"":""https://panoptes-uploads.zooniverse.org/subject_location/b13cab66-50c6-4656-ab5b-be8b76f629cc.png""}",0,,,2022-11-07 20:40:34 UTC,2022-11-07 20:40:34 UTC
82174329,19171,,109306,"{""images"":""Deci44100_CCES_010_923.png"",""sounds"":""Deci44100_CCES_010_923.mp3"",""subject_id"":""Deci44100_CCES_010_923""}","{""0"":""https://panoptes-uploads.zooniverse.org/subject_location/a41388e7-e9f7-42e7-8855-c9fbe4b9839f.mpga"",""1"":""https://panoptes-uploads.zooniverse.org/subject_location/c33efe6c-0ee4-4050-ae39-e903df7dc4c6.png""}",0,,,2022-11-07 20:40:34 UTC,2022-11-07 20:40:34 UTC
82174331,19171,,109306,"{""images"":""Deci44100_CCES_010_929.png"",""sounds"":""Deci44100_CCES_010_929.mp3"",""subject_id"":""Deci44100_CCES_010_929""}","{""0"":""https://panoptes-uploads.zooniverse.org/subject_location/e30b4b25-f9dd-4ce6-98e6-07d28950b62f.mpga"",""1"":""https://panoptes-uploads.zooniverse.org/subject_location/06031295-7969-4aad-bdbb-dc7b22a8b3aa.png""}",0,,,2022-11-07 20:40:35 UTC,2022-11-07 20:40:35 UTC
82174334,19171,,109306,"{""images"":""Deci44100_CCES_010_998.png"",""sounds"":""Deci44100_CCES_010_998.mp3"",""subject_id"":""Deci44100_CCES_010_998""}","{""0"":""https://panoptes-uploads.zooniverse.org/subject_location/153f14e6-804c-4ca2-826e-5797b46ccf51.mpga"",""1"":""https://panoptes-uploads.zooniverse.org/subject_location/a50a8d8e-dfe7-48b9-96e2-c00dee99e139.png""}",0,,,2022-11-07 20:40:35 UTC,2022-11-07 20:40:35 UTC
82174633,19171,,109307,"{""sounds"":""Deci44100_CCES_010_1033.mp3"",""subject_id"":""Deci44100_CCES_010_1033""}","{""0"":""https://panoptes-uploads.zooniverse.org/subject_location/b548c88f-23c5-4ef2-8c08-850b55578a3b.mpga""}",0,,,2022-11-07 20:41:42 UTC,2022-11-07 20:41:42 UTC
82174635,19171,,109307,"{""sounds"":""Deci44100_CCES_010_1074.mp3"",""subject_id"":""Deci44100_CCES_010_1074""}","{""0"":""https://panoptes-uploads.zooniverse.org/subject_location/bf01d194-7c1b-48a5-accd-da2d6f12bd9c.mpga""}",0,,,2022-11-07 20:41:42 UTC,2022-11-07 20:41:42 UTC
82174638,19171,,109307,"{""sounds"":""Deci44100_CCES_010_1127.mp3"",""subject_id"":""Deci44100_CCES_010_1127""}","{""0"":""https://panoptes-uploads.zooniverse.org/subject_location/5a8f5bdb-b01a-4614-bb5b-2ff9f375a82c.mpga""}",0,,,2022-11-07 20:41:42 UTC,2022-11-07 20:41:42 UTC
82174640,19171,,109307,"{""sounds"":""Deci44100_CCES_010_1165.mp3"",""subject_id"":""Deci44100_CCES_010_1165""}","{""0"":""https://panoptes-uploads.zooniverse.org/subject_location/ef31d4ee-bd28-4e79-90be-13ff32e513ba.mpga""}",0,,,2022-11-07 20:41:43 UTC,2022-11-07 20:41:43 UTC
82174643,19171,,109307,"{""sounds"":""Deci44100_CCES_010_1192.mp3"",""subject_id"":""Deci44100_CCES_010_1192""}","{""0"":""https://panoptes-uploads.zooniverse.org/subject_location/afb5a2ad-adf1-41be-af23-79344a9a9951.mpga""}",0,,,2022-11-07 20:41:43 UTC,2022-11-07 20:41:43 UTC
82174646,19171,,109307,"{""sounds"":""Deci44100_CCES_010_1233.mp3"",""subject_id"":""Deci44100_CCES_010_1233""}","{""0"":""https://panoptes-uploads.zooniverse.org/subject_location/75738c44-9864-42fd-8be3-9022c40987c4.mpga""}",0,,,2022-11-07 20:41:44 UTC,2022-11-07 20:41:44 UTC
82174649,19171,,109307,"{""sounds"":""Deci44100_CCES_010_1242.mp3"",""subject_id"":""Deci44100_CCES_010_1242""}","{""0"":""https://panoptes-uploads.zooniverse.org/subject_location/7566839e-8ba3-4ebc-b016-99b85eeab57a.mpga""}",0,,,2022-11-07 20:41:44 UTC,2022-11-07 20:41:44 UTC
82174651,19171,,109307,"{""sounds"":""Deci44100_CCES_010_1264.mp3"",""subject_id"":""Deci44100_CCES_010_1264""}","{""0"":""https://panoptes-uploads.zooniverse.org/subject_location/fa38e462-651a-44e4-8d3c-e9aaae6d9267.mpga""}",0,,,2022-11-07 20:41:44 UTC,2022-11-07 20:41:44 UTC
82174654,19171,,109307,"{""sounds"":""Deci44100_CCES_010_1266.mp3"",""subject_id"":""Deci44100_CCES_010_1266""}","{""0"":""https://panoptes-uploads.zooniverse.org/subject_location/571c12dd-13de-4f36-b0be-7fca16fb3aac.mpga""}",0,,,2022-11-07 20:41:45 UTC,2022-11-07 20:41:45 UTC
82174656,19171,,109307,"{""sounds"":""Deci44100_CCES_010_1277.mp3"",""subject_id"":""Deci44100_CCES_010_1277""}","{""0"":""https://panoptes-uploads.zooniverse.org/subject_location/ef32a574-033a-4aa7-aa64-04fdaabc0d20.mpga""}",0,,,2022-11-07 20:41:45 UTC,2022-11-07 20:41:45 UTC
82174659,19171,,109307,"{""sounds"":""Deci44100_CCES_010_132.mp3"",""subject_id"":""Deci44100_CCES_010_132""}","{""0"":""https://panoptes-uploads.zooniverse.org/subject_location/055e0b5d-a85c-458c-b965-5ec54e68d150.mpga""}",0,,,2022-11-07 20:41:45 UTC,2022-11-07 20:41:45 UTC
82174661,19171,,109307,"{""sounds"":""Deci44100_CCES_010_137.mp3"",""subject_id"":""Deci44100_CCES_010_137""}","{""0"":""https://panoptes-uploads.zooniverse.org/subject_location/733c040a-fff0-4cce-b91a-747dc0e2a1f3.mpga""}",0,,,2022-11-07 20:41:46 UTC,2022-11-07 20:41:46 UTC
82174664,19171,,109307,"{""sounds"":""Deci44100_CCES_010_1430.mp3"",""subject_id"":""Deci44100_CCES_010_1430""}","{""0"":""https://panoptes-uploads.zooniverse.org/subject_location/6c026958-a1cc-4f47-94c5-7e33dd6d07e3.mpga""}",0,,,2022-11-07 20:41:46 UTC,2022-11-07 20:41:46 UTC
82174666,19171,,109307,"{""sounds"":""Deci44100_CCES_010_1439.mp3"",""subject_id"":""Deci44100_CCES_010_1439""}","{""0"":""https://panoptes-uploads.zooniverse.org/subject_location/8ed3d3b1-6859-466c-8075-2af3b0a37f81.mpga""}",0,,,2022-11-07 20:41:46 UTC,2022-11-07 20:41:46 UTC
82174669,19171,,109307,"{""sounds"":""Deci44100_CCES_010_1448.mp3"",""subject_id"":""Deci44100_CCES_010_1448""}","{""0"":""https://panoptes-uploads.zooniverse.org/subject_location/9459ccef-2644-413f-be5c-efa5df038d5d.mpga""}",0,,,2022-11-07 20:41:47 UTC,2022-11-07 20:41:47 UTC
82174671,19171,,109307,"{""sounds"":""Deci44100_CCES_010_1460.mp3"",""subject_id"":""Deci44100_CCES_010_1460""}","{""0"":""https://panoptes-uploads.zooniverse.org/subject_location/80044530-f114-4f7b-a579-953029c2020c.mpga""}",0,,,2022-11-07 20:41:47 UTC,2022-11-07 20:41:47 UTC
82174674,19171,,109307,"{""sounds"":""Deci44100_CCES_010_1483.mp3"",""subject_id"":""Deci44100_CCES_010_1483""}","{""0"":""https://panoptes-uploads.zooniverse.org/subject_location/bf77cf95-0417-481d-8534-6d07af98f6f6.mpga""}",0,,,2022-11-07 20:41:47 UTC,2022-11-07 20:41:47 UTC
82174677,19171,,109307,"{""sounds"":""Deci44100_CCES_010_1485.mp3"",""subject_id"":""Deci44100_CCES_010_1485""}","{""0"":""https://panoptes-uploads.zooniverse.org/subject_location/fd41978f-72ee-4edf-aece-655594fda3be.mpga""}",0,,,2022-11-07 20:41:48 UTC,2022-11-07 20:41:48 UTC
82174680,19171,,109307,"{""sounds"":""Deci44100_CCES_010_1503.mp3"",""subject_id"":""Deci44100_CCES_010_1503""}","{""0"":""https://panoptes-uploads.zooniverse.org/subject_location/4dd53434-fc31-42ee-ad1d-f32155499880.mpga""}",0,,,2022-11-07 20:41:48 UTC,2022-11-07 20:41:48 UTC
82174682,19171,,109307,"{""sounds"":""Deci44100_CCES_010_1554.mp3"",""subject_id"":""Deci44100_CCES_010_1554""}","{""0"":""https://panoptes-uploads.zooniverse.org/subject_location/4818cd2d-b252-47c7-a9cb-9bad7dab9420.mpga""}",0,,,2022-11-07 20:41:49 UTC,2022-11-07 20:41:49 UTC
82174685,19171,,109307,"{""sounds"":""Deci44100_CCES_010_1591.mp3"",""subject_id"":""Deci44100_CCES_010_1591""}","{""0"":""https://panoptes-uploads.zooniverse.org/subject_location/fa4e7886-be4a-40a9-8f5c-3310f830f45d.mpga""}",0,,,2022-11-07 20:41:49 UTC,2022-11-07 20:41:49 UTC
82174687,19171,,109307,"{""sounds"":""Deci44100_CCES_010_1650.mp3"",""subject_id"":""Deci44100_CCES_010_1650""}","{""0"":""https://panoptes-uploads.zooniverse.org/subject_location/fa7129c3-850b-40e4-ace3-ab713fdaee29.mpga""}",0,,,2022-11-07 20:41:49 UTC,2022-11-07 20:41:49 UTC
82174690,19171,,109307,"{""sounds"":""Deci44100_CCES_010_1664.mp3"",""subject_id"":""Deci44100_CCES_010_1664""}","{""0"":""https://panoptes-uploads.zooniverse.org/subject_location/8eccd03e-a903-4ad2-a7d5-15682252a3af.mpga""}",0,,,2022-11-07 20:41:50 UTC,2022-11-07 20:41:50 UTC
82174693,19171,,109307,"{""sounds"":""Deci44100_CCES_010_1668.mp3"",""subject_id"":""Deci44100_CCES_010_1668""}","{""0"":""https://panoptes-uploads.zooniverse.org/subject_location/13c664d1-a09d-4744-967e-291b8b9b0026.mpga""}",0,,,2022-11-07 20:41:50 UTC,2022-11-07 20:41:50 UTC
82174695,19171,,109307,"{""sounds"":""Deci44100_CCES_010_167.mp3"",""subject_id"":""Deci44100_CCES_010_167""}","{""0"":""https://panoptes-uploads.zooniverse.org/subject_location/c302476c-05ee-4326-bfb3-303dacf398a9.mpga""}",0,,,2022-11-07 20:41:50 UTC,2022-11-07 20:41:50 UTC
82174698,19171,,109307,"{""sounds"":""Deci44100_CCES_010_168.mp3"",""subject_id"":""Deci44100_CCES_010_168""}","{""0"":""https://panoptes-uploads.zooniverse.org/subject_location/1a865220-ab8b-42a8-a4e8-3c4611c274d7.mpga""}",0,,,2022-11-07 20:41:51 UTC,2022-11-07 20:41:51 UTC
82174702,19171,,109307,"{""sounds"":""Deci44100_CCES_010_1688.mp3"",""subject_id"":""Deci44100_CCES_010_1688""}","{""0"":""https://panoptes-uploads.zooniverse.org/subject_location/236e29fb-5521-4ac7-90ef-31cc729d784b.mpga""}",0,,,2022-11-07 20:41:51 UTC,2022-11-07 20:41:51 UTC
82174705,19171,,109307,"{""sounds"":""Deci44100_CCES_010_1718.mp3"",""subject_id"":""Deci44100_CCES_010_1718""}","{""0"":""https://panoptes-uploads.zooniverse.org/subject_location/447caa5f-d500-4d07-b869-afda2c17d3a3.mpga""}",0,,,2022-11-07 20:41:52 UTC,2022-11-07 20:41:52 UTC
82174708,19171,,109307,"{""sounds"":""Deci44100_CCES_010_1758.mp3"",""subject_id"":""Deci44100_CCES_010_1758""}","{""0"":""https://panoptes-uploads.zooniverse.org/subject_location/8a6fa04c-faa4-459b-aad9-540710a6941b.mpga""}",0,,,2022-11-07 20:41:52 UTC,2022-11-07 20:41:52 UTC
82174710,19171,,109307,"{""sounds"":""Deci44100_CCES_010_1793.mp3"",""subject_id"":""Deci44100_CCES_010_1793""}","{""0"":""https://panoptes-uploads.zooniverse.org/subject_location/d7050d54-09ca-461e-9adb-e5494a2fc564.mpga""}",0,,,2022-11-07 20:41:52 UTC,2022-11-07 20:41:52 UTC
82174713,19171,,109307,"{""sounds"":""Deci44100_CCES_010_1815.mp3"",""subject_id"":""Deci44100_CCES_010_1815""}","{""0"":""https://panoptes-uploads.zooniverse.org/subject_location/cde9c508-4f24-4e95-a09c-d2d21cfcd860.mpga""}",0,,,2022-11-07 20:41:53 UTC,2022-11-07 20:41:53 UTC
82174716,19171,,109307,"{""sounds"":""Deci44100_CCES_010_1839.mp3"",""subject_id"":""Deci44100_CCES_010_1839""}","{""0"":""https://panoptes-uploads.zooniverse.org/subject_location/ae75fee7-ef27-405e-9297-d638b7d105b8.mpga""}",0,,,2022-11-07 20:41:53 UTC,2022-11-07 20:41:53 UTC
82174719,19171,,109307,"{""sounds"":""Deci44100_CCES_010_1856.mp3"",""subject_id"":""Deci44100_CCES_010_1856""}","{""0"":""https://panoptes-uploads.zooniverse.org/subject_location/1fee9feb-d086-43c1-80ea-8af19c3a57d2.mpga""}",0,,,2022-11-07 20:41:54 UTC,2022-11-07 20:41:54 UTC
82174721,19171,,109307,"{""sounds"":""Deci44100_CCES_010_1875.mp3"",""subject_id"":""Deci44100_CCES_010_1875""}","{""0"":""https://panoptes-uploads.zooniverse.org/subject_location/820317d1-b010-4ae5-9698-fd8ea37b5285.mpga""}",0,,,2022-11-07 20:41:54 UTC,2022-11-07 20:41:54 UTC
82174724,19171,,109307,"{""sounds"":""Deci44100_CCES_010_1884.mp3"",""subject_id"":""Deci44100_CCES_010_1884""}","{""0"":""https://panoptes-uploads.zooniverse.org/subject_location/b1f854eb-f833-46b7-9185-c778a3b90da6.mpga""}",0,,,2022-11-07 20:41:54 UTC,2022-11-07 20:41:54 UTC
82174727,19171,,109307,"{""sounds"":""Deci44100_CCES_010_1926.mp3"",""subject_id"":""Deci44100_CCES_010_1926""}","{""0"":""https://panoptes-uploads.zooniverse.org/subject_location/6de5c5b6-19c0-463d-8c66-3fb7625d9c61.mpga""}",0,,,2022-11-07 20:41:55 UTC,2022-11-07 20:41:55 UTC
82174729,19171,,109307,"{""sounds"":""Deci44100_CCES_010_1933.mp3"",""subject_id"":""Deci44100_CCES_010_1933""}","{""0"":""https://panoptes-uploads.zooniverse.org/subject_location/d1b4c430-e749-4572-9d7f-9c39e5e2b616.mpga""}",0,,,2022-11-07 20:41:55 UTC,2022-11-07 20:41:55 UTC
82174732,19171,,109307,"{""sounds"":""Deci44100_CCES_010_1968.mp3"",""subject_id"":""Deci44100_CCES_010_1968""}","{""0"":""https://panoptes-uploads.zooniverse.org/subject_location/9bbc273e-8a6a-421d-9a08-1fac1f8f468e.mpga""}",0,,,2022-11-07 20:41:55 UTC,2022-11-07 20:41:55 UTC
82174735,19171,,109307,"{""sounds"":""Deci44100_CCES_010_1988.mp3"",""subject_id"":""Deci44100_CCES_010_1988""}","{""0"":""https://panoptes-uploads.zooniverse.org/subject_location/f64c03fb-43b7-4701-a16d-33371b14cb27.mpga""}",0,,,2022-11-07 20:41:56 UTC,2022-11-07 20:41:56 UTC
82174737,19171,,109307,"{""sounds"":""Deci44100_CCES_010_2006.mp3"",""subject_id"":""Deci44100_CCES_010_2006""}","{""0"":""https://panoptes-uploads.zooniverse.org/subject_location/967851ee-42ee-4ea9-82df-bb2853bd16dc.mpga""}",0,,,2022-11-07 20:41:56 UTC,2022-11-07 20:41:56 UTC
82174740,19171,,109307,"{""sounds"":""Deci44100_CCES_010_2024.mp3"",""subject_id"":""Deci44100_CCES_010_2024""}","{""0"":""https://panoptes-uploads.zooniverse.org/subject_location/b9e36e87-86f1-4408-89b1-e2d3344bf39a.mpga""}",0,,,2022-11-07 20:41:56 UTC,2022-11-07 20:41:56 UTC
82174743,19171,,109307,"{""sounds"":""Deci44100_CCES_010_2028.mp3"",""subject_id"":""Deci44100_CCES_010_2028""}","{""0"":""https://panoptes-uploads.zooniverse.org/subject_location/6ef896d9-7f7d-4660-90fe-45db0d187fc8.mpga""}",0,,,2022-11-07 20:41:57 UTC,2022-11-07 20:41:57 UTC
82174745,19171,,109307,"{""sounds"":""Deci44100_CCES_010_2031.mp3"",""subject_id"":""Deci44100_CCES_010_2031""}","{""0"":""https://panoptes-uploads.zooniverse.org/subject_location/062301a5-30f6-4eb3-9286-ad760c9d51d5.mpga""}",0,,,2022-11-07 20:41:57 UTC,2022-11-07 20:41:57 UTC
82174748,19171,,109307,"{""sounds"":""Deci44100_CCES_010_2066.mp3"",""subject_id"":""Deci44100_CCES_010_2066""}","{""0"":""https://panoptes-uploads.zooniverse.org/subject_location/61998c9e-cf16-4e12-abbf-9afc9fc27085.mpga""}",0,,,2022-11-07 20:41:57 UTC,2022-11-07 20:41:57 UTC
82174750,19171,,109307,"{""sounds"":""Deci44100_CCES_010_2090.mp3"",""subject_id"":""Deci44100_CCES_010_2090""}","{""0"":""https://panoptes-uploads.zooniverse.org/subject_location/6bf7f173-8a45-4d54-b347-78727a4ed89b.mpga""}",0,,,2022-11-07 20:41:58 UTC,2022-11-07 20:41:58 UTC
82174753,19171,,109307,"{""sounds"":""Deci44100_CCES_010_2092.mp3"",""subject_id"":""Deci44100_CCES_010_2092""}","{""0"":""https://panoptes-uploads.zooniverse.org/subject_location/af5ecf65-b640-43b7-a9ce-3d55f075baf8.mpga""}",0,,,2022-11-07 20:41:58 UTC,2022-11-07 20:41:58 UTC
82174756,19171,,109307,"{""sounds"":""Deci44100_CCES_010_2093.mp3"",""subject_id"":""Deci44100_CCES_010_2093""}","{""0"":""https://panoptes-uploads.zooniverse.org/subject_location/e83919c6-03e4-4f85-9e73-3e5d83b86d17.mpga""}",0,,,2022-11-07 20:41:59 UTC,2022-11-07 20:41:59 UTC
82174759,19171,,109307,"{""sounds"":""Deci44100_CCES_010_2109.mp3"",""subject_id"":""Deci44100_CCES_010_2109""}","{""0"":""https://panoptes-uploads.zooniverse.org/subject_location/b5c03834-5134-4c0f-b3a2-c41fab6b12ae.mpga""}",0,,,2022-11-07 20:41:59 UTC,2022-11-07 20:41:59 UTC
82174761,19171,,109307,"{""sounds"":""Deci44100_CCES_010_2134.mp3"",""subject_id"":""Deci44100_CCES_010_2134""}","{""0"":""https://panoptes-uploads.zooniverse.org/subject_location/8e5bd2af-d5b0-4de9-af22-9b59fe653fa9.mpga""}",0,,,2022-11-07 20:41:59 UTC,2022-11-07 20:41:59 UTC
82174765,19171,,109307,"{""sounds"":""Deci44100_CCES_010_2142.mp3"",""subject_id"":""Deci44100_CCES_010_2142""}","{""0"":""https://panoptes-uploads.zooniverse.org/subject_location/adeb1950-c67a-440b-8ba3-7ab42b5b8c44.mpga""}",0,,,2022-11-07 20:42:00 UTC,2022-11-07 20:42:00 UTC
82174767,19171,,109307,"{""sounds"":""Deci44100_CCES_010_2145.mp3"",""subject_id"":""Deci44100_CCES_010_2145""}","{""0"":""https://panoptes-uploads.zooniverse.org/subject_location/3a5c958d-5a5e-4039-9fd4-0162f43ebce6.mpga""}",0,,,2022-11-07 20:42:00 UTC,2022-11-07 20:42:00 UTC
82174770,19171,,109307,"{""sounds"":""Deci44100_CCES_010_2173.mp3"",""subject_id"":""Deci44100_CCES_010_2173""}","{""0"":""https://panoptes-uploads.zooniverse.org/subject_location/08d85485-ae2a-41e4-b69a-75cd82ac2667.mpga""}",0,,,2022-11-07 20:42:01 UTC,2022-11-07 20:42:01 UTC
82174772,19171,,109307,"{""sounds"":""Deci44100_CCES_010_2199.mp3"",""subject_id"":""Deci44100_CCES_010_2199""}","{""0"":""https://panoptes-uploads.zooniverse.org/subject_location/49170467-13f5-4007-890d-451a1ff9ed54.mpga""}",0,,,2022-11-07 20:42:01 UTC,2022-11-07 20:42:01 UTC
82174775,19171,,109307,"{""sounds"":""Deci44100_CCES_010_2256.mp3"",""subject_id"":""Deci44100_CCES_010_2256""}","{""0"":""https://panoptes-uploads.zooniverse.org/subject_location/4f41b112-e07e-42d7-b080-e5bc1bcbdf97.mpga""}",0,,,2022-11-07 20:42:01 UTC,2022-11-07 20:42:01 UTC
82174778,19171,,109307,"{""sounds"":""Deci44100_CCES_010_228.mp3"",""subject_id"":""Deci44100_CCES_010_228""}","{""0"":""https://panoptes-uploads.zooniverse.org/subject_location/1f2b24f8-447f-48f3-903f-0cc3d9f6f4ef.mpga""}",0,,,2022-11-07 20:42:02 UTC,2022-11-07 20:42:02 UTC
82174781,19171,,109307,"{""sounds"":""Deci44100_CCES_010_2328.mp3"",""subject_id"":""Deci44100_CCES_010_2328""}","{""0"":""https://panoptes-uploads.zooniverse.org/subject_location/0e75151b-cdb3-404d-a211-cf60a9801bc9.mpga""}",0,,,2022-11-07 20:42:02 UTC,2022-11-07 20:42:02 UTC
82174783,19171,,109307,"{""sounds"":""Deci44100_CCES_010_2356.mp3"",""subject_id"":""Deci44100_CCES_010_2356""}","{""0"":""https://panoptes-uploads.zooniverse.org/subject_location/97533324-6cdd-45cc-b43c-57ee11531e8a.mpga""}",0,,,2022-11-07 20:42:02 UTC,2022-11-07 20:42:02 UTC
82174786,19171,,109307,"{""sounds"":""Deci44100_CCES_010_238.mp3"",""subject_id"":""Deci44100_CCES_010_238""}","{""0"":""https://panoptes-uploads.zooniverse.org/subject_location/d3b2bfb0-1333-40e1-bb81-35d80dbb5836.mpga""}",0,,,2022-11-07 20:42:03 UTC,2022-11-07 20:42:03 UTC
82174789,19171,,109307,"{""sounds"":""Deci44100_CCES_010_2382.mp3"",""subject_id"":""Deci44100_CCES_010_2382""}","{""0"":""https://panoptes-uploads.zooniverse.org/subject_location/07f086ab-beec-46e7-8a0e-8e0840ff6770.mpga""}",0,,,2022-11-07 20:42:03 UTC,2022-11-07 20:42:03 UTC
82174792,19171,,109307,"{""sounds"":""Deci44100_CCES_010_2437.mp3"",""subject_id"":""Deci44100_CCES_010_2437""}","{""0"":""https://panoptes-uploads.zooniverse.org/subject_location/12c9cdb3-f709-4167-93c2-3447fe087567.mpga""}",0,,,2022-11-07 20:42:04 UTC,2022-11-07 20:42:04 UTC
82174794,19171,,109307,"{""sounds"":""Deci44100_CCES_010_2445.mp3"",""subject_id"":""Deci44100_CCES_010_2445""}","{""0"":""https://panoptes-uploads.zooniverse.org/subject_location/d75a4423-ac40-48fa-a8bb-dbacc6953e4f.mpga""}",0,,,2022-11-07 20:42:04 UTC,2022-11-07 20:42:04 UTC
82174797,19171,,109307,"{""sounds"":""Deci44100_CCES_010_2454.mp3"",""subject_id"":""Deci44100_CCES_010_2454""}","{""0"":""https://panoptes-uploads.zooniverse.org/subject_location/ec4da681-f695-492d-bded-51b299eb5359.mpga""}",0,,,2022-11-07 20:42:04 UTC,2022-11-07 20:42:04 UTC
82174800,19171,,109307,"{""sounds"":""Deci44100_CCES_010_2463.mp3"",""subject_id"":""Deci44100_CCES_010_2463""}","{""0"":""https://panoptes-uploads.zooniverse.org/subject_location/2ac15afa-a922-4b48-bae7-1d0bc3bc8d88.mpga""}",0,,,2022-11-07 20:42:05 UTC,2022-11-07 20:42:05 UTC
82174803,19171,,109307,"{""sounds"":""Deci44100_CCES_010_2467.mp3"",""subject_id"":""Deci44100_CCES_010_2467""}","{""0"":""https://panoptes-uploads.zooniverse.org/subject_location/7b799f0a-56ee-49ca-ad89-91e386c86385.mpga""}",0,,,2022-11-07 20:42:05 UTC,2022-11-07 20:42:05 UTC
82174805,19171,,109307,"{""sounds"":""Deci44100_CCES_010_2468.mp3"",""subject_id"":""Deci44100_CCES_010_2468""}","{""0"":""https://panoptes-uploads.zooniverse.org/subject_location/440f5eed-8ff5-40f7-9cfb-a2b2640e0da4.mpga""}",0,,,2022-11-07 20:42:05 UTC,2022-11-07 20:42:05 UTC
82174808,19171,,109307,"{""sounds"":""Deci44100_CCES_010_2480.mp3"",""subject_id"":""Deci44100_CCES_010_2480""}","{""0"":""https://panoptes-uploads.zooniverse.org/subject_location/9c73ea07-0397-49f1-ae11-148ff476830b.mpga""}",0,,,2022-11-07 20:42:06 UTC,2022-11-07 20:42:06 UTC
82174810,19171,,109307,"{""sounds"":""Deci44100_CCES_010_2515.mp3"",""subject_id"":""Deci44100_CCES_010_2515""}","{""0"":""https://panoptes-uploads.zooniverse.org/subject_location/24d44d35-a387-4c7f-b049-f8d9f851b109.mpga""}",0,,,2022-11-07 20:42:06 UTC,2022-11-07 20:42:06 UTC
82174813,19171,,109307,"{""sounds"":""Deci44100_CCES_010_2537.mp3"",""subject_id"":""Deci44100_CCES_010_2537""}","{""0"":""https://panoptes-uploads.zooniverse.org/subject_location/e4ee247f-f2b4-4108-a8ec-bd2e7ef16576.mpga""}",0,,,2022-11-07 20:42:06 UTC,2022-11-07 20:42:06 UTC
82174816,19171,,109307,"{""sounds"":""Deci44100_CCES_010_2538.mp3"",""subject_id"":""Deci44100_CCES_010_2538""}","{""0"":""https://panoptes-uploads.zooniverse.org/subject_location/7c616f2b-9d82-485e-aee1-c686ffe498aa.mpga""}",0,,,2022-11-07 20:42:07 UTC,2022-11-07 20:42:07 UTC
82174819,19171,,109307,"{""sounds"":""Deci44100_CCES_010_2551.mp3"",""subject_id"":""Deci44100_CCES_010_2551""}","{""0"":""https://panoptes-uploads.zooniverse.org/subject_location/c89b73e6-9cd1-4868-95f3-33744c26afd7.mpga""}",0,,,2022-11-07 20:42:07 UTC,2022-11-07 20:42:07 UTC
82174821,19171,,109307,"{""sounds"":""Deci44100_CCES_010_2569.mp3"",""subject_id"":""Deci44100_CCES_010_2569""}","{""0"":""https://panoptes-uploads.zooniverse.org/subject_location/f92ff3bd-d49c-4cbf-b817-806a64cf22d1.mpga""}",0,,,2022-11-07 20:42:07 UTC,2022-11-07 20:42:07 UTC
82174824,19171,,109307,"{""sounds"":""Deci44100_CCES_010_2592.mp3"",""subject_id"":""Deci44100_CCES_010_2592""}","{""0"":""https://panoptes-uploads.zooniverse.org/subject_location/e7064bc3-28c4-4c63-a4b3-f7c5368a07cb.mpga""}",0,,,2022-11-07 20:42:08 UTC,2022-11-07 20:42:08 UTC
82174826,19171,,109307,"{""sounds"":""Deci44100_CCES_010_2647.mp3"",""subject_id"":""Deci44100_CCES_010_2647""}","{""0"":""https://panoptes-uploads.zooniverse.org/subject_location/157e3320-d434-40e7-8948-bac11ab984ad.mpga""}",0,,,2022-11-07 20:42:08 UTC,2022-11-07 20:42:08 UTC
82174829,19171,,109307,"{""sounds"":""Deci44100_CCES_010_2658.mp3"",""subject_id"":""Deci44100_CCES_010_2658""}","{""0"":""https://panoptes-uploads.zooniverse.org/subject_location/79d8613c-62c4-461a-9c16-60bb94272314.mpga""}",0,,,2022-11-07 20:42:08 UTC,2022-11-07 20:42:08 UTC
82174831,19171,,109307,"{""sounds"":""Deci44100_CCES_010_2665.mp3"",""subject_id"":""Deci44100_CCES_010_2665""}","{""0"":""https://panoptes-uploads.zooniverse.org/subject_location/7d302524-31c0-45e9-9e88-308d3425a471.mpga""}",0,,,2022-11-07 20:42:09 UTC,2022-11-07 20:42:09 UTC
82174834,19171,,109307,"{""sounds"":""Deci44100_CCES_010_2675.mp3"",""subject_id"":""Deci44100_CCES_010_2675""}","{""0"":""https://panoptes-uploads.zooniverse.org/subject_location/b83d898d-d428-4e2f-bea1-49b45f89c09e.mpga""}",0,,,2022-11-07 20:42:09 UTC,2022-11-07 20:42:09 UTC
82174837,19171,,109307,"{""sounds"":""Deci44100_CCES_010_268.mp3"",""subject_id"":""Deci44100_CCES_010_268""}","{""0"":""https://panoptes-uploads.zooniverse.org/subject_location/7128d65c-5624-4929-89c2-dc87ce117751.mpga""}",0,,,2022-11-07 20:42:10 UTC,2022-11-07 20:42:10 UTC
82174839,19171,,109307,"{""sounds"":""Deci44100_CCES_010_2681.mp3"",""subject_id"":""Deci44100_CCES_010_2681""}","{""0"":""https://panoptes-uploads.zooniverse.org/subject_location/b26c1b7e-4c58-446d-8735-20ecd2fb219f.mpga""}",0,,,2022-11-07 20:42:10 UTC,2022-11-07 20:42:10 UTC
82174842,19171,,109307,"{""sounds"":""Deci44100_CCES_010_2695.mp3"",""subject_id"":""Deci44100_CCES_010_2695""}","{""0"":""https://panoptes-uploads.zooniverse.org/subject_location/deae7ad3-06d3-43ca-bf5d-ea4c04f7579b.mpga""}",0,,,2022-11-07 20:42:10 UTC,2022-11-07 20:42:10 UTC
82174844,19171,,109307,"{""sounds"":""Deci44100_CCES_010_2700.mp3"",""subject_id"":""Deci44100_CCES_010_2700""}","{""0"":""https://panoptes-uploads.zooniverse.org/subject_location/a2c1fee2-51b2-478e-9ffb-dbd4c0ebadd3.mpga""}",0,,,2022-11-07 20:42:11 UTC,2022-11-07 20:42:11 UTC
82174847,19171,,109307,"{""sounds"":""Deci44100_CCES_010_2756.mp3"",""subject_id"":""Deci44100_CCES_010_2756""}","{""0"":""https://panoptes-uploads.zooniverse.org/subject_location/6b121664-a6b6-478f-bf69-90562e82d842.mpga""}",0,,,2022-11-07 20:42:11 UTC,2022-11-07 20:42:11 UTC
82174850,19171,,109307,"{""sounds"":""Deci44100_CCES_010_2763.mp3"",""subject_id"":""Deci44100_CCES_010_2763""}","{""0"":""https://panoptes-uploads.zooniverse.org/subject_location/f1f7148f-f0cc-4636-a138-83fa677a0502.mpga""}",0,,,2022-11-07 20:42:11 UTC,2022-11-07 20:42:11 UTC
82174854,19171,,109307,"{""sounds"":""Deci44100_CCES_010_2852.mp3"",""subject_id"":""Deci44100_CCES_010_2852""}","{""0"":""https://panoptes-uploads.zooniverse.org/subject_location/e082d6b6-4b1c-4468-808e-306e94a4c56f.mpga""}",0,,,2022-11-07 20:42:12 UTC,2022-11-07 20:42:12 UTC
82174856,19171,,109307,"{""sounds"":""Deci44100_CCES_010_2896.mp3"",""subject_id"":""Deci44100_CCES_010_2896""}","{""0"":""https://panoptes-uploads.zooniverse.org/subject_location/4e010b02-1479-4585-bc54-173897da165f.mpga""}",0,,,2022-11-07 20:42:12 UTC,2022-11-07 20:42:12 UTC
82174859,19171,,109307,"{""sounds"":""Deci44100_CCES_010_2903.mp3"",""subject_id"":""Deci44100_CCES_010_2903""}","{""0"":""https://panoptes-uploads.zooniverse.org/subject_location/aef42bdb-efd0-496e-8791-7b8be0748d2a.mpga""}",0,,,2022-11-07 20:42:13 UTC,2022-11-07 20:42:13 UTC
82174862,19171,,109307,"{""sounds"":""Deci44100_CCES_010_292.mp3"",""subject_id"":""Deci44100_CCES_010_292""}","{""0"":""https://panoptes-uploads.zooniverse.org/subject_location/2cc09a62-9910-40df-aeb9-1163dd40c690.mpga""}",0,,,2022-11-07 20:42:13 UTC,2022-11-07 20:42:13 UTC
82174864,19171,,109307,"{""sounds"":""Deci44100_CCES_010_2925.mp3"",""subject_id"":""Deci44100_CCES_010_2925""}","{""0"":""https://panoptes-uploads.zooniverse.org/subject_location/b23efc80-7308-412b-959f-ea14453d21c6.mpga""}",0,,,2022-11-07 20:42:13 UTC,2022-11-07 20:42:13 UTC
82174867,19171,,109307,"{""sounds"":""Deci44100_CCES_010_2931.mp3"",""subject_id"":""Deci44100_CCES_010_2931""}","{""0"":""https://panoptes-uploads.zooniverse.org/subject_location/ef93ad8c-4c80-49dc-9b02-a9f495a24861.mpga""}",0,,,2022-11-07 20:42:14 UTC,2022-11-07 20:42:14 UTC
82174870,19171,,109307,"{""sounds"":""Deci44100_CCES_010_2953.mp3"",""subject_id"":""Deci44100_CCES_010_2953""}","{""0"":""https://panoptes-uploads.zooniverse.org/subject_location/8668aa87-e28c-4f0b-9c1e-fc1e97f6a940.mpga""}",0,,,2022-11-07 20:42:14 UTC,2022-11-07 20:42:14 UTC
82174873,19171,,109307,"{""sounds"":""Deci44100_CCES_010_297.mp3"",""subject_id"":""Deci44100_CCES_010_297""}","{""0"":""https://panoptes-uploads.zooniverse.org/subject_location/c621856c-1350-4855-af37-e4c66f7743ec.mpga""}",0,,,2022-11-07 20:42:14 UTC,2022-11-07 20:42:14 UTC
82174875,19171,,109307,"{""sounds"":""Deci44100_CCES_010_3002.mp3"",""subject_id"":""Deci44100_CCES_010_3002""}","{""0"":""https://panoptes-uploads.zooniverse.org/subject_location/7f71b285-eb44-46a0-8259-27191a2b97f9.mpga""}",0,,,2022-11-07 20:42:15 UTC,2022-11-07 20:42:15 UTC
82174878,19171,,109307,"{""sounds"":""Deci44100_CCES_010_3054.mp3"",""subject_id"":""Deci44100_CCES_010_3054""}","{""0"":""https://panoptes-uploads.zooniverse.org/subject_location/8c3d6597-c568-4314-b407-0cd9d6f32ba7.mpga""}",0,,,2022-11-07 20:42:15 UTC,2022-11-07 20:42:15 UTC
82174881,19171,,109307,"{""sounds"":""Deci44100_CCES_010_3073.mp3"",""subject_id"":""Deci44100_CCES_010_3073""}","{""0"":""https://panoptes-uploads.zooniverse.org/subject_location/a995b154-401b-4a04-b6d1-f3102462ad33.mpga""}",0,,,2022-11-07 20:42:15 UTC,2022-11-07 20:42:15 UTC
82174883,19171,,109307,"{""sounds"":""Deci44100_CCES_010_314.mp3"",""subject_id"":""Deci44100_CCES_010_314""}","{""0"":""https://panoptes-uploads.zooniverse.org/subject_location/ba5ccbf9-4a9f-490f-bb63-4c1dc33cf924.mpga""}",0,,,2022-11-07 20:42:16 UTC,2022-11-07 20:42:16 UTC
82174886,19171,,109307,"{""sounds"":""Deci44100_CCES_010_3140.mp3"",""subject_id"":""Deci44100_CCES_010_3140""}","{""0"":""https://panoptes-uploads.zooniverse.org/subject_location/abd86bd8-d542-480e-8bf4-fdea0dfe3c48.mpga""}",0,,,2022-11-07 20:42:16 UTC,2022-11-07 20:42:16 UTC
82174888,19171,,109307,"{""sounds"":""Deci44100_CCES_010_3199.mp3"",""subject_id"":""Deci44100_CCES_010_3199""}","{""0"":""https://panoptes-uploads.zooniverse.org/subject_location/c0b52280-c084-46ba-ae52-198ee3d16f02.mpga""}",0,,,2022-11-07 20:42:17 UTC,2022-11-07 20:42:17 UTC
82174890,19171,,109307,"{""sounds"":""Deci44100_CCES_010_3216.mp3"",""subject_id"":""Deci44100_CCES_010_3216""}","{""0"":""https://panoptes-uploads.zooniverse.org/subject_location/1f8e8401-fa5d-4d9f-b803-f76678add7eb.mpga""}",0,,,2022-11-07 20:42:17 UTC,2022-11-07 20:42:17 UTC
82174893,19171,,109307,"{""sounds"":""Deci44100_CCES_010_3227.mp3"",""subject_id"":""Deci44100_CCES_010_3227""}","{""0"":""https://panoptes-uploads.zooniverse.org/subject_location/7086e39f-0279-4a0e-8dd9-1c977b155737.mpga""}",0,,,2022-11-07 20:42:17 UTC,2022-11-07 20:42:17 UTC
82174895,19171,,109307,"{""sounds"":""Deci44100_CCES_010_3268.mp3"",""subject_id"":""Deci44100_CCES_010_3268""}","{""0"":""https://panoptes-uploads.zooniverse.org/subject_location/50ab97d3-1b02-4ab2-b1e9-bc2880161135.mpga""}",0,,,2022-11-07 20:42:18 UTC,2022-11-07 20:42:18 UTC
82174898,19171,,109307,"{""sounds"":""Deci44100_CCES_010_330.mp3"",""subject_id"":""Deci44100_CCES_010_330""}","{""0"":""https://panoptes-uploads.zooniverse.org/subject_location/15be6808-66fd-4fd6-a786-449a5f0fbfbc.mpga""}",0,,,2022-11-07 20:42:18 UTC,2022-11-07 20:42:18 UTC
82174901,19171,,109307,"{""sounds"":""Deci44100_CCES_010_3321.mp3"",""subject_id"":""Deci44100_CCES_010_3321""}","{""0"":""https://panoptes-uploads.zooniverse.org/subject_location/c1d6fa22-26dd-4eb4-ad6b-4dae87f60f87.mpga""}",0,,,2022-11-07 20:42:18 UTC,2022-11-07 20:42:18 UTC
82174903,19171,,109307,"{""sounds"":""Deci44100_CCES_010_334.mp3"",""subject_id"":""Deci44100_CCES_010_334""}","{""0"":""https://panoptes-uploads.zooniverse.org/subject_location/b20fb7ca-183a-48fb-817a-a9f44daa2801.mpga""}",0,,,2022-11-07 20:42:19 UTC,2022-11-07 20:42:19 UTC
82174906,19171,,109307,"{""sounds"":""Deci44100_CCES_010_3378.mp3"",""subject_id"":""Deci44100_CCES_010_3378""}","{""0"":""https://panoptes-uploads.zooniverse.org/subject_location/46db72b9-fa01-4df3-8ab3-5c2983da05c8.mpga""}",0,,,2022-11-07 20:42:19 UTC,2022-11-07 20:42:19 UTC
82174908,19171,,109307,"{""sounds"":""Deci44100_CCES_010_3435.mp3"",""subject_id"":""Deci44100_CCES_010_3435""}","{""0"":""https://panoptes-uploads.zooniverse.org/subject_location/1664e35c-b54f-4767-ae21-d02986754d95.mpga""}",0,,,2022-11-07 20:42:19 UTC,2022-11-07 20:42:19 UTC
82174911,19171,,109307,"{""sounds"":""Deci44100_CCES_010_3477.mp3"",""subject_id"":""Deci44100_CCES_010_3477""}","{""0"":""https://panoptes-uploads.zooniverse.org/subject_location/edce22e0-300d-4d93-8593-e393b073b94a.mpga""}",0,,,2022-11-07 20:42:20 UTC,2022-11-07 20:42:20 UTC
82174913,19171,,109307,"{""sounds"":""Deci44100_CCES_010_3510.mp3"",""subject_id"":""Deci44100_CCES_010_3510""}","{""0"":""https://panoptes-uploads.zooniverse.org/subject_location/7b4b71fe-e732-4325-94ce-42dbada530a3.mpga""}",0,,,2022-11-07 20:42:20 UTC,2022-11-07 20:42:20 UTC
82174916,19171,,109307,"{""sounds"":""Deci44100_CCES_010_352.mp3"",""subject_id"":""Deci44100_CCES_010_352""}","{""0"":""https://panoptes-uploads.zooniverse.org/subject_location/34e87aa3-e891-4184-990c-82701536b72c.mpga""}",0,,,2022-11-07 20:42:20 UTC,2022-11-07 20:42:20 UTC
82174919,19171,,109307,"{""sounds"":""Deci44100_CCES_010_3533.mp3"",""subject_id"":""Deci44100_CCES_010_3533""}","{""0"":""https://panoptes-uploads.zooniverse.org/subject_location/df99dace-7412-49bc-b393-0341ab40d1f2.mpga""}",0,,,2022-11-07 20:42:21 UTC,2022-11-07 20:42:21 UTC
82174922,19171,,109307,"{""sounds"":""Deci44100_CCES_010_3560.mp3"",""subject_id"":""Deci44100_CCES_010_3560""}","{""0"":""https://panoptes-uploads.zooniverse.org/subject_location/c08b7b26-582f-4139-855d-24ba7827e6b5.mpga""}",0,,,2022-11-07 20:42:21 UTC,2022-11-07 20:42:21 UTC
82174924,19171,,109307,"{""sounds"":""Deci44100_CCES_010_3574.mp3"",""subject_id"":""Deci44100_CCES_010_3574""}","{""0"":""https://panoptes-uploads.zooniverse.org/subject_location/8316cd18-effe-4dd6-9298-73c22a853d7d.mpga""}",0,,,2022-11-07 20:42:22 UTC,2022-11-07 20:42:22 UTC
82174927,19171,,109307,"{""sounds"":""Deci44100_CCES_010_3576.mp3"",""subject_id"":""Deci44100_CCES_010_3576""}","{""0"":""https://panoptes-uploads.zooniverse.org/subject_location/7d96e64e-af8f-48d2-b7df-01f9f0354914.mpga""}",0,,,2022-11-07 20:42:22 UTC,2022-11-07 20:42:22 UTC
82174929,19171,,109307,"{""sounds"":""Deci44100_CCES_010_361.mp3"",""subject_id"":""Deci44100_CCES_010_361""}","{""0"":""https://panoptes-uploads.zooniverse.org/subject_location/b5bae389-4eaf-4bc5-9727-1bb146b7ec4a.mpga""}",0,,,2022-11-07 20:42:22 UTC,2022-11-07 20:42:22 UTC
82174932,19171,,109307,"{""sounds"":""Deci44100_CCES_010_3726.mp3"",""subject_id"":""Deci44100_CCES_010_3726""}","{""0"":""https://panoptes-uploads.zooniverse.org/subject_location/041941e5-cbd9-4c32-852d-f05c0e393e54.mpga""}",0,,,2022-11-07 20:42:23 UTC,2022-11-07 20:42:23 UTC
82174935,19171,,109307,"{""sounds"":""Deci44100_CCES_010_375.mp3"",""subject_id"":""Deci44100_CCES_010_375""}","{""0"":""https://panoptes-uploads.zooniverse.org/subject_location/7b26e04a-5a6a-497b-b567-5219b6ca6ebc.mpga""}",0,,,2022-11-07 20:42:23 UTC,2022-11-07 20:42:23 UTC
82174937,19171,,109307,"{""sounds"":""Deci44100_CCES_010_3890.mp3"",""subject_id"":""Deci44100_CCES_010_3890""}","{""0"":""https://panoptes-uploads.zooniverse.org/subject_location/4acdc87c-9520-45fb-b497-0d1b7a14ddef.mpga""}",0,,,2022-11-07 20:42:23 UTC,2022-11-07 20:42:23 UTC
82174940,19171,,109307,"{""sounds"":""Deci44100_CCES_010_3897.mp3"",""subject_id"":""Deci44100_CCES_010_3897""}","{""0"":""https://panoptes-uploads.zooniverse.org/subject_location/1585eba7-5b31-440f-a626-6e5f32797b39.mpga""}",0,,,2022-11-07 20:42:24 UTC,2022-11-07 20:42:24 UTC
82174943,19171,,109307,"{""sounds"":""Deci44100_CCES_010_3909.mp3"",""subject_id"":""Deci44100_CCES_010_3909""}","{""0"":""https://panoptes-uploads.zooniverse.org/subject_location/6a864d1d-5df6-4cd6-b658-81606ee14d89.mpga""}",0,,,2022-11-07 20:42:24 UTC,2022-11-07 20:42:24 UTC
82174945,19171,,109307,"{""sounds"":""Deci44100_CCES_010_3931.mp3"",""subject_id"":""Deci44100_CCES_010_3931""}","{""0"":""https://panoptes-uploads.zooniverse.org/subject_location/e00ea380-7b57-4978-8c71-8a6e414594ca.mpga""}",0,,,2022-11-07 20:42:24 UTC,2022-11-07 20:42:24 UTC
82174948,19171,,109307,"{""sounds"":""Deci44100_CCES_010_3949.mp3"",""subject_id"":""Deci44100_CCES_010_3949""}","{""0"":""https://panoptes-uploads.zooniverse.org/subject_location/98269adb-77bf-4e64-971d-581d074b4358.mpga""}",0,,,2022-11-07 20:42:25 UTC,2022-11-07 20:42:25 UTC
82174950,19171,,109307,"{""sounds"":""Deci44100_CCES_010_3965.mp3"",""subject_id"":""Deci44100_CCES_010_3965""}","{""0"":""https://panoptes-uploads.zooniverse.org/subject_location/601ce0d6-82e1-495d-908e-120f47fcbcc9.mpga""}",0,,,2022-11-07 20:42:25 UTC,2022-11-07 20:42:25 UTC
82174953,19171,,109307,"{""sounds"":""Deci44100_CCES_010_3984.mp3"",""subject_id"":""Deci44100_CCES_010_3984""}","{""0"":""https://panoptes-uploads.zooniverse.org/subject_location/172c338b-96ab-4635-a247-e33b2a669500.mpga""}",0,,,2022-11-07 20:42:26 UTC,2022-11-07 20:42:26 UTC
82174955,19171,,109307,"{""sounds"":""Deci44100_CCES_010_4018.mp3"",""subject_id"":""Deci44100_CCES_010_4018""}","{""0"":""https://panoptes-uploads.zooniverse.org/subject_location/97adbd3f-d828-4352-8dea-becf520970f1.mpga""}",0,,,2022-11-07 20:42:26 UTC,2022-11-07 20:42:26 UTC
82174957,19171,,109307,"{""sounds"":""Deci44100_CCES_010_4027.mp3"",""subject_id"":""Deci44100_CCES_010_4027""}","{""0"":""https://panoptes-uploads.zooniverse.org/subject_location/f20f08e4-141f-4e2f-ab2b-92f5378c60cf.mpga""}",0,,,2022-11-07 20:42:26 UTC,2022-11-07 20:42:26 UTC
82174960,19171,,109307,"{""sounds"":""Deci44100_CCES_010_4120.mp3"",""subject_id"":""Deci44100_CCES_010_4120""}","{""0"":""https://panoptes-uploads.zooniverse.org/subject_location/dd1f9750-c72c-4608-be09-81cec7a62e36.mpga""}",0,,,2022-11-07 20:42:27 UTC,2022-11-07 20:42:27 UTC
82174962,19171,,109307,"{""sounds"":""Deci44100_CCES_010_4196.mp3"",""subject_id"":""Deci44100_CCES_010_4196""}","{""0"":""https://panoptes-uploads.zooniverse.org/subject_location/fe5d149b-5224-43de-baaa-aad41a946ca3.mpga""}",0,,,2022-11-07 20:42:27 UTC,2022-11-07 20:42:27 UTC
82174965,19171,,109307,"{""sounds"":""Deci44100_CCES_010_423.mp3"",""subject_id"":""Deci44100_CCES_010_423""}","{""0"":""https://panoptes-uploads.zooniverse.org/subject_location/2f64888b-ff9e-4460-af51-9c5a43791857.mpga""}",0,,,2022-11-07 20:42:27 UTC,2022-11-07 20:42:27 UTC
82174968,19171,,109307,"{""sounds"":""Deci44100_CCES_010_4256.mp3"",""subject_id"":""Deci44100_CCES_010_4256""}","{""0"":""https://panoptes-uploads.zooniverse.org/subject_location/7f43401c-86f3-4e35-a248-06eaa59a4fe0.mpga""}",0,,,2022-11-07 20:42:28 UTC,2022-11-07 20:42:28 UTC
82174970,19171,,109307,"{""sounds"":""Deci44100_CCES_010_4261.mp3"",""subject_id"":""Deci44100_CCES_010_4261""}","{""0"":""https://panoptes-uploads.zooniverse.org/subject_location/b1eb6187-52e8-4b82-803d-5a192b6e3670.mpga""}",0,,,2022-11-07 20:42:28 UTC,2022-11-07 20:42:28 UTC
82174973,19171,,109307,"{""sounds"":""Deci44100_CCES_010_4288.mp3"",""subject_id"":""Deci44100_CCES_010_4288""}","{""0"":""https://panoptes-uploads.zooniverse.org/subject_location/8a471f4b-f954-4bba-9e3b-e6dfa7aeacc8.mpga""}",0,,,2022-11-07 20:42:28 UTC,2022-11-07 20:42:28 UTC
82174976,19171,,109307,"{""sounds"":""Deci44100_CCES_010_4297.mp3"",""subject_id"":""Deci44100_CCES_010_4297""}","{""0"":""https://panoptes-uploads.zooniverse.org/subject_location/c26ac700-14b8-4bc3-bb81-8fd6120f4854.mpga""}",0,,,2022-11-07 20:42:29 UTC,2022-11-07 20:42:29 UTC
82174978,19171,,109307,"{""sounds"":""Deci44100_CCES_010_4316.mp3"",""subject_id"":""Deci44100_CCES_010_4316""}","{""0"":""https://panoptes-uploads.zooniverse.org/subject_location/83df2fbb-958d-4223-bb89-ad7a7abcd7c6.mpga""}",0,,,2022-11-07 20:42:29 UTC,2022-11-07 20:42:29 UTC
82174980,19171,,109307,"{""sounds"":""Deci44100_CCES_010_4362.mp3"",""subject_id"":""Deci44100_CCES_010_4362""}","{""0"":""https://panoptes-uploads.zooniverse.org/subject_location/a3886482-6a33-4358-a3fd-c2db9459eda5.mpga""}",0,,,2022-11-07 20:42:29 UTC,2022-11-07 20:42:29 UTC
82174983,19171,,109307,"{""sounds"":""Deci44100_CCES_010_4364.mp3"",""subject_id"":""Deci44100_CCES_010_4364""}","{""0"":""https://panoptes-uploads.zooniverse.org/subject_location/d51f31cf-c774-4e81-a3f8-2da19720ca89.mpga""}",0,,,2022-11-07 20:42:30 UTC,2022-11-07 20:42:30 UTC
82174986,19171,,109307,"{""sounds"":""Deci44100_CCES_010_458.mp3"",""subject_id"":""Deci44100_CCES_010_458""}","{""0"":""https://panoptes-uploads.zooniverse.org/subject_location/72723165-bc25-4c1a-980e-22a4859c01bc.mpga""}",0,,,2022-11-07 20:42:30 UTC,2022-11-07 20:42:30 UTC
82174988,19171,,109307,"{""sounds"":""Deci44100_CCES_010_539.mp3"",""subject_id"":""Deci44100_CCES_010_539""}","{""0"":""https://panoptes-uploads.zooniverse.org/subject_location/15372633-f136-4d1e-967e-7967668e724e.mpga""}",0,,,2022-11-07 20:42:30 UTC,2022-11-07 20:42:30 UTC
82174991,19171,,109307,"{""sounds"":""Deci44100_CCES_010_589.mp3"",""subject_id"":""Deci44100_CCES_010_589""}","{""0"":""https://panoptes-uploads.zooniverse.org/subject_location/a9f52e42-7991-4a9c-8080-93c5a14d905b.mpga""}",0,,,2022-11-07 20:42:31 UTC,2022-11-07 20:42:31 UTC
82174993,19171,,109307,"{""sounds"":""Deci44100_CCES_010_605.mp3"",""subject_id"":""Deci44100_CCES_010_605""}","{""0"":""https://panoptes-uploads.zooniverse.org/subject_location/3e1e781c-e223-4411-8e63-d4c6a3935592.mpga""}",0,,,2022-11-07 20:42:31 UTC,2022-11-07 20:42:31 UTC
82174996,19171,,109307,"{""sounds"":""Deci44100_CCES_010_632.mp3"",""subject_id"":""Deci44100_CCES_010_632""}","{""0"":""https://panoptes-uploads.zooniverse.org/subject_location/1e154aea-13df-4d84-bc14-f184eb6258c5.mpga""}",0,,,2022-11-07 20:42:32 UTC,2022-11-07 20:42:32 UTC
82174999,19171,,109307,"{""sounds"":""Deci44100_CCES_010_665.mp3"",""subject_id"":""Deci44100_CCES_010_665""}","{""0"":""https://panoptes-uploads.zooniverse.org/subject_location/4099715e-80c7-4fa0-b689-45c6f484dadc.mpga""}",0,,,2022-11-07 20:42:32 UTC,2022-11-07 20:42:32 UTC
82175001,19171,,109307,"{""sounds"":""Deci44100_CCES_010_687.mp3"",""subject_id"":""Deci44100_CCES_010_687""}","{""0"":""https://panoptes-uploads.zooniverse.org/subject_location/8c70650c-e56e-422c-a2bc-ec5bd25e89b2.mpga""}",0,,,2022-11-07 20:42:32 UTC,2022-11-07 20:42:32 UTC
82175004,19171,,109307,"{""sounds"":""Deci44100_CCES_010_689.mp3"",""subject_id"":""Deci44100_CCES_010_689""}","{""0"":""https://panoptes-uploads.zooniverse.org/subject_location/4bb66afd-11fe-478e-bda8-84c59f5a5731.mpga""}",0,,,2022-11-07 20:42:33 UTC,2022-11-07 20:42:33 UTC
82175006,19171,,109307,"{""sounds"":""Deci44100_CCES_010_698.mp3"",""subject_id"":""Deci44100_CCES_010_698""}","{""0"":""https://panoptes-uploads.zooniverse.org/subject_location/bc187af7-216a-4cae-9126-1489b36cbe9a.mpga""}",0,,,2022-11-07 20:42:33 UTC,2022-11-07 20:42:33 UTC
82175009,19171,,109307,"{""sounds"":""Deci44100_CCES_010_715.mp3"",""subject_id"":""Deci44100_CCES_010_715""}","{""0"":""https://panoptes-uploads.zooniverse.org/subject_location/2dff6e98-23c0-4087-afb2-5613ecf93d41.mpga""}",0,,,2022-11-07 20:42:33 UTC,2022-11-07 20:42:33 UTC
82175012,19171,,109307,"{""sounds"":""Deci44100_CCES_010_806.mp3"",""subject_id"":""Deci44100_CCES_010_806""}","{""0"":""https://panoptes-uploads.zooniverse.org/subject_location/2096f68b-0a01-4324-aabb-b3e292be596b.mpga""}",0,,,2022-11-07 20:42:34 UTC,2022-11-07 20:42:34 UTC
82175015,19171,,109307,"{""sounds"":""Deci44100_CCES_010_814.mp3"",""subject_id"":""Deci44100_CCES_010_814""}","{""0"":""https://panoptes-uploads.zooniverse.org/subject_location/afbea76a-72da-4444-8d26-b57a67c03342.mpga""}",0,,,2022-11-07 20:42:34 UTC,2022-11-07 20:42:34 UTC
82175018,19171,,109307,"{""sounds"":""Deci44100_CCES_010_829.mp3"",""subject_id"":""Deci44100_CCES_010_829""}","{""0"":""https://panoptes-uploads.zooniverse.org/subject_location/f7d313b2-da2a-4168-a32d-1d3a31329735.mpga""}",0,,,2022-11-07 20:42:35 UTC,2022-11-07 20:42:35 UTC
82175021,19171,,109307,"{""sounds"":""Deci44100_CCES_010_9.mp3"",""subject_id"":""Deci44100_CCES_010_9""}","{""0"":""https://panoptes-uploads.zooniverse.org/subject_location/75e7e25c-90a4-4b0e-9e58-6eff9ce205a2.mpga""}",0,,,2022-11-07 20:42:35 UTC,2022-11-07 20:42:35 UTC
82175024,19171,,109307,"{""sounds"":""Deci44100_CCES_010_923.mp3"",""subject_id"":""Deci44100_CCES_010_923""}","{""0"":""https://panoptes-uploads.zooniverse.org/subject_location/7d1d2c24-2a43-461a-9b1f-bb81804927e3.mpga""}",0,,,2022-11-07 20:42:36 UTC,2022-11-07 20:42:36 UTC
82175027,19171,,109307,"{""sounds"":""Deci44100_CCES_010_929.mp3"",""subject_id"":""Deci44100_CCES_010_929""}","{""0"":""https://panoptes-uploads.zooniverse.org/subject_location/250b788e-386c-487b-9909-aac3ce799a46.mpga""}",0,,,2022-11-07 20:42:36 UTC,2022-11-07 20:42:36 UTC
82175031,19171,,109307,"{""sounds"":""Deci44100_CCES_010_998.mp3"",""subject_id"":""Deci44100_CCES_010_998""}","{""0"":""https://panoptes-uploads.zooniverse.org/subject_location/b69648aa-19bb-4540-b541-77f42e0f8ba6.mpga""}",0,,,2022-11-07 20:42:36 UTC,2022-11-07 20:42:36 UTC
90194572,19171,22319,114192,"{""sounds"":""Deci44100_CCES_010_1005.mp3"",""subject_id"":""Deci44100_CCES_010_1005"",""#feedback_1_id"":""1"",""#feedback_1_answer"":""3"",""#feedback_1_failureMessage"":""Not quite. There are no ships or humpback whales here."",""#feedback_1_successMessage"":""Correct! There are no ships or humpback whales here.""}","{""0"":""https://panoptes-uploads.zooniverse.org/subject_location/434db3cf-4b47-4592-bf6e-39a90c561df2.mpga""}",0,,,2023-06-22 00:32:45 UTC,2023-06-22 00:32:45 UTC
90194573,19171,22319,114192,"{""sounds"":""Deci44100_CCES_010_1007.mp3"",""subject_id"":""Deci44100_CCES_010_1007"",""#feedback_1_id"":""1"",""#feedback_1_answer"":""3"",""#feedback_1_failureMessage"":""Not quite. There are no ships or humpback whales here."",""#feedback_1_successMessage"":""Correct! There are no ships or humpback whales here.""}","{""0"":""https://panoptes-uploads.zooniverse.org/subject_location/b1b48723-b4ff-4b29-a650-0292b0e18ae8.mpga""}",0,,,2023-06-22 00:32:46 UTC,2023-06-22 00:32:46 UTC
90194574,19171,22319,114192,"{""sounds"":""Deci44100_CCES_010_102.mp3"",""subject_id"":""Deci44100_CCES_010_102"",""#feedback_1_id"":""1"",""#feedback_1_answer"":""1"",""#feedback_1_failureMessage"":""Not quite. The low frequency rumbling is from a ship."",""#feedback_1_successMessage"":""Correct! The low frequency rumbling is from a ship.""}","{""0"":""https://panoptes-uploads.zooniverse.org/subject_location/e4e66b0d-d50a-4027-a3b4-448009e74d86.mpga""}",0,,,2023-06-22 00:32:46 UTC,2023-06-22 00:32:46 UTC
90194575,19171,22319,114192,"{""sounds"":""Deci44100_CCES_010_1026.mp3"",""subject_id"":""Deci44100_CCES_010_1026"",""#feedback_1_id"":""1"",""#feedback_1_answer"":""4"",""#feedback_1_failureMessage"":""This one is not easy! There might be a ship, but without more context even our experts weren't sure."",""#feedback_1_successMessage"":""This one is not easy! There might be a ship, but without more context even our experts weren't sure.""}","{""0"":""https://panoptes-uploads.zooniverse.org/subject_location/15543d8b-4753-4ffa-a390-659f84350aec.mpga""}",0,,,2023-06-22 00:32:47 UTC,2023-06-22 00:32:47 UTC
90194576,19171,22319,114192,"{""sounds"":""Deci44100_CCES_010_103.mp3"",""subject_id"":""Deci44100_CCES_010_103"",""#feedback_1_id"":""1"",""#feedback_1_answer"":""4"",""#feedback_1_failureMessage"":""This one is not easy! There might be a ship, but without more context even our experts weren't sure."",""#feedback_1_successMessage"":""This one is not easy! There might be a ship, but without more context even our experts weren't sure.""}","{""0"":""https://panoptes-uploads.zooniverse.org/subject_location/c8d6d2f3-b2c2-4f28-9d5d-ee1a67167b77.mpga""}",0,,,2023-06-22 00:32:47 UTC,2023-06-22 00:32:47 UTC
90194577,19171,22319,114192,"{""sounds"":""Deci44100_CCES_010_1031.mp3"",""subject_id"":""Deci44100_CCES_010_1031"",""#feedback_1_id"":""1"",""#feedback_1_answer"":""0"",""#feedback_1_failureMessage"":""Not quite. There is one humpback whale call at the beginning. No ships are present here."",""#feedback_1_successMessage"":""Correct! There is one clear humpback whale call in the first second.""}","{""0"":""https://panoptes-uploads.zooniverse.org/subject_location/f739bf1b-7b1f-4ae5-ba66-32ffd2114b56.mpga""}",0,,,2023-06-22 00:32:47 UTC,2023-06-22 00:32:47 UTC
90194578,19171,22319,114192,"{""sounds"":""Deci44100_CCES_010_1033.mp3"",""subject_id"":""Deci44100_CCES_010_1033"",""#feedback_1_id"":""1"",""#feedback_1_answer"":""3"",""#feedback_1_failureMessage"":""Not quite! There are no ships or humpback whales here, although it does sound like something may have bounced against the recorder."",""#feedback_1_successMessage"":""Correct! There are no ships or humpback whales here, although it does sound like something may have bounced against the recorder.""}","{""0"":""https://panoptes-uploads.zooniverse.org/subject_location/d747a8b5-7335-4910-b5a4-b72c8a077bf5.mpga""}",0,,,2023-06-22 00:32:48 UTC,2023-06-22 00:32:48 UTC
90194579,19171,22319,114192,"{""sounds"":""Deci44100_CCES_010_1035.mp3"",""subject_id"":""Deci44100_CCES_010_1035"",""#feedback_1_id"":""1"",""#feedback_1_answer"":""0"",""#feedback_1_failureMessage"":""Not quite. There are a few faint humpback whale calls, but no clear ships."",""#feedback_1_successMessage"":""Correct! There are a few faint humpback whale calls, but no ships.""}","{""0"":""https://panoptes-uploads.zooniverse.org/subject_location/83cc7e95-bb5d-4f27-b7e4-ee374e8a6eb9.mpga""}",0,,,2023-06-22 00:32:48 UTC,2023-06-22 00:32:48 UTC
90194580,19171,22319,114192,"{""sounds"":""Deci44100_CCES_010_1037.mp3"",""subject_id"":""Deci44100_CCES_010_1037"",""#feedback_1_id"":""1"",""#feedback_1_answer"":""4"",""#feedback_1_failureMessage"":""This one is not easy! There might be a ship, but without more context even our experts weren't sure."",""#feedback_1_successMessage"":""This one is not easy! There might be a ship, but without more context even our experts weren't sure.""}","{""0"":""https://panoptes-uploads.zooniverse.org/subject_location/4ecaec23-8868-4a31-992b-c8c7ba820930.mpga""}",0,,,2023-06-22 00:32:48 UTC,2023-06-22 00:32:48 UTC
90194581,19171,22319,114192,"{""sounds"":""Deci44100_CCES_010_104.mp3"",""subject_id"":""Deci44100_CCES_010_104"",""#feedback_1_id"":""1"",""#feedback_1_answer"":""3"",""#feedback_1_failureMessage"":""Not quite. There are no ships or humpback whales here"",""#feedback_1_successMessage"":""Correct! There are no ships or humpback whales here""}","{""0"":""https://panoptes-uploads.zooniverse.org/subject_location/b3ecfc82-e45f-4d1e-b368-5b9d50ad188c.mpga""}",0,,,2023-06-22 00:32:49 UTC,2023-06-22 00:32:49 UTC
90194582,19171,22319,114192,"{""sounds"":""Deci44100_CCES_010_1041.mp3"",""subject_id"":""Deci44100_CCES_010_1041"",""#feedback_1_id"":""1"",""#feedback_1_answer"":""3"",""#feedback_1_failureMessage"":""Not quite. There are no ships or humpback whales here"",""#feedback_1_successMessage"":""Correct! There are no ships or humpback whales here""}","{""0"":""https://panoptes-uploads.zooniverse.org/subject_location/a2757295-f7dc-44bd-a03c-402dac1054d3.mpga""}",0,,,2023-06-22 00:32:49 UTC,2023-06-22 00:32:49 UTC
90194583,19171,22319,114192,"{""sounds"":""Deci44100_CCES_010_1050.mp3"",""subject_id"":""Deci44100_CCES_010_1050"",""#feedback_1_id"":""1"",""#feedback_1_answer"":""0"",""#feedback_1_failureMessage"":""Not quite. There are a few faint humpback whale calls, but no clear ships."",""#feedback_1_successMessage"":""Correct! There are a few faint humpback whale calls, but no ships.""}","{""0"":""https://panoptes-uploads.zooniverse.org/subject_location/79eaa7b2-89a5-43b5-82a0-d26e3ce351bc.mpga""}",0,,,2023-06-22 00:32:49 UTC,2023-06-22 00:32:49 UTC
90194584,19171,22319,114192,"{""sounds"":""Deci44100_CCES_010_106.mp3"",""subject_id"":""Deci44100_CCES_010_106"",""#feedback_1_id"":""1"",""#feedback_1_answer"":""3"",""#feedback_1_failureMessage"":""Not quite. There might be some very distant humpback whales here, but they are far too faint to be certain."",""#feedback_1_successMessage"":""Correct! There are no clear ships or humpback whales here.""}","{""0"":""https://panoptes-uploads.zooniverse.org/subject_location/615c9bfa-eadf-4c9e-8677-a7175b20ee9a.mpga""}",0,,,2023-06-22 00:32:50 UTC,2023-06-22 00:32:50 UTC
90194585,19171,22319,114192,"{""sounds"":""Deci44100_CCES_010_108.mp3"",""subject_id"":""Deci44100_CCES_010_108"",""#feedback_1_id"":""1"",""#feedback_1_answer"":""1"",""#feedback_1_failureMessage"":""Not quite. The low frequency rumbling is from a ship."",""#feedback_1_successMessage"":""Correct! The low frequency rumbling is from a ship.""}","{""0"":""https://panoptes-uploads.zooniverse.org/subject_location/25d031db-6919-454d-baca-4f1cce4d81d2.mpga""}",0,,,2023-06-22 00:32:50 UTC,2023-06-22 00:32:50 UTC
90194586,19171,22319,114192,"{""sounds"":""Deci44100_CCES_010_1098.mp3"",""subject_id"":""Deci44100_CCES_010_1098"",""#feedback_1_id"":""1"",""#feedback_1_answer"":""0"",""#feedback_1_failureMessage"":""Not quite. There are a couple of humpback whale calls in the middle of the clip."",""#feedback_1_successMessage"":""Correct! There are a couple fairly faint humpback whale calls in the middle of the clip.""}","{""0"":""https://panoptes-uploads.zooniverse.org/subject_location/ce4a0e8b-a211-4f0b-a0fd-d7a5fd1bb74f.mpga""}",0,,,2023-06-22 00:32:50 UTC,2023-06-22 00:32:50 UTC
90194587,19171,22319,114192,"{""sounds"":""Deci44100_CCES_010_1099.mp3"",""subject_id"":""Deci44100_CCES_010_1099"",""#feedback_1_id"":""1"",""#feedback_1_answer"":""3"",""#feedback_1_failureMessage"":""Not quite. There's some intense echolocation activity here, but no humpback whales or ships."",""#feedback_1_successMessage"":""Correct! There's some intense echolocation activity here, but no humpback whales or ships.""}","{""0"":""https://panoptes-uploads.zooniverse.org/subject_location/f4a5a6a3-e786-48b3-9819-83793a516a69.mpga""}",0,,,2023-06-22 00:32:51 UTC,2023-06-22 00:32:51 UTC
90194588,19171,22319,114192,"{""sounds"":""Deci44100_CCES_010_1100.mp3"",""subject_id"":""Deci44100_CCES_010_1100"",""#feedback_1_id"":""1"",""#feedback_1_answer"":""3"",""#feedback_1_failureMessage"":""Not quite. There are no clear ships or humpback whales here."",""#feedback_1_successMessage"":""Correct! There are no clear ships or humpback whales here.""}","{""0"":""https://panoptes-uploads.zooniverse.org/subject_location/b9459258-0d94-492b-82a2-4360c347974f.mpga""}",0,,,2023-06-22 00:32:51 UTC,2023-06-22 00:32:51 UTC
90194589,19171,22319,114192,"{""sounds"":""Deci44100_CCES_010_1107.mp3"",""subject_id"":""Deci44100_CCES_010_1107"",""#feedback_1_id"":""1"",""#feedback_1_answer"":""3"",""#feedback_1_failureMessage"":""Not quite. There are no clear ships or humpback whales here."",""#feedback_1_successMessage"":""Correct! There are no clear ships or humpback whales here.""}","{""0"":""https://panoptes-uploads.zooniverse.org/subject_location/b62ecb55-3b50-4945-b16f-da632ab70e3d.mpga""}",0,,,2023-06-22 00:32:52 UTC,2023-06-22 00:32:52 UTC
90194590,19171,22319,114192,"{""sounds"":""Deci44100_CCES_010_1125.mp3"",""subject_id"":""Deci44100_CCES_010_1125"",""#feedback_1_id"":""1"",""#feedback_1_answer"":""3"",""#feedback_1_failureMessage"":""Not quite. There are no clear ships or humpback whales here."",""#feedback_1_successMessage"":""Correct! There are no clear ships or humpback whales here.""}","{""0"":""https://panoptes-uploads.zooniverse.org/subject_location/38782875-e3c3-4696-af3c-58b2268ea134.mpga""}",0,,,2023-06-22 00:32:52 UTC,2023-06-22 00:32:52 UTC
90194591,19171,22319,114192,"{""sounds"":""Deci44100_CCES_010_1135.mp3"",""subject_id"":""Deci44100_CCES_010_1135"",""#feedback_1_id"":""1"",""#feedback_1_answer"":""3"",""#feedback_1_failureMessage"":""Not quite. There are no clear ships or humpback whales here."",""#feedback_1_successMessage"":""Correct! There are no clear ships or humpback whales here.""}","{""0"":""https://panoptes-uploads.zooniverse.org/subject_location/899af086-3b54-4d7d-995f-71d9f9b073a0.mpga""}",0,,,2023-06-22 00:32:52 UTC,2023-06-22 00:32:52 UTC
90194592,19171,22319,114192,"{""sounds"":""Deci44100_CCES_010_1137.mp3"",""subject_id"":""Deci44100_CCES_010_1137"",""#feedback_1_id"":""1"",""#feedback_1_answer"":""3"",""#feedback_1_failureMessage"":""Not quite. There are no clear ships or humpback whales here."",""#feedback_1_successMessage"":""Correct! There are no clear ships or humpback whales here.""}","{""0"":""https://panoptes-uploads.zooniverse.org/subject_location/f2c08168-dd26-4520-8cfe-ffb3b50e6750.mpga""}",0,,,2023-06-22 00:32:53 UTC,2023-06-22 00:32:53 UTC
90194593,19171,22319,114192,"{""sounds"":""Deci44100_CCES_010_1139.mp3"",""subject_id"":""Deci44100_CCES_010_1139"",""#feedback_1_id"":""1"",""#feedback_1_answer"":""3"",""#feedback_1_failureMessage"":""Not quite. There are no clear ships or humpback whales here."",""#feedback_1_successMessage"":""Correct! There are no clear ships or humpback whales here.""}","{""0"":""https://panoptes-uploads.zooniverse.org/subject_location/2750a042-f570-4500-8948-5c6dcaf4f252.mpga""}",0,,,2023-06-22 00:32:53 UTC,2023-06-22 00:32:53 UTC
90194594,19171,22319,114192,"{""sounds"":""Deci44100_CCES_010_1142.mp3"",""subject_id"":""Deci44100_CCES_010_1142"",""#feedback_1_id"":""1"",""#feedback_1_answer"":""1"",""#feedback_1_failureMessage"":""Not quite. The repetitive impulses are from a ship."",""#feedback_1_successMessage"":""Correct! The repetitive impulses are from a ship.""}","{""0"":""https://panoptes-uploads.zooniverse.org/subject_location/c335b749-c517-498e-a795-396ec98a1c39.mpga""}",0,,,2023-06-22 00:32:53 UTC,2023-06-22 00:32:53 UTC
90194595,19171,22319,114192,"{""sounds"":""Deci44100_CCES_010_1144.mp3"",""subject_id"":""Deci44100_CCES_010_1144"",""#feedback_1_id"":""1"",""#feedback_1_answer"":""0"",""#feedback_1_failureMessage"":""Not quite. There are no clear ships or humpback whales here."",""#feedback_1_successMessage"":""Correct! There are a couple fairly faint humpback whale calls in the first half of the clip.""}","{""0"":""https://panoptes-uploads.zooniverse.org/subject_location/705ecb85-eed0-4d13-9b75-c76a76b7ebfb.mpga""}",0,,,2023-06-22 00:32:54 UTC,2023-06-22 00:32:54 UTC
90194596,19171,22319,114192,"{""sounds"":""Deci44100_CCES_010_1146.mp3"",""subject_id"":""Deci44100_CCES_010_1146"",""#feedback_1_id"":""1"",""#feedback_1_answer"":""3"",""#feedback_1_failureMessage"":""Not quite. There are no clear ships or humpback whales here."",""#feedback_1_successMessage"":""Correct! There are no clear ships or humpback whales here.""}","{""0"":""https://panoptes-uploads.zooniverse.org/subject_location/cb943b19-92e5-4c92-be62-ef212795c5a7.mpga""}",0,,,2023-06-22 00:32:54 UTC,2023-06-22 00:32:54 UTC
90194597,19171,22319,114192,"{""sounds"":""Deci44100_CCES_010_1151.mp3"",""subject_id"":""Deci44100_CCES_010_1151"",""#feedback_1_id"":""1"",""#feedback_1_answer"":""3"",""#feedback_1_failureMessage"":""Not quite. There are no clear ships or humpback whales here."",""#feedback_1_successMessage"":""Correct! There are no clear ships or humpback whales here.""}","{""0"":""https://panoptes-uploads.zooniverse.org/subject_location/030dc2c6-76ab-4280-9948-af99c92290ef.mpga""}",0,,,2023-06-22 00:32:54 UTC,2023-06-22 00:32:54 UTC
90194598,19171,22319,114192,"{""sounds"":""Deci44100_CCES_010_1185.mp3"",""subject_id"":""Deci44100_CCES_010_1185"",""#feedback_1_id"":""1"",""#feedback_1_answer"":""3"",""#feedback_1_failureMessage"":""Not quite. There are no clear ships or humpback whales here."",""#feedback_1_successMessage"":""Correct! There are no clear ships or humpback whales here.""}","{""0"":""https://panoptes-uploads.zooniverse.org/subject_location/0b009931-1a82-40ff-8bfe-e60a2a507406.mpga""}",0,,,2023-06-22 00:32:55 UTC,2023-06-22 00:32:55 UTC
90194599,19171,22319,114192,"{""sounds"":""Deci44100_CCES_010_1189.mp3"",""subject_id"":""Deci44100_CCES_010_1189"",""#feedback_1_id"":""1"",""#feedback_1_answer"":""3"",""#feedback_1_failureMessage"":""Not quite. There are no clear ships or humpback whales here."",""#feedback_1_successMessage"":""Correct! There are no clear ships or humpback whales here.""}","{""0"":""https://panoptes-uploads.zooniverse.org/subject_location/6212fa00-2e6e-47f6-a888-0629a13d0e55.mpga""}",0,,,2023-06-22 00:32:55 UTC,2023-06-22 00:32:55 UTC
90194600,19171,22319,114192,"{""sounds"":""Deci44100_CCES_010_1190.mp3"",""subject_id"":""Deci44100_CCES_010_1190"",""#feedback_1_id"":""1"",""#feedback_1_answer"":""3"",""#feedback_1_failureMessage"":""Not quite. There are no clear ships or humpback whales here."",""#feedback_1_successMessage"":""Correct! There are no clear ships or humpback whales here.""}","{""0"":""https://panoptes-uploads.zooniverse.org/subject_location/9a0f58bc-5272-4f3a-9141-bccaedf6e8c4.mpga""}",0,,,2023-06-22 00:32:56 UTC,2023-06-22 00:32:56 UTC
90194601,19171,22319,114192,"{""sounds"":""Deci44100_CCES_010_1194.mp3"",""subject_id"":""Deci44100_CCES_010_1194"",""#feedback_1_id"":""1"",""#feedback_1_answer"":""3"",""#feedback_1_failureMessage"":""Not quite. There are no clear ships or humpback whales here."",""#feedback_1_successMessage"":""Correct! There are no clear ships or humpback whales here.""}","{""0"":""https://panoptes-uploads.zooniverse.org/subject_location/1febc055-1e0d-474c-a53a-eea4f85318e5.mpga""}",0,,,2023-06-22 00:32:56 UTC,2023-06-22 00:32:56 UTC
90194602,19171,22319,114192,"{""sounds"":""Deci44100_CCES_010_1196.mp3"",""subject_id"":""Deci44100_CCES_010_1196"",""#feedback_1_id"":""1"",""#feedback_1_answer"":""3"",""#feedback_1_failureMessage"":""Not quite. There are no clear ships or humpback whales here."",""#feedback_1_successMessage"":""Correct! There are no clear ships or humpback whales here.""}","{""0"":""https://panoptes-uploads.zooniverse.org/subject_location/01e88674-75ad-4266-80c4-21836c03cc52.mpga""}",0,,,2023-06-22 00:32:56 UTC,2023-06-22 00:32:56 UTC
90194603,19171,22319,114192,"{""sounds"":""Deci44100_CCES_010_1204.mp3"",""subject_id"":""Deci44100_CCES_010_1204"",""#feedback_1_id"":""1"",""#feedback_1_answer"":""3"",""#feedback_1_failureMessage"":""Not quite. There are no clear ships or humpback whales here."",""#feedback_1_successMessage"":""Correct! There are no clear ships or humpback whales here.""}","{""0"":""https://panoptes-uploads.zooniverse.org/subject_location/5fe3d808-6ae4-4960-8556-2becd299a2fa.mpga""}",0,,,2023-06-22 00:32:57 UTC,2023-06-22 00:32:57 UTC
90194604,19171,22319,114192,"{""sounds"":""Deci44100_CCES_010_1215.mp3"",""subject_id"":""Deci44100_CCES_010_1215"",""#feedback_1_id"":""1"",""#feedback_1_answer"":""3"",""#feedback_1_failureMessage"":""Not quite. There are no clear ships or humpback whales here."",""#feedback_1_successMessage"":""Correct! There are no clear ships or humpback whales here.""}","{""0"":""https://panoptes-uploads.zooniverse.org/subject_location/56796d6c-729b-42ca-9994-402336544742.mpga""}",0,,,2023-06-22 00:32:57 UTC,2023-06-22 00:32:57 UTC
90194605,19171,22319,114192,"{""sounds"":""Deci44100_CCES_010_1218.mp3"",""subject_id"":""Deci44100_CCES_010_1218"",""#feedback_1_id"":""1"",""#feedback_1_answer"":""3"",""#feedback_1_failureMessage"":""Not quite. There are no clear ships or humpback whales here."",""#feedback_1_successMessage"":""Correct! There are no clear ships or humpback whales here.""}","{""0"":""https://panoptes-uploads.zooniverse.org/subject_location/5271c5b2-de51-4f36-8ab6-51b92fc5a5e5.mpga""}",0,,,2023-06-22 00:32:58 UTC,2023-06-22 00:32:58 UTC
90194606,19171,22319,114192,"{""sounds"":""Deci44100_CCES_010_1220.mp3"",""subject_id"":""Deci44100_CCES_010_1220"",""#feedback_1_id"":""1"",""#feedback_1_answer"":""3"",""#feedback_1_failureMessage"":""Not quite. There are no clear ships or humpback whales here."",""#feedback_1_successMessage"":""Correct! There are no clear ships or humpback whales here.""}","{""0"":""https://panoptes-uploads.zooniverse.org/subject_location/6f391a9a-94fa-4748-bc9e-6e82bfe7b13a.mpga""}",0,,,2023-06-22 00:32:58 UTC,2023-06-22 00:32:58 UTC
90194607,19171,22319,114192,"{""sounds"":""Deci44100_CCES_010_1222.mp3"",""subject_id"":""Deci44100_CCES_010_1222"",""#feedback_1_id"":""1"",""#feedback_1_answer"":""1"",""#feedback_1_failureMessage"":""Not quite. The low-frequency humming is from a ship."",""#feedback_1_successMessage"":""Correct! The low-frequency humming is from a ship.""}","{""0"":""https://panoptes-uploads.zooniverse.org/subject_location/f984a990-4480-4d88-b3d7-94e4fd36e415.mpga""}",0,,,2023-06-22 00:32:59 UTC,2023-06-22 00:32:59 UTC
90194608,19171,22319,114192,"{""sounds"":""Deci44100_CCES_010_1248.mp3"",""subject_id"":""Deci44100_CCES_010_1248"",""#feedback_1_id"":""1"",""#feedback_1_answer"":""3"",""#feedback_1_failureMessage"":""Not quite. There are no clear ships or humpback whales here."",""#feedback_1_successMessage"":""Correct! There are no clear ships or humpback whales here.""}","{""0"":""https://panoptes-uploads.zooniverse.org/subject_location/f4877b87-ab48-421c-9821-95a7956465be.mpga""}",0,,,2023-06-22 00:32:59 UTC,2023-06-22 00:32:59 UTC
90194609,19171,22319,114192,"{""sounds"":""Deci44100_CCES_010_1258.mp3"",""subject_id"":""Deci44100_CCES_010_1258"",""#feedback_1_id"":""1"",""#feedback_1_answer"":""3"",""#feedback_1_failureMessage"":""Not quite. There are no clear ships or humpback whales here."",""#feedback_1_successMessage"":""Correct! There are no clear ships or humpback whales here.""}","{""0"":""https://panoptes-uploads.zooniverse.org/subject_location/e4808865-0945-40cb-bbf2-1cbf2bb005c5.mpga""}",0,,,2023-06-22 00:32:59 UTC,2023-06-22 00:32:59 UTC
90194610,19171,22319,114192,"{""sounds"":""Deci44100_CCES_010_1260.mp3"",""subject_id"":""Deci44100_CCES_010_1260"",""#feedback_1_id"":""1"",""#feedback_1_answer"":""3"",""#feedback_1_failureMessage"":""Not quite. There are no clear ships or humpback whales here."",""#feedback_1_successMessage"":""Correct! There are no clear ships or humpback whales here.""}","{""0"":""https://panoptes-uploads.zooniverse.org/subject_location/bf0fa0a9-2f3b-4432-992f-ea28455ec299.mpga""}",0,,,2023-06-22 00:33:00 UTC,2023-06-22 00:33:00 UTC
90194611,19171,22319,114192,"{""sounds"":""Deci44100_CCES_010_1274.mp3"",""subject_id"":""Deci44100_CCES_010_1274"",""#feedback_1_id"":""1"",""#feedback_1_answer"":""3"",""#feedback_1_failureMessage"":""Not quite. There are no clear ships or humpback whales here."",""#feedback_1_successMessage"":""Correct! There are no clear ships or humpback whales here.""}","{""0"":""https://panoptes-uploads.zooniverse.org/subject_location/66c81cc3-9815-4789-a833-0f7e798cb060.mpga""}",0,,,2023-06-22 00:33:00 UTC,2023-06-22 00:33:00 UTC
90194612,19171,22319,114192,"{""sounds"":""Deci44100_CCES_010_1278.mp3"",""subject_id"":""Deci44100_CCES_010_1278"",""#feedback_1_id"":""1"",""#feedback_1_answer"":""3"",""#feedback_1_failureMessage"":""Not quite. There are no clear ships or humpback whales here."",""#feedback_1_successMessage"":""Correct! There are no clear ships or humpback whales here.""}","{""0"":""https://panoptes-uploads.zooniverse.org/subject_location/20fd4345-6740-4b4b-9c7c-1d4c56e98739.mpga""}",1,,,2023-06-22 00:33:00 UTC,2023-06-22 00:33:00 UTC
90194613,19171,22319,114192,"{""sounds"":""Deci44100_CCES_010_1287.mp3"",""subject_id"":""Deci44100_CCES_010_1287"",""#feedback_1_id"":""1"",""#feedback_1_answer"":""3"",""#feedback_1_failureMessage"":""Not quite. There are no clear ships or humpback whales here."",""#feedback_1_successMessage"":""Correct! There are no clear ships or humpback whales here.""}","{""0"":""https://panoptes-uploads.zooniverse.org/subject_location/8f3d946a-3dcf-4658-ac2e-1644811e3e30.mpga""}",0,,,2023-06-22 00:33:01 UTC,2023-06-22 00:33:01 UTC
90194614,19171,22319,114192,"{""sounds"":""Deci44100_CCES_010_1289.mp3"",""subject_id"":""Deci44100_CCES_010_1289"",""#feedback_1_id"":""1"",""#feedback_1_answer"":""3"",""#feedback_1_failureMessage"":""Not quite. A faint horizontal line toward the end of the clip may be from a ship, but it's really not clear enough to be sure."",""#feedback_1_successMessage"":""Correct! There are no clear ships or humpback whales here.""}","{""0"":""https://panoptes-uploads.zooniverse.org/subject_location/efac6c08-670a-499b-ab69-be8d5b087d4d.mpga""}",0,,,2023-06-22 00:33:01 UTC,2023-06-22 00:33:01 UTC
90194615,19171,22319,114192,"{""sounds"":""Deci44100_CCES_010_1293.mp3"",""subject_id"":""Deci44100_CCES_010_1293"",""#feedback_1_id"":""1"",""#feedback_1_answer"":""3"",""#feedback_1_failureMessage"":""Not quite. There are no clear ships or humpback whales here."",""#feedback_1_successMessage"":""Correct! There are no clear ships or humpback whales here.""}","{""0"":""https://panoptes-uploads.zooniverse.org/subject_location/0f1375cc-4d22-4aeb-884e-bf45f1a36815.mpga""}",0,,,2023-06-22 00:33:01 UTC,2023-06-22 00:33:01 UTC
90194616,19171,22319,114192,"{""sounds"":""Deci44100_CCES_010_1306.mp3"",""subject_id"":""Deci44100_CCES_010_1306"",""#feedback_1_id"":""1"",""#feedback_1_answer"":""3"",""#feedback_1_failureMessage"":""Not quite. There are no clear ships or humpback whales here."",""#feedback_1_successMessage"":""Correct! There are no clear ships or humpback whales here.""}","{""0"":""https://panoptes-uploads.zooniverse.org/subject_location/fadd8b25-e6f5-4fea-bef6-64328f35f42f.mpga""}",0,,,2023-06-22 00:33:02 UTC,2023-06-22 00:33:02 UTC
90194617,19171,22319,114192,"{""sounds"":""Deci44100_CCES_010_1318.mp3"",""subject_id"":""Deci44100_CCES_010_1318"",""#feedback_1_id"":""1"",""#feedback_1_answer"":""1"",""#feedback_1_failureMessage"":""Not quite. The low-frequency rumbling is from a ship."",""#feedback_1_successMessage"":""Correct! The low-frequency rumbling is from a ship.""}","{""0"":""https://panoptes-uploads.zooniverse.org/subject_location/61b26bd5-9ee2-413b-b7c2-dbc7e108c698.mpga""}",0,,,2023-06-22 00:33:02 UTC,2023-06-22 00:33:02 UTC
90194618,19171,22319,114192,"{""sounds"":""Deci44100_CCES_010_1340.mp3"",""subject_id"":""Deci44100_CCES_010_1340"",""#feedback_1_id"":""1"",""#feedback_1_answer"":""3"",""#feedback_1_failureMessage"":""Not quite. There are no clear ships or humpback whales here."",""#feedback_1_successMessage"":""Correct! There are no clear ships or humpback whales here.""}","{""0"":""https://panoptes-uploads.zooniverse.org/subject_location/c6c2875b-fa71-43ce-87e6-3bbfa2e0d98f.mpga""}",0,,,2023-06-22 00:33:03 UTC,2023-06-22 00:33:03 UTC
90194619,19171,22319,114192,"{""sounds"":""Deci44100_CCES_010_1343.mp3"",""subject_id"":""Deci44100_CCES_010_1343"",""#feedback_1_id"":""1"",""#feedback_1_answer"":""0"",""#feedback_1_failureMessage"":""Not quite. There is a faint humpback whale call at the end of the clip."",""#feedback_1_successMessage"":""Correct! There is a faint humpback whale call at the end of the clip.""}","{""0"":""https://panoptes-uploads.zooniverse.org/subject_location/13bf94a6-dd53-4743-a71d-d00d6c58769a.mpga""}",0,,,2023-06-22 00:33:03 UTC,2023-06-22 00:33:03 UTC
90194620,19171,22319,114192,"{""sounds"":""Deci44100_CCES_010_1349.mp3"",""subject_id"":""Deci44100_CCES_010_1349"",""#feedback_1_id"":""1"",""#feedback_1_answer"":""3"",""#feedback_1_failureMessage"":""Not quite. There are no clear ships or humpback whales here."",""#feedback_1_successMessage"":""Correct! There are no clear ships or humpback whales here.""}","{""0"":""https://panoptes-uploads.zooniverse.org/subject_location/66e9bd66-c956-4032-b89f-a51a44f986b9.mpga""}",0,,,2023-06-22 00:33:03 UTC,2023-06-22 00:33:03 UTC
90194621,19171,22319,114192,"{""sounds"":""Deci44100_CCES_010_136.mp3"",""subject_id"":""Deci44100_CCES_010_136"",""#feedback_1_id"":"""",""#feedback_1_answer"":"""",""#feedback_1_failureMessage"":"""",""#feedback_1_successMessage"":""""}","{""0"":""https://panoptes-uploads.zooniverse.org/subject_location/9ac3461a-e9d3-4bef-a7b1-2f41ec4818c5.mpga""}",0,,,2023-06-22 00:33:04 UTC,2023-06-22 00:33:04 UTC
90194622,19171,22319,114192,"{""sounds"":""Deci44100_CCES_010_1367.mp3"",""subject_id"":""Deci44100_CCES_010_1367"",""#feedback_1_id"":"""",""#feedback_1_answer"":"""",""#feedback_1_failureMessage"":"""",""#feedback_1_successMessage"":""""}","{""0"":""https://panoptes-uploads.zooniverse.org/subject_location/4fab85be-abc8-4a4a-8af2-0c1aa305118e.mpga""}",0,,,2023-06-22 00:33:04 UTC,2023-06-22 00:33:04 UTC
90194623,19171,22319,114192,"{""sounds"":""Deci44100_CCES_010_1376.mp3"",""subject_id"":""Deci44100_CCES_010_1376"",""#feedback_1_id"":"""",""#feedback_1_answer"":"""",""#feedback_1_failureMessage"":"""",""#feedback_1_successMessage"":""""}","{""0"":""https://panoptes-uploads.zooniverse.org/subject_location/c040b24c-bf96-4266-86cc-e5d1402c7835.mpga""}",0,,,2023-06-22 00:33:04 UTC,2023-06-22 00:33:04 UTC
90194624,19171,22319,114192,"{""sounds"":""Deci44100_CCES_010_1381.mp3"",""subject_id"":""Deci44100_CCES_010_1381"",""#feedback_1_id"":"""",""#feedback_1_answer"":"""",""#feedback_1_failureMessage"":"""",""#feedback_1_successMessage"":""""}","{""0"":""https://panoptes-uploads.zooniverse.org/subject_location/c0344a84-e092-44f3-936d-0904fbf9398d.mpga""}",0,,,2023-06-22 00:33:05 UTC,2023-06-22 00:33:05 UTC
90194625,19171,22319,114192,"{""sounds"":""Deci44100_CCES_010_1382.mp3"",""subject_id"":""Deci44100_CCES_010_1382"",""#feedback_1_id"":"""",""#feedback_1_answer"":"""",""#feedback_1_failureMessage"":"""",""#feedback_1_successMessage"":""""}","{""0"":""https://panoptes-uploads.zooniverse.org/subject_location/148dd53e-0600-495f-a569-5b5bc448842b.mpga""}",0,,,2023-06-22 00:33:05 UTC,2023-06-22 00:33:05 UTC
90194626,19171,22319,114192,"{""sounds"":""Deci44100_CCES_010_1388.mp3"",""subject_id"":""Deci44100_CCES_010_1388"",""#feedback_1_id"":"""",""#feedback_1_answer"":"""",""#feedback_1_failureMessage"":"""",""#feedback_1_successMessage"":""""}","{""0"":""https://panoptes-uploads.zooniverse.org/subject_location/e6a8b9aa-a60b-4bc3-84b6-64f9aa50c6ce.mpga""}",0,,,2023-06-22 00:33:05 UTC,2023-06-22 00:33:05 UTC
90194627,19171,22319,114192,"{""sounds"":""Deci44100_CCES_010_1390.mp3"",""subject_id"":""Deci44100_CCES_010_1390"",""#feedback_1_id"":"""",""#feedback_1_answer"":"""",""#feedback_1_failureMessage"":"""",""#feedback_1_successMessage"":""""}","{""0"":""https://panoptes-uploads.zooniverse.org/subject_location/6f2e21b0-3315-4870-9179-aaf8f9da7965.mpga""}",0,,,2023-06-22 00:33:06 UTC,2023-06-22 00:33:06 UTC
90194628,19171,22319,114192,"{""sounds"":""Deci44100_CCES_010_1406.mp3"",""subject_id"":""Deci44100_CCES_010_1406"",""#feedback_1_id"":"""",""#feedback_1_answer"":"""",""#feedback_1_failureMessage"":"""",""#feedback_1_successMessage"":""""}","{""0"":""https://panoptes-uploads.zooniverse.org/subject_location/7cbba99c-b7d2-4d43-b235-528a691ffda4.mpga""}",0,,,2023-06-22 00:33:06 UTC,2023-06-22 00:33:06 UTC
90194629,19171,22319,114192,"{""sounds"":""Deci44100_CCES_010_1414.mp3"",""subject_id"":""Deci44100_CCES_010_1414"",""#feedback_1_id"":"""",""#feedback_1_answer"":"""",""#feedback_1_failureMessage"":"""",""#feedback_1_successMessage"":""""}","{""0"":""https://panoptes-uploads.zooniverse.org/subject_location/8a5fb1a9-a148-40b4-a044-2b97cff17031.mpga""}",0,,,2023-06-22 00:33:07 UTC,2023-06-22 00:33:07 UTC
90194630,19171,22319,114192,"{""sounds"":""Deci44100_CCES_010_1418.mp3"",""subject_id"":""Deci44100_CCES_010_1418"",""#feedback_1_id"":"""",""#feedback_1_answer"":"""",""#feedback_1_failureMessage"":"""",""#feedback_1_successMessage"":""""}","{""0"":""https://panoptes-uploads.zooniverse.org/subject_location/56c2dc71-42d3-4e21-bd41-6a95f6ba3edc.mpga""}",0,,,2023-06-22 00:33:07 UTC,2023-06-22 00:33:07 UTC
90194631,19171,22319,114192,"{""sounds"":""Deci44100_CCES_010_1427.mp3"",""subject_id"":""Deci44100_CCES_010_1427"",""#feedback_1_id"":"""",""#feedback_1_answer"":"""",""#feedback_1_failureMessage"":"""",""#feedback_1_successMessage"":""""}","{""0"":""https://panoptes-uploads.zooniverse.org/subject_location/624675be-d715-4e59-814e-c7a8f3e27675.mpga""}",1,,,2023-06-22 00:33:07 UTC,2023-06-22 00:33:07 UTC
90194632,19171,22319,114192,"{""sounds"":""Deci44100_CCES_010_1428.mp3"",""subject_id"":""Deci44100_CCES_010_1428"",""#feedback_1_id"":"""",""#feedback_1_answer"":"""",""#feedback_1_failureMessage"":"""",""#feedback_1_successMessage"":""""}","{""0"":""https://panoptes-uploads.zooniverse.org/subject_location/4a73fef6-d8da-4694-a9e9-688966920a3b.mpga""}",0,,,2023-06-22 00:33:08 UTC,2023-06-22 00:33:08 UTC
90194633,19171,22319,114192,"{""sounds"":""Deci44100_CCES_010_1431.mp3"",""subject_id"":""Deci44100_CCES_010_1431"",""#feedback_1_id"":"""",""#feedback_1_answer"":"""",""#feedback_1_failureMessage"":"""",""#feedback_1_successMessage"":""""}","{""0"":""https://panoptes-uploads.zooniverse.org/subject_location/3c6f2fdb-38e0-4f9d-9629-4d1918893c89.mpga""}",0,,,2023-06-22 00:33:08 UTC,2023-06-22 00:33:08 UTC
90194634,19171,22319,114192,"{""sounds"":""Deci44100_CCES_010_1434.mp3"",""subject_id"":""Deci44100_CCES_010_1434"",""#feedback_1_id"":"""",""#feedback_1_answer"":"""",""#feedback_1_failureMessage"":"""",""#feedback_1_successMessage"":""""}","{""0"":""https://panoptes-uploads.zooniverse.org/subject_location/0ef3f4dd-40df-4c48-9d70-9ba3769e3383.mpga""}",0,,,2023-06-22 00:33:09 UTC,2023-06-22 00:33:09 UTC
90194635,19171,22319,114192,"{""sounds"":""Deci44100_CCES_010_1451.mp3"",""subject_id"":""Deci44100_CCES_010_1451"",""#feedback_1_id"":"""",""#feedback_1_answer"":"""",""#feedback_1_failureMessage"":"""",""#feedback_1_successMessage"":""""}","{""0"":""https://panoptes-uploads.zooniverse.org/subject_location/1cd447e6-a385-4828-98e0-6652d9a51d2d.mpga""}",0,,,2023-06-22 00:33:09 UTC,2023-06-22 00:33:09 UTC
90194636,19171,22319,114192,"{""sounds"":""Deci44100_CCES_010_1453.mp3"",""subject_id"":""Deci44100_CCES_010_1453"",""#feedback_1_id"":"""",""#feedback_1_answer"":"""",""#feedback_1_failureMessage"":"""",""#feedback_1_successMessage"":""""}","{""0"":""https://panoptes-uploads.zooniverse.org/subject_location/489f27fa-a7d2-4c2f-8e5e-b8e318f42b2d.mpga""}",0,,,2023-06-22 00:33:09 UTC,2023-06-22 00:33:09 UTC
90194637,19171,22319,114192,"{""sounds"":""Deci44100_CCES_010_1466.mp3"",""subject_id"":""Deci44100_CCES_010_1466"",""#feedback_1_id"":"""",""#feedback_1_answer"":"""",""#feedback_1_failureMessage"":"""",""#feedback_1_successMessage"":""""}","{""0"":""https://panoptes-uploads.zooniverse.org/subject_location/d36f0f0a-c4be-48d6-9f32-ab9d5ee2f007.mpga""}",0,,,2023-06-22 00:33:10 UTC,2023-06-22 00:33:10 UTC
90194638,19171,22319,114192,"{""sounds"":""Deci44100_CCES_010_1467.mp3"",""subject_id"":""Deci44100_CCES_010_1467"",""#feedback_1_id"":"""",""#feedback_1_answer"":"""",""#feedback_1_failureMessage"":"""",""#feedback_1_successMessage"":""""}","{""0"":""https://panoptes-uploads.zooniverse.org/subject_location/10327867-af0e-4322-ba80-a366c0cca5cc.mpga""}",0,,,2023-06-22 00:33:10 UTC,2023-06-22 00:33:10 UTC
90194639,19171,22319,114192,"{""sounds"":""Deci44100_CCES_010_1489.mp3"",""subject_id"":""Deci44100_CCES_010_1489"",""#feedback_1_id"":"""",""#feedback_1_answer"":"""",""#feedback_1_failureMessage"":"""",""#feedback_1_successMessage"":""""}","{""0"":""https://panoptes-uploads.zooniverse.org/subject_location/5d5e306e-7f32-4f2e-8e96-5d316bd1a15f.mpga""}",0,,,2023-06-22 00:33:11 UTC,2023-06-22 00:33:11 UTC
90194640,19171,22319,114192,"{""sounds"":""Deci44100_CCES_010_1501.mp3"",""subject_id"":""Deci44100_CCES_010_1501"",""#feedback_1_id"":"""",""#feedback_1_answer"":"""",""#feedback_1_failureMessage"":"""",""#feedback_1_successMessage"":""""}","{""0"":""https://panoptes-uploads.zooniverse.org/subject_location/8fd83a4f-4320-4a54-a3ac-e3149485c54e.mpga""}",0,,,2023-06-22 00:33:11 UTC,2023-06-22 00:33:11 UTC
90194641,19171,22319,114192,"{""sounds"":""Deci44100_CCES_010_1503.mp3"",""subject_id"":""Deci44100_CCES_010_1503"",""#feedback_1_id"":"""",""#feedback_1_answer"":"""",""#feedback_1_failureMessage"":"""",""#feedback_1_successMessage"":""""}","{""0"":""https://panoptes-uploads.zooniverse.org/subject_location/ed23d393-a1a3-4e63-98a5-733d366e541b.mpga""}",0,,,2023-06-22 00:33:11 UTC,2023-06-22 00:33:11 UTC
90194642,19171,22319,114192,"{""sounds"":""Deci44100_CCES_010_1508.mp3"",""subject_id"":""Deci44100_CCES_010_1508"",""#feedback_1_id"":"""",""#feedback_1_answer"":"""",""#feedback_1_failureMessage"":"""",""#feedback_1_successMessage"":""""}","{""0"":""https://panoptes-uploads.zooniverse.org/subject_location/753551e4-10dc-427f-b40a-76dc8b1f0786.mpga""}",0,,,2023-06-22 00:33:12 UTC,2023-06-22 00:33:12 UTC
90194643,19171,22319,114192,"{""sounds"":""Deci44100_CCES_010_1511.mp3"",""subject_id"":""Deci44100_CCES_010_1511"",""#feedback_1_id"":"""",""#feedback_1_answer"":"""",""#feedback_1_failureMessage"":"""",""#feedback_1_successMessage"":""""}","{""0"":""https://panoptes-uploads.zooniverse.org/subject_location/9b90dd5b-c93a-45c8-9c24-8e274486a0dd.mpga""}",0,,,2023-06-22 00:33:12 UTC,2023-06-22 00:33:12 UTC
90194644,19171,22319,114192,"{""sounds"":""Deci44100_CCES_010_1531.mp3"",""subject_id"":""Deci44100_CCES_010_1531"",""#feedback_1_id"":"""",""#feedback_1_answer"":"""",""#feedback_1_failureMessage"":"""",""#feedback_1_successMessage"":""""}","{""0"":""https://panoptes-uploads.zooniverse.org/subject_location/4f920841-795a-4568-b43f-7315de2e177f.mpga""}",0,,,2023-06-22 00:33:13 UTC,2023-06-22 00:33:13 UTC
90194645,19171,22319,114192,"{""sounds"":""Deci44100_CCES_010_1537.mp3"",""subject_id"":""Deci44100_CCES_010_1537"",""#feedback_1_id"":"""",""#feedback_1_answer"":"""",""#feedback_1_failureMessage"":"""",""#feedback_1_successMessage"":""""}","{""0"":""https://panoptes-uploads.zooniverse.org/subject_location/f53aa4b2-eb65-4f75-8977-d6ea9482fd56.mpga""}",0,,,2023-06-22 00:33:13 UTC,2023-06-22 00:33:13 UTC
90194646,19171,22319,114192,"{""sounds"":""Deci44100_CCES_010_154.mp3"",""subject_id"":""Deci44100_CCES_010_154"",""#feedback_1_id"":"""",""#feedback_1_answer"":"""",""#feedback_1_failureMessage"":"""",""#feedback_1_successMessage"":""""}","{""0"":""https://panoptes-uploads.zooniverse.org/subject_location/7340e33b-af5e-4fea-86b7-8340e74dfd4c.mpga""}",0,,,2023-06-22 00:33:13 UTC,2023-06-22 00:33:13 UTC
90194647,19171,22319,114192,"{""sounds"":""Deci44100_CCES_010_1550.mp3"",""subject_id"":""Deci44100_CCES_010_1550"",""#feedback_1_id"":"""",""#feedback_1_answer"":"""",""#feedback_1_failureMessage"":"""",""#feedback_1_successMessage"":""""}","{""0"":""https://panoptes-uploads.zooniverse.org/subject_location/a1a99304-d4fd-4058-8f3c-f03917686d4a.mpga""}",0,,,2023-06-22 00:33:14 UTC,2023-06-22 00:33:14 UTC
90194648,19171,22319,114192,"{""sounds"":""Deci44100_CCES_010_1569.mp3"",""subject_id"":""Deci44100_CCES_010_1569"",""#feedback_1_id"":"""",""#feedback_1_answer"":"""",""#feedback_1_failureMessage"":"""",""#feedback_1_successMessage"":""""}","{""0"":""https://panoptes-uploads.zooniverse.org/subject_location/347076fc-bf48-4706-ba6a-38c8275e03c8.mpga""}",1,,,2023-06-22 00:33:14 UTC,2023-06-22 00:33:14 UTC
90194649,19171,22319,114192,"{""sounds"":""Deci44100_CCES_010_157.mp3"",""subject_id"":""Deci44100_CCES_010_157"",""#feedback_1_id"":"""",""#feedback_1_answer"":"""",""#feedback_1_failureMessage"":"""",""#feedback_1_successMessage"":""""}","{""0"":""https://panoptes-uploads.zooniverse.org/subject_location/f2b8bf1e-07cb-45d7-897f-a7609d3250dc.mpga""}",0,,,2023-06-22 00:33:14 UTC,2023-06-22 00:33:14 UTC
90194650,19171,22319,114192,"{""sounds"":""Deci44100_CCES_010_1571.mp3"",""subject_id"":""Deci44100_CCES_010_1571"",""#feedback_1_id"":"""",""#feedback_1_answer"":"""",""#feedback_1_failureMessage"":"""",""#feedback_1_successMessage"":""""}","{""0"":""https://panoptes-uploads.zooniverse.org/subject_location/99f58c1c-3a62-457c-9297-34a0487f673c.mpga""}",0,,,2023-06-22 00:33:15 UTC,2023-06-22 00:33:15 UTC
90194651,19171,22319,114192,"{""sounds"":""Deci44100_CCES_010_1588.mp3"",""subject_id"":""Deci44100_CCES_010_1588"",""#feedback_1_id"":"""",""#feedback_1_answer"":"""",""#feedback_1_failureMessage"":"""",""#feedback_1_successMessage"":""""}","{""0"":""https://panoptes-uploads.zooniverse.org/subject_location/b51bdeaa-5b42-4004-9600-6d6751aabdfa.mpga""}",0,,,2023-06-22 00:33:15 UTC,2023-06-22 00:33:15 UTC
90194652,19171,22319,114192,"{""sounds"":""Deci44100_CCES_010_1606.mp3"",""subject_id"":""Deci44100_CCES_010_1606"",""#feedback_1_id"":"""",""#feedback_1_answer"":"""",""#feedback_1_failureMessage"":"""",""#feedback_1_successMessage"":""""}","{""0"":""https://panoptes-uploads.zooniverse.org/subject_location/f5c916e0-0352-4a30-aa25-5226a60f64d3.mpga""}",0,,,2023-06-22 00:33:15 UTC,2023-06-22 00:33:15 UTC
90194653,19171,22319,114192,"{""sounds"":""Deci44100_CCES_010_1608.mp3"",""subject_id"":""Deci44100_CCES_010_1608"",""#feedback_1_id"":"""",""#feedback_1_answer"":"""",""#feedback_1_failureMessage"":"""",""#feedback_1_successMessage"":""""}","{""0"":""https://panoptes-uploads.zooniverse.org/subject_location/2c675173-6d64-4fc7-b71c-aea3113b6b9d.mpga""}",0,,,2023-06-22 00:33:16 UTC,2023-06-22 00:33:16 UTC
90194654,19171,22319,114192,"{""sounds"":""Deci44100_CCES_010_1612.mp3"",""subject_id"":""Deci44100_CCES_010_1612"",""#feedback_1_id"":"""",""#feedback_1_answer"":"""",""#feedback_1_failureMessage"":"""",""#feedback_1_successMessage"":""""}","{""0"":""https://panoptes-uploads.zooniverse.org/subject_location/8fa86fc4-1d59-4b54-a25b-23bff5007c4d.mpga""}",0,,,2023-06-22 00:33:16 UTC,2023-06-22 00:33:16 UTC
90194655,19171,22319,114192,"{""sounds"":""Deci44100_CCES_010_164.mp3"",""subject_id"":""Deci44100_CCES_010_164"",""#feedback_1_id"":"""",""#feedback_1_answer"":"""",""#feedback_1_failureMessage"":"""",""#feedback_1_successMessage"":""""}","{""0"":""https://panoptes-uploads.zooniverse.org/subject_location/0abba3f7-1b7c-4b0a-8b96-ac3db93cc0eb.mpga""}",0,,,2023-06-22 00:33:17 UTC,2023-06-22 00:33:17 UTC
90194656,19171,22319,114192,"{""sounds"":""Deci44100_CCES_010_1653.mp3"",""subject_id"":""Deci44100_CCES_010_1653"",""#feedback_1_id"":"""",""#feedback_1_answer"":"""",""#feedback_1_failureMessage"":"""",""#feedback_1_successMessage"":""""}","{""0"":""https://panoptes-uploads.zooniverse.org/subject_location/be3b1a8a-21d1-4499-ae4d-4f0af158b936.mpga""}",0,,,2023-06-22 00:33:17 UTC,2023-06-22 00:33:17 UTC
90194657,19171,22319,114192,"{""sounds"":""Deci44100_CCES_010_1668.mp3"",""subject_id"":""Deci44100_CCES_010_1668"",""#feedback_1_id"":"""",""#feedback_1_answer"":"""",""#feedback_1_failureMessage"":"""",""#feedback_1_successMessage"":""""}","{""0"":""https://panoptes-uploads.zooniverse.org/subject_location/bf399017-c166-4a9e-a356-55882396f8cc.mpga""}",0,,,2023-06-22 00:33:17 UTC,2023-06-22 00:33:17 UTC
90194658,19171,22319,114192,"{""sounds"":""Deci44100_CCES_010_167.mp3"",""subject_id"":""Deci44100_CCES_010_167"",""#feedback_1_id"":"""",""#feedback_1_answer"":"""",""#feedback_1_failureMessage"":"""",""#feedback_1_successMessage"":""""}","{""0"":""https://panoptes-uploads.zooniverse.org/subject_location/476957d9-e417-4922-9c79-816f7ec4db2a.mpga""}",0,,,2023-06-22 00:33:18 UTC,2023-06-22 00:33:18 UTC
90194659,19171,22319,114192,"{""sounds"":""Deci44100_CCES_010_1684.mp3"",""subject_id"":""Deci44100_CCES_010_1684"",""#feedback_1_id"":"""",""#feedback_1_answer"":"""",""#feedback_1_failureMessage"":"""",""#feedback_1_successMessage"":""""}","{""0"":""https://panoptes-uploads.zooniverse.org/subject_location/89dd7576-736b-4fcc-966e-495864ea66a7.mpga""}",0,,,2023-06-22 00:33:18 UTC,2023-06-22 00:33:18 UTC
90194660,19171,22319,114192,"{""sounds"":""Deci44100_CCES_010_1697.mp3"",""subject_id"":""Deci44100_CCES_010_1697"",""#feedback_1_id"":"""",""#feedback_1_answer"":"""",""#feedback_1_failureMessage"":"""",""#feedback_1_successMessage"":""""}","{""0"":""https://panoptes-uploads.zooniverse.org/subject_location/e6b6e157-954f-497e-813f-399e7e6fc0db.mpga""}",0,,,2023-06-22 00:33:18 UTC,2023-06-22 00:33:18 UTC
90194661,19171,22319,114192,"{""sounds"":""Deci44100_CCES_010_1698.mp3"",""subject_id"":""Deci44100_CCES_010_1698"",""#feedback_1_id"":"""",""#feedback_1_answer"":"""",""#feedback_1_failureMessage"":"""",""#feedback_1_successMessage"":""""}","{""0"":""https://panoptes-uploads.zooniverse.org/subject_location/4b5a1dc7-2976-4676-90e8-257f42438a93.mpga""}",0,,,2023-06-22 00:33:19 UTC,2023-06-22 00:33:19 UTC
90194662,19171,22319,114192,"{""sounds"":""Deci44100_CCES_010_1700.mp3"",""subject_id"":""Deci44100_CCES_010_1700"",""#feedback_1_id"":"""",""#feedback_1_answer"":"""",""#feedback_1_failureMessage"":"""",""#feedback_1_successMessage"":""""}","{""0"":""https://panoptes-uploads.zooniverse.org/subject_location/91196515-115d-488a-a745-2091a5924196.mpga""}",0,,,2023-06-22 00:33:19 UTC,2023-06-22 00:33:19 UTC
90194663,19171,22319,114192,"{""sounds"":""Deci44100_CCES_010_1701.mp3"",""subject_id"":""Deci44100_CCES_010_1701"",""#feedback_1_id"":"""",""#feedback_1_answer"":"""",""#feedback_1_failureMessage"":"""",""#feedback_1_successMessage"":""""}","{""0"":""https://panoptes-uploads.zooniverse.org/subject_location/3a1beea0-9504-466f-b96a-982930121421.mpga""}",1,,,2023-06-22 00:33:20 UTC,2023-06-22 00:33:20 UTC
90194664,19171,22319,114192,"{""sounds"":""Deci44100_CCES_010_1714.mp3"",""subject_id"":""Deci44100_CCES_010_1714"",""#feedback_1_id"":"""",""#feedback_1_answer"":"""",""#feedback_1_failureMessage"":"""",""#feedback_1_successMessage"":""""}","{""0"":""https://panoptes-uploads.zooniverse.org/subject_location/5ca93c0a-a96b-4ae9-87d0-b96078a39206.mpga""}",0,,,2023-06-22 00:33:20 UTC,2023-06-22 00:33:20 UTC
90194665,19171,22319,114192,"{""sounds"":""Deci44100_CCES_010_1721.mp3"",""subject_id"":""Deci44100_CCES_010_1721"",""#feedback_1_id"":"""",""#feedback_1_answer"":"""",""#feedback_1_failureMessage"":"""",""#feedback_1_successMessage"":""""}","{""0"":""https://panoptes-uploads.zooniverse.org/subject_location/5b48c707-3a87-4505-aa8f-85f492bcb6d9.mpga""}",0,,,2023-06-22 00:33:20 UTC,2023-06-22 00:33:20 UTC
90194666,19171,22319,114192,"{""sounds"":""Deci44100_CCES_010_1737.mp3"",""subject_id"":""Deci44100_CCES_010_1737"",""#feedback_1_id"":"""",""#feedback_1_answer"":"""",""#feedback_1_failureMessage"":"""",""#feedback_1_successMessage"":""""}","{""0"":""https://panoptes-uploads.zooniverse.org/subject_location/04991551-ae09-49a4-b142-910f90d4a853.mpga""}",0,,,2023-06-22 00:33:21 UTC,2023-06-22 00:33:21 UTC
90194667,19171,22319,114192,"{""sounds"":""Deci44100_CCES_010_174.mp3"",""subject_id"":""Deci44100_CCES_010_174"",""#feedback_1_id"":"""",""#feedback_1_answer"":"""",""#feedback_1_failureMessage"":"""",""#feedback_1_successMessage"":""""}","{""0"":""https://panoptes-uploads.zooniverse.org/subject_location/50edc5cc-2dfb-4882-881e-d2da216816df.mpga""}",0,,,2023-06-22 00:33:21 UTC,2023-06-22 00:33:21 UTC
90194668,19171,22319,114192,"{""sounds"":""Deci44100_CCES_010_1752.mp3"",""subject_id"":""Deci44100_CCES_010_1752"",""#feedback_1_id"":"""",""#feedback_1_answer"":"""",""#feedback_1_failureMessage"":"""",""#feedback_1_successMessage"":""""}","{""0"":""https://panoptes-uploads.zooniverse.org/subject_location/c485dc27-f752-4c20-8f89-43ad7fa885d2.mpga""}",1,,,2023-06-22 00:33:21 UTC,2023-06-22 00:33:21 UTC
90194669,19171,22319,114192,"{""sounds"":""Deci44100_CCES_010_1755.mp3"",""subject_id"":""Deci44100_CCES_010_1755"",""#feedback_1_id"":"""",""#feedback_1_answer"":"""",""#feedback_1_failureMessage"":"""",""#feedback_1_successMessage"":""""}","{""0"":""https://panoptes-uploads.zooniverse.org/subject_location/375a7fa3-f060-4729-ba5e-2499abc27a74.mpga""}",0,,,2023-06-22 00:33:22 UTC,2023-06-22 00:33:22 UTC
90194670,19171,22319,114192,"{""sounds"":""Deci44100_CCES_010_1767.mp3"",""subject_id"":""Deci44100_CCES_010_1767"",""#feedback_1_id"":"""",""#feedback_1_answer"":"""",""#feedback_1_failureMessage"":"""",""#feedback_1_successMessage"":""""}","{""0"":""https://panoptes-uploads.zooniverse.org/subject_location/01bcec4b-5e6a-4d70-8ee6-2559cffa4f84.mpga""}",0,,,2023-06-22 00:33:22 UTC,2023-06-22 00:33:22 UTC
90194671,19171,22319,114192,"{""sounds"":""Deci44100_CCES_010_1780.mp3"",""subject_id"":""Deci44100_CCES_010_1780"",""#feedback_1_id"":"""",""#feedback_1_answer"":"""",""#feedback_1_failureMessage"":"""",""#feedback_1_successMessage"":""""}","{""0"":""https://panoptes-uploads.zooniverse.org/subject_location/6e7e46db-6c8e-4d3f-90d9-ce87e9882727.mpga""}",0,,,2023-06-22 00:33:23 UTC,2023-06-22 00:33:23 UTC
90194672,19171,22319,114192,"{""sounds"":""Deci44100_CCES_010_1790.mp3"",""subject_id"":""Deci44100_CCES_010_1790"",""#feedback_1_id"":"""",""#feedback_1_answer"":"""",""#feedback_1_failureMessage"":"""",""#feedback_1_successMessage"":""""}","{""0"":""https://panoptes-uploads.zooniverse.org/subject_location/4127c3da-a680-4467-ac5a-775a28fc9a96.mpga""}",0,,,2023-06-22 00:33:23 UTC,2023-06-22 00:33:23 UTC
90194673,19171,22319,114192,"{""sounds"":""Deci44100_CCES_010_180.mp3"",""subject_id"":""Deci44100_CCES_010_180"",""#feedback_1_id"":"""",""#feedback_1_answer"":"""",""#feedback_1_failureMessage"":"""",""#feedback_1_successMessage"":""""}","{""0"":""https://panoptes-uploads.zooniverse.org/subject_location/db00a378-02f2-4708-8930-10ad88537379.mpga""}",0,,,2023-06-22 00:33:23 UTC,2023-06-22 00:33:23 UTC
90194674,19171,22319,114192,"{""sounds"":""Deci44100_CCES_010_1802.mp3"",""subject_id"":""Deci44100_CCES_010_1802"",""#feedback_1_id"":"""",""#feedback_1_answer"":"""",""#feedback_1_failureMessage"":"""",""#feedback_1_successMessage"":""""}","{""0"":""https://panoptes-uploads.zooniverse.org/subject_location/621c485d-e6ae-4876-a47b-438c06263216.mpga""}",0,,,2023-06-22 00:33:24 UTC,2023-06-22 00:33:24 UTC
90194675,19171,22319,114192,"{""sounds"":""Deci44100_CCES_010_1805.mp3"",""subject_id"":""Deci44100_CCES_010_1805"",""#feedback_1_id"":"""",""#feedback_1_answer"":"""",""#feedback_1_failureMessage"":"""",""#feedback_1_successMessage"":""""}","{""0"":""https://panoptes-uploads.zooniverse.org/subject_location/36ebe0e1-2ba9-42fb-9c12-6feb296c4f48.mpga""}",0,,,2023-06-22 00:33:24 UTC,2023-06-22 00:33:24 UTC
90194676,19171,22319,114192,"{""sounds"":""Deci44100_CCES_010_1826.mp3"",""subject_id"":""Deci44100_CCES_010_1826"",""#feedback_1_id"":"""",""#feedback_1_answer"":"""",""#feedback_1_failureMessage"":"""",""#feedback_1_successMessage"":""""}","{""0"":""https://panoptes-uploads.zooniverse.org/subject_location/6bc8f753-bd13-440a-82d0-a105e6824276.mpga""}",0,,,2023-06-22 00:33:24 UTC,2023-06-22 00:33:24 UTC
90194677,19171,22319,114192,"{""sounds"":""Deci44100_CCES_010_183.mp3"",""subject_id"":""Deci44100_CCES_010_183"",""#feedback_1_id"":"""",""#feedback_1_answer"":"""",""#feedback_1_failureMessage"":"""",""#feedback_1_successMessage"":""""}","{""0"":""https://panoptes-uploads.zooniverse.org/subject_location/4d32da6d-5399-43d9-9fcf-74056c7a3292.mpga""}",0,,,2023-06-22 00:33:25 UTC,2023-06-22 00:33:25 UTC
90194678,19171,22319,114192,"{""sounds"":""Deci44100_CCES_010_1840.mp3"",""subject_id"":""Deci44100_CCES_010_1840"",""#feedback_1_id"":"""",""#feedback_1_answer"":"""",""#feedback_1_failureMessage"":"""",""#feedback_1_successMessage"":""""}","{""0"":""https://panoptes-uploads.zooniverse.org/subject_location/aa228ce5-7a27-4cca-9c23-d3662cf72fb0.mpga""}",0,,,2023-06-22 00:33:25 UTC,2023-06-22 00:33:25 UTC
90194679,19171,22319,114192,"{""sounds"":""Deci44100_CCES_010_1841.mp3"",""subject_id"":""Deci44100_CCES_010_1841"",""#feedback_1_id"":"""",""#feedback_1_answer"":"""",""#feedback_1_failureMessage"":"""",""#feedback_1_successMessage"":""""}","{""0"":""https://panoptes-uploads.zooniverse.org/subject_location/0c943f8d-a8f3-4b8c-922b-1e53e57a9e76.mpga""}",0,,,2023-06-22 00:33:25 UTC,2023-06-22 00:33:25 UTC
90194680,19171,22319,114192,"{""sounds"":""Deci44100_CCES_010_1843.mp3"",""subject_id"":""Deci44100_CCES_010_1843"",""#feedback_1_id"":"""",""#feedback_1_answer"":"""",""#feedback_1_failureMessage"":"""",""#feedback_1_successMessage"":""""}","{""0"":""https://panoptes-uploads.zooniverse.org/subject_location/42ed1a84-7189-4aab-898b-52f81668ce2e.mpga""}",0,,,2023-06-22 00:33:26 UTC,2023-06-22 00:33:26 UTC
90194681,19171,22319,114192,"{""sounds"":""Deci44100_CCES_010_1850.mp3"",""subject_id"":""Deci44100_CCES_010_1850"",""#feedback_1_id"":"""",""#feedback_1_answer"":"""",""#feedback_1_failureMessage"":"""",""#feedback_1_successMessage"":""""}","{""0"":""https://panoptes-uploads.zooniverse.org/subject_location/2bf49a03-b7e4-43d5-84aa-b6ffc10fac8f.mpga""}",0,,,2023-06-22 00:33:26 UTC,2023-06-22 00:33:26 UTC
90194682,19171,22319,114192,"{""sounds"":""Deci44100_CCES_010_1857.mp3"",""subject_id"":""Deci44100_CCES_010_1857"",""#feedback_1_id"":"""",""#feedback_1_answer"":"""",""#feedback_1_failureMessage"":"""",""#feedback_1_successMessage"":""""}","{""0"":""https://panoptes-uploads.zooniverse.org/subject_location/dfdeec99-d33c-418d-ae17-b4d6a917d946.mpga""}",0,,,2023-06-22 00:33:27 UTC,2023-06-22 00:33:27 UTC
90194683,19171,22319,114192,"{""sounds"":""Deci44100_CCES_010_1861.mp3"",""subject_id"":""Deci44100_CCES_010_1861"",""#feedback_1_id"":"""",""#feedback_1_answer"":"""",""#feedback_1_failureMessage"":"""",""#feedback_1_successMessage"":""""}","{""0"":""https://panoptes-uploads.zooniverse.org/subject_location/92744fd3-ff3d-4cec-9513-46b7788978fc.mpga""}",0,,,2023-06-22 00:33:27 UTC,2023-06-22 00:33:27 UTC
90194684,19171,22319,114192,"{""sounds"":""Deci44100_CCES_010_189.mp3"",""subject_id"":""Deci44100_CCES_010_189"",""#feedback_1_id"":"""",""#feedback_1_answer"":"""",""#feedback_1_failureMessage"":"""",""#feedback_1_successMessage"":""""}","{""0"":""https://panoptes-uploads.zooniverse.org/subject_location/7dd69021-ca78-435f-96e7-c58633ab1a8b.mpga""}",0,,,2023-06-22 00:33:27 UTC,2023-06-22 00:33:27 UTC
90194685,19171,22319,114192,"{""sounds"":""Deci44100_CCES_010_1898.mp3"",""subject_id"":""Deci44100_CCES_010_1898"",""#feedback_1_id"":"""",""#feedback_1_answer"":"""",""#feedback_1_failureMessage"":"""",""#feedback_1_successMessage"":""""}","{""0"":""https://panoptes-uploads.zooniverse.org/subject_location/ef3ba735-07e6-4a91-9262-0a31939db2f8.mpga""}",0,,,2023-06-22 00:33:28 UTC,2023-06-22 00:33:28 UTC
90194686,19171,22319,114192,"{""sounds"":""Deci44100_CCES_010_19.mp3"",""subject_id"":""Deci44100_CCES_010_19"",""#feedback_1_id"":"""",""#feedback_1_answer"":"""",""#feedback_1_failureMessage"":"""",""#feedback_1_successMessage"":""""}","{""0"":""https://panoptes-uploads.zooniverse.org/subject_location/f40df54f-9265-4f64-bde6-79d22a5e4ece.mpga""}",0,,,2023-06-22 00:33:28 UTC,2023-06-22 00:33:28 UTC
90194687,19171,22319,114192,"{""sounds"":""Deci44100_CCES_010_1901.mp3"",""subject_id"":""Deci44100_CCES_010_1901"",""#feedback_1_id"":"""",""#feedback_1_answer"":"""",""#feedback_1_failureMessage"":"""",""#feedback_1_successMessage"":""""}","{""0"":""https://panoptes-uploads.zooniverse.org/subject_location/646e1d84-daa6-404f-b5e5-a8e2158a3568.mpga""}",0,,,2023-06-22 00:33:28 UTC,2023-06-22 00:33:28 UTC
90194688,19171,22319,114192,"{""sounds"":""Deci44100_CCES_010_1907.mp3"",""subject_id"":""Deci44100_CCES_010_1907"",""#feedback_1_id"":"""",""#feedback_1_answer"":"""",""#feedback_1_failureMessage"":"""",""#feedback_1_successMessage"":""""}","{""0"":""https://panoptes-uploads.zooniverse.org/subject_location/13587ab9-da26-4cd1-97be-eca48d6f2b5f.mpga""}",0,,,2023-06-22 00:33:29 UTC,2023-06-22 00:33:29 UTC
90194689,19171,22319,114192,"{""sounds"":""Deci44100_CCES_010_1911.mp3"",""subject_id"":""Deci44100_CCES_010_1911"",""#feedback_1_id"":"""",""#feedback_1_answer"":"""",""#feedback_1_failureMessage"":"""",""#feedback_1_successMessage"":""""}","{""0"":""https://panoptes-uploads.zooniverse.org/subject_location/2ac32489-32d3-470e-97eb-e2ab1477f12b.mpga""}",0,,,2023-06-22 00:33:29 UTC,2023-06-22 00:33:29 UTC
90194690,19171,22319,114192,"{""sounds"":""Deci44100_CCES_010_1913.mp3"",""subject_id"":""Deci44100_CCES_010_1913"",""#feedback_1_id"":"""",""#feedback_1_answer"":"""",""#feedback_1_failureMessage"":"""",""#feedback_1_successMessage"":""""}","{""0"":""https://panoptes-uploads.zooniverse.org/subject_location/dd690acc-f2f3-4943-b485-3a998467f474.mpga""}",0,,,2023-06-22 00:33:30 UTC,2023-06-22 00:33:30 UTC
90194691,19171,22319,114192,"{""sounds"":""Deci44100_CCES_010_1918.mp3"",""subject_id"":""Deci44100_CCES_010_1918"",""#feedback_1_id"":"""",""#feedback_1_answer"":"""",""#feedback_1_failureMessage"":"""",""#feedback_1_successMessage"":""""}","{""0"":""https://panoptes-uploads.zooniverse.org/subject_location/d713c2a5-aaef-4937-bf0e-72cce77f0598.mpga""}",0,,,2023-06-22 00:33:30 UTC,2023-06-22 00:33:30 UTC
90194692,19171,22319,114192,"{""sounds"":""Deci44100_CCES_010_1925.mp3"",""subject_id"":""Deci44100_CCES_010_1925"",""#feedback_1_id"":"""",""#feedback_1_answer"":"""",""#feedback_1_failureMessage"":"""",""#feedback_1_successMessage"":""""}","{""0"":""https://panoptes-uploads.zooniverse.org/subject_location/d5352339-1b9c-41e3-99c3-0f3e10146e8d.mpga""}",0,,,2023-06-22 00:33:30 UTC,2023-06-22 00:33:30 UTC
90194693,19171,22319,114192,"{""sounds"":""Deci44100_CCES_010_1927.mp3"",""subject_id"":""Deci44100_CCES_010_1927"",""#feedback_1_id"":"""",""#feedback_1_answer"":"""",""#feedback_1_failureMessage"":"""",""#feedback_1_successMessage"":""""}","{""0"":""https://panoptes-uploads.zooniverse.org/subject_location/7e81e9a4-587c-4bec-ad04-d354d032b0b7.mpga""}",0,,,2023-06-22 00:33:31 UTC,2023-06-22 00:33:31 UTC
90194694,19171,22319,114192,"{""sounds"":""Deci44100_CCES_010_1939.mp3"",""subject_id"":""Deci44100_CCES_010_1939"",""#feedback_1_id"":"""",""#feedback_1_answer"":"""",""#feedback_1_failureMessage"":"""",""#feedback_1_successMessage"":""""}","{""0"":""https://panoptes-uploads.zooniverse.org/subject_location/75fd0b0c-4bb5-4707-9f44-35ca43dab44b.mpga""}",0,,,2023-06-22 00:33:31 UTC,2023-06-22 00:33:31 UTC
90194695,19171,22319,114192,"{""sounds"":""Deci44100_CCES_010_1942.mp3"",""subject_id"":""Deci44100_CCES_010_1942"",""#feedback_1_id"":"""",""#feedback_1_answer"":"""",""#feedback_1_failureMessage"":"""",""#feedback_1_successMessage"":""""}","{""0"":""https://panoptes-uploads.zooniverse.org/subject_location/8593da97-096e-4467-9031-7983268217fd.mpga""}",0,,,2023-06-22 00:33:31 UTC,2023-06-22 00:33:31 UTC
90194696,19171,22319,114192,"{""sounds"":""Deci44100_CCES_010_1948.mp3"",""subject_id"":""Deci44100_CCES_010_1948"",""#feedback_1_id"":"""",""#feedback_1_answer"":"""",""#feedback_1_failureMessage"":"""",""#feedback_1_successMessage"":""""}","{""0"":""https://panoptes-uploads.zooniverse.org/subject_location/5577d89a-cc81-434e-978d-226f85144330.mpga""}",0,,,2023-06-22 00:33:32 UTC,2023-06-22 00:33:32 UTC
90194697,19171,22319,114192,"{""sounds"":""Deci44100_CCES_010_1956.mp3"",""subject_id"":""Deci44100_CCES_010_1956"",""#feedback_1_id"":"""",""#feedback_1_answer"":"""",""#feedback_1_failureMessage"":"""",""#feedback_1_successMessage"":""""}","{""0"":""https://panoptes-uploads.zooniverse.org/subject_location/502f12c6-5c91-455c-b451-ce996d1b193b.mpga""}",0,,,2023-06-22 00:33:32 UTC,2023-06-22 00:33:32 UTC
90194698,19171,22319,114192,"{""sounds"":""Deci44100_CCES_010_1961.mp3"",""subject_id"":""Deci44100_CCES_010_1961"",""#feedback_1_id"":"""",""#feedback_1_answer"":"""",""#feedback_1_failureMessage"":"""",""#feedback_1_successMessage"":""""}","{""0"":""https://panoptes-uploads.zooniverse.org/subject_location/dd06646c-d54d-43f7-abd4-a8edbbe0a0fe.mpga""}",0,,,2023-06-22 00:33:33 UTC,2023-06-22 00:33:33 UTC
90194699,19171,22319,114192,"{""sounds"":""Deci44100_CCES_010_1968.mp3"",""subject_id"":""Deci44100_CCES_010_1968"",""#feedback_1_id"":"""",""#feedback_1_answer"":"""",""#feedback_1_failureMessage"":"""",""#feedback_1_successMessage"":""""}","{""0"":""https://panoptes-uploads.zooniverse.org/subject_location/047b6c4f-d389-4be5-a42c-13123c441805.mpga""}",0,,,2023-06-22 00:33:33 UTC,2023-06-22 00:33:33 UTC
90194700,19171,22319,114192,"{""sounds"":""Deci44100_CCES_010_1970.mp3"",""subject_id"":""Deci44100_CCES_010_1970"",""#feedback_1_id"":"""",""#feedback_1_answer"":"""",""#feedback_1_failureMessage"":"""",""#feedback_1_successMessage"":""""}","{""0"":""https://panoptes-uploads.zooniverse.org/subject_location/abb7308b-518c-49d6-9543-5a126e59e4dc.mpga""}",0,,,2023-06-22 00:33:33 UTC,2023-06-22 00:33:33 UTC
90194701,19171,22319,114192,"{""sounds"":""Deci44100_CCES_010_1982.mp3"",""subject_id"":""Deci44100_CCES_010_1982"",""#feedback_1_id"":"""",""#feedback_1_answer"":"""",""#feedback_1_failureMessage"":"""",""#feedback_1_successMessage"":""""}","{""0"":""https://panoptes-uploads.zooniverse.org/subject_location/94a2d3a7-fa64-49ec-82fa-dc0559be26cd.mpga""}",0,,,2023-06-22 00:33:34 UTC,2023-06-22 00:33:34 UTC
90194702,19171,22319,114192,"{""sounds"":""Deci44100_CCES_010_2001.mp3"",""subject_id"":""Deci44100_CCES_010_2001"",""#feedback_1_id"":"""",""#feedback_1_answer"":"""",""#feedback_1_failureMessage"":"""",""#feedback_1_successMessage"":""""}","{""0"":""https://panoptes-uploads.zooniverse.org/subject_location/d39cc629-5d48-40e3-9190-68277ab9f38a.mpga""}",0,,,2023-06-22 00:33:34 UTC,2023-06-22 00:33:34 UTC
90194703,19171,22319,114192,"{""sounds"":""Deci44100_CCES_010_2017.mp3"",""subject_id"":""Deci44100_CCES_010_2017"",""#feedback_1_id"":"""",""#feedback_1_answer"":"""",""#feedback_1_failureMessage"":"""",""#feedback_1_successMessage"":""""}","{""0"":""https://panoptes-uploads.zooniverse.org/subject_location/53ff4e08-14d2-4898-ae67-c3fc4a951986.mpga""}",0,,,2023-06-22 00:33:34 UTC,2023-06-22 00:33:34 UTC
90194704,19171,22319,114192,"{""sounds"":""Deci44100_CCES_010_2029.mp3"",""subject_id"":""Deci44100_CCES_010_2029"",""#feedback_1_id"":"""",""#feedback_1_answer"":"""",""#feedback_1_failureMessage"":"""",""#feedback_1_successMessage"":""""}","{""0"":""https://panoptes-uploads.zooniverse.org/subject_location/4f61ba55-cacd-46ae-aa2f-ae221b36a2e5.mpga""}",0,,,2023-06-22 00:33:35 UTC,2023-06-22 00:33:35 UTC
90194705,19171,22319,114192,"{""sounds"":""Deci44100_CCES_010_2030.mp3"",""subject_id"":""Deci44100_CCES_010_2030"",""#feedback_1_id"":"""",""#feedback_1_answer"":"""",""#feedback_1_failureMessage"":"""",""#feedback_1_successMessage"":""""}","{""0"":""https://panoptes-uploads.zooniverse.org/subject_location/4d4648c6-f1fe-4d3e-8290-9bfd6c1d6960.mpga""}",0,,,2023-06-22 00:33:35 UTC,2023-06-22 00:33:35 UTC
90194706,19171,22319,114192,"{""sounds"":""Deci44100_CCES_010_2038.mp3"",""subject_id"":""Deci44100_CCES_010_2038"",""#feedback_1_id"":"""",""#feedback_1_answer"":"""",""#feedback_1_failureMessage"":"""",""#feedback_1_successMessage"":""""}","{""0"":""https://panoptes-uploads.zooniverse.org/subject_location/4dcf63fc-da96-4299-a675-7fa280604b5d.mpga""}",0,,,2023-06-22 00:33:35 UTC,2023-06-22 00:33:35 UTC
90194707,19171,22319,114192,"{""sounds"":""Deci44100_CCES_010_204.mp3"",""subject_id"":""Deci44100_CCES_010_204"",""#feedback_1_id"":"""",""#feedback_1_answer"":"""",""#feedback_1_failureMessage"":"""",""#feedback_1_successMessage"":""""}","{""0"":""https://panoptes-uploads.zooniverse.org/subject_location/9eb43e92-6b1f-4a30-8c6f-981864cecf66.mpga""}",0,,,2023-06-22 00:33:36 UTC,2023-06-22 00:33:36 UTC
90194708,19171,22319,114192,"{""sounds"":""Deci44100_CCES_010_2040.mp3"",""subject_id"":""Deci44100_CCES_010_2040"",""#feedback_1_id"":"""",""#feedback_1_answer"":"""",""#feedback_1_failureMessage"":"""",""#feedback_1_successMessage"":""""}","{""0"":""https://panoptes-uploads.zooniverse.org/subject_location/9095a172-710f-4b1a-9a33-614809145a2a.mpga""}",0,,,2023-06-22 00:33:36 UTC,2023-06-22 00:33:36 UTC
90194709,19171,22319,114192,"{""sounds"":""Deci44100_CCES_010_2046.mp3"",""subject_id"":""Deci44100_CCES_010_2046"",""#feedback_1_id"":"""",""#feedback_1_answer"":"""",""#feedback_1_failureMessage"":"""",""#feedback_1_successMessage"":""""}","{""0"":""https://panoptes-uploads.zooniverse.org/subject_location/dc2dc6c6-8190-42d0-a0db-d582b767c668.mpga""}",0,,,2023-06-22 00:33:37 UTC,2023-06-22 00:33:37 UTC
90194710,19171,22319,114192,"{""sounds"":""Deci44100_CCES_010_2048.mp3"",""subject_id"":""Deci44100_CCES_010_2048"",""#feedback_1_id"":"""",""#feedback_1_answer"":"""",""#feedback_1_failureMessage"":"""",""#feedback_1_successMessage"":""""}","{""0"":""https://panoptes-uploads.zooniverse.org/subject_location/b1c4d24e-7822-4f9f-b2fb-3a467f63a0e0.mpga""}",0,,,2023-06-22 00:33:37 UTC,2023-06-22 00:33:37 UTC
90194711,19171,22319,114192,"{""sounds"":""Deci44100_CCES_010_2056.mp3"",""subject_id"":""Deci44100_CCES_010_2056"",""#feedback_1_id"":"""",""#feedback_1_answer"":"""",""#feedback_1_failureMessage"":"""",""#feedback_1_successMessage"":""""}","{""0"":""https://panoptes-uploads.zooniverse.org/subject_location/ba7987ee-6c8d-4ee6-8b86-7b6bd015943e.mpga""}",0,,,2023-06-22 00:33:37 UTC,2023-06-22 00:33:37 UTC
90194712,19171,22319,114192,"{""sounds"":""Deci44100_CCES_010_2060.mp3"",""subject_id"":""Deci44100_CCES_010_2060"",""#feedback_1_id"":"""",""#feedback_1_answer"":"""",""#feedback_1_failureMessage"":"""",""#feedback_1_successMessage"":""""}","{""0"":""https://panoptes-uploads.zooniverse.org/subject_location/74e64074-96ca-4ef7-a3f9-d93705fa268d.mpga""}",0,,,2023-06-22 00:33:38 UTC,2023-06-22 00:33:38 UTC
90194713,19171,22319,114192,"{""sounds"":""Deci44100_CCES_010_2070.mp3"",""subject_id"":""Deci44100_CCES_010_2070"",""#feedback_1_id"":"""",""#feedback_1_answer"":"""",""#feedback_1_failureMessage"":"""",""#feedback_1_successMessage"":""""}","{""0"":""https://panoptes-uploads.zooniverse.org/subject_location/bc48afca-af9f-40f3-950d-94a51c8ba64c.mpga""}",0,,,2023-06-22 00:33:38 UTC,2023-06-22 00:33:38 UTC
90194714,19171,22319,114192,"{""sounds"":""Deci44100_CCES_010_2078.mp3"",""subject_id"":""Deci44100_CCES_010_2078"",""#feedback_1_id"":"""",""#feedback_1_answer"":"""",""#feedback_1_failureMessage"":"""",""#feedback_1_successMessage"":""""}","{""0"":""https://panoptes-uploads.zooniverse.org/subject_location/c15bd6f3-1ecf-46f2-a143-e58d0ee52ebe.mpga""}",0,,,2023-06-22 00:33:38 UTC,2023-06-22 00:33:38 UTC
90194715,19171,22319,114192,"{""sounds"":""Deci44100_CCES_010_2102.mp3"",""subject_id"":""Deci44100_CCES_010_2102"",""#feedback_1_id"":"""",""#feedback_1_answer"":"""",""#feedback_1_failureMessage"":"""",""#feedback_1_successMessage"":""""}","{""0"":""https://panoptes-uploads.zooniverse.org/subject_location/28776522-76d1-4341-b5cb-aee3451b8264.mpga""}",0,,,2023-06-22 00:33:39 UTC,2023-06-22 00:33:39 UTC
90194716,19171,22319,114192,"{""sounds"":""Deci44100_CCES_010_2108.mp3"",""subject_id"":""Deci44100_CCES_010_2108"",""#feedback_1_id"":"""",""#feedback_1_answer"":"""",""#feedback_1_failureMessage"":"""",""#feedback_1_successMessage"":""""}","{""0"":""https://panoptes-uploads.zooniverse.org/subject_location/705387f8-28a9-4592-ae91-308624b0d89a.mpga""}",0,,,2023-06-22 00:33:39 UTC,2023-06-22 00:33:39 UTC
90194717,19171,22319,114192,"{""sounds"":""Deci44100_CCES_010_2120.mp3"",""subject_id"":""Deci44100_CCES_010_2120"",""#feedback_1_id"":"""",""#feedback_1_answer"":"""",""#feedback_1_failureMessage"":"""",""#feedback_1_successMessage"":""""}","{""0"":""https://panoptes-uploads.zooniverse.org/subject_location/dc1f664a-a7c9-4d02-87b3-7928929a9898.mpga""}",0,,,2023-06-22 00:33:40 UTC,2023-06-22 00:33:40 UTC
90194718,19171,22319,114192,"{""sounds"":""Deci44100_CCES_010_2123.mp3"",""subject_id"":""Deci44100_CCES_010_2123"",""#feedback_1_id"":"""",""#feedback_1_answer"":"""",""#feedback_1_failureMessage"":"""",""#feedback_1_successMessage"":""""}","{""0"":""https://panoptes-uploads.zooniverse.org/subject_location/dcf2f891-b9df-4bc2-95b9-e37c25662373.mpga""}",0,,,2023-06-22 00:33:40 UTC,2023-06-22 00:33:40 UTC
90194719,19171,22319,114192,"{""sounds"":""Deci44100_CCES_010_2125.mp3"",""subject_id"":""Deci44100_CCES_010_2125"",""#feedback_1_id"":"""",""#feedback_1_answer"":"""",""#feedback_1_failureMessage"":"""",""#feedback_1_successMessage"":""""}","{""0"":""https://panoptes-uploads.zooniverse.org/subject_location/3884c7ec-0def-4129-ac47-727bab8663da.mpga""}",0,,,2023-06-22 00:33:40 UTC,2023-06-22 00:33:40 UTC
90194720,19171,22319,114192,"{""sounds"":""Deci44100_CCES_010_2129.mp3"",""subject_id"":""Deci44100_CCES_010_2129"",""#feedback_1_id"":"""",""#feedback_1_answer"":"""",""#feedback_1_failureMessage"":"""",""#feedback_1_successMessage"":""""}","{""0"":""https://panoptes-uploads.zooniverse.org/subject_location/22b3baf0-cc12-4766-8c46-e487b6bf360b.mpga""}",0,,,2023-06-22 00:33:41 UTC,2023-06-22 00:33:41 UTC
90194721,19171,22319,114192,"{""sounds"":""Deci44100_CCES_010_2135.mp3"",""subject_id"":""Deci44100_CCES_010_2135"",""#feedback_1_id"":"""",""#feedback_1_answer"":"""",""#feedback_1_failureMessage"":"""",""#feedback_1_successMessage"":""""}","{""0"":""https://panoptes-uploads.zooniverse.org/subject_location/11bf1f61-2a47-4711-829a-84cad2b06adb.mpga""}",0,,,2023-06-22 00:33:41 UTC,2023-06-22 00:33:41 UTC
90194722,19171,22319,114192,"{""sounds"":""Deci44100_CCES_010_2146.mp3"",""subject_id"":""Deci44100_CCES_010_2146"",""#feedback_1_id"":"""",""#feedback_1_answer"":"""",""#feedback_1_failureMessage"":"""",""#feedback_1_successMessage"":""""}","{""0"":""https://panoptes-uploads.zooniverse.org/subject_location/0f79eb51-6aed-46fb-97ae-6aa01030c673.mpga""}",0,,,2023-06-22 00:33:41 UTC,2023-06-22 00:33:41 UTC
90194723,19171,22319,114192,"{""sounds"":""Deci44100_CCES_010_2147.mp3"",""subject_id"":""Deci44100_CCES_010_2147"",""#feedback_1_id"":"""",""#feedback_1_answer"":"""",""#feedback_1_failureMessage"":"""",""#feedback_1_successMessage"":""""}","{""0"":""https://panoptes-uploads.zooniverse.org/subject_location/fafad688-f309-4641-8438-86adf71b17ca.mpga""}",0,,,2023-06-22 00:33:42 UTC,2023-06-22 00:33:42 UTC
90194724,19171,22319,114192,"{""sounds"":""Deci44100_CCES_010_2153.mp3"",""subject_id"":""Deci44100_CCES_010_2153"",""#feedback_1_id"":"""",""#feedback_1_answer"":"""",""#feedback_1_failureMessage"":"""",""#feedback_1_successMessage"":""""}","{""0"":""https://panoptes-uploads.zooniverse.org/subject_location/79f8e21d-5435-4f37-adab-89bd26da72aa.mpga""}",0,,,2023-06-22 00:33:42 UTC,2023-06-22 00:33:42 UTC
90194725,19171,22319,114192,"{""sounds"":""Deci44100_CCES_010_2156.mp3"",""subject_id"":""Deci44100_CCES_010_2156"",""#feedback_1_id"":"""",""#feedback_1_answer"":"""",""#feedback_1_failureMessage"":"""",""#feedback_1_successMessage"":""""}","{""0"":""https://panoptes-uploads.zooniverse.org/subject_location/703eda9d-d135-4250-85cb-3dabe465bc74.mpga""}",0,,,2023-06-22 00:33:43 UTC,2023-06-22 00:33:43 UTC
90194726,19171,22319,114192,"{""sounds"":""Deci44100_CCES_010_2185.mp3"",""subject_id"":""Deci44100_CCES_010_2185"",""#feedback_1_id"":"""",""#feedback_1_answer"":"""",""#feedback_1_failureMessage"":"""",""#feedback_1_successMessage"":""""}","{""0"":""https://panoptes-uploads.zooniverse.org/subject_location/97519536-7b8e-48d6-bfae-94c3ed710de7.mpga""}",0,,,2023-06-22 00:33:43 UTC,2023-06-22 00:33:43 UTC
90194727,19171,22319,114192,"{""sounds"":""Deci44100_CCES_010_2188.mp3"",""subject_id"":""Deci44100_CCES_010_2188"",""#feedback_1_id"":"""",""#feedback_1_answer"":"""",""#feedback_1_failureMessage"":"""",""#feedback_1_successMessage"":""""}","{""0"":""https://panoptes-uploads.zooniverse.org/subject_location/0292955a-c9cd-41a0-a2f5-0cd9097e02ce.mpga""}",0,,,2023-06-22 00:33:43 UTC,2023-06-22 00:33:43 UTC
90194728,19171,22319,114192,"{""sounds"":""Deci44100_CCES_010_2194.mp3"",""subject_id"":""Deci44100_CCES_010_2194"",""#feedback_1_id"":"""",""#feedback_1_answer"":"""",""#feedback_1_failureMessage"":"""",""#feedback_1_successMessage"":""""}","{""0"":""https://panoptes-uploads.zooniverse.org/subject_location/f37e83d5-83c1-43f7-bf2a-049975da71c0.mpga""}",0,,,2023-06-22 00:33:44 UTC,2023-06-22 00:33:44 UTC
90194729,19171,22319,114192,"{""sounds"":""Deci44100_CCES_010_2195.mp3"",""subject_id"":""Deci44100_CCES_010_2195"",""#feedback_1_id"":"""",""#feedback_1_answer"":"""",""#feedback_1_failureMessage"":"""",""#feedback_1_successMessage"":""""}","{""0"":""https://panoptes-uploads.zooniverse.org/subject_location/f50ca023-a696-411e-864b-bf85e6f7b39b.mpga""}",0,,,2023-06-22 00:33:44 UTC,2023-06-22 00:33:44 UTC
90194730,19171,22319,114192,"{""sounds"":""Deci44100_CCES_010_2203.mp3"",""subject_id"":""Deci44100_CCES_010_2203"",""#feedback_1_id"":"""",""#feedback_1_answer"":"""",""#feedback_1_failureMessage"":"""",""#feedback_1_successMessage"":""""}","{""0"":""https://panoptes-uploads.zooniverse.org/subject_location/5b144768-501d-4699-8a09-4c111b0024bb.mpga""}",0,,,2023-06-22 00:33:45 UTC,2023-06-22 00:33:45 UTC
90194731,19171,22319,114192,"{""sounds"":""Deci44100_CCES_010_2211.mp3"",""subject_id"":""Deci44100_CCES_010_2211"",""#feedback_1_id"":"""",""#feedback_1_answer"":"""",""#feedback_1_failureMessage"":"""",""#feedback_1_successMessage"":""""}","{""0"":""https://panoptes-uploads.zooniverse.org/subject_location/c28f189f-b678-4dd2-b767-db934f3cfda8.mpga""}",0,,,2023-06-22 00:33:45 UTC,2023-06-22 00:33:45 UTC
90194732,19171,22319,114192,"{""sounds"":""Deci44100_CCES_010_2218.mp3"",""subject_id"":""Deci44100_CCES_010_2218"",""#feedback_1_id"":"""",""#feedback_1_answer"":"""",""#feedback_1_failureMessage"":"""",""#feedback_1_successMessage"":""""}","{""0"":""https://panoptes-uploads.zooniverse.org/subject_location/50f0eb56-a05d-4a51-9fba-76d2f54bf365.mpga""}",0,,,2023-06-22 00:33:45 UTC,2023-06-22 00:33:45 UTC
90194733,19171,22319,114192,"{""sounds"":""Deci44100_CCES_010_2220.mp3"",""subject_id"":""Deci44100_CCES_010_2220"",""#feedback_1_id"":"""",""#feedback_1_answer"":"""",""#feedback_1_failureMessage"":"""",""#feedback_1_successMessage"":""""}","{""0"":""https://panoptes-uploads.zooniverse.org/subject_location/9e139ae7-5b28-498a-8d83-fbd2c881129b.mpga""}",0,,,2023-06-22 00:33:46 UTC,2023-06-22 00:33:46 UTC
90194734,19171,22319,114192,"{""sounds"":""Deci44100_CCES_010_2226.mp3"",""subject_id"":""Deci44100_CCES_010_2226"",""#feedback_1_id"":"""",""#feedback_1_answer"":"""",""#feedback_1_failureMessage"":"""",""#feedback_1_successMessage"":""""}","{""0"":""https://panoptes-uploads.zooniverse.org/subject_location/5786d085-faa2-4896-9087-7dde5271e07d.mpga""}",0,,,2023-06-22 00:33:46 UTC,2023-06-22 00:33:46 UTC
90194735,19171,22319,114192,"{""sounds"":""Deci44100_CCES_010_2230.mp3"",""subject_id"":""Deci44100_CCES_010_2230"",""#feedback_1_id"":"""",""#feedback_1_answer"":"""",""#feedback_1_failureMessage"":"""",""#feedback_1_successMessage"":""""}","{""0"":""https://panoptes-uploads.zooniverse.org/subject_location/5a374e53-04d9-4123-85b3-c2e5787e157b.mpga""}",0,,,2023-06-22 00:33:46 UTC,2023-06-22 00:33:46 UTC
90194736,19171,22319,114192,"{""sounds"":""Deci44100_CCES_010_2234.mp3"",""subject_id"":""Deci44100_CCES_010_2234"",""#feedback_1_id"":"""",""#feedback_1_answer"":"""",""#feedback_1_failureMessage"":"""",""#feedback_1_successMessage"":""""}","{""0"":""https://panoptes-uploads.zooniverse.org/subject_location/60540913-2adb-45b0-94b9-ee22153ba3a5.mpga""}",0,,,2023-06-22 00:33:47 UTC,2023-06-22 00:33:47 UTC
90194737,19171,22319,114192,"{""sounds"":""Deci44100_CCES_010_2253.mp3"",""subject_id"":""Deci44100_CCES_010_2253"",""#feedback_1_id"":"""",""#feedback_1_answer"":"""",""#feedback_1_failureMessage"":"""",""#feedback_1_successMessage"":""""}","{""0"":""https://panoptes-uploads.zooniverse.org/subject_location/8ac2c36f-9e87-438b-a75c-3fc1bc5e0644.mpga""}",0,,,2023-06-22 00:33:47 UTC,2023-06-22 00:33:47 UTC
90194738,19171,22319,114192,"{""sounds"":""Deci44100_CCES_010_2261.mp3"",""subject_id"":""Deci44100_CCES_010_2261"",""#feedback_1_id"":"""",""#feedback_1_answer"":"""",""#feedback_1_failureMessage"":"""",""#feedback_1_successMessage"":""""}","{""0"":""https://panoptes-uploads.zooniverse.org/subject_location/44d954d4-67cf-4f4b-97a3-ebea180020a0.mpga""}",0,,,2023-06-22 00:33:48 UTC,2023-06-22 00:33:48 UTC
90194739,19171,22319,114192,"{""sounds"":""Deci44100_CCES_010_2298.mp3"",""subject_id"":""Deci44100_CCES_010_2298"",""#feedback_1_id"":"""",""#feedback_1_answer"":"""",""#feedback_1_failureMessage"":"""",""#feedback_1_successMessage"":""""}","{""0"":""https://panoptes-uploads.zooniverse.org/subject_location/454bb653-ae3c-4962-8ff3-047ecc5edb7c.mpga""}",0,,,2023-06-22 00:33:48 UTC,2023-06-22 00:33:48 UTC
90194740,19171,22319,114192,"{""sounds"":""Deci44100_CCES_010_2300.mp3"",""subject_id"":""Deci44100_CCES_010_2300"",""#feedback_1_id"":"""",""#feedback_1_answer"":"""",""#feedback_1_failureMessage"":"""",""#feedback_1_successMessage"":""""}","{""0"":""https://panoptes-uploads.zooniverse.org/subject_location/298b3379-cc5a-4453-b512-a52384843593.mpga""}",0,,,2023-06-22 00:33:48 UTC,2023-06-22 00:33:48 UTC
90194741,19171,22319,114192,"{""sounds"":""Deci44100_CCES_010_2323.mp3"",""subject_id"":""Deci44100_CCES_010_2323"",""#feedback_1_id"":"""",""#feedback_1_answer"":"""",""#feedback_1_failureMessage"":"""",""#feedback_1_successMessage"":""""}","{""0"":""https://panoptes-uploads.zooniverse.org/subject_location/ff87ea16-85cb-422a-8dc1-c8f258331f25.mpga""}",0,,,2023-06-22 00:33:49 UTC,2023-06-22 00:33:49 UTC
90194742,19171,22319,114192,"{""sounds"":""Deci44100_CCES_010_2336.mp3"",""subject_id"":""Deci44100_CCES_010_2336"",""#feedback_1_id"":"""",""#feedback_1_answer"":"""",""#feedback_1_failureMessage"":"""",""#feedback_1_successMessage"":""""}","{""0"":""https://panoptes-uploads.zooniverse.org/subject_location/fc44d1c1-ef5c-4b26-91ac-8b12d9668f8f.mpga""}",0,,,2023-06-22 00:33:49 UTC,2023-06-22 00:33:49 UTC
90194743,19171,22319,114192,"{""sounds"":""Deci44100_CCES_010_2337.mp3"",""subject_id"":""Deci44100_CCES_010_2337"",""#feedback_1_id"":"""",""#feedback_1_answer"":"""",""#feedback_1_failureMessage"":"""",""#feedback_1_successMessage"":""""}","{""0"":""https://panoptes-uploads.zooniverse.org/subject_location/f1278546-b217-403a-b238-d5794aefeed4.mpga""}",0,,,2023-06-22 00:33:49 UTC,2023-06-22 00:33:49 UTC
90194744,19171,22319,114192,"{""sounds"":""Deci44100_CCES_010_2350.mp3"",""subject_id"":""Deci44100_CCES_010_2350"",""#feedback_1_id"":"""",""#feedback_1_answer"":"""",""#feedback_1_failureMessage"":"""",""#feedback_1_successMessage"":""""}","{""0"":""https://panoptes-uploads.zooniverse.org/subject_location/14ad3332-001c-4f97-a6b0-7e3a6ea30b11.mpga""}",0,,,2023-06-22 00:33:50 UTC,2023-06-22 00:33:50 UTC
90194745,19171,22319,114192,"{""sounds"":""Deci44100_CCES_010_2364.mp3"",""subject_id"":""Deci44100_CCES_010_2364"",""#feedback_1_id"":"""",""#feedback_1_answer"":"""",""#feedback_1_failureMessage"":"""",""#feedback_1_successMessage"":""""}","{""0"":""https://panoptes-uploads.zooniverse.org/subject_location/bfe86fd0-c0e6-49b6-8b10-ea4396fb92cf.mpga""}",0,,,2023-06-22 00:33:50 UTC,2023-06-22 00:33:50 UTC
90194746,19171,22319,114192,"{""sounds"":""Deci44100_CCES_010_2383.mp3"",""subject_id"":""Deci44100_CCES_010_2383"",""#feedback_1_id"":"""",""#feedback_1_answer"":"""",""#feedback_1_failureMessage"":"""",""#feedback_1_successMessage"":""""}","{""0"":""https://panoptes-uploads.zooniverse.org/subject_location/2757bbd6-3197-41a3-bef7-62924cac640d.mpga""}",0,,,2023-06-22 00:33:51 UTC,2023-06-22 00:33:51 UTC
90194747,19171,22319,114192,"{""sounds"":""Deci44100_CCES_010_2384.mp3"",""subject_id"":""Deci44100_CCES_010_2384"",""#feedback_1_id"":"""",""#feedback_1_answer"":"""",""#feedback_1_failureMessage"":"""",""#feedback_1_successMessage"":""""}","{""0"":""https://panoptes-uploads.zooniverse.org/subject_location/19ca9509-4384-4c14-a31c-d3be5562a0ec.mpga""}",0,,,2023-06-22 00:33:51 UTC,2023-06-22 00:33:51 UTC
90194748,19171,22319,114192,"{""sounds"":""Deci44100_CCES_010_2386.mp3"",""subject_id"":""Deci44100_CCES_010_2386"",""#feedback_1_id"":"""",""#feedback_1_answer"":"""",""#feedback_1_failureMessage"":"""",""#feedback_1_successMessage"":""""}","{""0"":""https://panoptes-uploads.zooniverse.org/subject_location/22ca5445-5b92-42dc-83f5-34c78ea543f9.mpga""}",0,,,2023-06-22 00:33:51 UTC,2023-06-22 00:33:51 UTC
90194749,19171,22319,114192,"{""sounds"":""Deci44100_CCES_010_239.mp3"",""subject_id"":""Deci44100_CCES_010_239"",""#feedback_1_id"":"""",""#feedback_1_answer"":"""",""#feedback_1_failureMessage"":"""",""#feedback_1_successMessage"":""""}","{""0"":""https://panoptes-uploads.zooniverse.org/subject_location/fe1c1ceb-84a0-4365-89e6-21268678fef3.mpga""}",0,,,2023-06-22 00:33:52 UTC,2023-06-22 00:33:52 UTC
90194750,19171,22319,114192,"{""sounds"":""Deci44100_CCES_010_24.mp3"",""subject_id"":""Deci44100_CCES_010_24"",""#feedback_1_id"":"""",""#feedback_1_answer"":"""",""#feedback_1_failureMessage"":"""",""#feedback_1_successMessage"":""""}","{""0"":""https://panoptes-uploads.zooniverse.org/subject_location/c0ae684f-4771-4c6f-9c58-c3b814e699d0.mpga""}",0,,,2023-06-22 00:33:52 UTC,2023-06-22 00:33:52 UTC
90194751,19171,22319,114192,"{""sounds"":""Deci44100_CCES_010_240.mp3"",""subject_id"":""Deci44100_CCES_010_240"",""#feedback_1_id"":"""",""#feedback_1_answer"":"""",""#feedback_1_failureMessage"":"""",""#feedback_1_successMessage"":""""}","{""0"":""https://panoptes-uploads.zooniverse.org/subject_location/b358a021-6f51-441c-91c9-a11a41d5f35c.mpga""}",0,,,2023-06-22 00:33:52 UTC,2023-06-22 00:33:52 UTC
90194752,19171,22319,114192,"{""sounds"":""Deci44100_CCES_010_2400.mp3"",""subject_id"":""Deci44100_CCES_010_2400"",""#feedback_1_id"":"""",""#feedback_1_answer"":"""",""#feedback_1_failureMessage"":"""",""#feedback_1_successMessage"":""""}","{""0"":""https://panoptes-uploads.zooniverse.org/subject_location/d241c6a2-4f8c-4208-b8ba-e5a6e0ef9d3c.mpga""}",0,,,2023-06-22 00:33:53 UTC,2023-06-22 00:33:53 UTC
90194753,19171,22319,114192,"{""sounds"":""Deci44100_CCES_010_2405.mp3"",""subject_id"":""Deci44100_CCES_010_2405"",""#feedback_1_id"":"""",""#feedback_1_answer"":"""",""#feedback_1_failureMessage"":"""",""#feedback_1_successMessage"":""""}","{""0"":""https://panoptes-uploads.zooniverse.org/subject_location/bfc5fbc6-4b1d-499a-95d7-2f20cc3b7f18.mpga""}",0,,,2023-06-22 00:33:53 UTC,2023-06-22 00:33:53 UTC
90194754,19171,22319,114192,"{""sounds"":""Deci44100_CCES_010_2422.mp3"",""subject_id"":""Deci44100_CCES_010_2422"",""#feedback_1_id"":"""",""#feedback_1_answer"":"""",""#feedback_1_failureMessage"":"""",""#feedback_1_successMessage"":""""}","{""0"":""https://panoptes-uploads.zooniverse.org/subject_location/e0aff6f8-e3b4-4498-a683-7c488374c5bf.mpga""}",0,,,2023-06-22 00:33:53 UTC,2023-06-22 00:33:53 UTC
90194755,19171,22319,114192,"{""sounds"":""Deci44100_CCES_010_2435.mp3"",""subject_id"":""Deci44100_CCES_010_2435"",""#feedback_1_id"":"""",""#feedback_1_answer"":"""",""#feedback_1_failureMessage"":"""",""#feedback_1_successMessage"":""""}","{""0"":""https://panoptes-uploads.zooniverse.org/subject_location/383b2174-f449-47a3-8281-ad7c4a5595db.mpga""}",0,,,2023-06-22 00:33:54 UTC,2023-06-22 00:33:54 UTC
90194756,19171,22319,114192,"{""sounds"":""Deci44100_CCES_010_2437.mp3"",""subject_id"":""Deci44100_CCES_010_2437"",""#feedback_1_id"":"""",""#feedback_1_answer"":"""",""#feedback_1_failureMessage"":"""",""#feedback_1_successMessage"":""""}","{""0"":""https://panoptes-uploads.zooniverse.org/subject_location/47d22134-4ea3-4dd6-925d-5460c3550c46.mpga""}",0,,,2023-06-22 00:33:54 UTC,2023-06-22 00:33:54 UTC
90194757,19171,22319,114192,"{""sounds"":""Deci44100_CCES_010_2445.mp3"",""subject_id"":""Deci44100_CCES_010_2445"",""#feedback_1_id"":"""",""#feedback_1_answer"":"""",""#feedback_1_failureMessage"":"""",""#feedback_1_successMessage"":""""}","{""0"":""https://panoptes-uploads.zooniverse.org/subject_location/900c7dd0-e211-4b68-aabd-2fdf86f09aec.mpga""}",0,,,2023-06-22 00:33:55 UTC,2023-06-22 00:33:55 UTC
90194758,19171,22319,114192,"{""sounds"":""Deci44100_CCES_010_2461.mp3"",""subject_id"":""Deci44100_CCES_010_2461"",""#feedback_1_id"":"""",""#feedback_1_answer"":"""",""#feedback_1_failureMessage"":"""",""#feedback_1_successMessage"":""""}","{""0"":""https://panoptes-uploads.zooniverse.org/subject_location/9aa06cad-e9ae-4f7e-ac8c-2cda246c187c.mpga""}",0,,,2023-06-22 00:33:55 UTC,2023-06-22 00:33:55 UTC
90194759,19171,22319,114192,"{""sounds"":""Deci44100_CCES_010_2465.mp3"",""subject_id"":""Deci44100_CCES_010_2465"",""#feedback_1_id"":"""",""#feedback_1_answer"":"""",""#feedback_1_failureMessage"":"""",""#feedback_1_successMessage"":""""}","{""0"":""https://panoptes-uploads.zooniverse.org/subject_location/2f832c75-5893-47db-afdb-d252af7b176c.mpga""}",0,,,2023-06-22 00:33:55 UTC,2023-06-22 00:33:55 UTC
90194760,19171,22319,114192,"{""sounds"":""Deci44100_CCES_010_2474.mp3"",""subject_id"":""Deci44100_CCES_010_2474"",""#feedback_1_id"":"""",""#feedback_1_answer"":"""",""#feedback_1_failureMessage"":"""",""#feedback_1_successMessage"":""""}","{""0"":""https://panoptes-uploads.zooniverse.org/subject_location/a809c8c9-d001-4e99-8b01-0937ae8497fc.mpga""}",0,,,2023-06-22 00:33:56 UTC,2023-06-22 00:33:56 UTC
90194761,19171,22319,114192,"{""sounds"":""Deci44100_CCES_010_2499.mp3"",""subject_id"":""Deci44100_CCES_010_2499"",""#feedback_1_id"":"""",""#feedback_1_answer"":"""",""#feedback_1_failureMessage"":"""",""#feedback_1_successMessage"":""""}","{""0"":""https://panoptes-uploads.zooniverse.org/subject_location/ca10614e-6fc8-4de2-95ca-980a45d73ae4.mpga""}",0,,,2023-06-22 00:33:56 UTC,2023-06-22 00:33:56 UTC
90194762,19171,22319,114192,"{""sounds"":""Deci44100_CCES_010_250.mp3"",""subject_id"":""Deci44100_CCES_010_250"",""#feedback_1_id"":"""",""#feedback_1_answer"":"""",""#feedback_1_failureMessage"":"""",""#feedback_1_successMessage"":""""}","{""0"":""https://panoptes-uploads.zooniverse.org/subject_location/5afa169d-c505-4f45-8e05-ed81c2f9b10d.mpga""}",0,,,2023-06-22 00:33:57 UTC,2023-06-22 00:33:57 UTC
90194763,19171,22319,114192,"{""sounds"":""Deci44100_CCES_010_2516.mp3"",""subject_id"":""Deci44100_CCES_010_2516"",""#feedback_1_id"":"""",""#feedback_1_answer"":"""",""#feedback_1_failureMessage"":"""",""#feedback_1_successMessage"":""""}","{""0"":""https://panoptes-uploads.zooniverse.org/subject_location/ef668849-fe50-4046-9f72-f6067f79acd1.mpga""}",0,,,2023-06-22 00:33:57 UTC,2023-06-22 00:33:57 UTC
90194764,19171,22319,114192,"{""sounds"":""Deci44100_CCES_010_2544.mp3"",""subject_id"":""Deci44100_CCES_010_2544"",""#feedback_1_id"":"""",""#feedback_1_answer"":"""",""#feedback_1_failureMessage"":"""",""#feedback_1_successMessage"":""""}","{""0"":""https://panoptes-uploads.zooniverse.org/subject_location/f3f911dc-746b-4ddf-8d99-5e5452cc0a84.mpga""}",0,,,2023-06-22 00:33:57 UTC,2023-06-22 00:33:57 UTC
90194765,19171,22319,114192,"{""sounds"":""Deci44100_CCES_010_2551.mp3"",""subject_id"":""Deci44100_CCES_010_2551"",""#feedback_1_id"":"""",""#feedback_1_answer"":"""",""#feedback_1_failureMessage"":"""",""#feedback_1_successMessage"":""""}","{""0"":""https://panoptes-uploads.zooniverse.org/subject_location/a32ba693-ab80-4c58-b0aa-75d0b960548b.mpga""}",0,,,2023-06-22 00:33:58 UTC,2023-06-22 00:33:58 UTC
90194766,19171,22319,114192,"{""sounds"":""Deci44100_CCES_010_2555.mp3"",""subject_id"":""Deci44100_CCES_010_2555"",""#feedback_1_id"":"""",""#feedback_1_answer"":"""",""#feedback_1_failureMessage"":"""",""#feedback_1_successMessage"":""""}","{""0"":""https://panoptes-uploads.zooniverse.org/subject_location/0cf719fb-a09d-4cf5-9609-6abb262916a9.mpga""}",0,,,2023-06-22 00:33:58 UTC,2023-06-22 00:33:58 UTC
90194767,19171,22319,114192,"{""sounds"":""Deci44100_CCES_010_2562.mp3"",""subject_id"":""Deci44100_CCES_010_2562"",""#feedback_1_id"":"""",""#feedback_1_answer"":"""",""#feedback_1_failureMessage"":"""",""#feedback_1_successMessage"":""""}","{""0"":""https://panoptes-uploads.zooniverse.org/subject_location/cfe7e75d-dd05-4b16-9637-969e89ae061c.mpga""}",0,,,2023-06-22 00:33:59 UTC,2023-06-22 00:33:59 UTC
90194768,19171,22319,114192,"{""sounds"":""Deci44100_CCES_010_2563.mp3"",""subject_id"":""Deci44100_CCES_010_2563"",""#feedback_1_id"":"""",""#feedback_1_answer"":"""",""#feedback_1_failureMessage"":"""",""#feedback_1_successMessage"":""""}","{""0"":""https://panoptes-uploads.zooniverse.org/subject_location/6c91b291-afbe-4686-8060-fb3ab8edba80.mpga""}",0,,,2023-06-22 00:33:59 UTC,2023-06-22 00:33:59 UTC
90194769,19171,22319,114192,"{""sounds"":""Deci44100_CCES_010_2564.mp3"",""subject_id"":""Deci44100_CCES_010_2564"",""#feedback_1_id"":"""",""#feedback_1_answer"":"""",""#feedback_1_failureMessage"":"""",""#feedback_1_successMessage"":""""}","{""0"":""https://panoptes-uploads.zooniverse.org/subject_location/ff6ffe86-a9ef-40e9-87cc-3e4442df0777.mpga""}",0,,,2023-06-22 00:33:59 UTC,2023-06-22 00:33:59 UTC
90194770,19171,22319,114192,"{""sounds"":""Deci44100_CCES_010_2594.mp3"",""subject_id"":""Deci44100_CCES_010_2594"",""#feedback_1_id"":"""",""#feedback_1_answer"":"""",""#feedback_1_failureMessage"":"""",""#feedback_1_successMessage"":""""}","{""0"":""https://panoptes-uploads.zooniverse.org/subject_location/d6b3fed4-acc4-457e-ad93-99e2f5a1ca2f.mpga""}",0,,,2023-06-22 00:34:00 UTC,2023-06-22 00:34:00 UTC
90194771,19171,22319,114192,"{""sounds"":""Deci44100_CCES_010_260.mp3"",""subject_id"":""Deci44100_CCES_010_260"",""#feedback_1_id"":"""",""#feedback_1_answer"":"""",""#feedback_1_failureMessage"":"""",""#feedback_1_successMessage"":""""}","{""0"":""https://panoptes-uploads.zooniverse.org/subject_location/4f0109bc-36f0-4825-bf4d-1104f446fe8d.mpga""}",0,,,2023-06-22 00:34:00 UTC,2023-06-22 00:34:00 UTC
90194772,19171,22319,114192,"{""sounds"":""Deci44100_CCES_010_2605.mp3"",""subject_id"":""Deci44100_CCES_010_2605"",""#feedback_1_id"":"""",""#feedback_1_answer"":"""",""#feedback_1_failureMessage"":"""",""#feedback_1_successMessage"":""""}","{""0"":""https://panoptes-uploads.zooniverse.org/subject_location/889593b6-b8f2-4721-a91b-cc069cd46fcf.mpga""}",0,,,2023-06-22 00:34:01 UTC,2023-06-22 00:34:01 UTC
90194773,19171,22319,114192,"{""sounds"":""Deci44100_CCES_010_2633.mp3"",""subject_id"":""Deci44100_CCES_010_2633"",""#feedback_1_id"":"""",""#feedback_1_answer"":"""",""#feedback_1_failureMessage"":"""",""#feedback_1_successMessage"":""""}","{""0"":""https://panoptes-uploads.zooniverse.org/subject_location/e2b62bda-f00b-40e7-9cba-2c40fda5bd18.mpga""}",0,,,2023-06-22 00:34:01 UTC,2023-06-22 00:34:01 UTC
90194774,19171,22319,114192,"{""sounds"":""Deci44100_CCES_010_2636.mp3"",""subject_id"":""Deci44100_CCES_010_2636"",""#feedback_1_id"":"""",""#feedback_1_answer"":"""",""#feedback_1_failureMessage"":"""",""#feedback_1_successMessage"":""""}","{""0"":""https://panoptes-uploads.zooniverse.org/subject_location/d40031f7-abde-42dc-bf61-5652397855d3.mpga""}",0,,,2023-06-22 00:34:01 UTC,2023-06-22 00:34:01 UTC
90194775,19171,22319,114192,"{""sounds"":""Deci44100_CCES_010_2641.mp3"",""subject_id"":""Deci44100_CCES_010_2641"",""#feedback_1_id"":"""",""#feedback_1_answer"":"""",""#feedback_1_failureMessage"":"""",""#feedback_1_successMessage"":""""}","{""0"":""https://panoptes-uploads.zooniverse.org/subject_location/49047026-00cd-4237-96fb-1f0728ffb378.mpga""}",0,,,2023-06-22 00:34:02 UTC,2023-06-22 00:34:02 UTC
90194776,19171,22319,114192,"{""sounds"":""Deci44100_CCES_010_2644.mp3"",""subject_id"":""Deci44100_CCES_010_2644"",""#feedback_1_id"":"""",""#feedback_1_answer"":"""",""#feedback_1_failureMessage"":"""",""#feedback_1_successMessage"":""""}","{""0"":""https://panoptes-uploads.zooniverse.org/subject_location/cb66d841-bf97-4c72-a1dc-dda80281afa1.mpga""}",0,,,2023-06-22 00:34:02 UTC,2023-06-22 00:34:02 UTC
90194777,19171,22319,114192,"{""sounds"":""Deci44100_CCES_010_2655.mp3"",""subject_id"":""Deci44100_CCES_010_2655"",""#feedback_1_id"":"""",""#feedback_1_answer"":"""",""#feedback_1_failureMessage"":"""",""#feedback_1_successMessage"":""""}","{""0"":""https://panoptes-uploads.zooniverse.org/subject_location/4bce2366-bcbd-4e9e-a347-2168744d5159.mpga""}",0,,,2023-06-22 00:34:02 UTC,2023-06-22 00:34:02 UTC
90194778,19171,22319,114192,"{""sounds"":""Deci44100_CCES_010_266.mp3"",""subject_id"":""Deci44100_CCES_010_266"",""#feedback_1_id"":"""",""#feedback_1_answer"":"""",""#feedback_1_failureMessage"":"""",""#feedback_1_successMessage"":""""}","{""0"":""https://panoptes-uploads.zooniverse.org/subject_location/83133f1a-32b7-43b4-993a-46144f06f594.mpga""}",0,,,2023-06-22 00:34:03 UTC,2023-06-22 00:34:03 UTC
90194779,19171,22319,114192,"{""sounds"":""Deci44100_CCES_010_2661.mp3"",""subject_id"":""Deci44100_CCES_010_2661"",""#feedback_1_id"":"""",""#feedback_1_answer"":"""",""#feedback_1_failureMessage"":"""",""#feedback_1_successMessage"":""""}","{""0"":""https://panoptes-uploads.zooniverse.org/subject_location/a6102e5f-a771-4c2d-b7ff-17e33ee7bb1a.mpga""}",0,,,2023-06-22 00:34:03 UTC,2023-06-22 00:34:03 UTC
90194780,19171,22319,114192,"{""sounds"":""Deci44100_CCES_010_2679.mp3"",""subject_id"":""Deci44100_CCES_010_2679"",""#feedback_1_id"":"""",""#feedback_1_answer"":"""",""#feedback_1_failureMessage"":"""",""#feedback_1_successMessage"":""""}","{""0"":""https://panoptes-uploads.zooniverse.org/subject_location/19d3d473-4207-48d8-a2cc-2ac2d24d2593.mpga""}",0,,,2023-06-22 00:34:04 UTC,2023-06-22 00:34:04 UTC
90194781,19171,22319,114192,"{""sounds"":""Deci44100_CCES_010_268.mp3"",""subject_id"":""Deci44100_CCES_010_268"",""#feedback_1_id"":"""",""#feedback_1_answer"":"""",""#feedback_1_failureMessage"":"""",""#feedback_1_successMessage"":""""}","{""0"":""https://panoptes-uploads.zooniverse.org/subject_location/5f8cedad-d83a-4c33-b2fb-95098e47d9d4.mpga""}",0,,,2023-06-22 00:34:04 UTC,2023-06-22 00:34:04 UTC
90194782,19171,22319,114192,"{""sounds"":""Deci44100_CCES_010_2686.mp3"",""subject_id"":""Deci44100_CCES_010_2686"",""#feedback_1_id"":"""",""#feedback_1_answer"":"""",""#feedback_1_failureMessage"":"""",""#feedback_1_successMessage"":""""}","{""0"":""https://panoptes-uploads.zooniverse.org/subject_location/74a0e51c-093a-4555-8333-8d27f8d0267d.mpga""}",0,,,2023-06-22 00:34:04 UTC,2023-06-22 00:34:04 UTC
90194783,19171,22319,114192,"{""sounds"":""Deci44100_CCES_010_2687.mp3"",""subject_id"":""Deci44100_CCES_010_2687"",""#feedback_1_id"":"""",""#feedback_1_answer"":"""",""#feedback_1_failureMessage"":"""",""#feedback_1_successMessage"":""""}","{""0"":""https://panoptes-uploads.zooniverse.org/subject_location/a090b810-0f50-4a97-bb32-9241e9533d3a.mpga""}",0,,,2023-06-22 00:34:05 UTC,2023-06-22 00:34:05 UTC
90194784,19171,22319,114192,"{""sounds"":""Deci44100_CCES_010_2690.mp3"",""subject_id"":""Deci44100_CCES_010_2690"",""#feedback_1_id"":"""",""#feedback_1_answer"":"""",""#feedback_1_failureMessage"":"""",""#feedback_1_successMessage"":""""}","{""0"":""https://panoptes-uploads.zooniverse.org/subject_location/6efa3bf0-4ad1-450f-a477-10ce32de2093.mpga""}",0,,,2023-06-22 00:34:05 UTC,2023-06-22 00:34:05 UTC
90194785,19171,22319,114192,"{""sounds"":""Deci44100_CCES_010_2702.mp3"",""subject_id"":""Deci44100_CCES_010_2702"",""#feedback_1_id"":"""",""#feedback_1_answer"":"""",""#feedback_1_failureMessage"":"""",""#feedback_1_successMessage"":""""}","{""0"":""https://panoptes-uploads.zooniverse.org/subject_location/eb3eff4a-a922-4ad9-a77c-dd882b541f28.mpga""}",0,,,2023-06-22 00:34:05 UTC,2023-06-22 00:34:05 UTC
90194786,19171,22319,114192,"{""sounds"":""Deci44100_CCES_010_2703.mp3"",""subject_id"":""Deci44100_CCES_010_2703"",""#feedback_1_id"":"""",""#feedback_1_answer"":"""",""#feedback_1_failureMessage"":"""",""#feedback_1_successMessage"":""""}","{""0"":""https://panoptes-uploads.zooniverse.org/subject_location/38499098-30a1-4091-bcd6-6b661639c03a.mpga""}",0,,,2023-06-22 00:34:06 UTC,2023-06-22 00:34:06 UTC
90194787,19171,22319,114192,"{""sounds"":""Deci44100_CCES_010_2705.mp3"",""subject_id"":""Deci44100_CCES_010_2705"",""#feedback_1_id"":"""",""#feedback_1_answer"":"""",""#feedback_1_failureMessage"":"""",""#feedback_1_successMessage"":""""}","{""0"":""https://panoptes-uploads.zooniverse.org/subject_location/0ec21c16-615b-4c7b-97f6-b60a6c0769b1.mpga""}",0,,,2023-06-22 00:34:06 UTC,2023-06-22 00:34:06 UTC
90194788,19171,22319,114192,"{""sounds"":""Deci44100_CCES_010_2709.mp3"",""subject_id"":""Deci44100_CCES_010_2709"",""#feedback_1_id"":"""",""#feedback_1_answer"":"""",""#feedback_1_failureMessage"":"""",""#feedback_1_successMessage"":""""}","{""0"":""https://panoptes-uploads.zooniverse.org/subject_location/2b798b1e-92ca-4f98-aa87-02ed5f38ea06.mpga""}",0,,,2023-06-22 00:34:07 UTC,2023-06-22 00:34:07 UTC
90194789,19171,22319,114192,"{""sounds"":""Deci44100_CCES_010_2711.mp3"",""subject_id"":""Deci44100_CCES_010_2711"",""#feedback_1_id"":"""",""#feedback_1_answer"":"""",""#feedback_1_failureMessage"":"""",""#feedback_1_successMessage"":""""}","{""0"":""https://panoptes-uploads.zooniverse.org/subject_location/4af9b58a-eca1-44ce-9346-d39f84655567.mpga""}",0,,,2023-06-22 00:34:07 UTC,2023-06-22 00:34:07 UTC
90194790,19171,22319,114192,"{""sounds"":""Deci44100_CCES_010_2715.mp3"",""subject_id"":""Deci44100_CCES_010_2715"",""#feedback_1_id"":"""",""#feedback_1_answer"":"""",""#feedback_1_failureMessage"":"""",""#feedback_1_successMessage"":""""}","{""0"":""https://panoptes-uploads.zooniverse.org/subject_location/d168ffd5-0d59-43ed-99aa-c9c226940b18.mpga""}",0,,,2023-06-22 00:34:07 UTC,2023-06-22 00:34:07 UTC
90194791,19171,22319,114192,"{""sounds"":""Deci44100_CCES_010_2723.mp3"",""subject_id"":""Deci44100_CCES_010_2723"",""#feedback_1_id"":"""",""#feedback_1_answer"":"""",""#feedback_1_failureMessage"":"""",""#feedback_1_successMessage"":""""}","{""0"":""https://panoptes-uploads.zooniverse.org/subject_location/c71fd8b3-b329-4b3d-b9ec-7ad33229c82e.mpga""}",0,,,2023-06-22 00:34:08 UTC,2023-06-22 00:34:08 UTC
90194792,19171,22319,114192,"{""sounds"":""Deci44100_CCES_010_2725.mp3"",""subject_id"":""Deci44100_CCES_010_2725"",""#feedback_1_id"":"""",""#feedback_1_answer"":"""",""#feedback_1_failureMessage"":"""",""#feedback_1_successMessage"":""""}","{""0"":""https://panoptes-uploads.zooniverse.org/subject_location/d6f8f29e-3da2-44a3-84ce-97b77c67edc9.mpga""}",0,,,2023-06-22 00:34:08 UTC,2023-06-22 00:34:08 UTC
90194793,19171,22319,114192,"{""sounds"":""Deci44100_CCES_010_2726.mp3"",""subject_id"":""Deci44100_CCES_010_2726"",""#feedback_1_id"":"""",""#feedback_1_answer"":"""",""#feedback_1_failureMessage"":"""",""#feedback_1_successMessage"":""""}","{""0"":""https://panoptes-uploads.zooniverse.org/subject_location/4a63bdbb-5d3e-4983-820a-f5c4022bf6e2.mpga""}",0,,,2023-06-22 00:34:08 UTC,2023-06-22 00:34:08 UTC
90194794,19171,22319,114192,"{""sounds"":""Deci44100_CCES_010_2727.mp3"",""subject_id"":""Deci44100_CCES_010_2727"",""#feedback_1_id"":"""",""#feedback_1_answer"":"""",""#feedback_1_failureMessage"":"""",""#feedback_1_successMessage"":""""}","{""0"":""https://panoptes-uploads.zooniverse.org/subject_location/7ac893f1-4955-49c2-bac8-cbcd5bbb650d.mpga""}",0,,,2023-06-22 00:34:09 UTC,2023-06-22 00:34:09 UTC
90194795,19171,22319,114192,"{""sounds"":""Deci44100_CCES_010_2732.mp3"",""subject_id"":""Deci44100_CCES_010_2732"",""#feedback_1_id"":"""",""#feedback_1_answer"":"""",""#feedback_1_failureMessage"":"""",""#feedback_1_successMessage"":""""}","{""0"":""https://panoptes-uploads.zooniverse.org/subject_location/0abe78db-b76f-4a6a-8515-4fb1f1158364.mpga""}",0,,,2023-06-22 00:34:09 UTC,2023-06-22 00:34:09 UTC
90194796,19171,22319,114192,"{""sounds"":""Deci44100_CCES_010_2736.mp3"",""subject_id"":""Deci44100_CCES_010_2736"",""#feedback_1_id"":"""",""#feedback_1_answer"":"""",""#feedback_1_failureMessage"":"""",""#feedback_1_successMessage"":""""}","{""0"":""https://panoptes-uploads.zooniverse.org/subject_location/071287d3-a007-498a-90db-834b84bb1f3a.mpga""}",0,,,2023-06-22 00:34:10 UTC,2023-06-22 00:34:10 UTC
90194797,19171,22319,114192,"{""sounds"":""Deci44100_CCES_010_2737.mp3"",""subject_id"":""Deci44100_CCES_010_2737"",""#feedback_1_id"":"""",""#feedback_1_answer"":"""",""#feedback_1_failureMessage"":"""",""#feedback_1_successMessage"":""""}","{""0"":""https://panoptes-uploads.zooniverse.org/subject_location/f86f894c-0a5a-4263-84b9-5f5449567396.mpga""}",0,,,2023-06-22 00:34:10 UTC,2023-06-22 00:34:10 UTC
90194798,19171,22319,114192,"{""sounds"":""Deci44100_CCES_010_2746.mp3"",""subject_id"":""Deci44100_CCES_010_2746"",""#feedback_1_id"":"""",""#feedback_1_answer"":"""",""#feedback_1_failureMessage"":"""",""#feedback_1_successMessage"":""""}","{""0"":""https://panoptes-uploads.zooniverse.org/subject_location/8528d059-c42e-49b1-b14c-bc502114e137.mpga""}",0,,,2023-06-22 00:34:10 UTC,2023-06-22 00:34:10 UTC
90194799,19171,22319,114192,"{""sounds"":""Deci44100_CCES_010_2747.mp3"",""subject_id"":""Deci44100_CCES_010_2747"",""#feedback_1_id"":"""",""#feedback_1_answer"":"""",""#feedback_1_failureMessage"":"""",""#feedback_1_successMessage"":""""}","{""0"":""https://panoptes-uploads.zooniverse.org/subject_location/3c2dd6c4-dad2-46a8-937d-0cda65416d0d.mpga""}",0,,,2023-06-22 00:34:11 UTC,2023-06-22 00:34:11 UTC
90194800,19171,22319,114192,"{""sounds"":""Deci44100_CCES_010_2755.mp3"",""subject_id"":""Deci44100_CCES_010_2755"",""#feedback_1_id"":"""",""#feedback_1_answer"":"""",""#feedback_1_failureMessage"":"""",""#feedback_1_successMessage"":""""}","{""0"":""https://panoptes-uploads.zooniverse.org/subject_location/c9a9a92d-fe12-4ab9-ba56-11a7f2aa31d8.mpga""}",0,,,2023-06-22 00:34:11 UTC,2023-06-22 00:34:11 UTC
90194801,19171,22319,114192,"{""sounds"":""Deci44100_CCES_010_2782.mp3"",""subject_id"":""Deci44100_CCES_010_2782"",""#feedback_1_id"":"""",""#feedback_1_answer"":"""",""#feedback_1_failureMessage"":"""",""#feedback_1_successMessage"":""""}","{""0"":""https://panoptes-uploads.zooniverse.org/subject_location/16701955-b8b4-4f57-b1f6-dc59e33f3783.mpga""}",0,,,2023-06-22 00:34:11 UTC,2023-06-22 00:34:11 UTC
90194802,19171,22319,114192,"{""sounds"":""Deci44100_CCES_010_2792.mp3"",""subject_id"":""Deci44100_CCES_010_2792"",""#feedback_1_id"":"""",""#feedback_1_answer"":"""",""#feedback_1_failureMessage"":"""",""#feedback_1_successMessage"":""""}","{""0"":""https://panoptes-uploads.zooniverse.org/subject_location/a7759292-07d7-419e-92e8-a3e12a95b449.mpga""}",0,,,2023-06-22 00:34:12 UTC,2023-06-22 00:34:12 UTC
90194803,19171,22319,114192,"{""sounds"":""Deci44100_CCES_010_2802.mp3"",""subject_id"":""Deci44100_CCES_010_2802"",""#feedback_1_id"":"""",""#feedback_1_answer"":"""",""#feedback_1_failureMessage"":"""",""#feedback_1_successMessage"":""""}","{""0"":""https://panoptes-uploads.zooniverse.org/subject_location/ed29751d-062c-47e6-9a97-9b085a670fd6.mpga""}",0,,,2023-06-22 00:34:12 UTC,2023-06-22 00:34:12 UTC
90194804,19171,22319,114192,"{""sounds"":""Deci44100_CCES_010_281.mp3"",""subject_id"":""Deci44100_CCES_010_281"",""#feedback_1_id"":"""",""#feedback_1_answer"":"""",""#feedback_1_failureMessage"":"""",""#feedback_1_successMessage"":""""}","{""0"":""https://panoptes-uploads.zooniverse.org/subject_location/1220d870-3961-43df-9979-10f25f9ab419.mpga""}",0,,,2023-06-22 00:34:13 UTC,2023-06-22 00:34:13 UTC
90194805,19171,22319,114192,"{""sounds"":""Deci44100_CCES_010_2819.mp3"",""subject_id"":""Deci44100_CCES_010_2819"",""#feedback_1_id"":"""",""#feedback_1_answer"":"""",""#feedback_1_failureMessage"":"""",""#feedback_1_successMessage"":""""}","{""0"":""https://panoptes-uploads.zooniverse.org/subject_location/494000b5-7e4b-4424-a5e3-530904eedadb.mpga""}",0,,,2023-06-22 00:34:13 UTC,2023-06-22 00:34:13 UTC
90194806,19171,22319,114192,"{""sounds"":""Deci44100_CCES_010_2831.mp3"",""subject_id"":""Deci44100_CCES_010_2831"",""#feedback_1_id"":"""",""#feedback_1_answer"":"""",""#feedback_1_failureMessage"":"""",""#feedback_1_successMessage"":""""}","{""0"":""https://panoptes-uploads.zooniverse.org/subject_location/3d9cc0a4-1a23-4866-ad59-0b4991872552.mpga""}",0,,,2023-06-22 00:34:13 UTC,2023-06-22 00:34:13 UTC
90194807,19171,22319,114192,"{""sounds"":""Deci44100_CCES_010_2847.mp3"",""subject_id"":""Deci44100_CCES_010_2847"",""#feedback_1_id"":"""",""#feedback_1_answer"":"""",""#feedback_1_failureMessage"":"""",""#feedback_1_successMessage"":""""}","{""0"":""https://panoptes-uploads.zooniverse.org/subject_location/58d53db8-a1e4-4f1a-8377-6cdc3bdcb1a7.mpga""}",0,,,2023-06-22 00:34:14 UTC,2023-06-22 00:34:14 UTC
90194808,19171,22319,114192,"{""sounds"":""Deci44100_CCES_010_2858.mp3"",""subject_id"":""Deci44100_CCES_010_2858"",""#feedback_1_id"":"""",""#feedback_1_answer"":"""",""#feedback_1_failureMessage"":"""",""#feedback_1_successMessage"":""""}","{""0"":""https://panoptes-uploads.zooniverse.org/subject_location/01739856-31b2-45d8-85ba-26a89e1d1822.mpga""}",0,,,2023-06-22 00:34:14 UTC,2023-06-22 00:34:14 UTC
90194809,19171,22319,114192,"{""sounds"":""Deci44100_CCES_010_2866.mp3"",""subject_id"":""Deci44100_CCES_010_2866"",""#feedback_1_id"":"""",""#feedback_1_answer"":"""",""#feedback_1_failureMessage"":"""",""#feedback_1_successMessage"":""""}","{""0"":""https://panoptes-uploads.zooniverse.org/subject_location/bfeb72d7-7f86-477b-93ad-95604052e154.mpga""}",0,,,2023-06-22 00:34:14 UTC,2023-06-22 00:34:14 UTC
90194810,19171,22319,114192,"{""sounds"":""Deci44100_CCES_010_29.mp3"",""subject_id"":""Deci44100_CCES_010_29"",""#feedback_1_id"":"""",""#feedback_1_answer"":"""",""#feedback_1_failureMessage"":"""",""#feedback_1_successMessage"":""""}","{""0"":""https://panoptes-uploads.zooniverse.org/subject_location/64acb6e7-008b-4add-a15c-4ca15e22a27c.mpga""}",0,,,2023-06-22 00:34:15 UTC,2023-06-22 00:34:15 UTC
90194811,19171,22319,114192,"{""sounds"":""Deci44100_CCES_010_2918.mp3"",""subject_id"":""Deci44100_CCES_010_2918"",""#feedback_1_id"":"""",""#feedback_1_answer"":"""",""#feedback_1_failureMessage"":"""",""#feedback_1_successMessage"":""""}","{""0"":""https://panoptes-uploads.zooniverse.org/subject_location/d8b4bb32-d4c6-4c4c-9a63-c048c8037d4f.mpga""}",1,,,2023-06-22 00:34:15 UTC,2023-06-22 00:34:15 UTC
90194812,19171,22319,114192,"{""sounds"":""Deci44100_CCES_010_2938.mp3"",""subject_id"":""Deci44100_CCES_010_2938"",""#feedback_1_id"":"""",""#feedback_1_answer"":"""",""#feedback_1_failureMessage"":"""",""#feedback_1_successMessage"":""""}","{""0"":""https://panoptes-uploads.zooniverse.org/subject_location/9915b644-150d-40b4-b59d-68bdf127f45d.mpga""}",0,,,2023-06-22 00:34:15 UTC,2023-06-22 00:34:15 UTC
90194813,19171,22319,114192,"{""sounds"":""Deci44100_CCES_010_2941.mp3"",""subject_id"":""Deci44100_CCES_010_2941"",""#feedback_1_id"":"""",""#feedback_1_answer"":"""",""#feedback_1_failureMessage"":"""",""#feedback_1_successMessage"":""""}","{""0"":""https://panoptes-uploads.zooniverse.org/subject_location/309844dc-ee0d-4b1c-8e2e-2ebc93900c48.mpga""}",0,,,2023-06-22 00:34:16 UTC,2023-06-22 00:34:16 UTC
90194814,19171,22319,114192,"{""sounds"":""Deci44100_CCES_010_2952.mp3"",""subject_id"":""Deci44100_CCES_010_2952"",""#feedback_1_id"":"""",""#feedback_1_answer"":"""",""#feedback_1_failureMessage"":"""",""#feedback_1_successMessage"":""""}","{""0"":""https://panoptes-uploads.zooniverse.org/subject_location/7aac5b3c-76eb-42b3-bd15-98f71d489a4d.mpga""}",0,,,2023-06-22 00:34:16 UTC,2023-06-22 00:34:16 UTC
90194815,19171,22319,114192,"{""sounds"":""Deci44100_CCES_010_2956.mp3"",""subject_id"":""Deci44100_CCES_010_2956"",""#feedback_1_id"":"""",""#feedback_1_answer"":"""",""#feedback_1_failureMessage"":"""",""#feedback_1_successMessage"":""""}","{""0"":""https://panoptes-uploads.zooniverse.org/subject_location/034f72ba-5160-4e32-a3db-cee563402059.mpga""}",0,,,2023-06-22 00:34:17 UTC,2023-06-22 00:34:17 UTC
90194816,19171,22319,114192,"{""sounds"":""Deci44100_CCES_010_2960.mp3"",""subject_id"":""Deci44100_CCES_010_2960"",""#feedback_1_id"":"""",""#feedback_1_answer"":"""",""#feedback_1_failureMessage"":"""",""#feedback_1_successMessage"":""""}","{""0"":""https://panoptes-uploads.zooniverse.org/subject_location/a89423b3-9fb4-4df3-92ec-53db84196041.mpga""}",0,,,2023-06-22 00:34:17 UTC,2023-06-22 00:34:17 UTC
90194817,19171,22319,114192,"{""sounds"":""Deci44100_CCES_010_297.mp3"",""subject_id"":""Deci44100_CCES_010_297"",""#feedback_1_id"":"""",""#feedback_1_answer"":"""",""#feedback_1_failureMessage"":"""",""#feedback_1_successMessage"":""""}","{""0"":""https://panoptes-uploads.zooniverse.org/subject_location/730c57e1-f5f3-46fe-be3b-c1a1081dd1cd.mpga""}",0,,,2023-06-22 00:34:17 UTC,2023-06-22 00:34:17 UTC
90194818,19171,22319,114192,"{""sounds"":""Deci44100_CCES_010_2973.mp3"",""subject_id"":""Deci44100_CCES_010_2973"",""#feedback_1_id"":"""",""#feedback_1_answer"":"""",""#feedback_1_failureMessage"":"""",""#feedback_1_successMessage"":""""}","{""0"":""https://panoptes-uploads.zooniverse.org/subject_location/82348bd6-2507-4811-b14c-11a04264c2ee.mpga""}",0,,,2023-06-22 00:34:18 UTC,2023-06-22 00:34:18 UTC
90194819,19171,22319,114192,"{""sounds"":""Deci44100_CCES_010_2986.mp3"",""subject_id"":""Deci44100_CCES_010_2986"",""#feedback_1_id"":"""",""#feedback_1_answer"":"""",""#feedback_1_failureMessage"":"""",""#feedback_1_successMessage"":""""}","{""0"":""https://panoptes-uploads.zooniverse.org/subject_location/0444edd6-208a-4913-9003-50e72e5dea88.mpga""}",1,,,2023-06-22 00:34:18 UTC,2023-06-22 00:34:18 UTC
90194820,19171,22319,114192,"{""sounds"":""Deci44100_CCES_010_299.mp3"",""subject_id"":""Deci44100_CCES_010_299"",""#feedback_1_id"":"""",""#feedback_1_answer"":"""",""#feedback_1_failureMessage"":"""",""#feedback_1_successMessage"":""""}","{""0"":""https://panoptes-uploads.zooniverse.org/subject_location/54c2f7e9-096b-4a7e-b2d4-69bbc9e146be.mpga""}",0,,,2023-06-22 00:34:18 UTC,2023-06-22 00:34:18 UTC
90194821,19171,22319,114192,"{""sounds"":""Deci44100_CCES_010_2990.mp3"",""subject_id"":""Deci44100_CCES_010_2990"",""#feedback_1_id"":"""",""#feedback_1_answer"":"""",""#feedback_1_failureMessage"":"""",""#feedback_1_successMessage"":""""}","{""0"":""https://panoptes-uploads.zooniverse.org/subject_location/3b9fa808-042d-4eb5-b900-3b362115c4d5.mpga""}",0,,,2023-06-22 00:34:19 UTC,2023-06-22 00:34:19 UTC
90194822,19171,22319,114192,"{""sounds"":""Deci44100_CCES_010_3013.mp3"",""subject_id"":""Deci44100_CCES_010_3013"",""#feedback_1_id"":"""",""#feedback_1_answer"":"""",""#feedback_1_failureMessage"":"""",""#feedback_1_successMessage"":""""}","{""0"":""https://panoptes-uploads.zooniverse.org/subject_location/39e229ce-2067-4230-bdb7-e6cbeb5c979f.mpga""}",0,,,2023-06-22 00:34:19 UTC,2023-06-22 00:34:19 UTC
90194823,19171,22319,114192,"{""sounds"":""Deci44100_CCES_010_3020.mp3"",""subject_id"":""Deci44100_CCES_010_3020"",""#feedback_1_id"":"""",""#feedback_1_answer"":"""",""#feedback_1_failureMessage"":"""",""#feedback_1_successMessage"":""""}","{""0"":""https://panoptes-uploads.zooniverse.org/subject_location/79f08ec1-f629-4888-aff3-b1269b52001c.mpga""}",0,,,2023-06-22 00:34:20 UTC,2023-06-22 00:34:20 UTC
90194824,19171,22319,114192,"{""sounds"":""Deci44100_CCES_010_3029.mp3"",""subject_id"":""Deci44100_CCES_010_3029"",""#feedback_1_id"":"""",""#feedback_1_answer"":"""",""#feedback_1_failureMessage"":"""",""#feedback_1_successMessage"":""""}","{""0"":""https://panoptes-uploads.zooniverse.org/subject_location/0f96c27b-cb6d-4b49-bf31-c9275755315b.mpga""}",0,,,2023-06-22 00:34:20 UTC,2023-06-22 00:34:20 UTC
90194825,19171,22319,114192,"{""sounds"":""Deci44100_CCES_010_304.mp3"",""subject_id"":""Deci44100_CCES_010_304"",""#feedback_1_id"":"""",""#feedback_1_answer"":"""",""#feedback_1_failureMessage"":"""",""#feedback_1_successMessage"":""""}","{""0"":""https://panoptes-uploads.zooniverse.org/subject_location/2e472ceb-1acf-4f3c-a12a-4a588f80b59d.mpga""}",0,,,2023-06-22 00:34:20 UTC,2023-06-22 00:34:20 UTC
90194826,19171,22319,114192,"{""sounds"":""Deci44100_CCES_010_3040.mp3"",""subject_id"":""Deci44100_CCES_010_3040"",""#feedback_1_id"":"""",""#feedback_1_answer"":"""",""#feedback_1_failureMessage"":"""",""#feedback_1_successMessage"":""""}","{""0"":""https://panoptes-uploads.zooniverse.org/subject_location/37b09bae-bb40-46e0-9ea0-007a1a66dc3a.mpga""}",0,,,2023-06-22 00:34:21 UTC,2023-06-22 00:34:21 UTC
90194827,19171,22319,114192,"{""sounds"":""Deci44100_CCES_010_3043.mp3"",""subject_id"":""Deci44100_CCES_010_3043"",""#feedback_1_id"":"""",""#feedback_1_answer"":"""",""#feedback_1_failureMessage"":"""",""#feedback_1_successMessage"":""""}","{""0"":""https://panoptes-uploads.zooniverse.org/subject_location/28b370f4-db12-4d14-89c5-4cbb6c4827dc.mpga""}",0,,,2023-06-22 00:34:21 UTC,2023-06-22 00:34:21 UTC
90194828,19171,22319,114192,"{""sounds"":""Deci44100_CCES_010_3055.mp3"",""subject_id"":""Deci44100_CCES_010_3055"",""#feedback_1_id"":"""",""#feedback_1_answer"":"""",""#feedback_1_failureMessage"":"""",""#feedback_1_successMessage"":""""}","{""0"":""https://panoptes-uploads.zooniverse.org/subject_location/6ac74d2d-049e-40d1-8008-a8600e8d767e.mpga""}",0,,,2023-06-22 00:34:21 UTC,2023-06-22 00:34:21 UTC
90194829,19171,22319,114192,"{""sounds"":""Deci44100_CCES_010_3057.mp3"",""subject_id"":""Deci44100_CCES_010_3057"",""#feedback_1_id"":"""",""#feedback_1_answer"":"""",""#feedback_1_failureMessage"":"""",""#feedback_1_successMessage"":""""}","{""0"":""https://panoptes-uploads.zooniverse.org/subject_location/d08aa98e-b9b1-460e-ba7e-bb401667240b.mpga""}",0,,,2023-06-22 00:34:22 UTC,2023-06-22 00:34:22 UTC
90194830,19171,22319,114192,"{""sounds"":""Deci44100_CCES_010_306.mp3"",""subject_id"":""Deci44100_CCES_010_306"",""#feedback_1_id"":"""",""#feedback_1_answer"":"""",""#feedback_1_failureMessage"":"""",""#feedback_1_successMessage"":""""}","{""0"":""https://panoptes-uploads.zooniverse.org/subject_location/4e234783-6f50-4feb-80ba-1e7b7948e338.mpga""}",0,,,2023-06-22 00:34:22 UTC,2023-06-22 00:34:22 UTC
90194831,19171,22319,114192,"{""sounds"":""Deci44100_CCES_010_3074.mp3"",""subject_id"":""Deci44100_CCES_010_3074"",""#feedback_1_id"":"""",""#feedback_1_answer"":"""",""#feedback_1_failureMessage"":"""",""#feedback_1_successMessage"":""""}","{""0"":""https://panoptes-uploads.zooniverse.org/subject_location/e7b19346-1716-4f5d-b830-2de04ba7ce3f.mpga""}",0,,,2023-06-22 00:34:23 UTC,2023-06-22 00:34:23 UTC
90194832,19171,22319,114192,"{""sounds"":""Deci44100_CCES_010_3086.mp3"",""subject_id"":""Deci44100_CCES_010_3086"",""#feedback_1_id"":"""",""#feedback_1_answer"":"""",""#feedback_1_failureMessage"":"""",""#feedback_1_successMessage"":""""}","{""0"":""https://panoptes-uploads.zooniverse.org/subject_location/f393a2e4-340d-48c0-9c6f-7d42e113925b.mpga""}",0,,,2023-06-22 00:34:23 UTC,2023-06-22 00:34:23 UTC
90194833,19171,22319,114192,"{""sounds"":""Deci44100_CCES_010_309.mp3"",""subject_id"":""Deci44100_CCES_010_309"",""#feedback_1_id"":"""",""#feedback_1_answer"":"""",""#feedback_1_failureMessage"":"""",""#feedback_1_successMessage"":""""}","{""0"":""https://panoptes-uploads.zooniverse.org/subject_location/c812b61b-3e2c-4b82-b967-ab2ced264500.mpga""}",0,,,2023-06-22 00:34:23 UTC,2023-06-22 00:34:23 UTC
90194834,19171,22319,114192,"{""sounds"":""Deci44100_CCES_010_3092.mp3"",""subject_id"":""Deci44100_CCES_010_3092"",""#feedback_1_id"":"""",""#feedback_1_answer"":"""",""#feedback_1_failureMessage"":"""",""#feedback_1_successMessage"":""""}","{""0"":""https://panoptes-uploads.zooniverse.org/subject_location/123997f9-42d9-4487-80ee-dcd3d1d7741f.mpga""}",0,,,2023-06-22 00:34:24 UTC,2023-06-22 00:34:24 UTC
90194835,19171,22319,114192,"{""sounds"":""Deci44100_CCES_010_312.mp3"",""subject_id"":""Deci44100_CCES_010_312"",""#feedback_1_id"":"""",""#feedback_1_answer"":"""",""#feedback_1_failureMessage"":"""",""#feedback_1_successMessage"":""""}","{""0"":""https://panoptes-uploads.zooniverse.org/subject_location/fc77a693-0f48-4ad6-9aea-7bb1d5c2d0aa.mpga""}",0,,,2023-06-22 00:34:24 UTC,2023-06-22 00:34:24 UTC
90194836,19171,22319,114192,"{""sounds"":""Deci44100_CCES_010_3120.mp3"",""subject_id"":""Deci44100_CCES_010_3120"",""#feedback_1_id"":"""",""#feedback_1_answer"":"""",""#feedback_1_failureMessage"":"""",""#feedback_1_successMessage"":""""}","{""0"":""https://panoptes-uploads.zooniverse.org/subject_location/6a90b34a-e8db-44de-91df-28a49a5045d7.mpga""}",0,,,2023-06-22 00:34:25 UTC,2023-06-22 00:34:25 UTC
90194837,19171,22319,114192,"{""sounds"":""Deci44100_CCES_010_3121.mp3"",""subject_id"":""Deci44100_CCES_010_3121"",""#feedback_1_id"":"""",""#feedback_1_answer"":"""",""#feedback_1_failureMessage"":"""",""#feedback_1_successMessage"":""""}","{""0"":""https://panoptes-uploads.zooniverse.org/subject_location/3e427884-bf7c-4c37-a980-a47c56ff701e.mpga""}",0,,,2023-06-22 00:34:25 UTC,2023-06-22 00:34:25 UTC
90194838,19171,22319,114192,"{""sounds"":""Deci44100_CCES_010_3138.mp3"",""subject_id"":""Deci44100_CCES_010_3138"",""#feedback_1_id"":"""",""#feedback_1_answer"":"""",""#feedback_1_failureMessage"":"""",""#feedback_1_successMessage"":""""}","{""0"":""https://panoptes-uploads.zooniverse.org/subject_location/48eab549-4ba1-4331-8a7f-16e0aba25756.mpga""}",0,,,2023-06-22 00:34:25 UTC,2023-06-22 00:34:25 UTC
90194839,19171,22319,114192,"{""sounds"":""Deci44100_CCES_010_3141.mp3"",""subject_id"":""Deci44100_CCES_010_3141"",""#feedback_1_id"":"""",""#feedback_1_answer"":"""",""#feedback_1_failureMessage"":"""",""#feedback_1_successMessage"":""""}","{""0"":""https://panoptes-uploads.zooniverse.org/subject_location/f62ef436-d28b-4219-b9d9-4ad6b7fbe2b4.mpga""}",0,,,2023-06-22 00:34:26 UTC,2023-06-22 00:34:26 UTC
90194840,19171,22319,114192,"{""sounds"":""Deci44100_CCES_010_3143.mp3"",""subject_id"":""Deci44100_CCES_010_3143"",""#feedback_1_id"":"""",""#feedback_1_answer"":"""",""#feedback_1_failureMessage"":"""",""#feedback_1_successMessage"":""""}","{""0"":""https://panoptes-uploads.zooniverse.org/subject_location/cd7a755b-4652-4155-a572-389bb5b40004.mpga""}",0,,,2023-06-22 00:34:26 UTC,2023-06-22 00:34:26 UTC
90194841,19171,22319,114192,"{""sounds"":""Deci44100_CCES_010_3149.mp3"",""subject_id"":""Deci44100_CCES_010_3149"",""#feedback_1_id"":"""",""#feedback_1_answer"":"""",""#feedback_1_failureMessage"":"""",""#feedback_1_successMessage"":""""}","{""0"":""https://panoptes-uploads.zooniverse.org/subject_location/286abe4e-5a4e-4b04-9233-2adc4f3b11d7.mpga""}",0,,,2023-06-22 00:34:26 UTC,2023-06-22 00:34:26 UTC
90194842,19171,22319,114192,"{""sounds"":""Deci44100_CCES_010_3166.mp3"",""subject_id"":""Deci44100_CCES_010_3166"",""#feedback_1_id"":"""",""#feedback_1_answer"":"""",""#feedback_1_failureMessage"":"""",""#feedback_1_successMessage"":""""}","{""0"":""https://panoptes-uploads.zooniverse.org/subject_location/b58240ff-1928-4c37-a830-694e61e77398.mpga""}",0,,,2023-06-22 00:34:27 UTC,2023-06-22 00:34:27 UTC
90194843,19171,22319,114192,"{""sounds"":""Deci44100_CCES_010_3171.mp3"",""subject_id"":""Deci44100_CCES_010_3171"",""#feedback_1_id"":"""",""#feedback_1_answer"":"""",""#feedback_1_failureMessage"":"""",""#feedback_1_successMessage"":""""}","{""0"":""https://panoptes-uploads.zooniverse.org/subject_location/ca92d47f-c5fd-49c5-b17d-b62142760ad6.mpga""}",0,,,2023-06-22 00:34:27 UTC,2023-06-22 00:34:27 UTC
90194844,19171,22319,114192,"{""sounds"":""Deci44100_CCES_010_3185.mp3"",""subject_id"":""Deci44100_CCES_010_3185"",""#feedback_1_id"":"""",""#feedback_1_answer"":"""",""#feedback_1_failureMessage"":"""",""#feedback_1_successMessage"":""""}","{""0"":""https://panoptes-uploads.zooniverse.org/subject_location/6bcbd23d-e9da-4217-af93-274f3e66d12e.mpga""}",0,,,2023-06-22 00:34:28 UTC,2023-06-22 00:34:28 UTC
90194845,19171,22319,114192,"{""sounds"":""Deci44100_CCES_010_3186.mp3"",""subject_id"":""Deci44100_CCES_010_3186"",""#feedback_1_id"":"""",""#feedback_1_answer"":"""",""#feedback_1_failureMessage"":"""",""#feedback_1_successMessage"":""""}","{""0"":""https://panoptes-uploads.zooniverse.org/subject_location/722381f6-d02f-42cf-8cfc-f760d30164d7.mpga""}",0,,,2023-06-22 00:34:28 UTC,2023-06-22 00:34:28 UTC
90194846,19171,22319,114192,"{""sounds"":""Deci44100_CCES_010_3192.mp3"",""subject_id"":""Deci44100_CCES_010_3192"",""#feedback_1_id"":"""",""#feedback_1_answer"":"""",""#feedback_1_failureMessage"":"""",""#feedback_1_successMessage"":""""}","{""0"":""https://panoptes-uploads.zooniverse.org/subject_location/a00ffc6b-e717-4ea3-884e-077ab71ed163.mpga""}",0,,,2023-06-22 00:34:28 UTC,2023-06-22 00:34:28 UTC
90194847,19171,22319,114192,"{""sounds"":""Deci44100_CCES_010_3207.mp3"",""subject_id"":""Deci44100_CCES_010_3207"",""#feedback_1_id"":"""",""#feedback_1_answer"":"""",""#feedback_1_failureMessage"":"""",""#feedback_1_successMessage"":""""}","{""0"":""https://panoptes-uploads.zooniverse.org/subject_location/743afd5d-0e41-4cb4-aca5-546bfeeb7dec.mpga""}",0,,,2023-06-22 00:34:29 UTC,2023-06-22 00:34:29 UTC
90194848,19171,22319,114192,"{""sounds"":""Deci44100_CCES_010_3209.mp3"",""subject_id"":""Deci44100_CCES_010_3209"",""#feedback_1_id"":"""",""#feedback_1_answer"":"""",""#feedback_1_failureMessage"":"""",""#feedback_1_successMessage"":""""}","{""0"":""https://panoptes-uploads.zooniverse.org/subject_location/16b98d38-0d9b-4988-a3ca-fd0081b3f675.mpga""}",0,,,2023-06-22 00:34:29 UTC,2023-06-22 00:34:29 UTC
90194849,19171,22319,114192,"{""sounds"":""Deci44100_CCES_010_3215.mp3"",""subject_id"":""Deci44100_CCES_010_3215"",""#feedback_1_id"":"""",""#feedback_1_answer"":"""",""#feedback_1_failureMessage"":"""",""#feedback_1_successMessage"":""""}","{""0"":""https://panoptes-uploads.zooniverse.org/subject_location/36dfa5dc-5224-40d9-b7c4-3aaa550af866.mpga""}",0,,,2023-06-22 00:34:29 UTC,2023-06-22 00:34:29 UTC
90194850,19171,22319,114192,"{""sounds"":""Deci44100_CCES_010_322.mp3"",""subject_id"":""Deci44100_CCES_010_322"",""#feedback_1_id"":"""",""#feedback_1_answer"":"""",""#feedback_1_failureMessage"":"""",""#feedback_1_successMessage"":""""}","{""0"":""https://panoptes-uploads.zooniverse.org/subject_location/02adda10-6ea0-43ef-af4f-abd579796532.mpga""}",0,,,2023-06-22 00:34:30 UTC,2023-06-22 00:34:30 UTC
90194851,19171,22319,114192,"{""sounds"":""Deci44100_CCES_010_3234.mp3"",""subject_id"":""Deci44100_CCES_010_3234"",""#feedback_1_id"":"""",""#feedback_1_answer"":"""",""#feedback_1_failureMessage"":"""",""#feedback_1_successMessage"":""""}","{""0"":""https://panoptes-uploads.zooniverse.org/subject_location/5f7adc41-d82f-4d05-96dc-dfb42cc93afa.mpga""}",0,,,2023-06-22 00:34:30 UTC,2023-06-22 00:34:30 UTC
90194852,19171,22319,114192,"{""sounds"":""Deci44100_CCES_010_3238.mp3"",""subject_id"":""Deci44100_CCES_010_3238"",""#feedback_1_id"":"""",""#feedback_1_answer"":"""",""#feedback_1_failureMessage"":"""",""#feedback_1_successMessage"":""""}","{""0"":""https://panoptes-uploads.zooniverse.org/subject_location/49be7aeb-0957-4c3d-a85f-20025b163bbd.mpga""}",0,,,2023-06-22 00:34:31 UTC,2023-06-22 00:34:31 UTC
90194853,19171,22319,114192,"{""sounds"":""Deci44100_CCES_010_3253.mp3"",""subject_id"":""Deci44100_CCES_010_3253"",""#feedback_1_id"":"""",""#feedback_1_answer"":"""",""#feedback_1_failureMessage"":"""",""#feedback_1_successMessage"":""""}","{""0"":""https://panoptes-uploads.zooniverse.org/subject_location/28ae2d9e-2c64-4ef5-841d-70426e8e6e78.mpga""}",0,,,2023-06-22 00:34:31 UTC,2023-06-22 00:34:31 UTC
90194854,19171,22319,114192,"{""sounds"":""Deci44100_CCES_010_3254.mp3"",""subject_id"":""Deci44100_CCES_010_3254"",""#feedback_1_id"":"""",""#feedback_1_answer"":"""",""#feedback_1_failureMessage"":"""",""#feedback_1_successMessage"":""""}","{""0"":""https://panoptes-uploads.zooniverse.org/subject_location/e00952ce-e4cb-47a8-92e2-c467187087db.mpga""}",0,,,2023-06-22 00:34:31 UTC,2023-06-22 00:34:31 UTC
90194855,19171,22319,114192,"{""sounds"":""Deci44100_CCES_010_326.mp3"",""subject_id"":""Deci44100_CCES_010_326"",""#feedback_1_id"":"""",""#feedback_1_answer"":"""",""#feedback_1_failureMessage"":"""",""#feedback_1_successMessage"":""""}","{""0"":""https://panoptes-uploads.zooniverse.org/subject_location/3374c44e-dc54-4419-8832-dcc7fc99e056.mpga""}",0,,,2023-06-22 00:34:32 UTC,2023-06-22 00:34:32 UTC
90194856,19171,22319,114192,"{""sounds"":""Deci44100_CCES_010_3269.mp3"",""subject_id"":""Deci44100_CCES_010_3269"",""#feedback_1_id"":"""",""#feedback_1_answer"":"""",""#feedback_1_failureMessage"":"""",""#feedback_1_successMessage"":""""}","{""0"":""https://panoptes-uploads.zooniverse.org/subject_location/bcb75e29-f527-4e19-8e5f-30e6eba14a9f.mpga""}",0,,,2023-06-22 00:34:32 UTC,2023-06-22 00:34:32 UTC
90194857,19171,22319,114192,"{""sounds"":""Deci44100_CCES_010_3275.mp3"",""subject_id"":""Deci44100_CCES_010_3275"",""#feedback_1_id"":"""",""#feedback_1_answer"":"""",""#feedback_1_failureMessage"":"""",""#feedback_1_successMessage"":""""}","{""0"":""https://panoptes-uploads.zooniverse.org/subject_location/d9b2def4-a5ac-4b2e-9c97-b1f3dce9f3f5.mpga""}",0,,,2023-06-22 00:34:32 UTC,2023-06-22 00:34:32 UTC
90194858,19171,22319,114192,"{""sounds"":""Deci44100_CCES_010_3281.mp3"",""subject_id"":""Deci44100_CCES_010_3281"",""#feedback_1_id"":"""",""#feedback_1_answer"":"""",""#feedback_1_failureMessage"":"""",""#feedback_1_successMessage"":""""}","{""0"":""https://panoptes-uploads.zooniverse.org/subject_location/ed6c6d41-8553-4d51-84da-c468a0ebf256.mpga""}",0,,,2023-06-22 00:34:33 UTC,2023-06-22 00:34:33 UTC
90194859,19171,22319,114192,"{""sounds"":""Deci44100_CCES_010_3284.mp3"",""subject_id"":""Deci44100_CCES_010_3284"",""#feedback_1_id"":"""",""#feedback_1_answer"":"""",""#feedback_1_failureMessage"":"""",""#feedback_1_successMessage"":""""}","{""0"":""https://panoptes-uploads.zooniverse.org/subject_location/10f09ee6-8313-4ebb-96d1-d05f437f1263.mpga""}",0,,,2023-06-22 00:34:33 UTC,2023-06-22 00:34:33 UTC
90194860,19171,22319,114192,"{""sounds"":""Deci44100_CCES_010_3288.mp3"",""subject_id"":""Deci44100_CCES_010_3288"",""#feedback_1_id"":"""",""#feedback_1_answer"":"""",""#feedback_1_failureMessage"":"""",""#feedback_1_successMessage"":""""}","{""0"":""https://panoptes-uploads.zooniverse.org/subject_location/54556545-8f0e-4d95-916a-00702a60d987.mpga""}",0,,,2023-06-22 00:34:33 UTC,2023-06-22 00:34:33 UTC
90194861,19171,22319,114192,"{""sounds"":""Deci44100_CCES_010_3296.mp3"",""subject_id"":""Deci44100_CCES_010_3296"",""#feedback_1_id"":"""",""#feedback_1_answer"":"""",""#feedback_1_failureMessage"":"""",""#feedback_1_successMessage"":""""}","{""0"":""https://panoptes-uploads.zooniverse.org/subject_location/328faefc-d7c5-487d-8b07-2428c44eb84f.mpga""}",0,,,2023-06-22 00:34:34 UTC,2023-06-22 00:34:34 UTC
90194862,19171,22319,114192,"{""sounds"":""Deci44100_CCES_010_3314.mp3"",""subject_id"":""Deci44100_CCES_010_3314"",""#feedback_1_id"":"""",""#feedback_1_answer"":"""",""#feedback_1_failureMessage"":"""",""#feedback_1_successMessage"":""""}","{""0"":""https://panoptes-uploads.zooniverse.org/subject_location/3b5b6b6f-6356-4bc7-9a5e-dca3bb42cd94.mpga""}",0,,,2023-06-22 00:34:34 UTC,2023-06-22 00:34:34 UTC
90194863,19171,22319,114192,"{""sounds"":""Deci44100_CCES_010_3317.mp3"",""subject_id"":""Deci44100_CCES_010_3317"",""#feedback_1_id"":"""",""#feedback_1_answer"":"""",""#feedback_1_failureMessage"":"""",""#feedback_1_successMessage"":""""}","{""0"":""https://panoptes-uploads.zooniverse.org/subject_location/57cf17d9-0dbe-493e-be65-17d145f7d6e5.mpga""}",0,,,2023-06-22 00:34:35 UTC,2023-06-22 00:34:35 UTC
90194864,19171,22319,114192,"{""sounds"":""Deci44100_CCES_010_3329.mp3"",""subject_id"":""Deci44100_CCES_010_3329"",""#feedback_1_id"":"""",""#feedback_1_answer"":"""",""#feedback_1_failureMessage"":"""",""#feedback_1_successMessage"":""""}","{""0"":""https://panoptes-uploads.zooniverse.org/subject_location/8fab4a2d-a8c3-4036-9c2b-d0c34c3edc67.mpga""}",0,,,2023-06-22 00:34:35 UTC,2023-06-22 00:34:35 UTC
90194865,19171,22319,114192,"{""sounds"":""Deci44100_CCES_010_3340.mp3"",""subject_id"":""Deci44100_CCES_010_3340"",""#feedback_1_id"":"""",""#feedback_1_answer"":"""",""#feedback_1_failureMessage"":"""",""#feedback_1_successMessage"":""""}","{""0"":""https://panoptes-uploads.zooniverse.org/subject_location/a09eb304-8f03-4ad8-a5c3-01d340c9fe00.mpga""}",0,,,2023-06-22 00:34:35 UTC,2023-06-22 00:34:35 UTC
90194866,19171,22319,114192,"{""sounds"":""Deci44100_CCES_010_335.mp3"",""subject_id"":""Deci44100_CCES_010_335"",""#feedback_1_id"":"""",""#feedback_1_answer"":"""",""#feedback_1_failureMessage"":"""",""#feedback_1_successMessage"":""""}","{""0"":""https://panoptes-uploads.zooniverse.org/subject_location/bb56a4ca-ee6e-4eb5-9e10-4bb93f4b1309.mpga""}",0,,,2023-06-22 00:34:36 UTC,2023-06-22 00:34:36 UTC
90194867,19171,22319,114192,"{""sounds"":""Deci44100_CCES_010_3350.mp3"",""subject_id"":""Deci44100_CCES_010_3350"",""#feedback_1_id"":"""",""#feedback_1_answer"":"""",""#feedback_1_failureMessage"":"""",""#feedback_1_successMessage"":""""}","{""0"":""https://panoptes-uploads.zooniverse.org/subject_location/458f62ed-8203-4d8e-9dee-ceecc576963a.mpga""}",0,,,2023-06-22 00:34:36 UTC,2023-06-22 00:34:36 UTC
90194868,19171,22319,114192,"{""sounds"":""Deci44100_CCES_010_3356.mp3"",""subject_id"":""Deci44100_CCES_010_3356"",""#feedback_1_id"":"""",""#feedback_1_answer"":"""",""#feedback_1_failureMessage"":"""",""#feedback_1_successMessage"":""""}","{""0"":""https://panoptes-uploads.zooniverse.org/subject_location/21afa06a-6cc2-4fa2-856b-4da171f7e84f.mpga""}",0,,,2023-06-22 00:34:36 UTC,2023-06-22 00:34:36 UTC
90194869,19171,22319,114192,"{""sounds"":""Deci44100_CCES_010_3369.mp3"",""subject_id"":""Deci44100_CCES_010_3369"",""#feedback_1_id"":"""",""#feedback_1_answer"":"""",""#feedback_1_failureMessage"":"""",""#feedback_1_successMessage"":""""}","{""0"":""https://panoptes-uploads.zooniverse.org/subject_location/d091ea09-b039-4abe-b85a-86c2cd5777e5.mpga""}",0,,,2023-06-22 00:34:37 UTC,2023-06-22 00:34:37 UTC
90194870,19171,22319,114192,"{""sounds"":""Deci44100_CCES_010_337.mp3"",""subject_id"":""Deci44100_CCES_010_337"",""#feedback_1_id"":"""",""#feedback_1_answer"":"""",""#feedback_1_failureMessage"":"""",""#feedback_1_successMessage"":""""}","{""0"":""https://panoptes-uploads.zooniverse.org/subject_location/9a7fdad5-b389-4485-a11d-e9e54148fcbf.mpga""}",0,,,2023-06-22 00:34:37 UTC,2023-06-22 00:34:37 UTC
90194871,19171,22319,114192,"{""sounds"":""Deci44100_CCES_010_3383.mp3"",""subject_id"":""Deci44100_CCES_010_3383"",""#feedback_1_id"":"""",""#feedback_1_answer"":"""",""#feedback_1_failureMessage"":"""",""#feedback_1_successMessage"":""""}","{""0"":""https://panoptes-uploads.zooniverse.org/subject_location/5dedc411-a205-43f4-97a7-80ec9273994a.mpga""}",1,,,2023-06-22 00:34:38 UTC,2023-06-22 00:34:38 UTC
90194872,19171,22319,114192,"{""sounds"":""Deci44100_CCES_010_3391.mp3"",""subject_id"":""Deci44100_CCES_010_3391"",""#feedback_1_id"":"""",""#feedback_1_answer"":"""",""#feedback_1_failureMessage"":"""",""#feedback_1_successMessage"":""""}","{""0"":""https://panoptes-uploads.zooniverse.org/subject_location/13990d00-c7c0-48f5-a2a3-20eba2d2c0a8.mpga""}",0,,,2023-06-22 00:34:38 UTC,2023-06-22 00:34:38 UTC
90194873,19171,22319,114192,"{""sounds"":""Deci44100_CCES_010_3399.mp3"",""subject_id"":""Deci44100_CCES_010_3399"",""#feedback_1_id"":"""",""#feedback_1_answer"":"""",""#feedback_1_failureMessage"":"""",""#feedback_1_successMessage"":""""}","{""0"":""https://panoptes-uploads.zooniverse.org/subject_location/e1cb4aee-92e8-4fee-92ed-f34737aa1915.mpga""}",0,,,2023-06-22 00:34:38 UTC,2023-06-22 00:34:38 UTC
90194874,19171,22319,114192,"{""sounds"":""Deci44100_CCES_010_3404.mp3"",""subject_id"":""Deci44100_CCES_010_3404"",""#feedback_1_id"":"""",""#feedback_1_answer"":"""",""#feedback_1_failureMessage"":"""",""#feedback_1_successMessage"":""""}","{""0"":""https://panoptes-uploads.zooniverse.org/subject_location/3164039e-52d7-4d31-b461-7f8995493176.mpga""}",0,,,2023-06-22 00:34:39 UTC,2023-06-22 00:34:39 UTC
90194875,19171,22319,114192,"{""sounds"":""Deci44100_CCES_010_343.mp3"",""subject_id"":""Deci44100_CCES_010_343"",""#feedback_1_id"":"""",""#feedback_1_answer"":"""",""#feedback_1_failureMessage"":"""",""#feedback_1_successMessage"":""""}","{""0"":""https://panoptes-uploads.zooniverse.org/subject_location/4c725b39-aab8-4ed5-a773-181165dc1d91.mpga""}",0,,,2023-06-22 00:34:39 UTC,2023-06-22 00:34:39 UTC
90194876,19171,22319,114192,"{""sounds"":""Deci44100_CCES_010_3437.mp3"",""subject_id"":""Deci44100_CCES_010_3437"",""#feedback_1_id"":"""",""#feedback_1_answer"":"""",""#feedback_1_failureMessage"":"""",""#feedback_1_successMessage"":""""}","{""0"":""https://panoptes-uploads.zooniverse.org/subject_location/3b57aeaa-cea3-4d3c-bd5a-e8ff46c9138d.mpga""}",0,,,2023-06-22 00:34:39 UTC,2023-06-22 00:34:39 UTC
90194877,19171,22319,114192,"{""sounds"":""Deci44100_CCES_010_3449.mp3"",""subject_id"":""Deci44100_CCES_010_3449"",""#feedback_1_id"":"""",""#feedback_1_answer"":"""",""#feedback_1_failureMessage"":"""",""#feedback_1_successMessage"":""""}","{""0"":""https://panoptes-uploads.zooniverse.org/subject_location/df1a8ab1-8ca4-4bf1-bffd-673e62a8181b.mpga""}",0,,,2023-06-22 00:34:40 UTC,2023-06-22 00:34:40 UTC
90194878,19171,22319,114192,"{""sounds"":""Deci44100_CCES_010_3451.mp3"",""subject_id"":""Deci44100_CCES_010_3451"",""#feedback_1_id"":"""",""#feedback_1_answer"":"""",""#feedback_1_failureMessage"":"""",""#feedback_1_successMessage"":""""}","{""0"":""https://panoptes-uploads.zooniverse.org/subject_location/5115a7c2-e242-49b7-8e18-a92f9920db0a.mpga""}",0,,,2023-06-22 00:34:40 UTC,2023-06-22 00:34:40 UTC
90194879,19171,22319,114192,"{""sounds"":""Deci44100_CCES_010_3456.mp3"",""subject_id"":""Deci44100_CCES_010_3456"",""#feedback_1_id"":"""",""#feedback_1_answer"":"""",""#feedback_1_failureMessage"":"""",""#feedback_1_successMessage"":""""}","{""0"":""https://panoptes-uploads.zooniverse.org/subject_location/5e8bd5b2-2a5f-4a8c-bd32-e854be1cd50b.mpga""}",0,,,2023-06-22 00:34:41 UTC,2023-06-22 00:34:41 UTC
90194880,19171,22319,114192,"{""sounds"":""Deci44100_CCES_010_3459.mp3"",""subject_id"":""Deci44100_CCES_010_3459"",""#feedback_1_id"":"""",""#feedback_1_answer"":"""",""#feedback_1_failureMessage"":"""",""#feedback_1_successMessage"":""""}","{""0"":""https://panoptes-uploads.zooniverse.org/subject_location/e0465de1-6900-4743-ba7b-858732079e35.mpga""}",0,,,2023-06-22 00:34:41 UTC,2023-06-22 00:34:41 UTC
90194881,19171,22319,114192,"{""sounds"":""Deci44100_CCES_010_3467.mp3"",""subject_id"":""Deci44100_CCES_010_3467"",""#feedback_1_id"":"""",""#feedback_1_answer"":"""",""#feedback_1_failureMessage"":"""",""#feedback_1_successMessage"":""""}","{""0"":""https://panoptes-uploads.zooniverse.org/subject_location/fb9452f6-4f46-4b2a-9968-94a2e1085974.mpga""}",0,,,2023-06-22 00:34:42 UTC,2023-06-22 00:34:42 UTC
90194882,19171,22319,114192,"{""sounds"":""Deci44100_CCES_010_3474.mp3"",""subject_id"":""Deci44100_CCES_010_3474"",""#feedback_1_id"":"""",""#feedback_1_answer"":"""",""#feedback_1_failureMessage"":"""",""#feedback_1_successMessage"":""""}","{""0"":""https://panoptes-uploads.zooniverse.org/subject_location/adc96ae3-586c-47d3-b7d7-e94fab0b6dcf.mpga""}",0,,,2023-06-22 00:34:42 UTC,2023-06-22 00:34:42 UTC
90194883,19171,22319,114192,"{""sounds"":""Deci44100_CCES_010_3487.mp3"",""subject_id"":""Deci44100_CCES_010_3487"",""#feedback_1_id"":"""",""#feedback_1_answer"":"""",""#feedback_1_failureMessage"":"""",""#feedback_1_successMessage"":""""}","{""0"":""https://panoptes-uploads.zooniverse.org/subject_location/52e17774-be90-44d2-94f2-ba74fa01a376.mpga""}",0,,,2023-06-22 00:34:42 UTC,2023-06-22 00:34:42 UTC
90194884,19171,22319,114192,"{""sounds"":""Deci44100_CCES_010_3488.mp3"",""subject_id"":""Deci44100_CCES_010_3488"",""#feedback_1_id"":"""",""#feedback_1_answer"":"""",""#feedback_1_failureMessage"":"""",""#feedback_1_successMessage"":""""}","{""0"":""https://panoptes-uploads.zooniverse.org/subject_location/97236557-ad0d-4da8-8704-ead766fb30b9.mpga""}",0,,,2023-06-22 00:34:43 UTC,2023-06-22 00:34:43 UTC
90194885,19171,22319,114192,"{""sounds"":""Deci44100_CCES_010_3491.mp3"",""subject_id"":""Deci44100_CCES_010_3491"",""#feedback_1_id"":"""",""#feedback_1_answer"":"""",""#feedback_1_failureMessage"":"""",""#feedback_1_successMessage"":""""}","{""0"":""https://panoptes-uploads.zooniverse.org/subject_location/cdbb89f8-7fc3-409b-a1df-b284566c087d.mpga""}",0,,,2023-06-22 00:34:43 UTC,2023-06-22 00:34:43 UTC
90194886,19171,22319,114192,"{""sounds"":""Deci44100_CCES_010_3503.mp3"",""subject_id"":""Deci44100_CCES_010_3503"",""#feedback_1_id"":"""",""#feedback_1_answer"":"""",""#feedback_1_failureMessage"":"""",""#feedback_1_successMessage"":""""}","{""0"":""https://panoptes-uploads.zooniverse.org/subject_location/17e04488-c996-4769-8708-369092aabeb4.mpga""}",0,,,2023-06-22 00:34:44 UTC,2023-06-22 00:34:44 UTC
90194887,19171,22319,114192,"{""sounds"":""Deci44100_CCES_010_3508.mp3"",""subject_id"":""Deci44100_CCES_010_3508"",""#feedback_1_id"":"""",""#feedback_1_answer"":"""",""#feedback_1_failureMessage"":"""",""#feedback_1_successMessage"":""""}","{""0"":""https://panoptes-uploads.zooniverse.org/subject_location/40aea2e8-7a56-4267-83a0-facb7339d5e4.mpga""}",0,,,2023-06-22 00:34:44 UTC,2023-06-22 00:34:44 UTC
90194888,19171,22319,114192,"{""sounds"":""Deci44100_CCES_010_3512.mp3"",""subject_id"":""Deci44100_CCES_010_3512"",""#feedback_1_id"":"""",""#feedback_1_answer"":"""",""#feedback_1_failureMessage"":"""",""#feedback_1_successMessage"":""""}","{""0"":""https://panoptes-uploads.zooniverse.org/subject_location/b0d2d74a-8551-450d-be54-056f379b5874.mpga""}",0,,,2023-06-22 00:34:44 UTC,2023-06-22 00:34:44 UTC
90194889,19171,22319,114192,"{""sounds"":""Deci44100_CCES_010_3522.mp3"",""subject_id"":""Deci44100_CCES_010_3522"",""#feedback_1_id"":"""",""#feedback_1_answer"":"""",""#feedback_1_failureMessage"":"""",""#feedback_1_successMessage"":""""}","{""0"":""https://panoptes-uploads.zooniverse.org/subject_location/d16d85de-7e23-432a-8092-082213718a5a.mpga""}",0,,,2023-06-22 00:34:45 UTC,2023-06-22 00:34:45 UTC
90194890,19171,22319,114192,"{""sounds"":""Deci44100_CCES_010_3547.mp3"",""subject_id"":""Deci44100_CCES_010_3547"",""#feedback_1_id"":"""",""#feedback_1_answer"":"""",""#feedback_1_failureMessage"":"""",""#feedback_1_successMessage"":""""}","{""0"":""https://panoptes-uploads.zooniverse.org/subject_location/6f118ce6-dd75-47fa-89c7-53157199ed49.mpga""}",0,,,2023-06-22 00:34:45 UTC,2023-06-22 00:34:45 UTC
90194891,19171,22319,114192,"{""sounds"":""Deci44100_CCES_010_3558.mp3"",""subject_id"":""Deci44100_CCES_010_3558"",""#feedback_1_id"":"""",""#feedback_1_answer"":"""",""#feedback_1_failureMessage"":"""",""#feedback_1_successMessage"":""""}","{""0"":""https://panoptes-uploads.zooniverse.org/subject_location/2a8ce0e6-c2cd-4574-b4d9-c12ae0aace78.mpga""}",0,,,2023-06-22 00:34:45 UTC,2023-06-22 00:34:45 UTC
90194892,19171,22319,114192,"{""sounds"":""Deci44100_CCES_010_3559.mp3"",""subject_id"":""Deci44100_CCES_010_3559"",""#feedback_1_id"":"""",""#feedback_1_answer"":"""",""#feedback_1_failureMessage"":"""",""#feedback_1_successMessage"":""""}","{""0"":""https://panoptes-uploads.zooniverse.org/subject_location/506ef565-75e0-420d-a8cd-095361fb5e93.mpga""}",0,,,2023-06-22 00:34:46 UTC,2023-06-22 00:34:46 UTC
90194893,19171,22319,114192,"{""sounds"":""Deci44100_CCES_010_3560.mp3"",""subject_id"":""Deci44100_CCES_010_3560"",""#feedback_1_id"":"""",""#feedback_1_answer"":"""",""#feedback_1_failureMessage"":"""",""#feedback_1_successMessage"":""""}","{""0"":""https://panoptes-uploads.zooniverse.org/subject_location/fee4dfa3-b0d9-4875-86fc-fa42679a3bf2.mpga""}",0,,,2023-06-22 00:34:46 UTC,2023-06-22 00:34:46 UTC
90194894,19171,22319,114192,"{""sounds"":""Deci44100_CCES_010_3573.mp3"",""subject_id"":""Deci44100_CCES_010_3573"",""#feedback_1_id"":"""",""#feedback_1_answer"":"""",""#feedback_1_failureMessage"":"""",""#feedback_1_successMessage"":""""}","{""0"":""https://panoptes-uploads.zooniverse.org/subject_location/59ab1d15-baaa-4952-ae2c-01e6ed2b1611.mpga""}",0,,,2023-06-22 00:34:47 UTC,2023-06-22 00:34:47 UTC
90194895,19171,22319,114192,"{""sounds"":""Deci44100_CCES_010_3584.mp3"",""subject_id"":""Deci44100_CCES_010_3584"",""#feedback_1_id"":"""",""#feedback_1_answer"":"""",""#feedback_1_failureMessage"":"""",""#feedback_1_successMessage"":""""}","{""0"":""https://panoptes-uploads.zooniverse.org/subject_location/6b44712d-dd08-44c5-a8f9-d120d5918d3d.mpga""}",0,,,2023-06-22 00:34:47 UTC,2023-06-22 00:34:47 UTC
90194896,19171,22319,114192,"{""sounds"":""Deci44100_CCES_010_3585.mp3"",""subject_id"":""Deci44100_CCES_010_3585"",""#feedback_1_id"":"""",""#feedback_1_answer"":"""",""#feedback_1_failureMessage"":"""",""#feedback_1_successMessage"":""""}","{""0"":""https://panoptes-uploads.zooniverse.org/subject_location/9b5a632e-bc90-4457-8165-c90430e0a051.mpga""}",0,,,2023-06-22 00:34:47 UTC,2023-06-22 00:34:47 UTC
90194897,19171,22319,114192,"{""sounds"":""Deci44100_CCES_010_3587.mp3"",""subject_id"":""Deci44100_CCES_010_3587"",""#feedback_1_id"":"""",""#feedback_1_answer"":"""",""#feedback_1_failureMessage"":"""",""#feedback_1_successMessage"":""""}","{""0"":""https://panoptes-uploads.zooniverse.org/subject_location/76851f6e-90a7-4844-a77e-9636d499181e.mpga""}",0,,,2023-06-22 00:34:48 UTC,2023-06-22 00:34:48 UTC
90194898,19171,22319,114192,"{""sounds"":""Deci44100_CCES_010_3589.mp3"",""subject_id"":""Deci44100_CCES_010_3589"",""#feedback_1_id"":"""",""#feedback_1_answer"":"""",""#feedback_1_failureMessage"":"""",""#feedback_1_successMessage"":""""}","{""0"":""https://panoptes-uploads.zooniverse.org/subject_location/60d244af-76aa-4640-b74b-541fe223743a.mpga""}",0,,,2023-06-22 00:34:48 UTC,2023-06-22 00:34:48 UTC
90194899,19171,22319,114192,"{""sounds"":""Deci44100_CCES_010_359.mp3"",""subject_id"":""Deci44100_CCES_010_359"",""#feedback_1_id"":"""",""#feedback_1_answer"":"""",""#feedback_1_failureMessage"":"""",""#feedback_1_successMessage"":""""}","{""0"":""https://panoptes-uploads.zooniverse.org/subject_location/2c6580ce-d61c-4ded-b904-63067aae0f3e.mpga""}",0,,,2023-06-22 00:34:48 UTC,2023-06-22 00:34:48 UTC
90194900,19171,22319,114192,"{""sounds"":""Deci44100_CCES_010_3598.mp3"",""subject_id"":""Deci44100_CCES_010_3598"",""#feedback_1_id"":"""",""#feedback_1_answer"":"""",""#feedback_1_failureMessage"":"""",""#feedback_1_successMessage"":""""}","{""0"":""https://panoptes-uploads.zooniverse.org/subject_location/46a2ad56-d96b-478e-b4e8-f213d1c4181f.mpga""}",0,,,2023-06-22 00:34:49 UTC,2023-06-22 00:34:49 UTC
90194901,19171,22319,114192,"{""sounds"":""Deci44100_CCES_010_3599.mp3"",""subject_id"":""Deci44100_CCES_010_3599"",""#feedback_1_id"":"""",""#feedback_1_answer"":"""",""#feedback_1_failureMessage"":"""",""#feedback_1_successMessage"":""""}","{""0"":""https://panoptes-uploads.zooniverse.org/subject_location/c1aa08f0-03e4-40d1-a5f0-08419e83f2ea.mpga""}",0,,,2023-06-22 00:34:49 UTC,2023-06-22 00:34:49 UTC
90194902,19171,22319,114192,"{""sounds"":""Deci44100_CCES_010_36.mp3"",""subject_id"":""Deci44100_CCES_010_36"",""#feedback_1_id"":"""",""#feedback_1_answer"":"""",""#feedback_1_failureMessage"":"""",""#feedback_1_successMessage"":""""}","{""0"":""https://panoptes-uploads.zooniverse.org/subject_location/4cbabe97-92e3-4918-a1a1-7a6fd14b6067.mpga""}",0,,,2023-06-22 00:34:49 UTC,2023-06-22 00:34:49 UTC
90194903,19171,22319,114192,"{""sounds"":""Deci44100_CCES_010_3614.mp3"",""subject_id"":""Deci44100_CCES_010_3614"",""#feedback_1_id"":"""",""#feedback_1_answer"":"""",""#feedback_1_failureMessage"":"""",""#feedback_1_successMessage"":""""}","{""0"":""https://panoptes-uploads.zooniverse.org/subject_location/9fd1711a-8b55-472b-b648-4ed2604a8903.mpga""}",0,,,2023-06-22 00:34:50 UTC,2023-06-22 00:34:50 UTC
90194904,19171,22319,114192,"{""sounds"":""Deci44100_CCES_010_3627.mp3"",""subject_id"":""Deci44100_CCES_010_3627"",""#feedback_1_id"":"""",""#feedback_1_answer"":"""",""#feedback_1_failureMessage"":"""",""#feedback_1_successMessage"":""""}","{""0"":""https://panoptes-uploads.zooniverse.org/subject_location/b192cd21-75c0-4700-985f-c02d757e9eb2.mpga""}",0,,,2023-06-22 00:34:50 UTC,2023-06-22 00:34:50 UTC
90194905,19171,22319,114192,"{""sounds"":""Deci44100_CCES_010_3630.mp3"",""subject_id"":""Deci44100_CCES_010_3630"",""#feedback_1_id"":"""",""#feedback_1_answer"":"""",""#feedback_1_failureMessage"":"""",""#feedback_1_successMessage"":""""}","{""0"":""https://panoptes-uploads.zooniverse.org/subject_location/3722e1ef-9345-4bad-8ad4-ead2b691e425.mpga""}",0,,,2023-06-22 00:34:51 UTC,2023-06-22 00:34:51 UTC
90194906,19171,22319,114192,"{""sounds"":""Deci44100_CCES_010_3637.mp3"",""subject_id"":""Deci44100_CCES_010_3637"",""#feedback_1_id"":"""",""#feedback_1_answer"":"""",""#feedback_1_failureMessage"":"""",""#feedback_1_successMessage"":""""}","{""0"":""https://panoptes-uploads.zooniverse.org/subject_location/b744eb10-0cde-452e-9923-5d2b10bcd7c3.mpga""}",0,,,2023-06-22 00:34:51 UTC,2023-06-22 00:34:51 UTC
90194907,19171,22319,114192,"{""sounds"":""Deci44100_CCES_010_3658.mp3"",""subject_id"":""Deci44100_CCES_010_3658"",""#feedback_1_id"":"""",""#feedback_1_answer"":"""",""#feedback_1_failureMessage"":"""",""#feedback_1_successMessage"":""""}","{""0"":""https://panoptes-uploads.zooniverse.org/subject_location/0b479051-8258-439c-84e9-1562be776f14.mpga""}",0,,,2023-06-22 00:34:51 UTC,2023-06-22 00:34:51 UTC
90194908,19171,22319,114192,"{""sounds"":""Deci44100_CCES_010_3668.mp3"",""subject_id"":""Deci44100_CCES_010_3668"",""#feedback_1_id"":"""",""#feedback_1_answer"":"""",""#feedback_1_failureMessage"":"""",""#feedback_1_successMessage"":""""}","{""0"":""https://panoptes-uploads.zooniverse.org/subject_location/8840e56e-5196-4898-97c4-eddd94a2f488.mpga""}",0,,,2023-06-22 00:34:52 UTC,2023-06-22 00:34:52 UTC
90194909,19171,22319,114192,"{""sounds"":""Deci44100_CCES_010_3680.mp3"",""subject_id"":""Deci44100_CCES_010_3680"",""#feedback_1_id"":"""",""#feedback_1_answer"":"""",""#feedback_1_failureMessage"":"""",""#feedback_1_successMessage"":""""}","{""0"":""https://panoptes-uploads.zooniverse.org/subject_location/77b15d69-c891-4f33-b78e-91e0541cebc3.mpga""}",0,,,2023-06-22 00:34:52 UTC,2023-06-22 00:34:52 UTC
90194910,19171,22319,114192,"{""sounds"":""Deci44100_CCES_010_369.mp3"",""subject_id"":""Deci44100_CCES_010_369"",""#feedback_1_id"":"""",""#feedback_1_answer"":"""",""#feedback_1_failureMessage"":"""",""#feedback_1_successMessage"":""""}","{""0"":""https://panoptes-uploads.zooniverse.org/subject_location/5e034dbd-87ca-4a06-a01e-f5419f585c58.mpga""}",0,,,2023-06-22 00:34:52 UTC,2023-06-22 00:34:52 UTC
90194911,19171,22319,114192,"{""sounds"":""Deci44100_CCES_010_3696.mp3"",""subject_id"":""Deci44100_CCES_010_3696"",""#feedback_1_id"":"""",""#feedback_1_answer"":"""",""#feedback_1_failureMessage"":"""",""#feedback_1_successMessage"":""""}","{""0"":""https://panoptes-uploads.zooniverse.org/subject_location/81836b0a-df99-462b-bbab-7971bbecf5b5.mpga""}",0,,,2023-06-22 00:34:53 UTC,2023-06-22 00:34:53 UTC
90194912,19171,22319,114192,"{""sounds"":""Deci44100_CCES_010_3697.mp3"",""subject_id"":""Deci44100_CCES_010_3697"",""#feedback_1_id"":"""",""#feedback_1_answer"":"""",""#feedback_1_failureMessage"":"""",""#feedback_1_successMessage"":""""}","{""0"":""https://panoptes-uploads.zooniverse.org/subject_location/e53eb379-4302-4671-af77-922987f6dc96.mpga""}",0,,,2023-06-22 00:34:53 UTC,2023-06-22 00:34:53 UTC
90194913,19171,22319,114192,"{""sounds"":""Deci44100_CCES_010_3708.mp3"",""subject_id"":""Deci44100_CCES_010_3708"",""#feedback_1_id"":"""",""#feedback_1_answer"":"""",""#feedback_1_failureMessage"":"""",""#feedback_1_successMessage"":""""}","{""0"":""https://panoptes-uploads.zooniverse.org/subject_location/c33a5974-994d-4470-95c6-8c7b4010ff2f.mpga""}",0,,,2023-06-22 00:34:53 UTC,2023-06-22 00:34:53 UTC
90194914,19171,22319,114192,"{""sounds"":""Deci44100_CCES_010_371.mp3"",""subject_id"":""Deci44100_CCES_010_371"",""#feedback_1_id"":"""",""#feedback_1_answer"":"""",""#feedback_1_failureMessage"":"""",""#feedback_1_successMessage"":""""}","{""0"":""https://panoptes-uploads.zooniverse.org/subject_location/1001f8eb-1895-4777-be28-10b2e98d27b7.mpga""}",0,,,2023-06-22 00:34:54 UTC,2023-06-22 00:34:54 UTC
90194915,19171,22319,114192,"{""sounds"":""Deci44100_CCES_010_3718.mp3"",""subject_id"":""Deci44100_CCES_010_3718"",""#feedback_1_id"":"""",""#feedback_1_answer"":"""",""#feedback_1_failureMessage"":"""",""#feedback_1_successMessage"":""""}","{""0"":""https://panoptes-uploads.zooniverse.org/subject_location/4403efb6-8b80-4d43-bc19-9eac686c67f0.mpga""}",0,,,2023-06-22 00:34:54 UTC,2023-06-22 00:34:54 UTC
90194916,19171,22319,114192,"{""sounds"":""Deci44100_CCES_010_3745.mp3"",""subject_id"":""Deci44100_CCES_010_3745"",""#feedback_1_id"":"""",""#feedback_1_answer"":"""",""#feedback_1_failureMessage"":"""",""#feedback_1_successMessage"":""""}","{""0"":""https://panoptes-uploads.zooniverse.org/subject_location/b25d1e8b-b721-4327-8da8-73855f4f3dea.mpga""}",0,,,2023-06-22 00:34:55 UTC,2023-06-22 00:34:55 UTC
90194917,19171,22319,114192,"{""sounds"":""Deci44100_CCES_010_3765.mp3"",""subject_id"":""Deci44100_CCES_010_3765"",""#feedback_1_id"":"""",""#feedback_1_answer"":"""",""#feedback_1_failureMessage"":"""",""#feedback_1_successMessage"":""""}","{""0"":""https://panoptes-uploads.zooniverse.org/subject_location/f854ed4e-2dd0-4aa9-80d7-96d57ca8d222.mpga""}",0,,,2023-06-22 00:34:55 UTC,2023-06-22 00:34:55 UTC
90194918,19171,22319,114192,"{""sounds"":""Deci44100_CCES_010_3775.mp3"",""subject_id"":""Deci44100_CCES_010_3775"",""#feedback_1_id"":"""",""#feedback_1_answer"":"""",""#feedback_1_failureMessage"":"""",""#feedback_1_successMessage"":""""}","{""0"":""https://panoptes-uploads.zooniverse.org/subject_location/e3027a1f-1795-4b14-87f7-86219f4f19e4.mpga""}",0,,,2023-06-22 00:34:55 UTC,2023-06-22 00:34:55 UTC
90194919,19171,22319,114192,"{""sounds"":""Deci44100_CCES_010_3795.mp3"",""subject_id"":""Deci44100_CCES_010_3795"",""#feedback_1_id"":"""",""#feedback_1_answer"":"""",""#feedback_1_failureMessage"":"""",""#feedback_1_successMessage"":""""}","{""0"":""https://panoptes-uploads.zooniverse.org/subject_location/61fff976-040d-4b8b-bb8f-881c97c36e43.mpga""}",0,,,2023-06-22 00:34:56 UTC,2023-06-22 00:34:56 UTC
90194920,19171,22319,114192,"{""sounds"":""Deci44100_CCES_010_3799.mp3"",""subject_id"":""Deci44100_CCES_010_3799"",""#feedback_1_id"":"""",""#feedback_1_answer"":"""",""#feedback_1_failureMessage"":"""",""#feedback_1_successMessage"":""""}","{""0"":""https://panoptes-uploads.zooniverse.org/subject_location/31b57b66-f483-4d90-b001-34197f920b7f.mpga""}",0,,,2023-06-22 00:34:56 UTC,2023-06-22 00:34:56 UTC
90194921,19171,22319,114192,"{""sounds"":""Deci44100_CCES_010_38.mp3"",""subject_id"":""Deci44100_CCES_010_38"",""#feedback_1_id"":"""",""#feedback_1_answer"":"""",""#feedback_1_failureMessage"":"""",""#feedback_1_successMessage"":""""}","{""0"":""https://panoptes-uploads.zooniverse.org/subject_location/64cb9b13-9dcd-4b2e-b86a-edb9cb125201.mpga""}",0,,,2023-06-22 00:34:57 UTC,2023-06-22 00:34:57 UTC
90194922,19171,22319,114192,"{""sounds"":""Deci44100_CCES_010_3837.mp3"",""subject_id"":""Deci44100_CCES_010_3837"",""#feedback_1_id"":"""",""#feedback_1_answer"":"""",""#feedback_1_failureMessage"":"""",""#feedback_1_successMessage"":""""}","{""0"":""https://panoptes-uploads.zooniverse.org/subject_location/5899ae1d-431c-40a9-9a2b-a68a78fa20ce.mpga""}",0,,,2023-06-22 00:34:57 UTC,2023-06-22 00:34:57 UTC
90194923,19171,22319,114192,"{""sounds"":""Deci44100_CCES_010_3855.mp3"",""subject_id"":""Deci44100_CCES_010_3855"",""#feedback_1_id"":"""",""#feedback_1_answer"":"""",""#feedback_1_failureMessage"":"""",""#feedback_1_successMessage"":""""}","{""0"":""https://panoptes-uploads.zooniverse.org/subject_location/cde6f2f7-ea56-41eb-8546-b64db6f9d522.mpga""}",0,,,2023-06-22 00:34:57 UTC,2023-06-22 00:34:57 UTC
90194924,19171,22319,114192,"{""sounds"":""Deci44100_CCES_010_3856.mp3"",""subject_id"":""Deci44100_CCES_010_3856"",""#feedback_1_id"":"""",""#feedback_1_answer"":"""",""#feedback_1_failureMessage"":"""",""#feedback_1_successMessage"":""""}","{""0"":""https://panoptes-uploads.zooniverse.org/subject_location/150b0dfb-f7d7-42cb-957a-6e92c4686a45.mpga""}",0,,,2023-06-22 00:34:58 UTC,2023-06-22 00:34:58 UTC
90194925,19171,22319,114192,"{""sounds"":""Deci44100_CCES_010_3859.mp3"",""subject_id"":""Deci44100_CCES_010_3859"",""#feedback_1_id"":"""",""#feedback_1_answer"":"""",""#feedback_1_failureMessage"":"""",""#feedback_1_successMessage"":""""}","{""0"":""https://panoptes-uploads.zooniverse.org/subject_location/523b8dea-41c9-46c4-9e72-90d08f483cf9.mpga""}",0,,,2023-06-22 00:34:58 UTC,2023-06-22 00:34:58 UTC
90194926,19171,22319,114192,"{""sounds"":""Deci44100_CCES_010_3889.mp3"",""subject_id"":""Deci44100_CCES_010_3889"",""#feedback_1_id"":"""",""#feedback_1_answer"":"""",""#feedback_1_failureMessage"":"""",""#feedback_1_successMessage"":""""}","{""0"":""https://panoptes-uploads.zooniverse.org/subject_location/0ddee77d-52dc-4dfa-be70-0cd1968c6e99.mpga""}",0,,,2023-06-22 00:34:58 UTC,2023-06-22 00:34:58 UTC
90194927,19171,22319,114192,"{""sounds"":""Deci44100_CCES_010_3893.mp3"",""subject_id"":""Deci44100_CCES_010_3893"",""#feedback_1_id"":"""",""#feedback_1_answer"":"""",""#feedback_1_failureMessage"":"""",""#feedback_1_successMessage"":""""}","{""0"":""https://panoptes-uploads.zooniverse.org/subject_location/db34beb1-1679-42df-8a8d-074d08e130ad.mpga""}",1,,,2023-06-22 00:34:59 UTC,2023-06-22 00:34:59 UTC
90194928,19171,22319,114192,"{""sounds"":""Deci44100_CCES_010_3894.mp3"",""subject_id"":""Deci44100_CCES_010_3894"",""#feedback_1_id"":"""",""#feedback_1_answer"":"""",""#feedback_1_failureMessage"":"""",""#feedback_1_successMessage"":""""}","{""0"":""https://panoptes-uploads.zooniverse.org/subject_location/202942c9-aa30-448d-af36-7595bff6beb3.mpga""}",0,,,2023-06-22 00:34:59 UTC,2023-06-22 00:34:59 UTC
90194929,19171,22319,114192,"{""sounds"":""Deci44100_CCES_010_3906.mp3"",""subject_id"":""Deci44100_CCES_010_3906"",""#feedback_1_id"":"""",""#feedback_1_answer"":"""",""#feedback_1_failureMessage"":"""",""#feedback_1_successMessage"":""""}","{""0"":""https://panoptes-uploads.zooniverse.org/subject_location/c4f67bbb-bcb6-453d-a1eb-c5aa102f94a3.mpga""}",0,,,2023-06-22 00:35:00 UTC,2023-06-22 00:35:00 UTC
90194930,19171,22319,114192,"{""sounds"":""Deci44100_CCES_010_391.mp3"",""subject_id"":""Deci44100_CCES_010_391"",""#feedback_1_id"":"""",""#feedback_1_answer"":"""",""#feedback_1_failureMessage"":"""",""#feedback_1_successMessage"":""""}","{""0"":""https://panoptes-uploads.zooniverse.org/subject_location/b4d271bc-f6f1-4476-9d21-d536f9816362.mpga""}",0,,,2023-06-22 00:35:00 UTC,2023-06-22 00:35:00 UTC
90194931,19171,22319,114192,"{""sounds"":""Deci44100_CCES_010_3932.mp3"",""subject_id"":""Deci44100_CCES_010_3932"",""#feedback_1_id"":"""",""#feedback_1_answer"":"""",""#feedback_1_failureMessage"":"""",""#feedback_1_successMessage"":""""}","{""0"":""https://panoptes-uploads.zooniverse.org/subject_location/a968820c-adcd-44fa-ba5b-322f008abf7e.mpga""}",1,,,2023-06-22 00:35:00 UTC,2023-06-22 00:35:00 UTC
90194932,19171,22319,114192,"{""sounds"":""Deci44100_CCES_010_3934.mp3"",""subject_id"":""Deci44100_CCES_010_3934"",""#feedback_1_id"":"""",""#feedback_1_answer"":"""",""#feedback_1_failureMessage"":"""",""#feedback_1_successMessage"":""""}","{""0"":""https://panoptes-uploads.zooniverse.org/subject_location/203f2a6e-fb75-467c-b022-65be4425688b.mpga""}",0,,,2023-06-22 00:35:01 UTC,2023-06-22 00:35:01 UTC
90194933,19171,22319,114192,"{""sounds"":""Deci44100_CCES_010_394.mp3"",""subject_id"":""Deci44100_CCES_010_394"",""#feedback_1_id"":"""",""#feedback_1_answer"":"""",""#feedback_1_failureMessage"":"""",""#feedback_1_successMessage"":""""}","{""0"":""https://panoptes-uploads.zooniverse.org/subject_location/ca08705e-93c5-4fed-89c2-e8956f9691f1.mpga""}",0,,,2023-06-22 00:35:01 UTC,2023-06-22 00:35:01 UTC
90194934,19171,22319,114192,"{""sounds"":""Deci44100_CCES_010_3946.mp3"",""subject_id"":""Deci44100_CCES_010_3946"",""#feedback_1_id"":"""",""#feedback_1_answer"":"""",""#feedback_1_failureMessage"":"""",""#feedback_1_successMessage"":""""}","{""0"":""https://panoptes-uploads.zooniverse.org/subject_location/d6433e6d-2109-4fd0-8e19-b73e18c88c5b.mpga""}",0,,,2023-06-22 00:35:01 UTC,2023-06-22 00:35:01 UTC
90194935,19171,22319,114192,"{""sounds"":""Deci44100_CCES_010_3951.mp3"",""subject_id"":""Deci44100_CCES_010_3951"",""#feedback_1_id"":"""",""#feedback_1_answer"":"""",""#feedback_1_failureMessage"":"""",""#feedback_1_successMessage"":""""}","{""0"":""https://panoptes-uploads.zooniverse.org/subject_location/8f989b9b-d06c-4f33-bd1e-633ad463bdeb.mpga""}",0,,,2023-06-22 00:35:02 UTC,2023-06-22 00:35:02 UTC
90194936,19171,22319,114192,"{""sounds"":""Deci44100_CCES_010_3971.mp3"",""subject_id"":""Deci44100_CCES_010_3971"",""#feedback_1_id"":"""",""#feedback_1_answer"":"""",""#feedback_1_failureMessage"":"""",""#feedback_1_successMessage"":""""}","{""0"":""https://panoptes-uploads.zooniverse.org/subject_location/eddfe73f-a402-4788-bec0-1446bfce50b4.mpga""}",0,,,2023-06-22 00:35:02 UTC,2023-06-22 00:35:02 UTC
90194937,19171,22319,114192,"{""sounds"":""Deci44100_CCES_010_3974.mp3"",""subject_id"":""Deci44100_CCES_010_3974"",""#feedback_1_id"":"""",""#feedback_1_answer"":"""",""#feedback_1_failureMessage"":"""",""#feedback_1_successMessage"":""""}","{""0"":""https://panoptes-uploads.zooniverse.org/subject_location/d42eb32b-6395-465f-9ea0-5804bc887620.mpga""}",0,,,2023-06-22 00:35:02 UTC,2023-06-22 00:35:02 UTC
90194938,19171,22319,114192,"{""sounds"":""Deci44100_CCES_010_3979.mp3"",""subject_id"":""Deci44100_CCES_010_3979"",""#feedback_1_id"":"""",""#feedback_1_answer"":"""",""#feedback_1_failureMessage"":"""",""#feedback_1_successMessage"":""""}","{""0"":""https://panoptes-uploads.zooniverse.org/subject_location/ab435f3c-b964-4e40-88aa-d79336d86896.mpga""}",0,,,2023-06-22 00:35:03 UTC,2023-06-22 00:35:03 UTC
90194939,19171,22319,114192,"{""sounds"":""Deci44100_CCES_010_3995.mp3"",""subject_id"":""Deci44100_CCES_010_3995"",""#feedback_1_id"":"""",""#feedback_1_answer"":"""",""#feedback_1_failureMessage"":"""",""#feedback_1_successMessage"":""""}","{""0"":""https://panoptes-uploads.zooniverse.org/subject_location/d9017eeb-78a6-4cfb-8623-388ec69debb9.mpga""}",0,,,2023-06-22 00:35:03 UTC,2023-06-22 00:35:03 UTC
90194940,19171,22319,114192,"{""sounds"":""Deci44100_CCES_010_4008.mp3"",""subject_id"":""Deci44100_CCES_010_4008"",""#feedback_1_id"":"""",""#feedback_1_answer"":"""",""#feedback_1_failureMessage"":"""",""#feedback_1_successMessage"":""""}","{""0"":""https://panoptes-uploads.zooniverse.org/subject_location/9f12ba0c-1fd1-4b74-824f-6dfbe01049c8.mpga""}",0,,,2023-06-22 00:35:04 UTC,2023-06-22 00:35:04 UTC
90194941,19171,22319,114192,"{""sounds"":""Deci44100_CCES_010_4009.mp3"",""subject_id"":""Deci44100_CCES_010_4009"",""#feedback_1_id"":"""",""#feedback_1_answer"":"""",""#feedback_1_failureMessage"":"""",""#feedback_1_successMessage"":""""}","{""0"":""https://panoptes-uploads.zooniverse.org/subject_location/f17a3b7c-879b-4370-b924-05705c63d30c.mpga""}",0,,,2023-06-22 00:35:04 UTC,2023-06-22 00:35:04 UTC
90194942,19171,22319,114192,"{""sounds"":""Deci44100_CCES_010_4014.mp3"",""subject_id"":""Deci44100_CCES_010_4014"",""#feedback_1_id"":"""",""#feedback_1_answer"":"""",""#feedback_1_failureMessage"":"""",""#feedback_1_successMessage"":""""}","{""0"":""https://panoptes-uploads.zooniverse.org/subject_location/5b508526-7f89-49f6-8095-a280b52a3e82.mpga""}",0,,,2023-06-22 00:35:04 UTC,2023-06-22 00:35:04 UTC
90194943,19171,22319,114192,"{""sounds"":""Deci44100_CCES_010_4017.mp3"",""subject_id"":""Deci44100_CCES_010_4017"",""#feedback_1_id"":"""",""#feedback_1_answer"":"""",""#feedback_1_failureMessage"":"""",""#feedback_1_successMessage"":""""}","{""0"":""https://panoptes-uploads.zooniverse.org/subject_location/d1dc8543-8c77-4c36-b1a2-c049a25df3c4.mpga""}",0,,,2023-06-22 00:35:05 UTC,2023-06-22 00:35:05 UTC
90194944,19171,22319,114192,"{""sounds"":""Deci44100_CCES_010_4018.mp3"",""subject_id"":""Deci44100_CCES_010_4018"",""#feedback_1_id"":"""",""#feedback_1_answer"":"""",""#feedback_1_failureMessage"":"""",""#feedback_1_successMessage"":""""}","{""0"":""https://panoptes-uploads.zooniverse.org/subject_location/58c7f7d7-8264-4a63-9cd3-b3841a47721c.mpga""}",0,,,2023-06-22 00:35:06 UTC,2023-06-22 00:35:06 UTC
90194945,19171,22319,114192,"{""sounds"":""Deci44100_CCES_010_4034.mp3"",""subject_id"":""Deci44100_CCES_010_4034"",""#feedback_1_id"":"""",""#feedback_1_answer"":"""",""#feedback_1_failureMessage"":"""",""#feedback_1_successMessage"":""""}","{""0"":""https://panoptes-uploads.zooniverse.org/subject_location/d85093c1-c1b5-449f-8ca3-f70742c307de.mpga""}",0,,,2023-06-22 00:35:06 UTC,2023-06-22 00:35:06 UTC
90194946,19171,22319,114192,"{""sounds"":""Deci44100_CCES_010_4065.mp3"",""subject_id"":""Deci44100_CCES_010_4065"",""#feedback_1_id"":"""",""#feedback_1_answer"":"""",""#feedback_1_failureMessage"":"""",""#feedback_1_successMessage"":""""}","{""0"":""https://panoptes-uploads.zooniverse.org/subject_location/56f4d14f-9bda-4821-bab7-0969b25c940a.mpga""}",0,,,2023-06-22 00:35:06 UTC,2023-06-22 00:35:06 UTC
90194947,19171,22319,114192,"{""sounds"":""Deci44100_CCES_010_4070.mp3"",""subject_id"":""Deci44100_CCES_010_4070"",""#feedback_1_id"":"""",""#feedback_1_answer"":"""",""#feedback_1_failureMessage"":"""",""#feedback_1_successMessage"":""""}","{""0"":""https://panoptes-uploads.zooniverse.org/subject_location/2d937eda-991c-4d92-b1d2-6822f8ae6703.mpga""}",0,,,2023-06-22 00:35:07 UTC,2023-06-22 00:35:07 UTC
90194948,19171,22319,114192,"{""sounds"":""Deci44100_CCES_010_4073.mp3"",""subject_id"":""Deci44100_CCES_010_4073"",""#feedback_1_id"":"""",""#feedback_1_answer"":"""",""#feedback_1_failureMessage"":"""",""#feedback_1_successMessage"":""""}","{""0"":""https://panoptes-uploads.zooniverse.org/subject_location/a4db0be7-1526-41df-9863-99f0d4647e66.mpga""}",0,,,2023-06-22 00:35:07 UTC,2023-06-22 00:35:07 UTC
90194949,19171,22319,114192,"{""sounds"":""Deci44100_CCES_010_4082.mp3"",""subject_id"":""Deci44100_CCES_010_4082"",""#feedback_1_id"":"""",""#feedback_1_answer"":"""",""#feedback_1_failureMessage"":"""",""#feedback_1_successMessage"":""""}","{""0"":""https://panoptes-uploads.zooniverse.org/subject_location/27e21dce-e4d1-4610-86e1-92bb67183095.mpga""}",0,,,2023-06-22 00:35:08 UTC,2023-06-22 00:35:08 UTC
90194950,19171,22319,114192,"{""sounds"":""Deci44100_CCES_010_4083.mp3"",""subject_id"":""Deci44100_CCES_010_4083"",""#feedback_1_id"":"""",""#feedback_1_answer"":"""",""#feedback_1_failureMessage"":"""",""#feedback_1_successMessage"":""""}","{""0"":""https://panoptes-uploads.zooniverse.org/subject_location/35a86040-f4ff-41de-8853-e930aefdedcc.mpga""}",0,,,2023-06-22 00:35:08 UTC,2023-06-22 00:35:08 UTC
90194951,19171,22319,114192,"{""sounds"":""Deci44100_CCES_010_4104.mp3"",""subject_id"":""Deci44100_CCES_010_4104"",""#feedback_1_id"":"""",""#feedback_1_answer"":"""",""#feedback_1_failureMessage"":"""",""#feedback_1_successMessage"":""""}","{""0"":""https://panoptes-uploads.zooniverse.org/subject_location/9fad629d-377a-4bd7-9847-e60a9a8a3aa8.mpga""}",0,,,2023-06-22 00:35:08 UTC,2023-06-22 00:35:08 UTC
90194952,19171,22319,114192,"{""sounds"":""Deci44100_CCES_010_4107.mp3"",""subject_id"":""Deci44100_CCES_010_4107"",""#feedback_1_id"":"""",""#feedback_1_answer"":"""",""#feedback_1_failureMessage"":"""",""#feedback_1_successMessage"":""""}","{""0"":""https://panoptes-uploads.zooniverse.org/subject_location/e699d9b9-96d7-48fe-b5b8-b7b2a6861f8c.mpga""}",0,,,2023-06-22 00:35:09 UTC,2023-06-22 00:35:09 UTC
90194953,19171,22319,114192,"{""sounds"":""Deci44100_CCES_010_4112.mp3"",""subject_id"":""Deci44100_CCES_010_4112"",""#feedback_1_id"":"""",""#feedback_1_answer"":"""",""#feedback_1_failureMessage"":"""",""#feedback_1_successMessage"":""""}","{""0"":""https://panoptes-uploads.zooniverse.org/subject_location/1133dd16-5f05-4396-9266-b9d0fe8126fe.mpga""}",0,,,2023-06-22 00:35:09 UTC,2023-06-22 00:35:09 UTC
90194954,19171,22319,114192,"{""sounds"":""Deci44100_CCES_010_4116.mp3"",""subject_id"":""Deci44100_CCES_010_4116"",""#feedback_1_id"":"""",""#feedback_1_answer"":"""",""#feedback_1_failureMessage"":"""",""#feedback_1_successMessage"":""""}","{""0"":""https://panoptes-uploads.zooniverse.org/subject_location/fa2f30b5-6555-43b0-afec-4d9b95a12e02.mpga""}",0,,,2023-06-22 00:35:09 UTC,2023-06-22 00:35:09 UTC
90194955,19171,22319,114192,"{""sounds"":""Deci44100_CCES_010_4119.mp3"",""subject_id"":""Deci44100_CCES_010_4119"",""#feedback_1_id"":"""",""#feedback_1_answer"":"""",""#feedback_1_failureMessage"":"""",""#feedback_1_successMessage"":""""}","{""0"":""https://panoptes-uploads.zooniverse.org/subject_location/bdd1b893-797f-43ef-8992-c887f371ba44.mpga""}",1,,,2023-06-22 00:35:10 UTC,2023-06-22 00:35:10 UTC
90194956,19171,22319,114192,"{""sounds"":""Deci44100_CCES_010_4129.mp3"",""subject_id"":""Deci44100_CCES_010_4129"",""#feedback_1_id"":"""",""#feedback_1_answer"":"""",""#feedback_1_failureMessage"":"""",""#feedback_1_successMessage"":""""}","{""0"":""https://panoptes-uploads.zooniverse.org/subject_location/e1283380-07ac-411f-8423-47e80c5ae9fb.mpga""}",0,,,2023-06-22 00:35:10 UTC,2023-06-22 00:35:10 UTC
90194957,19171,22319,114192,"{""sounds"":""Deci44100_CCES_010_4132.mp3"",""subject_id"":""Deci44100_CCES_010_4132"",""#feedback_1_id"":"""",""#feedback_1_answer"":"""",""#feedback_1_failureMessage"":"""",""#feedback_1_successMessage"":""""}","{""0"":""https://panoptes-uploads.zooniverse.org/subject_location/bf3f07d2-e9e3-4580-a1bc-38011366d51e.mpga""}",0,,,2023-06-22 00:35:11 UTC,2023-06-22 00:35:11 UTC
90194958,19171,22319,114192,"{""sounds"":""Deci44100_CCES_010_4137.mp3"",""subject_id"":""Deci44100_CCES_010_4137"",""#feedback_1_id"":"""",""#feedback_1_answer"":"""",""#feedback_1_failureMessage"":"""",""#feedback_1_successMessage"":""""}","{""0"":""https://panoptes-uploads.zooniverse.org/subject_location/874c6677-1b4a-4a78-b049-ce48c3bb7f93.mpga""}",0,,,2023-06-22 00:35:11 UTC,2023-06-22 00:35:11 UTC
90194959,19171,22319,114192,"{""sounds"":""Deci44100_CCES_010_4139.mp3"",""subject_id"":""Deci44100_CCES_010_4139"",""#feedback_1_id"":"""",""#feedback_1_answer"":"""",""#feedback_1_failureMessage"":"""",""#feedback_1_successMessage"":""""}","{""0"":""https://panoptes-uploads.zooniverse.org/subject_location/d0d17862-d922-429b-98f7-3f1fc0ef479f.mpga""}",0,,,2023-06-22 00:35:11 UTC,2023-06-22 00:35:11 UTC
90194960,19171,22319,114192,"{""sounds"":""Deci44100_CCES_010_4145.mp3"",""subject_id"":""Deci44100_CCES_010_4145"",""#feedback_1_id"":"""",""#feedback_1_answer"":"""",""#feedback_1_failureMessage"":"""",""#feedback_1_successMessage"":""""}","{""0"":""https://panoptes-uploads.zooniverse.org/subject_location/d3d529be-c304-4bca-90d9-aaf687e5ad40.mpga""}",0,,,2023-06-22 00:35:12 UTC,2023-06-22 00:35:12 UTC
90194961,19171,22319,114192,"{""sounds"":""Deci44100_CCES_010_415.mp3"",""subject_id"":""Deci44100_CCES_010_415"",""#feedback_1_id"":"""",""#feedback_1_answer"":"""",""#feedback_1_failureMessage"":"""",""#feedback_1_successMessage"":""""}","{""0"":""https://panoptes-uploads.zooniverse.org/subject_location/d961a615-5f48-425f-8c7a-d330d7f85c59.mpga""}",0,,,2023-06-22 00:35:12 UTC,2023-06-22 00:35:12 UTC
90194962,19171,22319,114192,"{""sounds"":""Deci44100_CCES_010_4157.mp3"",""subject_id"":""Deci44100_CCES_010_4157"",""#feedback_1_id"":"""",""#feedback_1_answer"":"""",""#feedback_1_failureMessage"":"""",""#feedback_1_successMessage"":""""}","{""0"":""https://panoptes-uploads.zooniverse.org/subject_location/f7385cac-28e5-47d6-853c-94b72505e031.mpga""}",0,,,2023-06-22 00:35:12 UTC,2023-06-22 00:35:12 UTC
90194963,19171,22319,114192,"{""sounds"":""Deci44100_CCES_010_4163.mp3"",""subject_id"":""Deci44100_CCES_010_4163"",""#feedback_1_id"":"""",""#feedback_1_answer"":"""",""#feedback_1_failureMessage"":"""",""#feedback_1_successMessage"":""""}","{""0"":""https://panoptes-uploads.zooniverse.org/subject_location/ff97c57c-2480-4e3d-8458-44c85ca744ab.mpga""}",0,,,2023-06-22 00:35:13 UTC,2023-06-22 00:35:13 UTC
90194964,19171,22319,114192,"{""sounds"":""Deci44100_CCES_010_4168.mp3"",""subject_id"":""Deci44100_CCES_010_4168"",""#feedback_1_id"":"""",""#feedback_1_answer"":"""",""#feedback_1_failureMessage"":"""",""#feedback_1_successMessage"":""""}","{""0"":""https://panoptes-uploads.zooniverse.org/subject_location/42b09690-fed2-493e-9bce-c2dad999b758.mpga""}",0,,,2023-06-22 00:35:13 UTC,2023-06-22 00:35:13 UTC
90194965,19171,22319,114192,"{""sounds"":""Deci44100_CCES_010_4171.mp3"",""subject_id"":""Deci44100_CCES_010_4171"",""#feedback_1_id"":"""",""#feedback_1_answer"":"""",""#feedback_1_failureMessage"":"""",""#feedback_1_successMessage"":""""}","{""0"":""https://panoptes-uploads.zooniverse.org/subject_location/1e73160b-a638-488d-8df9-5dcbebf25f74.mpga""}",0,,,2023-06-22 00:35:13 UTC,2023-06-22 00:35:13 UTC
90194966,19171,22319,114192,"{""sounds"":""Deci44100_CCES_010_4180.mp3"",""subject_id"":""Deci44100_CCES_010_4180"",""#feedback_1_id"":"""",""#feedback_1_answer"":"""",""#feedback_1_failureMessage"":"""",""#feedback_1_successMessage"":""""}","{""0"":""https://panoptes-uploads.zooniverse.org/subject_location/8816d223-0aba-4992-8527-b1d2a3482b62.mpga""}",0,,,2023-06-22 00:35:14 UTC,2023-06-22 00:35:14 UTC
90194967,19171,22319,114192,"{""sounds"":""Deci44100_CCES_010_4182.mp3"",""subject_id"":""Deci44100_CCES_010_4182"",""#feedback_1_id"":"""",""#feedback_1_answer"":"""",""#feedback_1_failureMessage"":"""",""#feedback_1_successMessage"":""""}","{""0"":""https://panoptes-uploads.zooniverse.org/subject_location/f97ded19-3bd8-4e47-8920-0aa319cb58ff.mpga""}",0,,,2023-06-22 00:35:14 UTC,2023-06-22 00:35:14 UTC
90194968,19171,22319,114192,"{""sounds"":""Deci44100_CCES_010_4193.mp3"",""subject_id"":""Deci44100_CCES_010_4193"",""#feedback_1_id"":"""",""#feedback_1_answer"":"""",""#feedback_1_failureMessage"":"""",""#feedback_1_successMessage"":""""}","{""0"":""https://panoptes-uploads.zooniverse.org/subject_location/60db1029-1a69-4ab2-812c-9a834ef2c47a.mpga""}",0,,,2023-06-22 00:35:14 UTC,2023-06-22 00:35:14 UTC
90194969,19171,22319,114192,"{""sounds"":""Deci44100_CCES_010_4198.mp3"",""subject_id"":""Deci44100_CCES_010_4198"",""#feedback_1_id"":"""",""#feedback_1_answer"":"""",""#feedback_1_failureMessage"":"""",""#feedback_1_successMessage"":""""}","{""0"":""https://panoptes-uploads.zooniverse.org/subject_location/0cdd0244-1152-4ce8-855b-31fd679cc101.mpga""}",0,,,2023-06-22 00:35:15 UTC,2023-06-22 00:35:15 UTC
90194970,19171,22319,114192,"{""sounds"":""Deci44100_CCES_010_4199.mp3"",""subject_id"":""Deci44100_CCES_010_4199"",""#feedback_1_id"":"""",""#feedback_1_answer"":"""",""#feedback_1_failureMessage"":"""",""#feedback_1_successMessage"":""""}","{""0"":""https://panoptes-uploads.zooniverse.org/subject_location/0f5cf9ee-7bdb-42ae-8bcd-c79e976c55f4.mpga""}",0,,,2023-06-22 00:35:15 UTC,2023-06-22 00:35:15 UTC
90194971,19171,22319,114192,"{""sounds"":""Deci44100_CCES_010_421.mp3"",""subject_id"":""Deci44100_CCES_010_421"",""#feedback_1_id"":"""",""#feedback_1_answer"":"""",""#feedback_1_failureMessage"":"""",""#feedback_1_successMessage"":""""}","{""0"":""https://panoptes-uploads.zooniverse.org/subject_location/d96860dd-d581-44f5-9e85-c513fac6cc1e.mpga""}",0,,,2023-06-22 00:35:16 UTC,2023-06-22 00:35:16 UTC
90194972,19171,22319,114192,"{""sounds"":""Deci44100_CCES_010_4213.mp3"",""subject_id"":""Deci44100_CCES_010_4213"",""#feedback_1_id"":"""",""#feedback_1_answer"":"""",""#feedback_1_failureMessage"":"""",""#feedback_1_successMessage"":""""}","{""0"":""https://panoptes-uploads.zooniverse.org/subject_location/577b2404-6f4a-4266-a4f7-a5bfc6430625.mpga""}",0,,,2023-06-22 00:35:16 UTC,2023-06-22 00:35:16 UTC
90194973,19171,22319,114192,"{""sounds"":""Deci44100_CCES_010_422.mp3"",""subject_id"":""Deci44100_CCES_010_422"",""#feedback_1_id"":"""",""#feedback_1_answer"":"""",""#feedback_1_failureMessage"":"""",""#feedback_1_successMessage"":""""}","{""0"":""https://panoptes-uploads.zooniverse.org/subject_location/02510517-d763-48ab-92b4-4df277b67f9f.mpga""}",0,,,2023-06-22 00:35:16 UTC,2023-06-22 00:35:16 UTC
90194974,19171,22319,114192,"{""sounds"":""Deci44100_CCES_010_4223.mp3"",""subject_id"":""Deci44100_CCES_010_4223"",""#feedback_1_id"":"""",""#feedback_1_answer"":"""",""#feedback_1_failureMessage"":"""",""#feedback_1_successMessage"":""""}","{""0"":""https://panoptes-uploads.zooniverse.org/subject_location/55cee822-5088-4fd8-9b0c-9b1266a94bf6.mpga""}",0,,,2023-06-22 00:35:17 UTC,2023-06-22 00:35:17 UTC
90194975,19171,22319,114192,"{""sounds"":""Deci44100_CCES_010_4239.mp3"",""subject_id"":""Deci44100_CCES_010_4239"",""#feedback_1_id"":"""",""#feedback_1_answer"":"""",""#feedback_1_failureMessage"":"""",""#feedback_1_successMessage"":""""}","{""0"":""https://panoptes-uploads.zooniverse.org/subject_location/014ff70e-5fbe-4d1a-8d95-f230dba2ce45.mpga""}",0,,,2023-06-22 00:35:17 UTC,2023-06-22 00:35:17 UTC
90194976,19171,22319,114192,"{""sounds"":""Deci44100_CCES_010_4240.mp3"",""subject_id"":""Deci44100_CCES_010_4240"",""#feedback_1_id"":"""",""#feedback_1_answer"":"""",""#feedback_1_failureMessage"":"""",""#feedback_1_successMessage"":""""}","{""0"":""https://panoptes-uploads.zooniverse.org/subject_location/426c1826-3652-4a79-82ed-e513dbfe23a4.mpga""}",0,,,2023-06-22 00:35:17 UTC,2023-06-22 00:35:17 UTC
90194977,19171,22319,114192,"{""sounds"":""Deci44100_CCES_010_425.mp3"",""subject_id"":""Deci44100_CCES_010_425"",""#feedback_1_id"":"""",""#feedback_1_answer"":"""",""#feedback_1_failureMessage"":"""",""#feedback_1_successMessage"":""""}","{""0"":""https://panoptes-uploads.zooniverse.org/subject_location/6620d781-8a8f-47cd-a89a-d4f3ab4cab89.mpga""}",0,,,2023-06-22 00:35:18 UTC,2023-06-22 00:35:18 UTC
90194978,19171,22319,114192,"{""sounds"":""Deci44100_CCES_010_4254.mp3"",""subject_id"":""Deci44100_CCES_010_4254"",""#feedback_1_id"":"""",""#feedback_1_answer"":"""",""#feedback_1_failureMessage"":"""",""#feedback_1_successMessage"":""""}","{""0"":""https://panoptes-uploads.zooniverse.org/subject_location/2adde609-4fb8-4bd1-ab2a-e62369d9618e.mpga""}",0,,,2023-06-22 00:35:18 UTC,2023-06-22 00:35:18 UTC
90194979,19171,22319,114192,"{""sounds"":""Deci44100_CCES_010_4257.mp3"",""subject_id"":""Deci44100_CCES_010_4257"",""#feedback_1_id"":"""",""#feedback_1_answer"":"""",""#feedback_1_failureMessage"":"""",""#feedback_1_successMessage"":""""}","{""0"":""https://panoptes-uploads.zooniverse.org/subject_location/beff86e5-6ce7-4752-9186-fddc03eb077d.mpga""}",0,,,2023-06-22 00:35:18 UTC,2023-06-22 00:35:18 UTC
90194980,19171,22319,114192,"{""sounds"":""Deci44100_CCES_010_4265.mp3"",""subject_id"":""Deci44100_CCES_010_4265"",""#feedback_1_id"":"""",""#feedback_1_answer"":"""",""#feedback_1_failureMessage"":"""",""#feedback_1_successMessage"":""""}","{""0"":""https://panoptes-uploads.zooniverse.org/subject_location/204a52a6-5e2c-44bd-8be0-672afa14a67f.mpga""}",0,,,2023-06-22 00:35:19 UTC,2023-06-22 00:35:19 UTC
90194981,19171,22319,114192,"{""sounds"":""Deci44100_CCES_010_4271.mp3"",""subject_id"":""Deci44100_CCES_010_4271"",""#feedback_1_id"":"""",""#feedback_1_answer"":"""",""#feedback_1_failureMessage"":"""",""#feedback_1_successMessage"":""""}","{""0"":""https://panoptes-uploads.zooniverse.org/subject_location/bb6dff5b-f98b-4e53-b22e-bf8a51a2a536.mpga""}",0,,,2023-06-22 00:35:19 UTC,2023-06-22 00:35:19 UTC
90194982,19171,22319,114192,"{""sounds"":""Deci44100_CCES_010_4275.mp3"",""subject_id"":""Deci44100_CCES_010_4275"",""#feedback_1_id"":"""",""#feedback_1_answer"":"""",""#feedback_1_failureMessage"":"""",""#feedback_1_successMessage"":""""}","{""0"":""https://panoptes-uploads.zooniverse.org/subject_location/8345a880-525b-40fd-ba87-bfcd2a961e8f.mpga""}",0,,,2023-06-22 00:35:20 UTC,2023-06-22 00:35:20 UTC
90194983,19171,22319,114192,"{""sounds"":""Deci44100_CCES_010_4278.mp3"",""subject_id"":""Deci44100_CCES_010_4278"",""#feedback_1_id"":"""",""#feedback_1_answer"":"""",""#feedback_1_failureMessage"":"""",""#feedback_1_successMessage"":""""}","{""0"":""https://panoptes-uploads.zooniverse.org/subject_location/70ffc56a-7c40-4a07-a3bb-86b969467acc.mpga""}",0,,,2023-06-22 00:35:20 UTC,2023-06-22 00:35:20 UTC
90194984,19171,22319,114192,"{""sounds"":""Deci44100_CCES_010_4281.mp3"",""subject_id"":""Deci44100_CCES_010_4281"",""#feedback_1_id"":"""",""#feedback_1_answer"":"""",""#feedback_1_failureMessage"":"""",""#feedback_1_successMessage"":""""}","{""0"":""https://panoptes-uploads.zooniverse.org/subject_location/9c82bf1f-17b3-4036-8cdd-fd17e0e19cc8.mpga""}",0,,,2023-06-22 00:35:20 UTC,2023-06-22 00:35:20 UTC
90194985,19171,22319,114192,"{""sounds"":""Deci44100_CCES_010_429.mp3"",""subject_id"":""Deci44100_CCES_010_429"",""#feedback_1_id"":"""",""#feedback_1_answer"":"""",""#feedback_1_failureMessage"":"""",""#feedback_1_successMessage"":""""}","{""0"":""https://panoptes-uploads.zooniverse.org/subject_location/780a333f-4ada-4a04-a283-cf9a814df880.mpga""}",0,,,2023-06-22 00:35:21 UTC,2023-06-22 00:35:21 UTC
90194986,19171,22319,114192,"{""sounds"":""Deci44100_CCES_010_4292.mp3"",""subject_id"":""Deci44100_CCES_010_4292"",""#feedback_1_id"":"""",""#feedback_1_answer"":"""",""#feedback_1_failureMessage"":"""",""#feedback_1_successMessage"":""""}","{""0"":""https://panoptes-uploads.zooniverse.org/subject_location/64ce6b9d-21a7-4cca-afaa-57c98b920411.mpga""}",0,,,2023-06-22 00:35:21 UTC,2023-06-22 00:35:21 UTC
90194987,19171,22319,114192,"{""sounds"":""Deci44100_CCES_010_4295.mp3"",""subject_id"":""Deci44100_CCES_010_4295"",""#feedback_1_id"":"""",""#feedback_1_answer"":"""",""#feedback_1_failureMessage"":"""",""#feedback_1_successMessage"":""""}","{""0"":""https://panoptes-uploads.zooniverse.org/subject_location/9c014f1d-6ae9-471c-91d7-2b12d4c3ec8c.mpga""}",0,,,2023-06-22 00:35:21 UTC,2023-06-22 00:35:21 UTC
90194988,19171,22319,114192,"{""sounds"":""Deci44100_CCES_010_4296.mp3"",""subject_id"":""Deci44100_CCES_010_4296"",""#feedback_1_id"":"""",""#feedback_1_answer"":"""",""#feedback_1_failureMessage"":"""",""#feedback_1_successMessage"":""""}","{""0"":""https://panoptes-uploads.zooniverse.org/subject_location/483613e9-7177-4cf0-812f-e0f12b6ee24f.mpga""}",0,,,2023-06-22 00:35:22 UTC,2023-06-22 00:35:22 UTC
90194989,19171,22319,114192,"{""sounds"":""Deci44100_CCES_010_4301.mp3"",""subject_id"":""Deci44100_CCES_010_4301"",""#feedback_1_id"":"""",""#feedback_1_answer"":"""",""#feedback_1_failureMessage"":"""",""#feedback_1_successMessage"":""""}","{""0"":""https://panoptes-uploads.zooniverse.org/subject_location/385e23e0-5266-410c-9d44-b972d6d8b94d.mpga""}",0,,,2023-06-22 00:35:22 UTC,2023-06-22 00:35:22 UTC
90194990,19171,22319,114192,"{""sounds"":""Deci44100_CCES_010_4302.mp3"",""subject_id"":""Deci44100_CCES_010_4302"",""#feedback_1_id"":"""",""#feedback_1_answer"":"""",""#feedback_1_failureMessage"":"""",""#feedback_1_successMessage"":""""}","{""0"":""https://panoptes-uploads.zooniverse.org/subject_location/d575865d-7359-4c54-a206-4cb274701345.mpga""}",0,,,2023-06-22 00:35:23 UTC,2023-06-22 00:35:23 UTC
90194991,19171,22319,114192,"{""sounds"":""Deci44100_CCES_010_4308.mp3"",""subject_id"":""Deci44100_CCES_010_4308"",""#feedback_1_id"":"""",""#feedback_1_answer"":"""",""#feedback_1_failureMessage"":"""",""#feedback_1_successMessage"":""""}","{""0"":""https://panoptes-uploads.zooniverse.org/subject_location/ec35eb1b-554c-4772-9f58-dc461c3ace77.mpga""}",0,,,2023-06-22 00:35:23 UTC,2023-06-22 00:35:23 UTC
90194992,19171,22319,114192,"{""sounds"":""Deci44100_CCES_010_4313.mp3"",""subject_id"":""Deci44100_CCES_010_4313"",""#feedback_1_id"":"""",""#feedback_1_answer"":"""",""#feedback_1_failureMessage"":"""",""#feedback_1_successMessage"":""""}","{""0"":""https://panoptes-uploads.zooniverse.org/subject_location/a62047d5-6792-46ca-8b80-c2544458af13.mpga""}",0,,,2023-06-22 00:35:23 UTC,2023-06-22 00:35:23 UTC
90194993,19171,22319,114192,"{""sounds"":""Deci44100_CCES_010_4324.mp3"",""subject_id"":""Deci44100_CCES_010_4324"",""#feedback_1_id"":"""",""#feedback_1_answer"":"""",""#feedback_1_failureMessage"":"""",""#feedback_1_successMessage"":""""}","{""0"":""https://panoptes-uploads.zooniverse.org/subject_location/e0f08384-9afb-41b5-b885-add28353ab6f.mpga""}",0,,,2023-06-22 00:35:24 UTC,2023-06-22 00:35:24 UTC
90194994,19171,22319,114192,"{""sounds"":""Deci44100_CCES_010_4325.mp3"",""subject_id"":""Deci44100_CCES_010_4325"",""#feedback_1_id"":"""",""#feedback_1_answer"":"""",""#feedback_1_failureMessage"":"""",""#feedback_1_successMessage"":""""}","{""0"":""https://panoptes-uploads.zooniverse.org/subject_location/18da89cf-d7a2-4193-9fd7-1603fa88906a.mpga""}",0,,,2023-06-22 00:35:24 UTC,2023-06-22 00:35:24 UTC
90194995,19171,22319,114192,"{""sounds"":""Deci44100_CCES_010_4326.mp3"",""subject_id"":""Deci44100_CCES_010_4326"",""#feedback_1_id"":"""",""#feedback_1_answer"":"""",""#feedback_1_failureMessage"":"""",""#feedback_1_successMessage"":""""}","{""0"":""https://panoptes-uploads.zooniverse.org/subject_location/d47a1e8f-ffe7-4652-9281-d91f938ae72c.mpga""}",0,,,2023-06-22 00:35:24 UTC,2023-06-22 00:35:24 UTC
90194996,19171,22319,114192,"{""sounds"":""Deci44100_CCES_010_4331.mp3"",""subject_id"":""Deci44100_CCES_010_4331"",""#feedback_1_id"":"""",""#feedback_1_answer"":"""",""#feedback_1_failureMessage"":"""",""#feedback_1_successMessage"":""""}","{""0"":""https://panoptes-uploads.zooniverse.org/subject_location/84c3378a-59cd-4adb-8cd7-f02c40dfe1dc.mpga""}",0,,,2023-06-22 00:35:25 UTC,2023-06-22 00:35:25 UTC
90194997,19171,22319,114192,"{""sounds"":""Deci44100_CCES_010_4340.mp3"",""subject_id"":""Deci44100_CCES_010_4340"",""#feedback_1_id"":"""",""#feedback_1_answer"":"""",""#feedback_1_failureMessage"":"""",""#feedback_1_successMessage"":""""}","{""0"":""https://panoptes-uploads.zooniverse.org/subject_location/a5f936d6-34ce-46c3-8f99-6beab94eef85.mpga""}",0,,,2023-06-22 00:35:25 UTC,2023-06-22 00:35:25 UTC
90194998,19171,22319,114192,"{""sounds"":""Deci44100_CCES_010_4350.mp3"",""subject_id"":""Deci44100_CCES_010_4350"",""#feedback_1_id"":"""",""#feedback_1_answer"":"""",""#feedback_1_failureMessage"":"""",""#feedback_1_successMessage"":""""}","{""0"":""https://panoptes-uploads.zooniverse.org/subject_location/57bd1fd8-794f-4192-b2ad-41bb9f3688b0.mpga""}",0,,,2023-06-22 00:35:25 UTC,2023-06-22 00:35:25 UTC
90194999,19171,22319,114192,"{""sounds"":""Deci44100_CCES_010_4355.mp3"",""subject_id"":""Deci44100_CCES_010_4355"",""#feedback_1_id"":"""",""#feedback_1_answer"":"""",""#feedback_1_failureMessage"":"""",""#feedback_1_successMessage"":""""}","{""0"":""https://panoptes-uploads.zooniverse.org/subject_location/44861076-0b45-4d18-8161-2853502abf12.mpga""}",0,,,2023-06-22 00:35:26 UTC,2023-06-22 00:35:26 UTC
90195000,19171,22319,114192,"{""sounds"":""Deci44100_CCES_010_4363.mp3"",""subject_id"":""Deci44100_CCES_010_4363"",""#feedback_1_id"":"""",""#feedback_1_answer"":"""",""#feedback_1_failureMessage"":"""",""#feedback_1_successMessage"":""""}","{""0"":""https://panoptes-uploads.zooniverse.org/subject_location/49e35012-d8dc-4d5e-bc79-36ff14213b37.mpga""}",0,,,2023-06-22 00:35:26 UTC,2023-06-22 00:35:26 UTC
90195001,19171,22319,114192,"{""sounds"":""Deci44100_CCES_010_4364.mp3"",""subject_id"":""Deci44100_CCES_010_4364"",""#feedback_1_id"":"""",""#feedback_1_answer"":"""",""#feedback_1_failureMessage"":"""",""#feedback_1_successMessage"":""""}","{""0"":""https://panoptes-uploads.zooniverse.org/subject_location/81c8ab4c-12c8-4c2a-8c7e-792981ccccfd.mpga""}",0,,,2023-06-22 00:35:27 UTC,2023-06-22 00:35:27 UTC
90195002,19171,22319,114192,"{""sounds"":""Deci44100_CCES_010_4376.mp3"",""subject_id"":""Deci44100_CCES_010_4376"",""#feedback_1_id"":"""",""#feedback_1_answer"":"""",""#feedback_1_failureMessage"":"""",""#feedback_1_successMessage"":""""}","{""0"":""https://panoptes-uploads.zooniverse.org/subject_location/079d2a0e-6a50-47ac-b0ce-52f7cf6deb0b.mpga""}",0,,,2023-06-22 00:35:27 UTC,2023-06-22 00:35:27 UTC
90195003,19171,22319,114192,"{""sounds"":""Deci44100_CCES_010_442.mp3"",""subject_id"":""Deci44100_CCES_010_442"",""#feedback_1_id"":"""",""#feedback_1_answer"":"""",""#feedback_1_failureMessage"":"""",""#feedback_1_successMessage"":""""}","{""0"":""https://panoptes-uploads.zooniverse.org/subject_location/bdf5119f-888d-49ad-b40e-17f812e6c66a.mpga""}",0,,,2023-06-22 00:35:27 UTC,2023-06-22 00:35:27 UTC
90195004,19171,22319,114192,"{""sounds"":""Deci44100_CCES_010_448.mp3"",""subject_id"":""Deci44100_CCES_010_448"",""#feedback_1_id"":"""",""#feedback_1_answer"":"""",""#feedback_1_failureMessage"":"""",""#feedback_1_successMessage"":""""}","{""0"":""https://panoptes-uploads.zooniverse.org/subject_location/071f5fd9-915b-4084-a0ca-3aaf24811aa4.mpga""}",0,,,2023-06-22 00:35:28 UTC,2023-06-22 00:35:28 UTC
90195005,19171,22319,114192,"{""sounds"":""Deci44100_CCES_010_456.mp3"",""subject_id"":""Deci44100_CCES_010_456"",""#feedback_1_id"":"""",""#feedback_1_answer"":"""",""#feedback_1_failureMessage"":"""",""#feedback_1_successMessage"":""""}","{""0"":""https://panoptes-uploads.zooniverse.org/subject_location/387d1252-17a9-42e9-98e0-14e1399e9247.mpga""}",0,,,2023-06-22 00:35:28 UTC,2023-06-22 00:35:28 UTC
90195006,19171,22319,114192,"{""sounds"":""Deci44100_CCES_010_475.mp3"",""subject_id"":""Deci44100_CCES_010_475"",""#feedback_1_id"":"""",""#feedback_1_answer"":"""",""#feedback_1_failureMessage"":"""",""#feedback_1_successMessage"":""""}","{""0"":""https://panoptes-uploads.zooniverse.org/subject_location/0051a0a7-e993-4a9b-855b-35c75439f313.mpga""}",0,,,2023-06-22 00:35:28 UTC,2023-06-22 00:35:28 UTC
90195007,19171,22319,114192,"{""sounds"":""Deci44100_CCES_010_49.mp3"",""subject_id"":""Deci44100_CCES_010_49"",""#feedback_1_id"":"""",""#feedback_1_answer"":"""",""#feedback_1_failureMessage"":"""",""#feedback_1_successMessage"":""""}","{""0"":""https://panoptes-uploads.zooniverse.org/subject_location/282211ca-aa0d-45d9-b336-bd0a9e80989f.mpga""}",0,,,2023-06-22 00:35:29 UTC,2023-06-22 00:35:29 UTC
90195008,19171,22319,114192,"{""sounds"":""Deci44100_CCES_010_499.mp3"",""subject_id"":""Deci44100_CCES_010_499"",""#feedback_1_id"":"""",""#feedback_1_answer"":"""",""#feedback_1_failureMessage"":"""",""#feedback_1_successMessage"":""""}","{""0"":""https://panoptes-uploads.zooniverse.org/subject_location/2f747785-a9d0-430b-b0b4-845f5d931952.mpga""}",0,,,2023-06-22 00:35:29 UTC,2023-06-22 00:35:29 UTC
90195009,19171,22319,114192,"{""sounds"":""Deci44100_CCES_010_501.mp3"",""subject_id"":""Deci44100_CCES_010_501"",""#feedback_1_id"":"""",""#feedback_1_answer"":"""",""#feedback_1_failureMessage"":"""",""#feedback_1_successMessage"":""""}","{""0"":""https://panoptes-uploads.zooniverse.org/subject_location/e280e9f6-ae90-4fd3-a3c5-405934bda932.mpga""}",0,,,2023-06-22 00:35:30 UTC,2023-06-22 00:35:30 UTC
90195010,19171,22319,114192,"{""sounds"":""Deci44100_CCES_010_509.mp3"",""subject_id"":""Deci44100_CCES_010_509"",""#feedback_1_id"":"""",""#feedback_1_answer"":"""",""#feedback_1_failureMessage"":"""",""#feedback_1_successMessage"":""""}","{""0"":""https://panoptes-uploads.zooniverse.org/subject_location/7c32be5c-24f6-497e-9eb5-994f5f1b32f0.mpga""}",0,,,2023-06-22 00:35:30 UTC,2023-06-22 00:35:30 UTC
90195011,19171,22319,114192,"{""sounds"":""Deci44100_CCES_010_52.mp3"",""subject_id"":""Deci44100_CCES_010_52"",""#feedback_1_id"":"""",""#feedback_1_answer"":"""",""#feedback_1_failureMessage"":"""",""#feedback_1_successMessage"":""""}","{""0"":""https://panoptes-uploads.zooniverse.org/subject_location/94d4afed-0331-4831-adb5-7fc6380370e8.mpga""}",0,,,2023-06-22 00:35:30 UTC,2023-06-22 00:35:30 UTC
90195012,19171,22319,114192,"{""sounds"":""Deci44100_CCES_010_520.mp3"",""subject_id"":""Deci44100_CCES_010_520"",""#feedback_1_id"":"""",""#feedback_1_answer"":"""",""#feedback_1_failureMessage"":"""",""#feedback_1_successMessage"":""""}","{""0"":""https://panoptes-uploads.zooniverse.org/subject_location/99364d61-7dda-401b-8a51-4accc46edce6.mpga""}",0,,,2023-06-22 00:35:31 UTC,2023-06-22 00:35:31 UTC
90195013,19171,22319,114192,"{""sounds"":""Deci44100_CCES_010_534.mp3"",""subject_id"":""Deci44100_CCES_010_534"",""#feedback_1_id"":"""",""#feedback_1_answer"":"""",""#feedback_1_failureMessage"":"""",""#feedback_1_successMessage"":""""}","{""0"":""https://panoptes-uploads.zooniverse.org/subject_location/40c45219-49de-407a-abaf-95e5c013360a.mpga""}",0,,,2023-06-22 00:35:31 UTC,2023-06-22 00:35:31 UTC
90195014,19171,22319,114192,"{""sounds"":""Deci44100_CCES_010_538.mp3"",""subject_id"":""Deci44100_CCES_010_538"",""#feedback_1_id"":"""",""#feedback_1_answer"":"""",""#feedback_1_failureMessage"":"""",""#feedback_1_successMessage"":""""}","{""0"":""https://panoptes-uploads.zooniverse.org/subject_location/1931ce9e-bd7d-4570-b110-80eca96926df.mpga""}",0,,,2023-06-22 00:35:31 UTC,2023-06-22 00:35:31 UTC
90195015,19171,22319,114192,"{""sounds"":""Deci44100_CCES_010_544.mp3"",""subject_id"":""Deci44100_CCES_010_544"",""#feedback_1_id"":"""",""#feedback_1_answer"":"""",""#feedback_1_failureMessage"":"""",""#feedback_1_successMessage"":""""}","{""0"":""https://panoptes-uploads.zooniverse.org/subject_location/e2bdb2b0-7017-42ad-b9c6-b54550166d89.mpga""}",0,,,2023-06-22 00:35:32 UTC,2023-06-22 00:35:32 UTC
90195016,19171,22319,114192,"{""sounds"":""Deci44100_CCES_010_55.mp3"",""subject_id"":""Deci44100_CCES_010_55"",""#feedback_1_id"":"""",""#feedback_1_answer"":"""",""#feedback_1_failureMessage"":"""",""#feedback_1_successMessage"":""""}","{""0"":""https://panoptes-uploads.zooniverse.org/subject_location/d49ba5ce-0e2f-4e13-a6d8-35d31a3a747b.mpga""}",0,,,2023-06-22 00:35:32 UTC,2023-06-22 00:35:32 UTC
90195017,19171,22319,114192,"{""sounds"":""Deci44100_CCES_010_555.mp3"",""subject_id"":""Deci44100_CCES_010_555"",""#feedback_1_id"":"""",""#feedback_1_answer"":"""",""#feedback_1_failureMessage"":"""",""#feedback_1_successMessage"":""""}","{""0"":""https://panoptes-uploads.zooniverse.org/subject_location/84151ef1-1979-4f66-a7dd-e658bd6e3e02.mpga""}",0,,,2023-06-22 00:35:33 UTC,2023-06-22 00:35:33 UTC
90195018,19171,22319,114192,"{""sounds"":""Deci44100_CCES_010_571.mp3"",""subject_id"":""Deci44100_CCES_010_571"",""#feedback_1_id"":"""",""#feedback_1_answer"":"""",""#feedback_1_failureMessage"":"""",""#feedback_1_successMessage"":""""}","{""0"":""https://panoptes-uploads.zooniverse.org/subject_location/2ef25588-0b76-4d98-855e-6688ab09d294.mpga""}",0,,,2023-06-22 00:35:33 UTC,2023-06-22 00:35:33 UTC
90195019,19171,22319,114192,"{""sounds"":""Deci44100_CCES_010_572.mp3"",""subject_id"":""Deci44100_CCES_010_572"",""#feedback_1_id"":"""",""#feedback_1_answer"":"""",""#feedback_1_failureMessage"":"""",""#feedback_1_successMessage"":""""}","{""0"":""https://panoptes-uploads.zooniverse.org/subject_location/a636b85a-940d-4166-8732-9b4af141a16e.mpga""}",0,,,2023-06-22 00:35:33 UTC,2023-06-22 00:35:33 UTC
90195020,19171,22319,114192,"{""sounds"":""Deci44100_CCES_010_574.mp3"",""subject_id"":""Deci44100_CCES_010_574"",""#feedback_1_id"":"""",""#feedback_1_answer"":"""",""#feedback_1_failureMessage"":"""",""#feedback_1_successMessage"":""""}","{""0"":""https://panoptes-uploads.zooniverse.org/subject_location/87750de6-a27d-4f8b-b994-caa78eea268a.mpga""}",0,,,2023-06-22 00:35:34 UTC,2023-06-22 00:35:34 UTC
90195021,19171,22319,114192,"{""sounds"":""Deci44100_CCES_010_575.mp3"",""subject_id"":""Deci44100_CCES_010_575"",""#feedback_1_id"":"""",""#feedback_1_answer"":"""",""#feedback_1_failureMessage"":"""",""#feedback_1_successMessage"":""""}","{""0"":""https://panoptes-uploads.zooniverse.org/subject_location/8be515fa-6a4b-444d-ba88-ae82c2e10588.mpga""}",0,,,2023-06-22 00:35:34 UTC,2023-06-22 00:35:34 UTC
90195022,19171,22319,114192,"{""sounds"":""Deci44100_CCES_010_587.mp3"",""subject_id"":""Deci44100_CCES_010_587"",""#feedback_1_id"":"""",""#feedback_1_answer"":"""",""#feedback_1_failureMessage"":"""",""#feedback_1_successMessage"":""""}","{""0"":""https://panoptes-uploads.zooniverse.org/subject_location/ff78fe41-dd9c-4dc3-a110-bd3df919df5d.mpga""}",0,,,2023-06-22 00:35:34 UTC,2023-06-22 00:35:34 UTC
90195023,19171,22319,114192,"{""sounds"":""Deci44100_CCES_010_590.mp3"",""subject_id"":""Deci44100_CCES_010_590"",""#feedback_1_id"":"""",""#feedback_1_answer"":"""",""#feedback_1_failureMessage"":"""",""#feedback_1_successMessage"":""""}","{""0"":""https://panoptes-uploads.zooniverse.org/subject_location/83fa538f-3c9f-4e37-8a3a-fa5545754264.mpga""}",0,,,2023-06-22 00:35:35 UTC,2023-06-22 00:35:35 UTC
90195024,19171,22319,114192,"{""sounds"":""Deci44100_CCES_010_613.mp3"",""subject_id"":""Deci44100_CCES_010_613"",""#feedback_1_id"":"""",""#feedback_1_answer"":"""",""#feedback_1_failureMessage"":"""",""#feedback_1_successMessage"":""""}","{""0"":""https://panoptes-uploads.zooniverse.org/subject_location/db347c91-1da7-4fb7-a8da-11fa3e75a917.mpga""}",0,,,2023-06-22 00:35:35 UTC,2023-06-22 00:35:35 UTC
90195025,19171,22319,114192,"{""sounds"":""Deci44100_CCES_010_630.mp3"",""subject_id"":""Deci44100_CCES_010_630"",""#feedback_1_id"":"""",""#feedback_1_answer"":"""",""#feedback_1_failureMessage"":"""",""#feedback_1_successMessage"":""""}","{""0"":""https://panoptes-uploads.zooniverse.org/subject_location/49e77dcf-6023-4362-ac8d-8c0991ba6cdc.mpga""}",0,,,2023-06-22 00:35:35 UTC,2023-06-22 00:35:35 UTC
90195026,19171,22319,114192,"{""sounds"":""Deci44100_CCES_010_633.mp3"",""subject_id"":""Deci44100_CCES_010_633"",""#feedback_1_id"":"""",""#feedback_1_answer"":"""",""#feedback_1_failureMessage"":"""",""#feedback_1_successMessage"":""""}","{""0"":""https://panoptes-uploads.zooniverse.org/subject_location/71ebad22-0b13-4469-9872-2f0304448af7.mpga""}",0,,,2023-06-22 00:35:36 UTC,2023-06-22 00:35:36 UTC
90195027,19171,22319,114192,"{""sounds"":""Deci44100_CCES_010_636.mp3"",""subject_id"":""Deci44100_CCES_010_636"",""#feedback_1_id"":"""",""#feedback_1_answer"":"""",""#feedback_1_failureMessage"":"""",""#feedback_1_successMessage"":""""}","{""0"":""https://panoptes-uploads.zooniverse.org/subject_location/e7c7d533-aaad-4601-a6a0-ec9aedd48e99.mpga""}",0,,,2023-06-22 00:35:36 UTC,2023-06-22 00:35:36 UTC
90195028,19171,22319,114192,"{""sounds"":""Deci44100_CCES_010_642.mp3"",""subject_id"":""Deci44100_CCES_010_642"",""#feedback_1_id"":"""",""#feedback_1_answer"":"""",""#feedback_1_failureMessage"":"""",""#feedback_1_successMessage"":""""}","{""0"":""https://panoptes-uploads.zooniverse.org/subject_location/f0b34b81-8c31-4ec4-9b79-4222d879cf0c.mpga""}",0,,,2023-06-22 00:35:37 UTC,2023-06-22 00:35:37 UTC
90195029,19171,22319,114192,"{""sounds"":""Deci44100_CCES_010_645.mp3"",""subject_id"":""Deci44100_CCES_010_645"",""#feedback_1_id"":"""",""#feedback_1_answer"":"""",""#feedback_1_failureMessage"":"""",""#feedback_1_successMessage"":""""}","{""0"":""https://panoptes-uploads.zooniverse.org/subject_location/f151b195-3cb1-4cf6-bf97-4031f5b11a3a.mpga""}",0,,,2023-06-22 00:35:37 UTC,2023-06-22 00:35:37 UTC
90195030,19171,22319,114192,"{""sounds"":""Deci44100_CCES_010_648.mp3"",""subject_id"":""Deci44100_CCES_010_648"",""#feedback_1_id"":"""",""#feedback_1_answer"":"""",""#feedback_1_failureMessage"":"""",""#feedback_1_successMessage"":""""}","{""0"":""https://panoptes-uploads.zooniverse.org/subject_location/33315cf0-4ca3-4634-b50c-62c66c35666d.mpga""}",0,,,2023-06-22 00:35:37 UTC,2023-06-22 00:35:37 UTC
90195031,19171,22319,114192,"{""sounds"":""Deci44100_CCES_010_653.mp3"",""subject_id"":""Deci44100_CCES_010_653"",""#feedback_1_id"":"""",""#feedback_1_answer"":"""",""#feedback_1_failureMessage"":"""",""#feedback_1_successMessage"":""""}","{""0"":""https://panoptes-uploads.zooniverse.org/subject_location/e66b9094-80fa-40a1-8dd6-ad4d70c7897f.mpga""}",0,,,2023-06-22 00:35:38 UTC,2023-06-22 00:35:38 UTC
90195032,19171,22319,114192,"{""sounds"":""Deci44100_CCES_010_669.mp3"",""subject_id"":""Deci44100_CCES_010_669"",""#feedback_1_id"":"""",""#feedback_1_answer"":"""",""#feedback_1_failureMessage"":"""",""#feedback_1_successMessage"":""""}","{""0"":""https://panoptes-uploads.zooniverse.org/subject_location/99426431-a92b-4ea5-90dc-53127be0a42a.mpga""}",0,,,2023-06-22 00:35:38 UTC,2023-06-22 00:35:38 UTC
90195033,19171,22319,114192,"{""sounds"":""Deci44100_CCES_010_670.mp3"",""subject_id"":""Deci44100_CCES_010_670"",""#feedback_1_id"":"""",""#feedback_1_answer"":"""",""#feedback_1_failureMessage"":"""",""#feedback_1_successMessage"":""""}","{""0"":""https://panoptes-uploads.zooniverse.org/subject_location/0417af8f-2953-44a6-8eb8-e3fa3e06f4fa.mpga""}",0,,,2023-06-22 00:35:39 UTC,2023-06-22 00:35:39 UTC
90195034,19171,22319,114192,"{""sounds"":""Deci44100_CCES_010_673.mp3"",""subject_id"":""Deci44100_CCES_010_673"",""#feedback_1_id"":"""",""#feedback_1_answer"":"""",""#feedback_1_failureMessage"":"""",""#feedback_1_successMessage"":""""}","{""0"":""https://panoptes-uploads.zooniverse.org/subject_location/d8c2f765-e1cb-443b-8cde-faf7abc0f7ce.mpga""}",0,,,2023-06-22 00:35:39 UTC,2023-06-22 00:35:39 UTC
90195035,19171,22319,114192,"{""sounds"":""Deci44100_CCES_010_679.mp3"",""subject_id"":""Deci44100_CCES_010_679"",""#feedback_1_id"":"""",""#feedback_1_answer"":"""",""#feedback_1_failureMessage"":"""",""#feedback_1_successMessage"":""""}","{""0"":""https://panoptes-uploads.zooniverse.org/subject_location/e3e4b438-b296-4764-88e8-2585224b1f1e.mpga""}",0,,,2023-06-22 00:35:39 UTC,2023-06-22 00:35:39 UTC
90195036,19171,22319,114192,"{""sounds"":""Deci44100_CCES_010_681.mp3"",""subject_id"":""Deci44100_CCES_010_681"",""#feedback_1_id"":"""",""#feedback_1_answer"":"""",""#feedback_1_failureMessage"":"""",""#feedback_1_successMessage"":""""}","{""0"":""https://panoptes-uploads.zooniverse.org/subject_location/ad31e955-aca3-486b-8075-40367e8514a0.mpga""}",0,,,2023-06-22 00:35:40 UTC,2023-06-22 00:35:40 UTC
90195037,19171,22319,114192,"{""sounds"":""Deci44100_CCES_010_689.mp3"",""subject_id"":""Deci44100_CCES_010_689"",""#feedback_1_id"":"""",""#feedback_1_answer"":"""",""#feedback_1_failureMessage"":"""",""#feedback_1_successMessage"":""""}","{""0"":""https://panoptes-uploads.zooniverse.org/subject_location/ad5f220c-9470-4774-9a42-1cebe270818e.mpga""}",0,,,2023-06-22 00:35:40 UTC,2023-06-22 00:35:40 UTC
90195038,19171,22319,114192,"{""sounds"":""Deci44100_CCES_010_704.mp3"",""subject_id"":""Deci44100_CCES_010_704"",""#feedback_1_id"":"""",""#feedback_1_answer"":"""",""#feedback_1_failureMessage"":"""",""#feedback_1_successMessage"":""""}","{""0"":""https://panoptes-uploads.zooniverse.org/subject_location/8aea5e74-a49e-4fd7-bb2b-e15a3453f0ee.mpga""}",0,,,2023-06-22 00:35:41 UTC,2023-06-22 00:35:41 UTC
90195039,19171,22319,114192,"{""sounds"":""Deci44100_CCES_010_723.mp3"",""subject_id"":""Deci44100_CCES_010_723"",""#feedback_1_id"":"""",""#feedback_1_answer"":"""",""#feedback_1_failureMessage"":"""",""#feedback_1_successMessage"":""""}","{""0"":""https://panoptes-uploads.zooniverse.org/subject_location/6326acf1-69b5-450a-86f0-7aecdd84b5d8.mpga""}",0,,,2023-06-22 00:35:41 UTC,2023-06-22 00:35:41 UTC
90195040,19171,22319,114192,"{""sounds"":""Deci44100_CCES_010_733.mp3"",""subject_id"":""Deci44100_CCES_010_733"",""#feedback_1_id"":"""",""#feedback_1_answer"":"""",""#feedback_1_failureMessage"":"""",""#feedback_1_successMessage"":""""}","{""0"":""https://panoptes-uploads.zooniverse.org/subject_location/045a8cb9-d324-4cf0-9540-9b0748bc0a41.mpga""}",0,,,2023-06-22 00:35:42 UTC,2023-06-22 00:35:42 UTC
90195041,19171,22319,114192,"{""sounds"":""Deci44100_CCES_010_74.mp3"",""subject_id"":""Deci44100_CCES_010_74"",""#feedback_1_id"":"""",""#feedback_1_answer"":"""",""#feedback_1_failureMessage"":"""",""#feedback_1_successMessage"":""""}","{""0"":""https://panoptes-uploads.zooniverse.org/subject_location/fa4354d6-cb3d-4589-ac70-a13b6e8f621d.mpga""}",0,,,2023-06-22 00:35:42 UTC,2023-06-22 00:35:42 UTC
90195042,19171,22319,114192,"{""sounds"":""Deci44100_CCES_010_743.mp3"",""subject_id"":""Deci44100_CCES_010_743"",""#feedback_1_id"":"""",""#feedback_1_answer"":"""",""#feedback_1_failureMessage"":"""",""#feedback_1_successMessage"":""""}","{""0"":""https://panoptes-uploads.zooniverse.org/subject_location/29dfd547-7738-400d-8bb4-602f64046626.mpga""}",0,,,2023-06-22 00:35:43 UTC,2023-06-22 00:35:43 UTC
90195043,19171,22319,114192,"{""sounds"":""Deci44100_CCES_010_745.mp3"",""subject_id"":""Deci44100_CCES_010_745"",""#feedback_1_id"":"""",""#feedback_1_answer"":"""",""#feedback_1_failureMessage"":"""",""#feedback_1_successMessage"":""""}","{""0"":""https://panoptes-uploads.zooniverse.org/subject_location/cc9b78e1-49a6-48aa-9521-8f3325b63667.mpga""}",0,,,2023-06-22 00:35:43 UTC,2023-06-22 00:35:43 UTC
90195044,19171,22319,114192,"{""sounds"":""Deci44100_CCES_010_748.mp3"",""subject_id"":""Deci44100_CCES_010_748"",""#feedback_1_id"":"""",""#feedback_1_answer"":"""",""#feedback_1_failureMessage"":"""",""#feedback_1_successMessage"":""""}","{""0"":""https://panoptes-uploads.zooniverse.org/subject_location/70080fc1-f8ff-44c1-965a-149211badafa.mpga""}",0,,,2023-06-22 00:35:43 UTC,2023-06-22 00:35:43 UTC
90195045,19171,22319,114192,"{""sounds"":""Deci44100_CCES_010_749.mp3"",""subject_id"":""Deci44100_CCES_010_749"",""#feedback_1_id"":"""",""#feedback_1_answer"":"""",""#feedback_1_failureMessage"":"""",""#feedback_1_successMessage"":""""}","{""0"":""https://panoptes-uploads.zooniverse.org/subject_location/fa629302-c060-4f42-ae95-543b6a7c13db.mpga""}",0,,,2023-06-22 00:35:44 UTC,2023-06-22 00:35:44 UTC
90195046,19171,22319,114192,"{""sounds"":""Deci44100_CCES_010_762.mp3"",""subject_id"":""Deci44100_CCES_010_762"",""#feedback_1_id"":"""",""#feedback_1_answer"":"""",""#feedback_1_failureMessage"":"""",""#feedback_1_successMessage"":""""}","{""0"":""https://panoptes-uploads.zooniverse.org/subject_location/2eb575b5-0f70-4ce5-a278-b024aa3517c9.mpga""}",0,,,2023-06-22 00:35:44 UTC,2023-06-22 00:35:44 UTC
90195047,19171,22319,114192,"{""sounds"":""Deci44100_CCES_010_775.mp3"",""subject_id"":""Deci44100_CCES_010_775"",""#feedback_1_id"":"""",""#feedback_1_answer"":"""",""#feedback_1_failureMessage"":"""",""#feedback_1_successMessage"":""""}","{""0"":""https://panoptes-uploads.zooniverse.org/subject_location/6ed9cbe2-2667-4765-bc02-58539951e778.mpga""}",0,,,2023-06-22 00:35:45 UTC,2023-06-22 00:35:45 UTC
90195048,19171,22319,114192,"{""sounds"":""Deci44100_CCES_010_829.mp3"",""subject_id"":""Deci44100_CCES_010_829"",""#feedback_1_id"":"""",""#feedback_1_answer"":"""",""#feedback_1_failureMessage"":"""",""#feedback_1_successMessage"":""""}","{""0"":""https://panoptes-uploads.zooniverse.org/subject_location/e1ad21a7-9afe-485c-a177-99c08b49b350.mpga""}",0,,,2023-06-22 00:35:45 UTC,2023-06-22 00:35:45 UTC
90195049,19171,22319,114192,"{""sounds"":""Deci44100_CCES_010_832.mp3"",""subject_id"":""Deci44100_CCES_010_832"",""#feedback_1_id"":"""",""#feedback_1_answer"":"""",""#feedback_1_failureMessage"":"""",""#feedback_1_successMessage"":""""}","{""0"":""https://panoptes-uploads.zooniverse.org/subject_location/d3e2e0d5-5583-4ade-9be8-271b2ac65b9c.mpga""}",0,,,2023-06-22 00:35:46 UTC,2023-06-22 00:35:46 UTC
90195050,19171,22319,114192,"{""sounds"":""Deci44100_CCES_010_833.mp3"",""subject_id"":""Deci44100_CCES_010_833"",""#feedback_1_id"":"""",""#feedback_1_answer"":"""",""#feedback_1_failureMessage"":"""",""#feedback_1_successMessage"":""""}","{""0"":""https://panoptes-uploads.zooniverse.org/subject_location/8b75d60a-e8f0-4793-be58-f58329e5bca3.mpga""}",0,,,2023-06-22 00:35:46 UTC,2023-06-22 00:35:46 UTC
90195051,19171,22319,114192,"{""sounds"":""Deci44100_CCES_010_834.mp3"",""subject_id"":""Deci44100_CCES_010_834"",""#feedback_1_id"":"""",""#feedback_1_answer"":"""",""#feedback_1_failureMessage"":"""",""#feedback_1_successMessage"":""""}","{""0"":""https://panoptes-uploads.zooniverse.org/subject_location/711defe4-99e8-47fa-9524-3e1fed7c837f.mpga""}",0,,,2023-06-22 00:35:47 UTC,2023-06-22 00:35:47 UTC
90195052,19171,22319,114192,"{""sounds"":""Deci44100_CCES_010_838.mp3"",""subject_id"":""Deci44100_CCES_010_838"",""#feedback_1_id"":"""",""#feedback_1_answer"":"""",""#feedback_1_failureMessage"":"""",""#feedback_1_successMessage"":""""}","{""0"":""https://panoptes-uploads.zooniverse.org/subject_location/bd7a9169-9707-420f-8ab1-3c451ab253b9.mpga""}",0,,,2023-06-22 00:35:47 UTC,2023-06-22 00:35:47 UTC
90195053,19171,22319,114192,"{""sounds"":""Deci44100_CCES_010_843.mp3"",""subject_id"":""Deci44100_CCES_010_843"",""#feedback_1_id"":"""",""#feedback_1_answer"":"""",""#feedback_1_failureMessage"":"""",""#feedback_1_successMessage"":""""}","{""0"":""https://panoptes-uploads.zooniverse.org/subject_location/56529453-5911-47e1-b30b-ede8edc9eaa9.mpga""}",0,,,2023-06-22 00:35:48 UTC,2023-06-22 00:35:48 UTC
90195054,19171,22319,114192,"{""sounds"":""Deci44100_CCES_010_844.mp3"",""subject_id"":""Deci44100_CCES_010_844"",""#feedback_1_id"":"""",""#feedback_1_answer"":"""",""#feedback_1_failureMessage"":"""",""#feedback_1_successMessage"":""""}","{""0"":""https://panoptes-uploads.zooniverse.org/subject_location/32dab3c9-d5ff-42f1-a70f-bfb87b561f0e.mpga""}",0,,,2023-06-22 00:35:48 UTC,2023-06-22 00:35:48 UTC
90195055,19171,22319,114192,"{""sounds"":""Deci44100_CCES_010_865.mp3"",""subject_id"":""Deci44100_CCES_010_865"",""#feedback_1_id"":"""",""#feedback_1_answer"":"""",""#feedback_1_failureMessage"":"""",""#feedback_1_successMessage"":""""}","{""0"":""https://panoptes-uploads.zooniverse.org/subject_location/f0a6dc27-caea-495e-8368-2e6c132d9097.mpga""}",0,,,2023-06-22 00:35:49 UTC,2023-06-22 00:35:49 UTC
90195056,19171,22319,114192,"{""sounds"":""Deci44100_CCES_010_871.mp3"",""subject_id"":""Deci44100_CCES_010_871"",""#feedback_1_id"":"""",""#feedback_1_answer"":"""",""#feedback_1_failureMessage"":"""",""#feedback_1_successMessage"":""""}","{""0"":""https://panoptes-uploads.zooniverse.org/subject_location/51e43a3c-1434-4b71-9de5-65513ca27f55.mpga""}",0,,,2023-06-22 00:35:49 UTC,2023-06-22 00:35:49 UTC
90195057,19171,22319,114192,"{""sounds"":""Deci44100_CCES_010_875.mp3"",""subject_id"":""Deci44100_CCES_010_875"",""#feedback_1_id"":"""",""#feedback_1_answer"":"""",""#feedback_1_failureMessage"":"""",""#feedback_1_successMessage"":""""}","{""0"":""https://panoptes-uploads.zooniverse.org/subject_location/e1584704-f1bd-418c-a7fc-e6de338cd899.mpga""}",0,,,2023-06-22 00:35:50 UTC,2023-06-22 00:35:50 UTC
90195058,19171,22319,114192,"{""sounds"":""Deci44100_CCES_010_877.mp3"",""subject_id"":""Deci44100_CCES_010_877"",""#feedback_1_id"":"""",""#feedback_1_answer"":"""",""#feedback_1_failureMessage"":"""",""#feedback_1_successMessage"":""""}","{""0"":""https://panoptes-uploads.zooniverse.org/subject_location/ebeca783-41b2-4734-a36c-d3f24526b507.mpga""}",0,,,2023-06-22 00:35:50 UTC,2023-06-22 00:35:50 UTC
90195059,19171,22319,114192,"{""sounds"":""Deci44100_CCES_010_88.mp3"",""subject_id"":""Deci44100_CCES_010_88"",""#feedback_1_id"":"""",""#feedback_1_answer"":"""",""#feedback_1_failureMessage"":"""",""#feedback_1_successMessage"":""""}","{""0"":""https://panoptes-uploads.zooniverse.org/subject_location/585c6432-69a6-4f5e-816b-17f66d42b613.mpga""}",0,,,2023-06-22 00:35:51 UTC,2023-06-22 00:35:51 UTC
90195060,19171,22319,114192,"{""sounds"":""Deci44100_CCES_010_880.mp3"",""subject_id"":""Deci44100_CCES_010_880"",""#feedback_1_id"":"""",""#feedback_1_answer"":"""",""#feedback_1_failureMessage"":"""",""#feedback_1_successMessage"":""""}","{""0"":""https://panoptes-uploads.zooniverse.org/subject_location/72420ef0-4f73-4bdc-b342-4500bd1ceeae.mpga""}",0,,,2023-06-22 00:35:51 UTC,2023-06-22 00:35:51 UTC
90195061,19171,22319,114192,"{""sounds"":""Deci44100_CCES_010_882.mp3"",""subject_id"":""Deci44100_CCES_010_882"",""#feedback_1_id"":"""",""#feedback_1_answer"":"""",""#feedback_1_failureMessage"":"""",""#feedback_1_successMessage"":""""}","{""0"":""https://panoptes-uploads.zooniverse.org/subject_location/d5c3512a-4603-4aff-a01c-87b01f9e63cf.mpga""}",0,,,2023-06-22 00:35:52 UTC,2023-06-22 00:35:52 UTC
90195062,19171,22319,114192,"{""sounds"":""Deci44100_CCES_010_890.mp3"",""subject_id"":""Deci44100_CCES_010_890"",""#feedback_1_id"":"""",""#feedback_1_answer"":"""",""#feedback_1_failureMessage"":"""",""#feedback_1_successMessage"":""""}","{""0"":""https://panoptes-uploads.zooniverse.org/subject_location/ad3a45b9-7447-41ba-989b-c427688e960b.mpga""}",0,,,2023-06-22 00:35:52 UTC,2023-06-22 00:35:52 UTC
90195063,19171,22319,114192,"{""sounds"":""Deci44100_CCES_010_90.mp3"",""subject_id"":""Deci44100_CCES_010_90"",""#feedback_1_id"":"""",""#feedback_1_answer"":"""",""#feedback_1_failureMessage"":"""",""#feedback_1_successMessage"":""""}","{""0"":""https://panoptes-uploads.zooniverse.org/subject_location/1e013b9d-2139-4eac-9e71-1d4b2f40bdcd.mpga""}",0,,,2023-06-22 00:35:53 UTC,2023-06-22 00:35:53 UTC
90195064,19171,22319,114192,"{""sounds"":""Deci44100_CCES_010_915.mp3"",""subject_id"":""Deci44100_CCES_010_915"",""#feedback_1_id"":"""",""#feedback_1_answer"":"""",""#feedback_1_failureMessage"":"""",""#feedback_1_successMessage"":""""}","{""0"":""https://panoptes-uploads.zooniverse.org/subject_location/4ec07e4e-11d9-4873-a4aa-a4aab89c61ba.mpga""}",0,,,2023-06-22 00:35:53 UTC,2023-06-22 00:35:53 UTC
90195065,19171,22319,114192,"{""sounds"":""Deci44100_CCES_010_921.mp3"",""subject_id"":""Deci44100_CCES_010_921"",""#feedback_1_id"":"""",""#feedback_1_answer"":"""",""#feedback_1_failureMessage"":"""",""#feedback_1_successMessage"":""""}","{""0"":""https://panoptes-uploads.zooniverse.org/subject_location/b6326336-e6ca-423b-916f-c9ba7df6f3b1.mpga""}",0,,,2023-06-22 00:35:54 UTC,2023-06-22 00:35:54 UTC
90195066,19171,22319,114192,"{""sounds"":""Deci44100_CCES_010_926.mp3"",""subject_id"":""Deci44100_CCES_010_926"",""#feedback_1_id"":"""",""#feedback_1_answer"":"""",""#feedback_1_failureMessage"":"""",""#feedback_1_successMessage"":""""}","{""0"":""https://panoptes-uploads.zooniverse.org/subject_location/35dbb28d-297d-417d-9cbc-5d087e897f76.mpga""}",0,,,2023-06-22 00:35:54 UTC,2023-06-22 00:35:54 UTC
90195067,19171,22319,114192,"{""sounds"":""Deci44100_CCES_010_945.mp3"",""subject_id"":""Deci44100_CCES_010_945"",""#feedback_1_id"":"""",""#feedback_1_answer"":"""",""#feedback_1_failureMessage"":"""",""#feedback_1_successMessage"":""""}","{""0"":""https://panoptes-uploads.zooniverse.org/subject_location/9dd0d598-0ad8-48cd-99b3-3cde3785c954.mpga""}",0,,,2023-06-22 00:35:55 UTC,2023-06-22 00:35:55 UTC
90195068,19171,22319,114192,"{""sounds"":""Deci44100_CCES_010_948.mp3"",""subject_id"":""Deci44100_CCES_010_948"",""#feedback_1_id"":"""",""#feedback_1_answer"":"""",""#feedback_1_failureMessage"":"""",""#feedback_1_successMessage"":""""}","{""0"":""https://panoptes-uploads.zooniverse.org/subject_location/a28949c0-fb03-4d24-9315-21842911a98d.mpga""}",0,,,2023-06-22 00:35:55 UTC,2023-06-22 00:35:55 UTC
90195069,19171,22319,114192,"{""sounds"":""Deci44100_CCES_010_972.mp3"",""subject_id"":""Deci44100_CCES_010_972"",""#feedback_1_id"":"""",""#feedback_1_answer"":"""",""#feedback_1_failureMessage"":"""",""#feedback_1_successMessage"":""""}","{""0"":""https://panoptes-uploads.zooniverse.org/subject_location/007d6db9-e146-434c-8699-7a4aa89aa74b.mpga""}",0,,,2023-06-22 00:35:55 UTC,2023-06-22 00:35:55 UTC
90195070,19171,22319,114192,"{""sounds"":""Deci44100_CCES_010_983.mp3"",""subject_id"":""Deci44100_CCES_010_983"",""#feedback_1_id"":"""",""#feedback_1_answer"":"""",""#feedback_1_failureMessage"":"""",""#feedback_1_successMessage"":""""}","{""0"":""https://panoptes-uploads.zooniverse.org/subject_location/c5a0e275-579f-43e3-8e44-7da345609d68.mpga""}",0,,,2023-06-22 00:35:56 UTC,2023-06-22 00:35:56 UTC
90195071,19171,22319,114192,"{""sounds"":""Deci44100_CCES_010_992.mp3"",""subject_id"":""Deci44100_CCES_010_992"",""#feedback_1_id"":"""",""#feedback_1_answer"":"""",""#feedback_1_failureMessage"":"""",""#feedback_1_successMessage"":""""}","{""0"":""https://panoptes-uploads.zooniverse.org/subject_location/c7df62d7-0aec-4c54-85af-610f9e12d0a1.mpga""}",0,,,2023-06-22 00:35:56 UTC,2023-06-22 00:35:56 UTC
90989344,19171,22318,114777,"{""images"":""Deci44100_CCES_010_100.png"",""sounds"":""Deci44100_CCES_010_100.mp3"",""subject_id"":""Deci44100_CCES_010_100"",""#training_subject"":""0""}","{""0"":""https://panoptes-uploads.zooniverse.org/subject_location/844e3cda-697a-4c32-ac40-6ca5bbf52f09.mpga"",""1"":""https://panoptes-uploads.zooniverse.org/subject_location/aff0197b-847f-4125-adaa-1caf28012a9b.png""}",2,,,2023-07-24 23:50:59 UTC,2023-07-24 23:50:59 UTC
90989345,19171,22318,114777,"{""images"":""Deci44100_CCES_010_1003.png"",""sounds"":""Deci44100_CCES_010_1003.mp3"",""subject_id"":""Deci44100_CCES_010_1003"",""#training_subject"":""0""}","{""0"":""https://panoptes-uploads.zooniverse.org/subject_location/cf2c67a0-9d5e-4ea0-98a1-862a4e2cf651.mpga"",""1"":""https://panoptes-uploads.zooniverse.org/subject_location/c2b3008c-1ff1-4990-8279-95d031aed4c1.png""}",2,,,2023-07-24 23:50:59 UTC,2023-07-24 23:50:59 UTC
90989346,19171,22318,114777,"{""images"":""Deci44100_CCES_010_1006.png"",""sounds"":""Deci44100_CCES_010_1006.mp3"",""subject_id"":""Deci44100_CCES_010_1006"",""#training_subject"":""0""}","{""0"":""https://panoptes-uploads.zooniverse.org/subject_location/4d97cd24-9c43-4b47-9106-4e8b57afac0a.mpga"",""1"":""https://panoptes-uploads.zooniverse.org/subject_location/d57ca32a-2fff-4e25-8246-50801a389625.png""}",2,,,2023-07-24 23:51:00 UTC,2023-07-24 23:51:00 UTC
90989347,19171,22318,114777,"{""images"":""Deci44100_CCES_010_1007.png"",""sounds"":""Deci44100_CCES_010_1007.mp3"",""subject_id"":""Deci44100_CCES_010_1007"",""#training_subject"":""0""}","{""0"":""https://panoptes-uploads.zooniverse.org/subject_location/15b2717f-ecae-4d5b-9cb1-bc9a3fb86660.mpga"",""1"":""https://panoptes-uploads.zooniverse.org/subject_location/17b8bfdc-7026-4d83-8614-bc4a33f76581.png""}",2,,,2023-07-24 23:51:00 UTC,2023-07-24 23:51:00 UTC
90989348,19171,22318,114777,"{""images"":""Deci44100_CCES_010_1010.png"",""sounds"":""Deci44100_CCES_010_1010.mp3"",""subject_id"":""Deci44100_CCES_010_1010"",""#training_subject"":""0""}","{""0"":""https://panoptes-uploads.zooniverse.org/subject_location/22487505-4eac-4c79-995b-99955a89368b.mpga"",""1"":""https://panoptes-uploads.zooniverse.org/subject_location/0ce31834-c12d-4a3f-a266-c9aedb57faa2.png""}",5,,,2023-07-24 23:51:01 UTC,2023-07-24 23:51:01 UTC
90989349,19171,22318,114777,"{""images"":""Deci44100_CCES_010_1020.png"",""sounds"":""Deci44100_CCES_010_1020.mp3"",""subject_id"":""Deci44100_CCES_010_1020"",""#training_subject"":""0""}","{""0"":""https://panoptes-uploads.zooniverse.org/subject_location/0713e52a-3979-4f00-90a2-b62a068644ee.mpga"",""1"":""https://panoptes-uploads.zooniverse.org/subject_location/c4013b15-d9a2-443b-b4a2-d5b98fc74036.png""}",3,,,2023-07-24 23:51:02 UTC,2023-07-24 23:51:02 UTC
90989350,19171,22318,114777,"{""images"":""Deci44100_CCES_010_1040.png"",""sounds"":""Deci44100_CCES_010_1040.mp3"",""subject_id"":""Deci44100_CCES_010_1040"",""#training_subject"":""0""}","{""0"":""https://panoptes-uploads.zooniverse.org/subject_location/45a91483-c39e-45b5-9d2a-dc58f000ba89.mpga"",""1"":""https://panoptes-uploads.zooniverse.org/subject_location/9106f0b5-092f-4021-976e-f1f2a13c3344.png""}",8,,,2023-07-24 23:51:03 UTC,2023-07-24 23:51:03 UTC
90989351,19171,22318,114777,"{""images"":""Deci44100_CCES_010_1051.png"",""sounds"":""Deci44100_CCES_010_1051.mp3"",""subject_id"":""Deci44100_CCES_010_1051"",""#training_subject"":""0""}","{""0"":""https://panoptes-uploads.zooniverse.org/subject_location/2bdbebae-175b-43ce-bc54-ad399037efdc.mpga"",""1"":""https://panoptes-uploads.zooniverse.org/subject_location/d7c68033-1368-4374-a50a-df04003a6621.png""}",3,,,2023-07-24 23:51:03 UTC,2023-07-24 23:51:03 UTC
90989352,19171,22318,114777,"{""images"":""Deci44100_CCES_010_1057.png"",""sounds"":""Deci44100_CCES_010_1057.mp3"",""subject_id"":""Deci44100_CCES_010_1057"",""#training_subject"":""0""}","{""0"":""https://panoptes-uploads.zooniverse.org/subject_location/0300d2e4-109a-4af9-a24d-96e8ba7450d4.mpga"",""1"":""https://panoptes-uploads.zooniverse.org/subject_location/89f3b39f-fed5-40bc-b374-26b8f44e4222.png""}",3,,,2023-07-24 23:51:04 UTC,2023-07-24 23:51:04 UTC
90989353,19171,22318,114777,"{""images"":""Deci44100_CCES_010_106.png"",""sounds"":""Deci44100_CCES_010_106.mp3"",""subject_id"":""Deci44100_CCES_010_106"",""#training_subject"":""0""}","{""0"":""https://panoptes-uploads.zooniverse.org/subject_location/c98251bc-b3f6-4f76-939d-f28c5939ce5b.mpga"",""1"":""https://panoptes-uploads.zooniverse.org/subject_location/6ffb3004-f5ec-4768-bce5-7b049907a486.png""}",2,,,2023-07-24 23:51:04 UTC,2023-07-24 23:51:04 UTC
90989354,19171,22318,114777,"{""images"":""Deci44100_CCES_010_1066.png"",""sounds"":""Deci44100_CCES_010_1066.mp3"",""subject_id"":""Deci44100_CCES_010_1066"",""#training_subject"":""0""}","{""0"":""https://panoptes-uploads.zooniverse.org/subject_location/b6ac29d4-112b-46f7-a0f6-31037e31ae23.mpga"",""1"":""https://panoptes-uploads.zooniverse.org/subject_location/2057ec63-e3df-463e-b83d-a17a8622f22b.png""}",1,,,2023-07-24 23:51:05 UTC,2023-07-24 23:51:05 UTC
90989355,19171,22318,114777,"{""images"":""Deci44100_CCES_010_1067.png"",""sounds"":""Deci44100_CCES_010_1067.mp3"",""subject_id"":""Deci44100_CCES_010_1067"",""#training_subject"":""0""}","{""0"":""https://panoptes-uploads.zooniverse.org/subject_location/d4611553-f310-4be4-a2fd-3d7f1adb700b.mpga"",""1"":""https://panoptes-uploads.zooniverse.org/subject_location/f1e3347a-835e-47ed-ab20-d0fbd5d14ba2.png""}",2,,,2023-07-24 23:51:05 UTC,2023-07-24 23:51:05 UTC
90989356,19171,22318,114777,"{""images"":""Deci44100_CCES_010_1084.png"",""sounds"":""Deci44100_CCES_010_1084.mp3"",""subject_id"":""Deci44100_CCES_010_1084"",""#training_subject"":""0""}","{""0"":""https://panoptes-uploads.zooniverse.org/subject_location/ebc6e5ea-e955-4799-80ab-dd237557f0be.mpga"",""1"":""https://panoptes-uploads.zooniverse.org/subject_location/bed324d0-5bcf-4686-aa19-098e0bfe7ae3.png""}",9,,,2023-07-24 23:51:06 UTC,2023-07-24 23:51:06 UTC
90989357,19171,22318,114777,"{""images"":""Deci44100_CCES_010_1086.png"",""sounds"":""Deci44100_CCES_010_1086.mp3"",""subject_id"":""Deci44100_CCES_010_1086"",""#training_subject"":""0""}","{""0"":""https://panoptes-uploads.zooniverse.org/subject_location/5109587a-a0b6-4861-aa2c-72b6fe8056d0.mpga"",""1"":""https://panoptes-uploads.zooniverse.org/subject_location/12bacfb9-303f-4acc-9479-c083b210d709.png""}",7,,,2023-07-24 23:51:06 UTC,2023-07-24 23:51:06 UTC
90989358,19171,22318,114777,"{""images"":""Deci44100_CCES_010_1090.png"",""sounds"":""Deci44100_CCES_010_1090.mp3"",""subject_id"":""Deci44100_CCES_010_1090"",""#training_subject"":""0""}","{""0"":""https://panoptes-uploads.zooniverse.org/subject_location/6334faf8-cf03-4757-b08d-006103b2e11b.mpga"",""1"":""https://panoptes-uploads.zooniverse.org/subject_location/afb08dd5-18a4-49f8-bcb1-216d4c06343c.png""}",3,,,2023-07-24 23:51:07 UTC,2023-07-24 23:51:07 UTC
90989359,19171,22318,114777,"{""images"":""Deci44100_CCES_010_110.png"",""sounds"":""Deci44100_CCES_010_110.mp3"",""subject_id"":""Deci44100_CCES_010_110"",""#training_subject"":""0""}","{""0"":""https://panoptes-uploads.zooniverse.org/subject_location/f13f2413-9e47-4a93-8994-9c5dbe6b8465.mpga"",""1"":""https://panoptes-uploads.zooniverse.org/subject_location/2d250891-91b9-460c-9ef1-2d2cf732da52.png""}",1,,,2023-07-24 23:51:07 UTC,2023-07-24 23:51:07 UTC
90989360,19171,22318,114777,"{""images"":""Deci44100_CCES_010_1100.png"",""sounds"":""Deci44100_CCES_010_1100.mp3"",""subject_id"":""Deci44100_CCES_010_1100"",""#training_subject"":""0""}","{""0"":""https://panoptes-uploads.zooniverse.org/subject_location/e293c3ea-2694-4fe9-9c64-11a1337c1206.mpga"",""1"":""https://panoptes-uploads.zooniverse.org/subject_location/e3fec153-d315-4ac9-81dc-c65413a09964.png""}",2,,,2023-07-24 23:51:08 UTC,2023-07-24 23:51:08 UTC
90989361,19171,22318,114777,"{""images"":""Deci44100_CCES_010_1103.png"",""sounds"":""Deci44100_CCES_010_1103.mp3"",""subject_id"":""Deci44100_CCES_010_1103"",""#training_subject"":""0""}","{""0"":""https://panoptes-uploads.zooniverse.org/subject_location/713bdd70-37cd-4542-b864-bb9e6b20e4af.mpga"",""1"":""https://panoptes-uploads.zooniverse.org/subject_location/f1e59837-17b1-4bbe-907d-06bd663dbafb.png""}",3,,,2023-07-24 23:51:08 UTC,2023-07-24 23:51:08 UTC
90989362,19171,22318,114777,"{""images"":""Deci44100_CCES_010_1107.png"",""sounds"":""Deci44100_CCES_010_1107.mp3"",""subject_id"":""Deci44100_CCES_010_1107"",""#training_subject"":""0""}","{""0"":""https://panoptes-uploads.zooniverse.org/subject_location/5389c7d8-0296-4d2f-9836-a7295a2a5d49.mpga"",""1"":""https://panoptes-uploads.zooniverse.org/subject_location/a36a601c-e064-4996-8baa-c2620b456c27.png""}",5,,,2023-07-24 23:51:09 UTC,2023-07-24 23:51:09 UTC
90989363,19171,22318,114777,"{""images"":""Deci44100_CCES_010_1108.png"",""sounds"":""Deci44100_CCES_010_1108.mp3"",""subject_id"":""Deci44100_CCES_010_1108"",""#training_subject"":""0""}","{""0"":""https://panoptes-uploads.zooniverse.org/subject_location/4fc31021-30a6-4313-a2e9-b1258bbadc2b.mpga"",""1"":""https://panoptes-uploads.zooniverse.org/subject_location/341164b8-c1c9-4ad3-a35e-78ef40020649.png""}",0,,,2023-07-24 23:51:10 UTC,2023-07-24 23:51:10 UTC
90989364,19171,22318,114777,"{""images"":""Deci44100_CCES_010_1117.png"",""sounds"":""Deci44100_CCES_010_1117.mp3"",""subject_id"":""Deci44100_CCES_010_1117"",""#training_subject"":""0""}","{""0"":""https://panoptes-uploads.zooniverse.org/subject_location/0db4ce3e-2886-4c87-80ef-2891a6158287.mpga"",""1"":""https://panoptes-uploads.zooniverse.org/subject_location/e03f16ac-5b32-4877-a67c-82ff69e2b0ec.png""}",4,,,2023-07-24 23:51:11 UTC,2023-07-24 23:51:11 UTC
90989365,19171,22318,114777,"{""images"":""Deci44100_CCES_010_1135.png"",""sounds"":""Deci44100_CCES_010_1135.mp3"",""subject_id"":""Deci44100_CCES_010_1135"",""#training_subject"":""0""}","{""0"":""https://panoptes-uploads.zooniverse.org/subject_location/91f2768b-3b03-4d3f-adb0-8c4dd9994b9e.mpga"",""1"":""https://panoptes-uploads.zooniverse.org/subject_location/45753d80-53b2-4610-975a-d58c662f03ea.png""}",5,,,2023-07-24 23:51:12 UTC,2023-07-24 23:51:12 UTC
90989366,19171,22318,114777,"{""images"":""Deci44100_CCES_010_1137.png"",""sounds"":""Deci44100_CCES_010_1137.mp3"",""subject_id"":""Deci44100_CCES_010_1137"",""#training_subject"":""0""}","{""0"":""https://panoptes-uploads.zooniverse.org/subject_location/344ca10f-6050-4683-a0bb-7c919147fad3.mpga"",""1"":""https://panoptes-uploads.zooniverse.org/subject_location/594b6c91-b447-4272-a46f-b594dbd5911b.png""}",0,,,2023-07-24 23:51:12 UTC,2023-07-24 23:51:12 UTC
90989367,19171,22318,114777,"{""images"":""Deci44100_CCES_010_1138.png"",""sounds"":""Deci44100_CCES_010_1138.mp3"",""subject_id"":""Deci44100_CCES_010_1138"",""#training_subject"":""0""}","{""0"":""https://panoptes-uploads.zooniverse.org/subject_location/b2b99fa3-82f5-49f1-a638-6426a85c36b5.mpga"",""1"":""https://panoptes-uploads.zooniverse.org/subject_location/d7822fa6-c053-489a-8cf7-85eadff3869c.png""}",3,,,2023-07-24 23:51:13 UTC,2023-07-24 23:51:13 UTC
90989368,19171,22318,114777,"{""images"":""Deci44100_CCES_010_1139.png"",""sounds"":""Deci44100_CCES_010_1139.mp3"",""subject_id"":""Deci44100_CCES_010_1139"",""#training_subject"":""0""}","{""0"":""https://panoptes-uploads.zooniverse.org/subject_location/e99cb5c0-ab3b-492f-8cf1-dd5f43407df8.mpga"",""1"":""https://panoptes-uploads.zooniverse.org/subject_location/8acdb405-d916-4272-af9d-d1b6163ce195.png""}",6,,,2023-07-24 23:51:13 UTC,2023-07-24 23:51:13 UTC
90989369,19171,22318,114777,"{""images"":""Deci44100_CCES_010_1146.png"",""sounds"":""Deci44100_CCES_010_1146.mp3"",""subject_id"":""Deci44100_CCES_010_1146"",""#training_subject"":""0""}","{""0"":""https://panoptes-uploads.zooniverse.org/subject_location/ce2349ba-4f89-45db-9325-b792a9dd0ec9.mpga"",""1"":""https://panoptes-uploads.zooniverse.org/subject_location/61ec0b68-560a-4b81-94c2-d0a763d71b71.png""}",1,,,2023-07-24 23:51:14 UTC,2023-07-24 23:51:14 UTC
90989370,19171,22318,114777,"{""images"":""Deci44100_CCES_010_1151.png"",""sounds"":""Deci44100_CCES_010_1151.mp3"",""subject_id"":""Deci44100_CCES_010_1151"",""#training_subject"":""0""}","{""0"":""https://panoptes-uploads.zooniverse.org/subject_location/1abe2d45-d3d2-48a4-8ec9-992bf04aa73e.mpga"",""1"":""https://panoptes-uploads.zooniverse.org/subject_location/aa41aaa1-8ed9-43f8-8582-8ced677f8642.png""}",4,,,2023-07-24 23:51:15 UTC,2023-07-24 23:51:15 UTC
90989371,19171,22318,114777,"{""images"":""Deci44100_CCES_010_1153.png"",""sounds"":""Deci44100_CCES_010_1153.mp3"",""subject_id"":""Deci44100_CCES_010_1153"",""#training_subject"":""0""}","{""0"":""https://panoptes-uploads.zooniverse.org/subject_location/5f9f89f4-9017-4183-95f4-715993315df9.mpga"",""1"":""https://panoptes-uploads.zooniverse.org/subject_location/b2a6cbf4-eabd-4652-9034-046cbecc602f.png""}",5,,,2023-07-24 23:51:16 UTC,2023-07-24 23:51:16 UTC
90989372,19171,22318,114777,"{""images"":""Deci44100_CCES_010_1163.png"",""sounds"":""Deci44100_CCES_010_1163.mp3"",""subject_id"":""Deci44100_CCES_010_1163"",""#training_subject"":""0""}","{""0"":""https://panoptes-uploads.zooniverse.org/subject_location/d6d3a895-320d-43ab-bc15-de296189026a.mpga"",""1"":""https://panoptes-uploads.zooniverse.org/subject_location/27c3a8a9-a5f4-42b0-b224-1f119f7208f4.png""}",3,,,2023-07-24 23:51:17 UTC,2023-07-24 23:51:17 UTC
90989373,19171,22318,114777,"{""images"":""Deci44100_CCES_010_1166.png"",""sounds"":""Deci44100_CCES_010_1166.mp3"",""subject_id"":""Deci44100_CCES_010_1166"",""#training_subject"":""0""}","{""0"":""https://panoptes-uploads.zooniverse.org/subject_location/d79c1b0b-74b2-40f2-8e43-8b47d5c0fb41.mpga"",""1"":""https://panoptes-uploads.zooniverse.org/subject_location/a4839c88-79ea-4a47-b96f-97876e1a2946.png""}",4,,,2023-07-24 23:51:18 UTC,2023-07-24 23:51:18 UTC
90989374,19171,22318,114777,"{""images"":""Deci44100_CCES_010_1167.png"",""sounds"":""Deci44100_CCES_010_1167.mp3"",""subject_id"":""Deci44100_CCES_010_1167"",""#training_subject"":""0""}","{""0"":""https://panoptes-uploads.zooniverse.org/subject_location/219cddf4-87b1-4254-8ec8-2154565d7dcf.mpga"",""1"":""https://panoptes-uploads.zooniverse.org/subject_location/52af1244-a742-4984-9f27-67457dccccd1.png""}",6,,,2023-07-24 23:51:20 UTC,2023-07-24 23:51:20 UTC
90989375,19171,22318,114777,"{""images"":""Deci44100_CCES_010_1175.png"",""sounds"":""Deci44100_CCES_010_1175.mp3"",""subject_id"":""Deci44100_CCES_010_1175"",""#training_subject"":""0""}","{""0"":""https://panoptes-uploads.zooniverse.org/subject_location/0b738179-f7a3-49b2-bc67-5ab0f01be7da.mpga"",""1"":""https://panoptes-uploads.zooniverse.org/subject_location/9dc66686-ac74-4328-86f1-ebc01db7fb88.png""}",2,,,2023-07-24 23:51:21 UTC,2023-07-24 23:51:21 UTC
90989376,19171,22318,114777,"{""images"":""Deci44100_CCES_010_1185.png"",""sounds"":""Deci44100_CCES_010_1185.mp3"",""subject_id"":""Deci44100_CCES_010_1185"",""#training_subject"":""0""}","{""0"":""https://panoptes-uploads.zooniverse.org/subject_location/a5902c72-6d71-4861-af07-50d3359376e2.mpga"",""1"":""https://panoptes-uploads.zooniverse.org/subject_location/6f4fa9aa-96ac-41a5-904b-078184636f07.png""}",6,,,2023-07-24 23:51:22 UTC,2023-07-24 23:51:22 UTC
90989377,19171,22318,114777,"{""images"":""Deci44100_CCES_010_1188.png"",""sounds"":""Deci44100_CCES_010_1188.mp3"",""subject_id"":""Deci44100_CCES_010_1188"",""#training_subject"":""0""}","{""0"":""https://panoptes-uploads.zooniverse.org/subject_location/6a7c2d35-59a1-4097-bbee-401dade9ff77.mpga"",""1"":""https://panoptes-uploads.zooniverse.org/subject_location/8dc77a3c-cc90-4cc0-89dc-361d212fa207.png""}",4,,,2023-07-24 23:51:22 UTC,2023-07-24 23:51:22 UTC
90989378,19171,22318,114777,"{""images"":""Deci44100_CCES_010_1189.png"",""sounds"":""Deci44100_CCES_010_1189.mp3"",""subject_id"":""Deci44100_CCES_010_1189"",""#training_subject"":""0""}","{""0"":""https://panoptes-uploads.zooniverse.org/subject_location/3c2da866-fe89-4a35-a78c-65a1a449f874.mpga"",""1"":""https://panoptes-uploads.zooniverse.org/subject_location/28ea20f9-36be-4791-ac3d-264f88c92b5a.png""}",2,,,2023-07-24 23:51:23 UTC,2023-07-24 23:51:23 UTC
90989379,19171,22318,114777,"{""images"":""Deci44100_CCES_010_1190.png"",""sounds"":""Deci44100_CCES_010_1190.mp3"",""subject_id"":""Deci44100_CCES_010_1190"",""#training_subject"":""0""}","{""0"":""https://panoptes-uploads.zooniverse.org/subject_location/9d886d64-499d-4273-9bf6-5a858458926d.mpga"",""1"":""https://panoptes-uploads.zooniverse.org/subject_location/41e9f6ab-a3a1-493f-b174-b9bafc27b9c9.png""}",2,,,2023-07-24 23:51:24 UTC,2023-07-24 23:51:24 UTC
90989380,19171,22318,114777,"{""images"":""Deci44100_CCES_010_1194.png"",""sounds"":""Deci44100_CCES_010_1194.mp3"",""subject_id"":""Deci44100_CCES_010_1194"",""#training_subject"":""0""}","{""0"":""https://panoptes-uploads.zooniverse.org/subject_location/f8692002-24e2-44ac-ae71-aecd55f4b503.mpga"",""1"":""https://panoptes-uploads.zooniverse.org/subject_location/1f9793c1-e575-4d47-8706-04ee86a5afe3.png""}",2,,,2023-07-24 23:51:24 UTC,2023-07-24 23:51:24 UTC
90989381,19171,22318,114777,"{""images"":""Deci44100_CCES_010_12.png"",""sounds"":""Deci44100_CCES_010_12.mp3"",""subject_id"":""Deci44100_CCES_010_12"",""#training_subject"":""0""}","{""0"":""https://panoptes-uploads.zooniverse.org/subject_location/6dd3a861-0045-46d6-b304-292fad4d70e0.mpga"",""1"":""https://panoptes-uploads.zooniverse.org/subject_location/6dd19179-6407-4c71-a763-0d8ae495610b.png""}",2,,,2023-07-24 23:51:26 UTC,2023-07-24 23:51:26 UTC
90989382,19171,22318,114777,"{""images"":""Deci44100_CCES_010_1203.png"",""sounds"":""Deci44100_CCES_010_1203.mp3"",""subject_id"":""Deci44100_CCES_010_1203"",""#training_subject"":""0""}","{""0"":""https://panoptes-uploads.zooniverse.org/subject_location/07ef6f08-ea2d-4039-82dc-f0ff87d96561.mpga"",""1"":""https://panoptes-uploads.zooniverse.org/subject_location/1a88b68e-957f-453b-85b7-db4c85a20c4c.png""}",1,,,2023-07-24 23:51:27 UTC,2023-07-24 23:51:27 UTC
90989383,19171,22318,114777,"{""images"":""Deci44100_CCES_010_1204.png"",""sounds"":""Deci44100_CCES_010_1204.mp3"",""subject_id"":""Deci44100_CCES_010_1204"",""#training_subject"":""0""}","{""0"":""https://panoptes-uploads.zooniverse.org/subject_location/43d4b965-0bde-4702-8518-5f9192d45481.mpga"",""1"":""https://panoptes-uploads.zooniverse.org/subject_location/7bfea628-57e9-4203-b33f-c7cb171dd3ae.png""}",5,,,2023-07-24 23:51:27 UTC,2023-07-24 23:51:27 UTC
90989384,19171,22318,114777,"{""images"":""Deci44100_CCES_010_1215.png"",""sounds"":""Deci44100_CCES_010_1215.mp3"",""subject_id"":""Deci44100_CCES_010_1215"",""#training_subject"":""0""}","{""0"":""https://panoptes-uploads.zooniverse.org/subject_location/b10fa375-9898-4707-8f09-91876eaf839c.mpga"",""1"":""https://panoptes-uploads.zooniverse.org/subject_location/160b01a7-80a9-4dc5-bc38-a69b400b2d4a.png""}",2,,,2023-07-24 23:51:28 UTC,2023-07-24 23:51:28 UTC
90989385,19171,22318,114777,"{""images"":""Deci44100_CCES_010_1218.png"",""sounds"":""Deci44100_CCES_010_1218.mp3"",""subject_id"":""Deci44100_CCES_010_1218"",""#training_subject"":""0""}","{""0"":""https://panoptes-uploads.zooniverse.org/subject_location/8e8ca3a6-7b8c-4210-a4a6-8442557e07f3.mpga"",""1"":""https://panoptes-uploads.zooniverse.org/subject_location/650ac3ca-af34-434e-bf97-cf606e2ed054.png""}",1,,,2023-07-24 23:51:29 UTC,2023-07-24 23:51:29 UTC
90989386,19171,22318,114777,"{""images"":""Deci44100_CCES_010_1219.png"",""sounds"":""Deci44100_CCES_010_1219.mp3"",""subject_id"":""Deci44100_CCES_010_1219"",""#training_subject"":""0""}","{""0"":""https://panoptes-uploads.zooniverse.org/subject_location/a074f9a8-88cc-4de5-8cc2-b88d5d1439e4.mpga"",""1"":""https://panoptes-uploads.zooniverse.org/subject_location/91c1f10a-be0b-435b-a15f-e48bca085fce.png""}",1,,,2023-07-24 23:51:29 UTC,2023-07-24 23:51:29 UTC
90989387,19171,22318,114777,"{""images"":""Deci44100_CCES_010_1220.png"",""sounds"":""Deci44100_CCES_010_1220.mp3"",""subject_id"":""Deci44100_CCES_010_1220"",""#training_subject"":""0""}","{""0"":""https://panoptes-uploads.zooniverse.org/subject_location/52a7a37a-37d2-423a-920e-26ee072640f7.mpga"",""1"":""https://panoptes-uploads.zooniverse.org/subject_location/75370ca5-3cf1-48fc-aa3f-2f916c2ad41e.png""}",2,,,2023-07-24 23:51:30 UTC,2023-07-24 23:51:30 UTC
90989388,19171,22318,114777,"{""images"":""Deci44100_CCES_010_1223.png"",""sounds"":""Deci44100_CCES_010_1223.mp3"",""subject_id"":""Deci44100_CCES_010_1223"",""#training_subject"":""0""}","{""0"":""https://panoptes-uploads.zooniverse.org/subject_location/ae42ec28-b6eb-4cba-bd89-cec37c4266ff.mpga"",""1"":""https://panoptes-uploads.zooniverse.org/subject_location/78910b11-deb4-471c-afb4-4088f2f0b711.png""}",5,,,2023-07-24 23:51:30 UTC,2023-07-24 23:51:30 UTC
90989389,19171,22318,114777,"{""images"":""Deci44100_CCES_010_1225.png"",""sounds"":""Deci44100_CCES_010_1225.mp3"",""subject_id"":""Deci44100_CCES_010_1225"",""#training_subject"":""0""}","{""0"":""https://panoptes-uploads.zooniverse.org/subject_location/bc42a29d-d43d-43fb-9b1b-42d3b7c8c2a6.mpga"",""1"":""https://panoptes-uploads.zooniverse.org/subject_location/e4956a6c-df38-4473-a70b-784156e44b28.png""}",3,,,2023-07-24 23:51:31 UTC,2023-07-24 23:51:31 UTC
90989390,19171,22318,114777,"{""images"":""Deci44100_CCES_010_1229.png"",""sounds"":""Deci44100_CCES_010_1229.mp3"",""subject_id"":""Deci44100_CCES_010_1229"",""#training_subject"":""0""}","{""0"":""https://panoptes-uploads.zooniverse.org/subject_location/6aa6d577-815e-43bc-a9cb-2e2f81143207.mpga"",""1"":""https://panoptes-uploads.zooniverse.org/subject_location/a0c9a6b6-2f53-45ba-a529-efc132fe1a89.png""}",1,,,2023-07-24 23:51:32 UTC,2023-07-24 23:51:32 UTC
90989391,19171,22318,114777,"{""images"":""Deci44100_CCES_010_1232.png"",""sounds"":""Deci44100_CCES_010_1232.mp3"",""subject_id"":""Deci44100_CCES_010_1232"",""#training_subject"":""0""}","{""0"":""https://panoptes-uploads.zooniverse.org/subject_location/947e9f3c-1151-4ef1-8961-c1607cd3f81c.mpga"",""1"":""https://panoptes-uploads.zooniverse.org/subject_location/36009eb5-5ec4-4ca7-8727-c5939296e946.png""}",3,,,2023-07-24 23:51:33 UTC,2023-07-24 23:51:33 UTC
90989392,19171,22318,114777,"{""images"":""Deci44100_CCES_010_1239.png"",""sounds"":""Deci44100_CCES_010_1239.mp3"",""subject_id"":""Deci44100_CCES_010_1239"",""#training_subject"":""0""}","{""0"":""https://panoptes-uploads.zooniverse.org/subject_location/74dfc85f-9b77-4dcc-a9ac-2bbf071c6830.mpga"",""1"":""https://panoptes-uploads.zooniverse.org/subject_location/1ab672e5-dbcf-4fde-97c2-60e4b6a6f17a.png""}",2,,,2023-07-24 23:51:33 UTC,2023-07-24 23:51:33 UTC
90989393,19171,22318,114777,"{""images"":""Deci44100_CCES_010_1242.png"",""sounds"":""Deci44100_CCES_010_1242.mp3"",""subject_id"":""Deci44100_CCES_010_1242"",""#training_subject"":""0""}","{""0"":""https://panoptes-uploads.zooniverse.org/subject_location/a1b3670e-1ed1-4162-a589-c84add51b474.mpga"",""1"":""https://panoptes-uploads.zooniverse.org/subject_location/49a187ac-1e58-418a-9157-ce55f95ca6bf.png""}",5,,,2023-07-24 23:51:34 UTC,2023-07-24 23:51:34 UTC
90989394,19171,22318,114777,"{""images"":""Deci44100_CCES_010_1244.png"",""sounds"":""Deci44100_CCES_010_1244.mp3"",""subject_id"":""Deci44100_CCES_010_1244"",""#training_subject"":""0""}","{""0"":""https://panoptes-uploads.zooniverse.org/subject_location/9bf8cff2-6001-4ff0-a138-81553a99f3c9.mpga"",""1"":""https://panoptes-uploads.zooniverse.org/subject_location/903049a2-1714-499a-8c81-b80bea1ea88c.png""}",2,,,2023-07-24 23:51:35 UTC,2023-07-24 23:51:35 UTC
90989395,19171,22318,114777,"{""images"":""Deci44100_CCES_010_1248.png"",""sounds"":""Deci44100_CCES_010_1248.mp3"",""subject_id"":""Deci44100_CCES_010_1248"",""#training_subject"":""0""}","{""0"":""https://panoptes-uploads.zooniverse.org/subject_location/d30127d0-fae2-488b-9bca-378ba5447f97.mpga"",""1"":""https://panoptes-uploads.zooniverse.org/subject_location/3489f185-be14-477e-8a54-f34454dc213e.png""}",3,,,2023-07-24 23:51:36 UTC,2023-07-24 23:51:36 UTC
90989396,19171,22318,114777,"{""images"":""Deci44100_CCES_010_1254.png"",""sounds"":""Deci44100_CCES_010_1254.mp3"",""subject_id"":""Deci44100_CCES_010_1254"",""#training_subject"":""0""}","{""0"":""https://panoptes-uploads.zooniverse.org/subject_location/785fa3df-9f83-4808-9dbb-a6fa3413bb18.mpga"",""1"":""https://panoptes-uploads.zooniverse.org/subject_location/4b42c693-6e03-4f1b-8290-b3df48aab10f.png""}",4,,,2023-07-24 23:51:36 UTC,2023-07-24 23:51:36 UTC
90989397,19171,22318,114777,"{""images"":""Deci44100_CCES_010_1258.png"",""sounds"":""Deci44100_CCES_010_1258.mp3"",""subject_id"":""Deci44100_CCES_010_1258"",""#training_subject"":""0""}","{""0"":""https://panoptes-uploads.zooniverse.org/subject_location/89de5034-277b-4d5c-83e3-7f0be3e51006.mpga"",""1"":""https://panoptes-uploads.zooniverse.org/subject_location/dd59db06-9cc1-44b7-8e3a-1db5d19d5987.png""}",2,,,2023-07-24 23:51:37 UTC,2023-07-24 23:51:37 UTC
90989398,19171,22318,114777,"{""images"":""Deci44100_CCES_010_1260.png"",""sounds"":""Deci44100_CCES_010_1260.mp3"",""subject_id"":""Deci44100_CCES_010_1260"",""#training_subject"":""0""}","{""0"":""https://panoptes-uploads.zooniverse.org/subject_location/5aad67ed-4731-4156-94f5-fbee12ec132b.mpga"",""1"":""https://panoptes-uploads.zooniverse.org/subject_location/1836fc2a-f711-4f2d-b980-38f0b8365049.png""}",4,,,2023-07-24 23:51:38 UTC,2023-07-24 23:51:38 UTC
90989399,19171,22318,114777,"{""images"":""Deci44100_CCES_010_1262.png"",""sounds"":""Deci44100_CCES_010_1262.mp3"",""subject_id"":""Deci44100_CCES_010_1262"",""#training_subject"":""0""}","{""0"":""https://panoptes-uploads.zooniverse.org/subject_location/52520393-32d8-488a-b6ad-f863923a734a.mpga"",""1"":""https://panoptes-uploads.zooniverse.org/subject_location/24609e1c-b508-48a7-ac0d-68d4d1d0283d.png""}",3,,,2023-07-24 23:51:39 UTC,2023-07-24 23:51:39 UTC
90989400,19171,22318,114777,"{""images"":""Deci44100_CCES_010_1274.png"",""sounds"":""Deci44100_CCES_010_1274.mp3"",""subject_id"":""Deci44100_CCES_010_1274"",""#training_subject"":""0""}","{""0"":""https://panoptes-uploads.zooniverse.org/subject_location/08ca320f-1057-4c0f-a4f1-493f45ae31f0.mpga"",""1"":""https://panoptes-uploads.zooniverse.org/subject_location/dc7601d9-fa73-415e-a503-843ad7356cb1.png""}",0,,,2023-07-24 23:51:39 UTC,2023-07-24 23:51:39 UTC
90989401,19171,22318,114777,"{""images"":""Deci44100_CCES_010_1276.png"",""sounds"":""Deci44100_CCES_010_1276.mp3"",""subject_id"":""Deci44100_CCES_010_1276"",""#training_subject"":""0""}","{""0"":""https://panoptes-uploads.zooniverse.org/subject_location/0dc6d0d7-7dce-493a-a2ea-96c2766f41cc.mpga"",""1"":""https://panoptes-uploads.zooniverse.org/subject_location/e6280e2d-26b2-4752-bb08-2236840e83e3.png""}",1,,,2023-07-24 23:51:40 UTC,2023-07-24 23:51:40 UTC
90989402,19171,22318,114777,"{""images"":""Deci44100_CCES_010_1278.png"",""sounds"":""Deci44100_CCES_010_1278.mp3"",""subject_id"":""Deci44100_CCES_010_1278"",""#training_subject"":""0""}","{""0"":""https://panoptes-uploads.zooniverse.org/subject_location/c7a81e3a-47fd-4d0c-823d-4974596eab92.mpga"",""1"":""https://panoptes-uploads.zooniverse.org/subject_location/63a9cab1-aeb9-4974-8282-90d4fa7f9633.png""}",4,,,2023-07-24 23:51:41 UTC,2023-07-24 23:51:41 UTC
90989403,19171,22318,114777,"{""images"":""Deci44100_CCES_010_1287.png"",""sounds"":""Deci44100_CCES_010_1287.mp3"",""subject_id"":""Deci44100_CCES_010_1287"",""#training_subject"":""0""}","{""0"":""https://panoptes-uploads.zooniverse.org/subject_location/c6fadef0-510c-4a79-801e-d678c01d517c.mpga"",""1"":""https://panoptes-uploads.zooniverse.org/subject_location/34596924-6623-4a30-bff8-61884ee03f24.png""}",2,,,2023-07-24 23:51:42 UTC,2023-07-24 23:51:42 UTC
90989404,19171,22318,114777,"{""images"":""Deci44100_CCES_010_129.png"",""sounds"":""Deci44100_CCES_010_129.mp3"",""subject_id"":""Deci44100_CCES_010_129"",""#training_subject"":""0""}","{""0"":""https://panoptes-uploads.zooniverse.org/subject_location/3339e99b-e562-458c-a156-d64247d3f23e.mpga"",""1"":""https://panoptes-uploads.zooniverse.org/subject_location/62492f44-21a8-4b7d-b171-9a549fe30b92.png""}",2,,,2023-07-24 23:51:43 UTC,2023-07-24 23:51:43 UTC
90989405,19171,22318,114777,"{""images"":""Deci44100_CCES_010_1297.png"",""sounds"":""Deci44100_CCES_010_1297.mp3"",""subject_id"":""Deci44100_CCES_010_1297"",""#training_subject"":""0""}","{""0"":""https://panoptes-uploads.zooniverse.org/subject_location/c20fedfe-c226-4c60-b768-8b6dafdb02f3.mpga"",""1"":""https://panoptes-uploads.zooniverse.org/subject_location/e446cce9-0cff-4144-a0b8-499f8d8df166.png""}",2,,,2023-07-24 23:51:43 UTC,2023-07-24 23:51:43 UTC
90989406,19171,22318,114777,"{""images"":""Deci44100_CCES_010_1300.png"",""sounds"":""Deci44100_CCES_010_1300.mp3"",""subject_id"":""Deci44100_CCES_010_1300"",""#training_subject"":""0""}","{""0"":""https://panoptes-uploads.zooniverse.org/subject_location/cd225068-add3-4393-9150-ea6095f76354.mpga"",""1"":""https://panoptes-uploads.zooniverse.org/subject_location/ff8f08e0-ad3c-477d-8314-556e1f96dc15.png""}",1,,,2023-07-24 23:51:44 UTC,2023-07-24 23:51:44 UTC
90989407,19171,22318,114777,"{""images"":""Deci44100_CCES_010_1304.png"",""sounds"":""Deci44100_CCES_010_1304.mp3"",""subject_id"":""Deci44100_CCES_010_1304"",""#training_subject"":""0""}","{""0"":""https://panoptes-uploads.zooniverse.org/subject_location/6cea16bb-4236-4ae6-b6aa-b38dd9838573.mpga"",""1"":""https://panoptes-uploads.zooniverse.org/subject_location/94e96aa4-59c7-436a-9125-5ede45153df5.png""}",4,,,2023-07-24 23:51:45 UTC,2023-07-24 23:51:45 UTC
90989408,19171,22318,114777,"{""images"":""Deci44100_CCES_010_1308.png"",""sounds"":""Deci44100_CCES_010_1308.mp3"",""subject_id"":""Deci44100_CCES_010_1308"",""#training_subject"":""0""}","{""0"":""https://panoptes-uploads.zooniverse.org/subject_location/ee957f91-5d75-4b7c-a7a3-6da31ebf6690.mpga"",""1"":""https://panoptes-uploads.zooniverse.org/subject_location/60e0259c-d87b-4159-b295-a69b094cace3.png""}",5,,,2023-07-24 23:51:46 UTC,2023-07-24 23:51:46 UTC
90989409,19171,22318,114777,"{""images"":""Deci44100_CCES_010_131.png"",""sounds"":""Deci44100_CCES_010_131.mp3"",""subject_id"":""Deci44100_CCES_010_131"",""#training_subject"":""0""}","{""0"":""https://panoptes-uploads.zooniverse.org/subject_location/cd7151de-0646-4f1e-8c0a-6c9427362a7b.mpga"",""1"":""https://panoptes-uploads.zooniverse.org/subject_location/1055eec3-4f93-4e4c-8552-5543db8559e0.png""}",2,,,2023-07-24 23:51:46 UTC,2023-07-24 23:51:46 UTC
90989410,19171,22318,114777,"{""images"":""Deci44100_CCES_010_1335.png"",""sounds"":""Deci44100_CCES_010_1335.mp3"",""subject_id"":""Deci44100_CCES_010_1335"",""#training_subject"":""0""}","{""0"":""https://panoptes-uploads.zooniverse.org/subject_location/95231817-ab34-4d38-9ef5-fc4fdc05b480.mpga"",""1"":""https://panoptes-uploads.zooniverse.org/subject_location/d9f94b50-e4b5-4f3b-9998-2f0a92dbd0fb.png""}",0,,,2023-07-24 23:51:47 UTC,2023-07-24 23:51:47 UTC
90989411,19171,22318,114777,"{""images"":""Deci44100_CCES_010_1340.png"",""sounds"":""Deci44100_CCES_010_1340.mp3"",""subject_id"":""Deci44100_CCES_010_1340"",""#training_subject"":""0""}","{""0"":""https://panoptes-uploads.zooniverse.org/subject_location/089428c7-3f18-4183-8fb9-911c3c2517c4.mpga"",""1"":""https://panoptes-uploads.zooniverse.org/subject_location/1bed9ee7-3d6a-48d0-9aaa-582a3da7a9d4.png""}",3,,,2023-07-24 23:51:47 UTC,2023-07-24 23:51:47 UTC
90989412,19171,22318,114777,"{""images"":""Deci44100_CCES_010_1341.png"",""sounds"":""Deci44100_CCES_010_1341.mp3"",""subject_id"":""Deci44100_CCES_010_1341"",""#training_subject"":""0""}","{""0"":""https://panoptes-uploads.zooniverse.org/subject_location/8c49ac2f-fea1-4ee9-a37d-75552e26a121.mpga"",""1"":""https://panoptes-uploads.zooniverse.org/subject_location/7f6688da-1537-42f4-b42a-1a88071f94aa.png""}",3,,,2023-07-24 23:51:48 UTC,2023-07-24 23:51:48 UTC
90989413,19171,22318,114777,"{""images"":""Deci44100_CCES_010_1342.png"",""sounds"":""Deci44100_CCES_010_1342.mp3"",""subject_id"":""Deci44100_CCES_010_1342"",""#training_subject"":""0""}","{""0"":""https://panoptes-uploads.zooniverse.org/subject_location/a9198ad7-66a3-4210-a119-3f3e55d11851.mpga"",""1"":""https://panoptes-uploads.zooniverse.org/subject_location/8532e916-d96e-4bb0-9c1c-9a9ec4286c13.png""}",7,,,2023-07-24 23:51:49 UTC,2023-07-24 23:51:49 UTC
90989414,19171,22318,114777,"{""images"":""Deci44100_CCES_010_1347.png"",""sounds"":""Deci44100_CCES_010_1347.mp3"",""subject_id"":""Deci44100_CCES_010_1347"",""#training_subject"":""0""}","{""0"":""https://panoptes-uploads.zooniverse.org/subject_location/93733f12-c8b1-441e-b8c1-56054936b1f2.mpga"",""1"":""https://panoptes-uploads.zooniverse.org/subject_location/30fd52e7-cc88-4299-ac1b-f37294d0a6db.png""}",3,,,2023-07-24 23:51:50 UTC,2023-07-24 23:51:50 UTC
90989415,19171,22318,114777,"{""images"":""Deci44100_CCES_010_1359.png"",""sounds"":""Deci44100_CCES_010_1359.mp3"",""subject_id"":""Deci44100_CCES_010_1359"",""#training_subject"":""0""}","{""0"":""https://panoptes-uploads.zooniverse.org/subject_location/85154554-39d7-41a8-8abc-f5a28778aa5d.mpga"",""1"":""https://panoptes-uploads.zooniverse.org/subject_location/eb11c96a-0385-4eac-bbf9-afd61d62b51e.png""}",3,,,2023-07-24 23:51:50 UTC,2023-07-24 23:51:50 UTC
90989416,19171,22318,114777,"{""images"":""Deci44100_CCES_010_136.png"",""sounds"":""Deci44100_CCES_010_136.mp3"",""subject_id"":""Deci44100_CCES_010_136"",""#training_subject"":""0""}","{""0"":""https://panoptes-uploads.zooniverse.org/subject_location/96ef8e79-3ed8-4e79-af48-f08a1a58934b.mpga"",""1"":""https://panoptes-uploads.zooniverse.org/subject_location/f015b9fb-f1ea-41a4-8d29-749165a3b9d6.png""}",3,,,2023-07-24 23:51:51 UTC,2023-07-24 23:51:51 UTC
90989417,19171,22318,114777,"{""images"":""Deci44100_CCES_010_1360.png"",""sounds"":""Deci44100_CCES_010_1360.mp3"",""subject_id"":""Deci44100_CCES_010_1360"",""#training_subject"":""0""}","{""0"":""https://panoptes-uploads.zooniverse.org/subject_location/5285bf9c-3df3-468a-b7a9-9984f2ac5d41.mpga"",""1"":""https://panoptes-uploads.zooniverse.org/subject_location/4ab32c75-c872-4fac-a32f-9094ac78981b.png""}",2,,,2023-07-24 23:51:51 UTC,2023-07-24 23:51:51 UTC
90989418,19171,22318,114777,"{""images"":""Deci44100_CCES_010_1363.png"",""sounds"":""Deci44100_CCES_010_1363.mp3"",""subject_id"":""Deci44100_CCES_010_1363"",""#training_subject"":""0""}","{""0"":""https://panoptes-uploads.zooniverse.org/subject_location/ceeaeb60-5612-4bcd-a36b-9ff1404e18fe.mpga"",""1"":""https://panoptes-uploads.zooniverse.org/subject_location/1911b7cf-098f-4fa7-8c65-9857a9057204.png""}",2,,,2023-07-24 23:51:52 UTC,2023-07-24 23:51:52 UTC
90989419,19171,22318,114777,"{""images"":""Deci44100_CCES_010_1367.png"",""sounds"":""Deci44100_CCES_010_1367.mp3"",""subject_id"":""Deci44100_CCES_010_1367"",""#training_subject"":""0""}","{""0"":""https://panoptes-uploads.zooniverse.org/subject_location/b1bf0510-8aa6-4589-91d1-0c7924792e80.mpga"",""1"":""https://panoptes-uploads.zooniverse.org/subject_location/6d3b1ee6-efb0-4efb-9910-f3928f2ab7a9.png""}",2,,,2023-07-24 23:51:53 UTC,2023-07-24 23:51:53 UTC
90989420,19171,22318,114777,"{""images"":""Deci44100_CCES_010_1375.png"",""sounds"":""Deci44100_CCES_010_1375.mp3"",""subject_id"":""Deci44100_CCES_010_1375"",""#training_subject"":""0""}","{""0"":""https://panoptes-uploads.zooniverse.org/subject_location/2a900cc7-0eb4-4a62-be56-bd1e4550a31b.mpga"",""1"":""https://panoptes-uploads.zooniverse.org/subject_location/0243bcf7-2065-49c9-ae8f-a859d25e3cd8.png""}",3,,,2023-07-24 23:51:53 UTC,2023-07-24 23:51:53 UTC
90989421,19171,22318,114777,"{""images"":""Deci44100_CCES_010_1376.png"",""sounds"":""Deci44100_CCES_010_1376.mp3"",""subject_id"":""Deci44100_CCES_010_1376"",""#training_subject"":""0""}","{""0"":""https://panoptes-uploads.zooniverse.org/subject_location/e6ced42f-1ce9-40bc-8b83-878cf37c2750.mpga"",""1"":""https://panoptes-uploads.zooniverse.org/subject_location/67f354e4-ed4c-48c3-817d-8d57e6ca626f.png""}",3,,,2023-07-24 23:51:54 UTC,2023-07-24 23:51:54 UTC
90989422,19171,22318,114777,"{""images"":""Deci44100_CCES_010_138.png"",""sounds"":""Deci44100_CCES_010_138.mp3"",""subject_id"":""Deci44100_CCES_010_138"",""#training_subject"":""0""}","{""0"":""https://panoptes-uploads.zooniverse.org/subject_location/faf38c62-2ef0-43a2-910e-5d92c0cd794b.mpga"",""1"":""https://panoptes-uploads.zooniverse.org/subject_location/9c67be0f-e033-4d29-aa84-4f1a4983acea.png""}",3,,,2023-07-24 23:51:55 UTC,2023-07-24 23:51:55 UTC
90989423,19171,22318,114777,"{""images"":""Deci44100_CCES_010_1381.png"",""sounds"":""Deci44100_CCES_010_1381.mp3"",""subject_id"":""Deci44100_CCES_010_1381"",""#training_subject"":""0""}","{""0"":""https://panoptes-uploads.zooniverse.org/subject_location/9eeb5ca8-05c3-42a6-95b7-d050ce6484cd.mpga"",""1"":""https://panoptes-uploads.zooniverse.org/subject_location/d7e48273-3ec8-48b8-93f3-f73068e5bf3f.png""}",7,,,2023-07-24 23:51:56 UTC,2023-07-24 23:51:56 UTC
90989424,19171,22318,114777,"{""images"":""Deci44100_CCES_010_1382.png"",""sounds"":""Deci44100_CCES_010_1382.mp3"",""subject_id"":""Deci44100_CCES_010_1382"",""#training_subject"":""0""}","{""0"":""https://panoptes-uploads.zooniverse.org/subject_location/fe63ede1-f5de-43da-9080-fbe4bd4fc302.mpga"",""1"":""https://panoptes-uploads.zooniverse.org/subject_location/33a212f2-ae2e-456d-9876-429a3a265228.png""}",7,,,2023-07-24 23:51:56 UTC,2023-07-24 23:51:56 UTC
90989425,19171,22318,114777,"{""images"":""Deci44100_CCES_010_1383.png"",""sounds"":""Deci44100_CCES_010_1383.mp3"",""subject_id"":""Deci44100_CCES_010_1383"",""#training_subject"":""0""}","{""0"":""https://panoptes-uploads.zooniverse.org/subject_location/2cddab01-cf6a-40e8-8ce2-c46db117659a.mpga"",""1"":""https://panoptes-uploads.zooniverse.org/subject_location/5c0aba10-4e8d-47fb-90c8-6009880c56b8.png""}",2,,,2023-07-24 23:51:57 UTC,2023-07-24 23:51:57 UTC
90989426,19171,22318,114777,"{""images"":""Deci44100_CCES_010_1388.png"",""sounds"":""Deci44100_CCES_010_1388.mp3"",""subject_id"":""Deci44100_CCES_010_1388"",""#training_subject"":""0""}","{""0"":""https://panoptes-uploads.zooniverse.org/subject_location/eb8efbce-b5c4-4f75-b11c-d020ad8ee2df.mpga"",""1"":""https://panoptes-uploads.zooniverse.org/subject_location/3f1dd410-c056-46fd-a0d4-8d171e773ab0.png""}",3,,,2023-07-24 23:51:57 UTC,2023-07-24 23:51:57 UTC
90989427,19171,22318,114777,"{""images"":""Deci44100_CCES_010_1390.png"",""sounds"":""Deci44100_CCES_010_1390.mp3"",""subject_id"":""Deci44100_CCES_010_1390"",""#training_subject"":""0""}","{""0"":""https://panoptes-uploads.zooniverse.org/subject_location/d2472b8f-87b1-40f3-91c1-446551490b9c.mpga"",""1"":""https://panoptes-uploads.zooniverse.org/subject_location/4d809af9-b9fd-44c7-a047-75809d5640fc.png""}",4,,,2023-07-24 23:51:58 UTC,2023-07-24 23:51:58 UTC
90989428,19171,22318,114777,"{""images"":""Deci44100_CCES_010_1391.png"",""sounds"":""Deci44100_CCES_010_1391.mp3"",""subject_id"":""Deci44100_CCES_010_1391"",""#training_subject"":""0""}","{""0"":""https://panoptes-uploads.zooniverse.org/subject_location/3804efa0-16d7-4cc5-9286-5ccb141d86bd.mpga"",""1"":""https://panoptes-uploads.zooniverse.org/subject_location/aa24f5ed-a23f-40cb-9986-633a8694948c.png""}",4,,,2023-07-24 23:51:59 UTC,2023-07-24 23:51:59 UTC
90989429,19171,22318,114777,"{""images"":""Deci44100_CCES_010_1392.png"",""sounds"":""Deci44100_CCES_010_1392.mp3"",""subject_id"":""Deci44100_CCES_010_1392"",""#training_subject"":""0""}","{""0"":""https://panoptes-uploads.zooniverse.org/subject_location/f918fdd8-9b81-4b9c-a970-044130c2c3ed.mpga"",""1"":""https://panoptes-uploads.zooniverse.org/subject_location/63d569f9-abd5-4564-ae49-e401be460e98.png""}",1,,,2023-07-24 23:51:59 UTC,2023-07-24 23:51:59 UTC
90989430,19171,22318,114777,"{""images"":""Deci44100_CCES_010_1394.png"",""sounds"":""Deci44100_CCES_010_1394.mp3"",""subject_id"":""Deci44100_CCES_010_1394"",""#training_subject"":""0""}","{""0"":""https://panoptes-uploads.zooniverse.org/subject_location/1c443430-4064-47d3-928d-daa39cb80776.mpga"",""1"":""https://panoptes-uploads.zooniverse.org/subject_location/8acb6100-6601-44a5-b97f-5aadd92de119.png""}",1,,,2023-07-24 23:52:00 UTC,2023-07-24 23:52:00 UTC
90989431,19171,22318,114777,"{""images"":""Deci44100_CCES_010_1400.png"",""sounds"":""Deci44100_CCES_010_1400.mp3"",""subject_id"":""Deci44100_CCES_010_1400"",""#training_subject"":""0""}","{""0"":""https://panoptes-uploads.zooniverse.org/subject_location/ff124092-1f1f-418e-8075-7a4eed693ef8.mpga"",""1"":""https://panoptes-uploads.zooniverse.org/subject_location/a8f54926-41bd-404c-b8b8-ebeeac21db40.png""}",3,,,2023-07-24 23:52:00 UTC,2023-07-24 23:52:00 UTC
90989432,19171,22318,114777,"{""images"":""Deci44100_CCES_010_1401.png"",""sounds"":""Deci44100_CCES_010_1401.mp3"",""subject_id"":""Deci44100_CCES_010_1401"",""#training_subject"":""0""}","{""0"":""https://panoptes-uploads.zooniverse.org/subject_location/ee200589-6bd0-4962-a7c2-3396fbf0f942.mpga"",""1"":""https://panoptes-uploads.zooniverse.org/subject_location/efb0b7bd-2c15-4de3-b51b-dd281c79d495.png""}",3,,,2023-07-24 23:52:01 UTC,2023-07-24 23:52:01 UTC
90989433,19171,22318,114777,"{""images"":""Deci44100_CCES_010_1404.png"",""sounds"":""Deci44100_CCES_010_1404.mp3"",""subject_id"":""Deci44100_CCES_010_1404"",""#training_subject"":""0""}","{""0"":""https://panoptes-uploads.zooniverse.org/subject_location/412086c5-41a9-4d1b-9f24-174b6c7d8b96.mpga"",""1"":""https://panoptes-uploads.zooniverse.org/subject_location/ddee46ea-f5f3-49a0-919e-ec0574d3513f.png""}",0,,,2023-07-24 23:52:01 UTC,2023-07-24 23:52:01 UTC
90989434,19171,22318,114777,"{""images"":""Deci44100_CCES_010_1406.png"",""sounds"":""Deci44100_CCES_010_1406.mp3"",""subject_id"":""Deci44100_CCES_010_1406"",""#training_subject"":""0""}","{""0"":""https://panoptes-uploads.zooniverse.org/subject_location/9802fff2-2ff0-4820-a40f-e75c6396101d.mpga"",""1"":""https://panoptes-uploads.zooniverse.org/subject_location/d18ae1b4-5ab4-425e-a82d-6cc0736ce6e6.png""}",2,,,2023-07-24 23:52:02 UTC,2023-07-24 23:52:02 UTC
90989435,19171,22318,114777,"{""images"":""Deci44100_CCES_010_1413.png"",""sounds"":""Deci44100_CCES_010_1413.mp3"",""subject_id"":""Deci44100_CCES_010_1413"",""#training_subject"":""0""}","{""0"":""https://panoptes-uploads.zooniverse.org/subject_location/a411ae45-bd52-4bfb-ae6d-ab3c2e59a390.mpga"",""1"":""https://panoptes-uploads.zooniverse.org/subject_location/db2bde50-469a-4cb5-b2af-edda7052db00.png""}",0,,,2023-07-24 23:52:02 UTC,2023-07-24 23:52:02 UTC
90989436,19171,22318,114777,"{""images"":""Deci44100_CCES_010_1414.png"",""sounds"":""Deci44100_CCES_010_1414.mp3"",""subject_id"":""Deci44100_CCES_010_1414"",""#training_subject"":""0""}","{""0"":""https://panoptes-uploads.zooniverse.org/subject_location/ad7128db-5c87-48c0-a729-9c9ab9497b4f.mpga"",""1"":""https://panoptes-uploads.zooniverse.org/subject_location/a50e4391-0553-49e7-9648-d6484b55e5cf.png""}",1,,,2023-07-24 23:52:03 UTC,2023-07-24 23:52:03 UTC
90989437,19171,22318,114777,"{""images"":""Deci44100_CCES_010_1418.png"",""sounds"":""Deci44100_CCES_010_1418.mp3"",""subject_id"":""Deci44100_CCES_010_1418"",""#training_subject"":""0""}","{""0"":""https://panoptes-uploads.zooniverse.org/subject_location/3a95ca04-1bce-43c9-8c0f-536e9fc3735d.mpga"",""1"":""https://panoptes-uploads.zooniverse.org/subject_location/c5a78563-ef16-41bc-b9d7-3ff5f8975c30.png""}",2,,,2023-07-24 23:52:04 UTC,2023-07-24 23:52:04 UTC
90989438,19171,22318,114777,"{""images"":""Deci44100_CCES_010_1424.png"",""sounds"":""Deci44100_CCES_010_1424.mp3"",""subject_id"":""Deci44100_CCES_010_1424"",""#training_subject"":""0""}","{""0"":""https://panoptes-uploads.zooniverse.org/subject_location/c5ae0730-9353-40fa-86d6-65bc07124b8c.mpga"",""1"":""https://panoptes-uploads.zooniverse.org/subject_location/cc55b0a2-44fc-4c51-b097-25ec7db18605.png""}",6,,,2023-07-24 23:52:04 UTC,2023-07-24 23:52:04 UTC
90989439,19171,22318,114777,"{""images"":""Deci44100_CCES_010_1427.png"",""sounds"":""Deci44100_CCES_010_1427.mp3"",""subject_id"":""Deci44100_CCES_010_1427"",""#training_subject"":""0""}","{""0"":""https://panoptes-uploads.zooniverse.org/subject_location/585e7b67-4eb9-4f3c-8e83-6403a9f561a4.mpga"",""1"":""https://panoptes-uploads.zooniverse.org/subject_location/4b161c3d-e98f-4a57-af0a-01483c55cefc.png""}",2,,,2023-07-24 23:52:05 UTC,2023-07-24 23:52:05 UTC
90989440,19171,22318,114777,"{""images"":""Deci44100_CCES_010_1428.png"",""sounds"":""Deci44100_CCES_010_1428.mp3"",""subject_id"":""Deci44100_CCES_010_1428"",""#training_subject"":""0""}","{""0"":""https://panoptes-uploads.zooniverse.org/subject_location/52918925-9ebc-4d8c-a0ae-688eecf748a9.mpga"",""1"":""https://panoptes-uploads.zooniverse.org/subject_location/8910b049-d08c-4a6d-8479-50302ac94847.png""}",2,,,2023-07-24 23:52:05 UTC,2023-07-24 23:52:05 UTC
90989441,19171,22318,114777,"{""images"":""Deci44100_CCES_010_143.png"",""sounds"":""Deci44100_CCES_010_143.mp3"",""subject_id"":""Deci44100_CCES_010_143"",""#training_subject"":""0""}","{""0"":""https://panoptes-uploads.zooniverse.org/subject_location/4989ddde-2a72-4894-a834-8ce8cfd647cf.mpga"",""1"":""https://panoptes-uploads.zooniverse.org/subject_location/d2642fd2-6c07-499f-9e28-1a8497f56282.png""}",1,,,2023-07-24 23:52:06 UTC,2023-07-24 23:52:06 UTC
90989442,19171,22318,114777,"{""images"":""Deci44100_CCES_010_1431.png"",""sounds"":""Deci44100_CCES_010_1431.mp3"",""subject_id"":""Deci44100_CCES_010_1431"",""#training_subject"":""0""}","{""0"":""https://panoptes-uploads.zooniverse.org/subject_location/5fff784e-1f84-44a6-85fc-574813ba8d7b.mpga"",""1"":""https://panoptes-uploads.zooniverse.org/subject_location/325fc3c6-f4e0-4306-9230-b35c3a263133.png""}",2,,,2023-07-24 23:52:07 UTC,2023-07-24 23:52:07 UTC
90989443,19171,22318,114777,"{""images"":""Deci44100_CCES_010_1434.png"",""sounds"":""Deci44100_CCES_010_1434.mp3"",""subject_id"":""Deci44100_CCES_010_1434"",""#training_subject"":""0""}","{""0"":""https://panoptes-uploads.zooniverse.org/subject_location/c5fe9328-a0a0-4922-9eb4-5f9f1e2710b6.mpga"",""1"":""https://panoptes-uploads.zooniverse.org/subject_location/37f2cf8e-1b70-4098-a409-fb15968015d9.png""}",4,,,2023-07-24 23:52:07 UTC,2023-07-24 23:52:07 UTC
90989444,19171,22318,114777,"{""images"":""Deci44100_CCES_010_1438.png"",""sounds"":""Deci44100_CCES_010_1438.mp3"",""subject_id"":""Deci44100_CCES_010_1438"",""#training_subject"":""0""}","{""0"":""https://panoptes-uploads.zooniverse.org/subject_location/3f533a28-5dee-4827-aee2-1a52c349a8ea.mpga"",""1"":""https://panoptes-uploads.zooniverse.org/subject_location/32c78a9b-1b11-47ce-85ee-3dc918b0d25b.png""}",4,,,2023-07-24 23:52:09 UTC,2023-07-24 23:52:09 UTC
90989445,19171,22318,114777,"{""images"":""Deci44100_CCES_010_1444.png"",""sounds"":""Deci44100_CCES_010_1444.mp3"",""subject_id"":""Deci44100_CCES_010_1444"",""#training_subject"":""0""}","{""0"":""https://panoptes-uploads.zooniverse.org/subject_location/9909da56-b671-41e6-b647-8ea23a085ce7.mpga"",""1"":""https://panoptes-uploads.zooniverse.org/subject_location/73dbc6e9-b137-4cad-89da-b26e4f02cdfd.png""}",0,,,2023-07-24 23:52:09 UTC,2023-07-24 23:52:09 UTC
90989446,19171,22318,114777,"{""images"":""Deci44100_CCES_010_1450.png"",""sounds"":""Deci44100_CCES_010_1450.mp3"",""subject_id"":""Deci44100_CCES_010_1450"",""#training_subject"":""0""}","{""0"":""https://panoptes-uploads.zooniverse.org/subject_location/f45e77ad-ef26-409c-a493-8d8ae72b27fc.mpga"",""1"":""https://panoptes-uploads.zooniverse.org/subject_location/1aefde25-6f60-4dc2-a89c-717504555360.png""}",3,,,2023-07-24 23:52:10 UTC,2023-07-24 23:52:10 UTC
90989447,19171,22318,114777,"{""images"":""Deci44100_CCES_010_1451.png"",""sounds"":""Deci44100_CCES_010_1451.mp3"",""subject_id"":""Deci44100_CCES_010_1451"",""#training_subject"":""0""}","{""0"":""https://panoptes-uploads.zooniverse.org/subject_location/a2ff0ef1-c342-4c6c-9877-f02b8525a2cb.mpga"",""1"":""https://panoptes-uploads.zooniverse.org/subject_location/cf648077-4749-401b-8bab-0b34aea5e190.png""}",2,,,2023-07-24 23:52:10 UTC,2023-07-24 23:52:10 UTC
90989448,19171,22318,114777,"{""images"":""Deci44100_CCES_010_1453.png"",""sounds"":""Deci44100_CCES_010_1453.mp3"",""subject_id"":""Deci44100_CCES_010_1453"",""#training_subject"":""0""}","{""0"":""https://panoptes-uploads.zooniverse.org/subject_location/2ad6f015-f59d-4190-b735-ad317365f16c.mpga"",""1"":""https://panoptes-uploads.zooniverse.org/subject_location/ac7397d6-aa12-4c19-a38f-c181956d7710.png""}",3,,,2023-07-24 23:52:11 UTC,2023-07-24 23:52:11 UTC
90989449,19171,22318,114777,"{""images"":""Deci44100_CCES_010_1458.png"",""sounds"":""Deci44100_CCES_010_1458.mp3"",""subject_id"":""Deci44100_CCES_010_1458"",""#training_subject"":""0""}","{""0"":""https://panoptes-uploads.zooniverse.org/subject_location/f10537aa-5e4f-4fbd-bcc1-681e27be7c0c.mpga"",""1"":""https://panoptes-uploads.zooniverse.org/subject_location/8ab57e82-63b7-43ef-81d0-2d14271473a6.png""}",4,,,2023-07-24 23:52:12 UTC,2023-07-24 23:52:12 UTC
90989450,19171,22318,114777,"{""images"":""Deci44100_CCES_010_1463.png"",""sounds"":""Deci44100_CCES_010_1463.mp3"",""subject_id"":""Deci44100_CCES_010_1463"",""#training_subject"":""0""}","{""0"":""https://panoptes-uploads.zooniverse.org/subject_location/e81b0fb5-d370-4d05-8952-78203e36f63e.mpga"",""1"":""https://panoptes-uploads.zooniverse.org/subject_location/7fb88225-5d32-482a-bb52-467b30d41f78.png""}",2,,,2023-07-24 23:52:12 UTC,2023-07-24 23:52:12 UTC
90989451,19171,22318,114777,"{""images"":""Deci44100_CCES_010_1466.png"",""sounds"":""Deci44100_CCES_010_1466.mp3"",""subject_id"":""Deci44100_CCES_010_1466"",""#training_subject"":""0""}","{""0"":""https://panoptes-uploads.zooniverse.org/subject_location/039153c2-b808-4af1-875a-e0968e9cffa9.mpga"",""1"":""https://panoptes-uploads.zooniverse.org/subject_location/ffa79278-02a9-4791-941c-6fc5fc948700.png""}",2,,,2023-07-24 23:52:13 UTC,2023-07-24 23:52:13 UTC
90989452,19171,22318,114777,"{""images"":""Deci44100_CCES_010_1467.png"",""sounds"":""Deci44100_CCES_010_1467.mp3"",""subject_id"":""Deci44100_CCES_010_1467"",""#training_subject"":""0""}","{""0"":""https://panoptes-uploads.zooniverse.org/subject_location/2f7d2d86-1577-40e2-8fdb-7c4266501352.mpga"",""1"":""https://panoptes-uploads.zooniverse.org/subject_location/9bedd034-b354-4786-a692-f56383d1d3a4.png""}",4,,,2023-07-24 23:52:14 UTC,2023-07-24 23:52:14 UTC
90989453,19171,22318,114777,"{""images"":""Deci44100_CCES_010_1471.png"",""sounds"":""Deci44100_CCES_010_1471.mp3"",""subject_id"":""Deci44100_CCES_010_1471"",""#training_subject"":""0""}","{""0"":""https://panoptes-uploads.zooniverse.org/subject_location/4d371cf6-74d4-42dc-ba37-6919b0ada2f4.mpga"",""1"":""https://panoptes-uploads.zooniverse.org/subject_location/06ce9102-6176-4e2d-8227-36e39f1bdfac.png""}",2,,,2023-07-24 23:52:14 UTC,2023-07-24 23:52:14 UTC
90989454,19171,22318,114777,"{""images"":""Deci44100_CCES_010_1476.png"",""sounds"":""Deci44100_CCES_010_1476.mp3"",""subject_id"":""Deci44100_CCES_010_1476"",""#training_subject"":""0""}","{""0"":""https://panoptes-uploads.zooniverse.org/subject_location/f24cda43-ab7d-41f0-9ba1-c8399d646574.mpga"",""1"":""https://panoptes-uploads.zooniverse.org/subject_location/969c909a-6624-4b7b-9080-72a66beb75d2.png""}",3,,,2023-07-24 23:52:15 UTC,2023-07-24 23:52:15 UTC
90989455,19171,22318,114777,"{""images"":""Deci44100_CCES_010_1487.png"",""sounds"":""Deci44100_CCES_010_1487.mp3"",""subject_id"":""Deci44100_CCES_010_1487"",""#training_subject"":""0""}","{""0"":""https://panoptes-uploads.zooniverse.org/subject_location/514b2839-3c47-48d2-9880-3511fc48a638.mpga"",""1"":""https://panoptes-uploads.zooniverse.org/subject_location/e17f29c8-2331-4678-9680-6b498da637fd.png""}",3,,,2023-07-24 23:52:16 UTC,2023-07-24 23:52:16 UTC
90989456,19171,22318,114777,"{""images"":""Deci44100_CCES_010_1488.png"",""sounds"":""Deci44100_CCES_010_1488.mp3"",""subject_id"":""Deci44100_CCES_010_1488"",""#training_subject"":""0""}","{""0"":""https://panoptes-uploads.zooniverse.org/subject_location/afc1643b-8da0-481d-a057-9418bcda6dcf.mpga"",""1"":""https://panoptes-uploads.zooniverse.org/subject_location/4eeac4f6-d64a-4528-bbf1-6d13085be3d1.png""}",3,,,2023-07-24 23:52:18 UTC,2023-07-24 23:52:18 UTC
90989457,19171,22318,114777,"{""images"":""Deci44100_CCES_010_1489.png"",""sounds"":""Deci44100_CCES_010_1489.mp3"",""subject_id"":""Deci44100_CCES_010_1489"",""#training_subject"":""0""}","{""0"":""https://panoptes-uploads.zooniverse.org/subject_location/35743f70-3f2f-4b5b-bc98-c99759864280.mpga"",""1"":""https://panoptes-uploads.zooniverse.org/subject_location/16941a8f-fdee-43fe-a3d4-507c4c68b863.png""}",1,,,2023-07-24 23:52:20 UTC,2023-07-24 23:52:20 UTC
90989458,19171,22318,114777,"{""images"":""Deci44100_CCES_010_1494.png"",""sounds"":""Deci44100_CCES_010_1494.mp3"",""subject_id"":""Deci44100_CCES_010_1494"",""#training_subject"":""0""}","{""0"":""https://panoptes-uploads.zooniverse.org/subject_location/af456e6a-371f-4d35-9f32-50502794ef77.mpga"",""1"":""https://panoptes-uploads.zooniverse.org/subject_location/e135dd60-fe86-41f5-8a6b-ee76bb02f277.png""}",1,,,2023-07-24 23:52:20 UTC,2023-07-24 23:52:20 UTC
90989459,19171,22318,114777,"{""images"":""Deci44100_CCES_010_1497.png"",""sounds"":""Deci44100_CCES_010_1497.mp3"",""subject_id"":""Deci44100_CCES_010_1497"",""#training_subject"":""0""}","{""0"":""https://panoptes-uploads.zooniverse.org/subject_location/ab1d6e05-1f52-41bd-87c3-d0e1246997bd.mpga"",""1"":""https://panoptes-uploads.zooniverse.org/subject_location/45932c8d-39fe-4711-9c81-fd41320a58de.png""}",2,,,2023-07-24 23:52:21 UTC,2023-07-24 23:52:21 UTC
90989460,19171,22318,114777,"{""images"":""Deci44100_CCES_010_1501.png"",""sounds"":""Deci44100_CCES_010_1501.mp3"",""subject_id"":""Deci44100_CCES_010_1501"",""#training_subject"":""0""}","{""0"":""https://panoptes-uploads.zooniverse.org/subject_location/ea9723c9-6d49-4389-b76f-5bea00d49fb0.mpga"",""1"":""https://panoptes-uploads.zooniverse.org/subject_location/4ff3c34a-5191-4688-9294-984531f023ac.png""}",2,,,2023-07-24 23:52:21 UTC,2023-07-24 23:52:21 UTC
90989461,19171,22318,114777,"{""images"":""Deci44100_CCES_010_1503.png"",""sounds"":""Deci44100_CCES_010_1503.mp3"",""subject_id"":""Deci44100_CCES_010_1503"",""#training_subject"":""0""}","{""0"":""https://panoptes-uploads.zooniverse.org/subject_location/3c8beadc-c386-4ecd-bd96-00509cdf0d77.mpga"",""1"":""https://panoptes-uploads.zooniverse.org/subject_location/aa0caeb0-2ed7-468c-b9d8-76c3bc55521a.png""}",2,,,2023-07-24 23:52:22 UTC,2023-07-24 23:52:22 UTC
90989462,19171,22318,114777,"{""images"":""Deci44100_CCES_010_1508.png"",""sounds"":""Deci44100_CCES_010_1508.mp3"",""subject_id"":""Deci44100_CCES_010_1508"",""#training_subject"":""0""}","{""0"":""https://panoptes-uploads.zooniverse.org/subject_location/1a0de7f4-50fa-456e-b868-afb99847f09b.mpga"",""1"":""https://panoptes-uploads.zooniverse.org/subject_location/5f24f23b-e830-4e7d-bf40-8b52d5d9e91d.png""}",4,,,2023-07-24 23:52:23 UTC,2023-07-24 23:52:23 UTC
90989463,19171,22318,114777,"{""images"":""Deci44100_CCES_010_1511.png"",""sounds"":""Deci44100_CCES_010_1511.mp3"",""subject_id"":""Deci44100_CCES_010_1511"",""#training_subject"":""0""}","{""0"":""https://panoptes-uploads.zooniverse.org/subject_location/c400bfed-8a42-46a0-8aed-3bbe11bf5190.mpga"",""1"":""https://panoptes-uploads.zooniverse.org/subject_location/25198054-4f0d-4f18-aebb-29b2ac4c3f4b.png""}",1,,,2023-07-24 23:52:23 UTC,2023-07-24 23:52:23 UTC
90989464,19171,22318,114777,"{""images"":""Deci44100_CCES_010_1512.png"",""sounds"":""Deci44100_CCES_010_1512.mp3"",""subject_id"":""Deci44100_CCES_010_1512"",""#training_subject"":""0""}","{""0"":""https://panoptes-uploads.zooniverse.org/subject_location/f23b8613-7ee7-4013-912f-47692a46afe9.mpga"",""1"":""https://panoptes-uploads.zooniverse.org/subject_location/8cb5ad03-6b00-4a01-abfa-e1d9fbff721a.png""}",4,,,2023-07-24 23:52:24 UTC,2023-07-24 23:52:24 UTC
90989465,19171,22318,114777,"{""images"":""Deci44100_CCES_010_1518.png"",""sounds"":""Deci44100_CCES_010_1518.mp3"",""subject_id"":""Deci44100_CCES_010_1518"",""#training_subject"":""0""}","{""0"":""https://panoptes-uploads.zooniverse.org/subject_location/85d16859-09af-4a74-89f5-e2a71a5ce04a.mpga"",""1"":""https://panoptes-uploads.zooniverse.org/subject_location/03e68641-3ba0-4b2b-91c0-c0c305c29dd3.png""}",3,,,2023-07-24 23:52:25 UTC,2023-07-24 23:52:25 UTC
90989466,19171,22318,114777,"{""images"":""Deci44100_CCES_010_1522.png"",""sounds"":""Deci44100_CCES_010_1522.mp3"",""subject_id"":""Deci44100_CCES_010_1522"",""#training_subject"":""0""}","{""0"":""https://panoptes-uploads.zooniverse.org/subject_location/f636772c-cf30-4ee8-8e6c-fac28c6495b8.mpga"",""1"":""https://panoptes-uploads.zooniverse.org/subject_location/f71a2724-b45a-44e1-924e-1f7cb4a40143.png""}",5,,,2023-07-24 23:52:25 UTC,2023-07-24 23:52:25 UTC
90989467,19171,22318,114777,"{""images"":""Deci44100_CCES_010_1527.png"",""sounds"":""Deci44100_CCES_010_1527.mp3"",""subject_id"":""Deci44100_CCES_010_1527"",""#training_subject"":""0""}","{""0"":""https://panoptes-uploads.zooniverse.org/subject_location/61760877-ff40-443e-b8f3-126b6e9aa22c.mpga"",""1"":""https://panoptes-uploads.zooniverse.org/subject_location/be00be24-d8d0-42c5-b994-77d69cfedeb1.png""}",2,,,2023-07-24 23:52:26 UTC,2023-07-24 23:52:26 UTC
90989468,19171,22318,114777,"{""images"":""Deci44100_CCES_010_1531.png"",""sounds"":""Deci44100_CCES_010_1531.mp3"",""subject_id"":""Deci44100_CCES_010_1531"",""#training_subject"":""0""}","{""0"":""https://panoptes-uploads.zooniverse.org/subject_location/52466f6a-9bd8-43b6-9a4d-4e6a1c548ff1.mpga"",""1"":""https://panoptes-uploads.zooniverse.org/subject_location/0cf0e738-ad2a-4f22-8e48-faf213f46855.png""}",3,,,2023-07-24 23:52:26 UTC,2023-07-24 23:52:26 UTC
90989469,19171,22318,114777,"{""images"":""Deci44100_CCES_010_1537.png"",""sounds"":""Deci44100_CCES_010_1537.mp3"",""subject_id"":""Deci44100_CCES_010_1537"",""#training_subject"":""0""}","{""0"":""https://panoptes-uploads.zooniverse.org/subject_location/7439e50c-53e7-4212-83d7-de607220eca8.mpga"",""1"":""https://panoptes-uploads.zooniverse.org/subject_location/8770ea30-65ec-4fea-9703-01a298307b83.png""}",4,,,2023-07-24 23:52:27 UTC,2023-07-24 23:52:27 UTC
90989470,19171,22318,114777,"{""images"":""Deci44100_CCES_010_154.png"",""sounds"":""Deci44100_CCES_010_154.mp3"",""subject_id"":""Deci44100_CCES_010_154"",""#training_subject"":""0""}","{""0"":""https://panoptes-uploads.zooniverse.org/subject_location/fb3d0ba8-ad19-425f-9557-55e5e376b91a.mpga"",""1"":""https://panoptes-uploads.zooniverse.org/subject_location/b008b815-a0fe-4d73-b0ad-b81a3cc6193b.png""}",5,,,2023-07-24 23:52:28 UTC,2023-07-24 23:52:28 UTC
90989471,19171,22318,114777,"{""images"":""Deci44100_CCES_010_1545.png"",""sounds"":""Deci44100_CCES_010_1545.mp3"",""subject_id"":""Deci44100_CCES_010_1545"",""#training_subject"":""0""}","{""0"":""https://panoptes-uploads.zooniverse.org/subject_location/a578312a-aa3b-4de3-ac34-f9c780626ae0.mpga"",""1"":""https://panoptes-uploads.zooniverse.org/subject_location/99cae692-e9bc-4509-9c45-8c790dc5657c.png""}",2,,,2023-07-24 23:52:29 UTC,2023-07-24 23:52:29 UTC
90989472,19171,22318,114777,"{""images"":""Deci44100_CCES_010_1550.png"",""sounds"":""Deci44100_CCES_010_1550.mp3"",""subject_id"":""Deci44100_CCES_010_1550"",""#training_subject"":""0""}","{""0"":""https://panoptes-uploads.zooniverse.org/subject_location/d6b64433-76c9-4eac-b726-ad0abeea8c47.mpga"",""1"":""https://panoptes-uploads.zooniverse.org/subject_location/7ee4547e-9b36-4536-a640-421293fea3c9.png""}",1,,,2023-07-24 23:52:29 UTC,2023-07-24 23:52:29 UTC
90989473,19171,22318,114777,"{""images"":""Deci44100_CCES_010_1551.png"",""sounds"":""Deci44100_CCES_010_1551.mp3"",""subject_id"":""Deci44100_CCES_010_1551"",""#training_subject"":""0""}","{""0"":""https://panoptes-uploads.zooniverse.org/subject_location/c7fc9449-e95a-4412-ba76-719d19c7e6bf.mpga"",""1"":""https://panoptes-uploads.zooniverse.org/subject_location/3d5b6bf4-1b94-454f-9f2b-9fbbc2cc3a61.png""}",1,,,2023-07-24 23:52:30 UTC,2023-07-24 23:52:30 UTC
90989474,19171,22318,114777,"{""images"":""Deci44100_CCES_010_1559.png"",""sounds"":""Deci44100_CCES_010_1559.mp3"",""subject_id"":""Deci44100_CCES_010_1559"",""#training_subject"":""0""}","{""0"":""https://panoptes-uploads.zooniverse.org/subject_location/ec300c3d-0d12-4157-9915-591cb09c5e73.mpga"",""1"":""https://panoptes-uploads.zooniverse.org/subject_location/64e76f19-8605-4c75-a1ec-5b101942e2cf.png""}",1,,,2023-07-24 23:52:30 UTC,2023-07-24 23:52:30 UTC
90989475,19171,22318,114777,"{""images"":""Deci44100_CCES_010_1566.png"",""sounds"":""Deci44100_CCES_010_1566.mp3"",""subject_id"":""Deci44100_CCES_010_1566"",""#training_subject"":""0""}","{""0"":""https://panoptes-uploads.zooniverse.org/subject_location/0f252ee5-b977-4a47-9653-b32f84f1114e.mpga"",""1"":""https://panoptes-uploads.zooniverse.org/subject_location/2cdeb6ed-522d-45f9-b890-9437a7c9757a.png""}",2,,,2023-07-24 23:52:31 UTC,2023-07-24 23:52:31 UTC
90989476,19171,22318,114777,"{""images"":""Deci44100_CCES_010_1567.png"",""sounds"":""Deci44100_CCES_010_1567.mp3"",""subject_id"":""Deci44100_CCES_010_1567"",""#training_subject"":""0""}","{""0"":""https://panoptes-uploads.zooniverse.org/subject_location/d209e7c2-fec1-4245-bdc1-165670031b23.mpga"",""1"":""https://panoptes-uploads.zooniverse.org/subject_location/233ad414-e2a4-4a07-a701-c301a5d5bf13.png""}",3,,,2023-07-24 23:52:31 UTC,2023-07-24 23:52:31 UTC
90989477,19171,22318,114777,"{""images"":""Deci44100_CCES_010_1568.png"",""sounds"":""Deci44100_CCES_010_1568.mp3"",""subject_id"":""Deci44100_CCES_010_1568"",""#training_subject"":""0""}","{""0"":""https://panoptes-uploads.zooniverse.org/subject_location/c11c44ab-59d2-4239-9cd7-5f574fdac973.mpga"",""1"":""https://panoptes-uploads.zooniverse.org/subject_location/36060bd1-a7ff-4ec5-b4cb-51b0ad8c4e94.png""}",4,,,2023-07-24 23:52:32 UTC,2023-07-24 23:52:32 UTC
90989478,19171,22318,114777,"{""images"":""Deci44100_CCES_010_1569.png"",""sounds"":""Deci44100_CCES_010_1569.mp3"",""subject_id"":""Deci44100_CCES_010_1569"",""#training_subject"":""0""}","{""0"":""https://panoptes-uploads.zooniverse.org/subject_location/99a353eb-ab27-4400-a266-ded51b219394.mpga"",""1"":""https://panoptes-uploads.zooniverse.org/subject_location/ea45b237-59cb-4258-9cc8-5e5ae7b2bc17.png""}",3,,,2023-07-24 23:52:33 UTC,2023-07-24 23:52:33 UTC
90989479,19171,22318,114777,"{""images"":""Deci44100_CCES_010_157.png"",""sounds"":""Deci44100_CCES_010_157.mp3"",""subject_id"":""Deci44100_CCES_010_157"",""#training_subject"":""0""}","{""0"":""https://panoptes-uploads.zooniverse.org/subject_location/b4cbae51-5fb6-41bd-94b1-754ba7060adb.mpga"",""1"":""https://panoptes-uploads.zooniverse.org/subject_location/3394b995-a593-4a36-85cc-ff850838c90f.png""}",2,,,2023-07-24 23:52:33 UTC,2023-07-24 23:52:33 UTC
90989480,19171,22318,114777,"{""images"":""Deci44100_CCES_010_1571.png"",""sounds"":""Deci44100_CCES_010_1571.mp3"",""subject_id"":""Deci44100_CCES_010_1571"",""#training_subject"":""0""}","{""0"":""https://panoptes-uploads.zooniverse.org/subject_location/1021a6f4-5f2a-4060-bcd6-d6d29858a92d.mpga"",""1"":""https://panoptes-uploads.zooniverse.org/subject_location/0ca19486-9a11-412f-9deb-82132cb2d36f.png""}",1,,,2023-07-24 23:52:34 UTC,2023-07-24 23:52:34 UTC
90989481,19171,22318,114777,"{""images"":""Deci44100_CCES_010_1576.png"",""sounds"":""Deci44100_CCES_010_1576.mp3"",""subject_id"":""Deci44100_CCES_010_1576"",""#training_subject"":""0""}","{""0"":""https://panoptes-uploads.zooniverse.org/subject_location/649e132d-4b62-4e68-b891-b3f12ca41e0e.mpga"",""1"":""https://panoptes-uploads.zooniverse.org/subject_location/cfd5ab40-5b87-4568-9ae8-b552dae5f48d.png""}",2,,,2023-07-24 23:52:34 UTC,2023-07-24 23:52:34 UTC
90989482,19171,22318,114777,"{""images"":""Deci44100_CCES_010_1580.png"",""sounds"":""Deci44100_CCES_010_1580.mp3"",""subject_id"":""Deci44100_CCES_010_1580"",""#training_subject"":""0""}","{""0"":""https://panoptes-uploads.zooniverse.org/subject_location/c9e8d83c-3edb-421b-995c-6ab6c3d68ba9.mpga"",""1"":""https://panoptes-uploads.zooniverse.org/subject_location/ff5a77bf-7b68-4479-a8c5-1e4cf406a8b9.png""}",3,,,2023-07-24 23:52:35 UTC,2023-07-24 23:52:35 UTC
90989483,19171,22318,114777,"{""images"":""Deci44100_CCES_010_1588.png"",""sounds"":""Deci44100_CCES_010_1588.mp3"",""subject_id"":""Deci44100_CCES_010_1588"",""#training_subject"":""0""}","{""0"":""https://panoptes-uploads.zooniverse.org/subject_location/9d0e6b90-8855-4572-b776-dd2552783812.mpga"",""1"":""https://panoptes-uploads.zooniverse.org/subject_location/e0b1bbd9-cbcf-454c-bb94-f6d605d42d98.png""}",1,,,2023-07-24 23:52:36 UTC,2023-07-24 23:52:36 UTC
90989484,19171,22318,114777,"{""images"":""Deci44100_CCES_010_1593.png"",""sounds"":""Deci44100_CCES_010_1593.mp3"",""subject_id"":""Deci44100_CCES_010_1593"",""#training_subject"":""0""}","{""0"":""https://panoptes-uploads.zooniverse.org/subject_location/7eaabd6b-283f-4995-9154-814858d5e3a3.mpga"",""1"":""https://panoptes-uploads.zooniverse.org/subject_location/4f6a7487-b738-4935-b838-4a76dff7eb83.png""}",1,,,2023-07-24 23:52:36 UTC,2023-07-24 23:52:36 UTC
90989485,19171,22318,114777,"{""images"":""Deci44100_CCES_010_160.png"",""sounds"":""Deci44100_CCES_010_160.mp3"",""subject_id"":""Deci44100_CCES_010_160"",""#training_subject"":""0""}","{""0"":""https://panoptes-uploads.zooniverse.org/subject_location/0f586073-3c2d-4780-8693-79d5f3f5a29a.mpga"",""1"":""https://panoptes-uploads.zooniverse.org/subject_location/b779eca0-8b60-4c4b-92f3-314fe440a243.png""}",6,,,2023-07-24 23:52:37 UTC,2023-07-24 23:52:37 UTC
90989486,19171,22318,114777,"{""images"":""Deci44100_CCES_010_1600.png"",""sounds"":""Deci44100_CCES_010_1600.mp3"",""subject_id"":""Deci44100_CCES_010_1600"",""#training_subject"":""0""}","{""0"":""https://panoptes-uploads.zooniverse.org/subject_location/9f6915f6-b5e5-4045-92a4-216351bf416d.mpga"",""1"":""https://panoptes-uploads.zooniverse.org/subject_location/cc00cbca-b676-4399-bde0-174f9fdcbf7b.png""}",0,,,2023-07-24 23:52:38 UTC,2023-07-24 23:52:38 UTC
90989487,19171,22318,114777,"{""images"":""Deci44100_CCES_010_1606.png"",""sounds"":""Deci44100_CCES_010_1606.mp3"",""subject_id"":""Deci44100_CCES_010_1606"",""#training_subject"":""0""}","{""0"":""https://panoptes-uploads.zooniverse.org/subject_location/85baf5e7-88dd-403e-8c97-7276fb92fd7c.mpga"",""1"":""https://panoptes-uploads.zooniverse.org/subject_location/f0ffdf45-25c6-4484-a799-1834b6048786.png""}",1,,,2023-07-24 23:52:38 UTC,2023-07-24 23:52:38 UTC
90989488,19171,22318,114777,"{""images"":""Deci44100_CCES_010_161.png"",""sounds"":""Deci44100_CCES_010_161.mp3"",""subject_id"":""Deci44100_CCES_010_161"",""#training_subject"":""0""}","{""0"":""https://panoptes-uploads.zooniverse.org/subject_location/785c108e-ba0b-4aa0-8e22-11d7e25d5723.mpga"",""1"":""https://panoptes-uploads.zooniverse.org/subject_location/6f0fcede-0d62-4213-8106-dff276f27459.png""}",2,,,2023-07-24 23:52:39 UTC,2023-07-24 23:52:39 UTC
90989489,19171,22318,114777,"{""images"":""Deci44100_CCES_010_1612.png"",""sounds"":""Deci44100_CCES_010_1612.mp3"",""subject_id"":""Deci44100_CCES_010_1612"",""#training_subject"":""0""}","{""0"":""https://panoptes-uploads.zooniverse.org/subject_location/47c06333-0021-4822-9eac-55fb7a787fcc.mpga"",""1"":""https://panoptes-uploads.zooniverse.org/subject_location/4af9ee80-0f4b-4bfd-b862-2668e59692fc.png""}",1,,,2023-07-24 23:52:40 UTC,2023-07-24 23:52:40 UTC
90989490,19171,22318,114777,"{""images"":""Deci44100_CCES_010_1618.png"",""sounds"":""Deci44100_CCES_010_1618.mp3"",""subject_id"":""Deci44100_CCES_010_1618"",""#training_subject"":""0""}","{""0"":""https://panoptes-uploads.zooniverse.org/subject_location/834d67f8-b2aa-45ad-9e17-bba66053ec8d.mpga"",""1"":""https://panoptes-uploads.zooniverse.org/subject_location/50811334-540a-4ced-b756-93860e7f40e5.png""}",1,,,2023-07-24 23:52:40 UTC,2023-07-24 23:52:40 UTC
90989491,19171,22318,114777,"{""images"":""Deci44100_CCES_010_1621.png"",""sounds"":""Deci44100_CCES_010_1621.mp3"",""subject_id"":""Deci44100_CCES_010_1621"",""#training_subject"":""0""}","{""0"":""https://panoptes-uploads.zooniverse.org/subject_location/a48fb15f-a084-40d1-8d10-62078ef5c2ad.mpga"",""1"":""https://panoptes-uploads.zooniverse.org/subject_location/bb30051e-d30c-49d9-b04e-5c12519c1452.png""}",1,,,2023-07-24 23:52:41 UTC,2023-07-24 23:52:41 UTC
90989492,19171,22318,114777,"{""images"":""Deci44100_CCES_010_1628.png"",""sounds"":""Deci44100_CCES_010_1628.mp3"",""subject_id"":""Deci44100_CCES_010_1628"",""#training_subject"":""0""}","{""0"":""https://panoptes-uploads.zooniverse.org/subject_location/99950120-63fb-4266-9217-5c68395f43c6.mpga"",""1"":""https://panoptes-uploads.zooniverse.org/subject_location/2d88d8ee-48d5-4d75-a696-26c42c1d546e.png""}",0,,,2023-07-24 23:52:42 UTC,2023-07-24 23:52:42 UTC
90989493,19171,22318,114777,"{""images"":""Deci44100_CCES_010_1636.png"",""sounds"":""Deci44100_CCES_010_1636.mp3"",""subject_id"":""Deci44100_CCES_010_1636"",""#training_subject"":""0""}","{""0"":""https://panoptes-uploads.zooniverse.org/subject_location/f7c33f03-2e93-446a-9b39-c2b0b30e9b99.mpga"",""1"":""https://panoptes-uploads.zooniverse.org/subject_location/28c780bc-f3d8-4315-932c-1917d1b953e6.png""}",5,,,2023-07-24 23:52:42 UTC,2023-07-24 23:52:42 UTC
90989494,19171,22318,114777,"{""images"":""Deci44100_CCES_010_1638.png"",""sounds"":""Deci44100_CCES_010_1638.mp3"",""subject_id"":""Deci44100_CCES_010_1638"",""#training_subject"":""0""}","{""0"":""https://panoptes-uploads.zooniverse.org/subject_location/d37fbeda-5664-47a0-98b7-e8d740c10ab4.mpga"",""1"":""https://panoptes-uploads.zooniverse.org/subject_location/4eb3dc4c-e9c7-436e-b9d7-ab98f707fba6.png""}",3,,,2023-07-24 23:52:43 UTC,2023-07-24 23:52:43 UTC
90989495,19171,22318,114777,"{""images"":""Deci44100_CCES_010_164.png"",""sounds"":""Deci44100_CCES_010_164.mp3"",""subject_id"":""Deci44100_CCES_010_164"",""#training_subject"":""0""}","{""0"":""https://panoptes-uploads.zooniverse.org/subject_location/01d25a45-6344-41ed-8a4d-b9344c25489f.mpga"",""1"":""https://panoptes-uploads.zooniverse.org/subject_location/143a2c54-6b5b-4845-9376-89f6ad439381.png""}",6,,,2023-07-24 23:52:44 UTC,2023-07-24 23:52:44 UTC
90989496,19171,22318,114777,"{""images"":""Deci44100_CCES_010_1653.png"",""sounds"":""Deci44100_CCES_010_1653.mp3"",""subject_id"":""Deci44100_CCES_010_1653"",""#training_subject"":""0""}","{""0"":""https://panoptes-uploads.zooniverse.org/subject_location/76d787fb-0ac3-48d1-b6b9-85a7c475cfdc.mpga"",""1"":""https://panoptes-uploads.zooniverse.org/subject_location/6f5b1aac-2435-4def-8101-9ddd95576e46.png""}",4,,,2023-07-24 23:52:44 UTC,2023-07-24 23:52:44 UTC
90989497,19171,22318,114777,"{""images"":""Deci44100_CCES_010_1657.png"",""sounds"":""Deci44100_CCES_010_1657.mp3"",""subject_id"":""Deci44100_CCES_010_1657"",""#training_subject"":""0""}","{""0"":""https://panoptes-uploads.zooniverse.org/subject_location/625b0547-892c-43db-9945-9125a410aa39.mpga"",""1"":""https://panoptes-uploads.zooniverse.org/subject_location/7863c517-ef9c-4cad-acb8-88122ad94a3e.png""}",1,,,2023-07-24 23:52:45 UTC,2023-07-24 23:52:45 UTC
90989498,19171,22318,114777,"{""images"":""Deci44100_CCES_010_1660.png"",""sounds"":""Deci44100_CCES_010_1660.mp3"",""subject_id"":""Deci44100_CCES_010_1660"",""#training_subject"":""0""}","{""0"":""https://panoptes-uploads.zooniverse.org/subject_location/1032ddaa-0f4d-496e-9363-ee67ac1dcffe.mpga"",""1"":""https://panoptes-uploads.zooniverse.org/subject_location/21c9969d-7012-4670-8deb-9b3ebe2b6349.png""}",3,,,2023-07-24 23:52:45 UTC,2023-07-24 23:52:45 UTC
90989499,19171,22318,114777,"{""images"":""Deci44100_CCES_010_1665.png"",""sounds"":""Deci44100_CCES_010_1665.mp3"",""subject_id"":""Deci44100_CCES_010_1665"",""#training_subject"":""0""}","{""0"":""https://panoptes-uploads.zooniverse.org/subject_location/4795bfba-45b8-4b8c-a20a-f000931a3ed6.mpga"",""1"":""https://panoptes-uploads.zooniverse.org/subject_location/f497d139-18f1-4b07-83d0-9f32973f75f8.png""}",5,,,2023-07-24 23:52:46 UTC,2023-07-24 23:52:46 UTC
90989500,19171,22318,114777,"{""images"":""Deci44100_CCES_010_1667.png"",""sounds"":""Deci44100_CCES_010_1667.mp3"",""subject_id"":""Deci44100_CCES_010_1667"",""#training_subject"":""0""}","{""0"":""https://panoptes-uploads.zooniverse.org/subject_location/6a5caa5f-792b-406f-b27c-def1d6b942f8.mpga"",""1"":""https://panoptes-uploads.zooniverse.org/subject_location/72357d14-3f75-45c9-96e4-b4b5b7024e26.png""}",2,,,2023-07-24 23:52:47 UTC,2023-07-24 23:52:47 UTC
90989501,19171,22318,114777,"{""images"":""Deci44100_CCES_010_1668.png"",""sounds"":""Deci44100_CCES_010_1668.mp3"",""subject_id"":""Deci44100_CCES_010_1668"",""#training_subject"":""0""}","{""0"":""https://panoptes-uploads.zooniverse.org/subject_location/7560098f-8a7f-4d28-8ee6-ea4ec408762a.mpga"",""1"":""https://panoptes-uploads.zooniverse.org/subject_location/6db18feb-806e-4e4d-83ca-782b90c2e770.png""}",2,,,2023-07-24 23:52:48 UTC,2023-07-24 23:52:48 UTC
90989502,19171,22318,114777,"{""images"":""Deci44100_CCES_010_167.png"",""sounds"":""Deci44100_CCES_010_167.mp3"",""subject_id"":""Deci44100_CCES_010_167"",""#training_subject"":""0""}","{""0"":""https://panoptes-uploads.zooniverse.org/subject_location/29dcebfb-4d24-480f-b63d-c4c40970c689.mpga"",""1"":""https://panoptes-uploads.zooniverse.org/subject_location/1859a927-aec8-4490-9a75-57cb0b4cff9b.png""}",1,,,2023-07-24 23:52:48 UTC,2023-07-24 23:52:48 UTC
90989503,19171,22318,114777,"{""images"":""Deci44100_CCES_010_1674.png"",""sounds"":""Deci44100_CCES_010_1674.mp3"",""subject_id"":""Deci44100_CCES_010_1674"",""#training_subject"":""0""}","{""0"":""https://panoptes-uploads.zooniverse.org/subject_location/7602056b-3f4d-4c94-b7b8-0c47fca50d40.mpga"",""1"":""https://panoptes-uploads.zooniverse.org/subject_location/9809e45a-ff42-41ae-9a7d-96dccc45016b.png""}",3,,,2023-07-24 23:52:49 UTC,2023-07-24 23:52:49 UTC
90989504,19171,22318,114777,"{""images"":""Deci44100_CCES_010_168.png"",""sounds"":""Deci44100_CCES_010_168.mp3"",""subject_id"":""Deci44100_CCES_010_168"",""#training_subject"":""0""}","{""0"":""https://panoptes-uploads.zooniverse.org/subject_location/1f0e6016-64ce-4659-9073-ef7070e086a2.mpga"",""1"":""https://panoptes-uploads.zooniverse.org/subject_location/50083c8a-0505-4874-b399-96f52cda8add.png""}",3,,,2023-07-24 23:52:50 UTC,2023-07-24 23:52:50 UTC
90989505,19171,22318,114777,"{""images"":""Deci44100_CCES_010_1684.png"",""sounds"":""Deci44100_CCES_010_1684.mp3"",""subject_id"":""Deci44100_CCES_010_1684"",""#training_subject"":""0""}","{""0"":""https://panoptes-uploads.zooniverse.org/subject_location/72a0dfaf-ce27-4775-98b8-90485c11976f.mpga"",""1"":""https://panoptes-uploads.zooniverse.org/subject_location/54d355a6-d3fa-4bfc-9216-d2c09798f47d.png""}",1,,,2023-07-24 23:52:50 UTC,2023-07-24 23:52:50 UTC
90989506,19171,22318,114777,"{""images"":""Deci44100_CCES_010_1691.png"",""sounds"":""Deci44100_CCES_010_1691.mp3"",""subject_id"":""Deci44100_CCES_010_1691"",""#training_subject"":""0""}","{""0"":""https://panoptes-uploads.zooniverse.org/subject_location/e4ec21a4-ba41-4318-9017-9cb463b75605.mpga"",""1"":""https://panoptes-uploads.zooniverse.org/subject_location/c20c3763-71ec-41f9-bcb7-c862a16b864a.png""}",3,,,2023-07-24 23:52:51 UTC,2023-07-24 23:52:51 UTC
90989507,19171,22318,114777,"{""images"":""Deci44100_CCES_010_1692.png"",""sounds"":""Deci44100_CCES_010_1692.mp3"",""subject_id"":""Deci44100_CCES_010_1692"",""#training_subject"":""0""}","{""0"":""https://panoptes-uploads.zooniverse.org/subject_location/6b9baf1c-71f2-4c94-9952-f900fac81c2d.mpga"",""1"":""https://panoptes-uploads.zooniverse.org/subject_location/fffad9ed-b767-40f1-bb19-af9ace06139c.png""}",2,,,2023-07-24 23:52:51 UTC,2023-07-24 23:52:51 UTC
90989508,19171,22318,114777,"{""images"":""Deci44100_CCES_010_1697.png"",""sounds"":""Deci44100_CCES_010_1697.mp3"",""subject_id"":""Deci44100_CCES_010_1697"",""#training_subject"":""0""}","{""0"":""https://panoptes-uploads.zooniverse.org/subject_location/d4e0c385-2ce9-46aa-9399-3743a69ef6dd.mpga"",""1"":""https://panoptes-uploads.zooniverse.org/subject_location/34466d40-af17-4c8f-ae13-adaa943e9f19.png""}",5,,,2023-07-24 23:52:52 UTC,2023-07-24 23:52:52 UTC
90989509,19171,22318,114777,"{""images"":""Deci44100_CCES_010_1698.png"",""sounds"":""Deci44100_CCES_010_1698.mp3"",""subject_id"":""Deci44100_CCES_010_1698"",""#training_subject"":""0""}","{""0"":""https://panoptes-uploads.zooniverse.org/subject_location/47d77633-f29f-4919-9dcf-989f53ba7e23.mpga"",""1"":""https://panoptes-uploads.zooniverse.org/subject_location/dba0081f-60b6-4b40-983c-b0a627c905b9.png""}",1,,,2023-07-24 23:52:53 UTC,2023-07-24 23:52:53 UTC
90989510,19171,22318,114777,"{""images"":""Deci44100_CCES_010_170.png"",""sounds"":""Deci44100_CCES_010_170.mp3"",""subject_id"":""Deci44100_CCES_010_170"",""#training_subject"":""0""}","{""0"":""https://panoptes-uploads.zooniverse.org/subject_location/7fe7cc7e-c35b-4b25-bc81-cd2ccd18f748.mpga"",""1"":""https://panoptes-uploads.zooniverse.org/subject_location/082fa182-e559-412a-b92b-f42b92b5035e.png""}",5,,,2023-07-24 23:52:54 UTC,2023-07-24 23:52:54 UTC
90989511,19171,22318,114777,"{""images"":""Deci44100_CCES_010_1700.png"",""sounds"":""Deci44100_CCES_010_1700.mp3"",""subject_id"":""Deci44100_CCES_010_1700"",""#training_subject"":""0""}","{""0"":""https://panoptes-uploads.zooniverse.org/subject_location/5974ede6-aacd-4ddd-b988-f96354f68735.mpga"",""1"":""https://panoptes-uploads.zooniverse.org/subject_location/db04bcc3-6fd2-4b3b-ae31-74e448e2d85b.png""}",4,,,2023-07-24 23:52:54 UTC,2023-07-24 23:52:54 UTC
90989512,19171,22318,114777,"{""images"":""Deci44100_CCES_010_1701.png"",""sounds"":""Deci44100_CCES_010_1701.mp3"",""subject_id"":""Deci44100_CCES_010_1701"",""#training_subject"":""0""}","{""0"":""https://panoptes-uploads.zooniverse.org/subject_location/2c9d3b1b-8c8f-455c-bac6-e97462cecde2.mpga"",""1"":""https://panoptes-uploads.zooniverse.org/subject_location/b1d972c5-d0fb-45e1-ac23-2ed45c824bd6.png""}",2,,,2023-07-24 23:52:55 UTC,2023-07-24 23:52:55 UTC
90989513,19171,22318,114777,"{""images"":""Deci44100_CCES_010_1703.png"",""sounds"":""Deci44100_CCES_010_1703.mp3"",""subject_id"":""Deci44100_CCES_010_1703"",""#training_subject"":""0""}","{""0"":""https://panoptes-uploads.zooniverse.org/subject_location/cb4716dd-9388-44f6-b092-d4d96850aa64.mpga"",""1"":""https://panoptes-uploads.zooniverse.org/subject_location/68857684-740b-4ffb-8315-0926ce038902.png""}",6,,,2023-07-24 23:52:56 UTC,2023-07-24 23:52:56 UTC
90989514,19171,22318,114777,"{""images"":""Deci44100_CCES_010_1714.png"",""sounds"":""Deci44100_CCES_010_1714.mp3"",""subject_id"":""Deci44100_CCES_010_1714"",""#training_subject"":""0""}","{""0"":""https://panoptes-uploads.zooniverse.org/subject_location/214f2065-fd01-40ee-a01a-cde6a9b68c9c.mpga"",""1"":""https://panoptes-uploads.zooniverse.org/subject_location/e2474a60-9127-44ad-b058-974743e17737.png""}",4,,,2023-07-24 23:52:57 UTC,2023-07-24 23:52:57 UTC
90989515,19171,22318,114777,"{""images"":""Deci44100_CCES_010_1721.png"",""sounds"":""Deci44100_CCES_010_1721.mp3"",""subject_id"":""Deci44100_CCES_010_1721"",""#training_subject"":""0""}","{""0"":""https://panoptes-uploads.zooniverse.org/subject_location/e1daedd4-049d-43d9-b01d-d484368ff5e6.mpga"",""1"":""https://panoptes-uploads.zooniverse.org/subject_location/2d5f8ebe-5f1a-4d5a-a857-bfa8cf71e3b9.png""}",4,,,2023-07-24 23:52:57 UTC,2023-07-24 23:52:57 UTC
90989516,19171,22318,114777,"{""images"":""Deci44100_CCES_010_1727.png"",""sounds"":""Deci44100_CCES_010_1727.mp3"",""subject_id"":""Deci44100_CCES_010_1727"",""#training_subject"":""0""}","{""0"":""https://panoptes-uploads.zooniverse.org/subject_location/eff86ec7-cd5c-41a9-bbb0-352fc087c178.mpga"",""1"":""https://panoptes-uploads.zooniverse.org/subject_location/66e7af5d-b2bf-4323-9af2-89b8b2867dcd.png""}",1,,,2023-07-24 23:52:58 UTC,2023-07-24 23:52:58 UTC
90989517,19171,22318,114777,"{""images"":""Deci44100_CCES_010_1729.png"",""sounds"":""Deci44100_CCES_010_1729.mp3"",""subject_id"":""Deci44100_CCES_010_1729"",""#training_subject"":""0""}","{""0"":""https://panoptes-uploads.zooniverse.org/subject_location/a6ca7287-2d43-455a-974a-62c0a43d63dd.mpga"",""1"":""https://panoptes-uploads.zooniverse.org/subject_location/c77d162c-d1c7-415c-be57-7952c3c6b776.png""}",3,,,2023-07-24 23:52:58 UTC,2023-07-24 23:52:58 UTC
90989518,19171,22318,114777,"{""images"":""Deci44100_CCES_010_1732.png"",""sounds"":""Deci44100_CCES_010_1732.mp3"",""subject_id"":""Deci44100_CCES_010_1732"",""#training_subject"":""0""}","{""0"":""https://panoptes-uploads.zooniverse.org/subject_location/625af95a-8559-4e33-b6ff-b7b6ef6ab1dd.mpga"",""1"":""https://panoptes-uploads.zooniverse.org/subject_location/22969101-1e4d-4158-bada-01fe9b3f82c4.png""}",5,,,2023-07-24 23:52:59 UTC,2023-07-24 23:52:59 UTC
90989519,19171,22318,114777,"{""images"":""Deci44100_CCES_010_1733.png"",""sounds"":""Deci44100_CCES_010_1733.mp3"",""subject_id"":""Deci44100_CCES_010_1733"",""#training_subject"":""0""}","{""0"":""https://panoptes-uploads.zooniverse.org/subject_location/6a1c4bf8-f875-40b0-86d0-5cac0a2481e9.mpga"",""1"":""https://panoptes-uploads.zooniverse.org/subject_location/df368ca9-5a92-4d90-8baf-03a58d5d275d.png""}",3,,,2023-07-24 23:53:00 UTC,2023-07-24 23:53:00 UTC
90989520,19171,22318,114777,"{""images"":""Deci44100_CCES_010_1737.png"",""sounds"":""Deci44100_CCES_010_1737.mp3"",""subject_id"":""Deci44100_CCES_010_1737"",""#training_subject"":""0""}","{""0"":""https://panoptes-uploads.zooniverse.org/subject_location/705bcb97-69ec-4fb1-aa15-33c19d9a4183.mpga"",""1"":""https://panoptes-uploads.zooniverse.org/subject_location/e72b5699-a8e0-411e-8938-a1d975e4a0db.png""}",8,,,2023-07-24 23:53:01 UTC,2023-07-24 23:53:01 UTC
90989521,19171,22318,114777,"{""images"":""Deci44100_CCES_010_174.png"",""sounds"":""Deci44100_CCES_010_174.mp3"",""subject_id"":""Deci44100_CCES_010_174"",""#training_subject"":""0""}","{""0"":""https://panoptes-uploads.zooniverse.org/subject_location/ab0c90d9-be84-4ff9-a61e-62a632ddcf4e.mpga"",""1"":""https://panoptes-uploads.zooniverse.org/subject_location/b26c901d-8b6c-4ae4-b094-6543b2c0d5c1.png""}",2,,,2023-07-24 23:53:01 UTC,2023-07-24 23:53:01 UTC
90989522,19171,22318,114777,"{""images"":""Deci44100_CCES_010_1742.png"",""sounds"":""Deci44100_CCES_010_1742.mp3"",""subject_id"":""Deci44100_CCES_010_1742"",""#training_subject"":""0""}","{""0"":""https://panoptes-uploads.zooniverse.org/subject_location/ca6e005d-1948-42e7-8cb7-e1a28c332e4f.mpga"",""1"":""https://panoptes-uploads.zooniverse.org/subject_location/83bd9895-2212-4e97-a04f-03faf7b3f275.png""}",1,,,2023-07-24 23:53:02 UTC,2023-07-24 23:53:02 UTC
90989523,19171,22318,114777,"{""images"":""Deci44100_CCES_010_1749.png"",""sounds"":""Deci44100_CCES_010_1749.mp3"",""subject_id"":""Deci44100_CCES_010_1749"",""#training_subject"":""0""}","{""0"":""https://panoptes-uploads.zooniverse.org/subject_location/adbe823b-40b9-4025-8e06-207cfab54003.mpga"",""1"":""https://panoptes-uploads.zooniverse.org/subject_location/299cec7c-8223-45f7-b74e-5d97458203f7.png""}",3,,,2023-07-24 23:53:03 UTC,2023-07-24 23:53:03 UTC
90989524,19171,22318,114777,"{""images"":""Deci44100_CCES_010_1752.png"",""sounds"":""Deci44100_CCES_010_1752.mp3"",""subject_id"":""Deci44100_CCES_010_1752"",""#training_subject"":""0""}","{""0"":""https://panoptes-uploads.zooniverse.org/subject_location/ab4c04f7-466f-43f8-95ab-029415f25e60.mpga"",""1"":""https://panoptes-uploads.zooniverse.org/subject_location/0d2e0a3d-f90e-4158-bfde-a5ff374f972c.png""}",2,,,2023-07-24 23:53:03 UTC,2023-07-24 23:53:03 UTC
90989525,19171,22318,114777,"{""images"":""Deci44100_CCES_010_1754.png"",""sounds"":""Deci44100_CCES_010_1754.mp3"",""subject_id"":""Deci44100_CCES_010_1754"",""#training_subject"":""0""}","{""0"":""https://panoptes-uploads.zooniverse.org/subject_location/6514a886-b86d-4389-ade5-56d71d914083.mpga"",""1"":""https://panoptes-uploads.zooniverse.org/subject_location/3185b905-0ce5-4ba2-b846-ada7da0db3fb.png""}",3,,,2023-07-24 23:53:04 UTC,2023-07-24 23:53:04 UTC
90989526,19171,22318,114777,"{""images"":""Deci44100_CCES_010_1755.png"",""sounds"":""Deci44100_CCES_010_1755.mp3"",""subject_id"":""Deci44100_CCES_010_1755"",""#training_subject"":""0""}","{""0"":""https://panoptes-uploads.zooniverse.org/subject_location/bd4276ce-8dce-4e1b-a728-d0edd9609170.mpga"",""1"":""https://panoptes-uploads.zooniverse.org/subject_location/f2d6a39d-c642-4efd-92d5-e1b587b05aff.png""}",1,,,2023-07-24 23:53:04 UTC,2023-07-24 23:53:04 UTC
90989527,19171,22318,114777,"{""images"":""Deci44100_CCES_010_1757.png"",""sounds"":""Deci44100_CCES_010_1757.mp3"",""subject_id"":""Deci44100_CCES_010_1757"",""#training_subject"":""0""}","{""0"":""https://panoptes-uploads.zooniverse.org/subject_location/edd2d5c3-1228-495e-9721-cea2ed7d7730.mpga"",""1"":""https://panoptes-uploads.zooniverse.org/subject_location/3e89836e-3b65-4d8a-9322-8dd80ed71f9b.png""}",3,,,2023-07-24 23:53:05 UTC,2023-07-24 23:53:05 UTC
90989528,19171,22318,114777,"{""images"":""Deci44100_CCES_010_176.png"",""sounds"":""Deci44100_CCES_010_176.mp3"",""subject_id"":""Deci44100_CCES_010_176"",""#training_subject"":""0""}","{""0"":""https://panoptes-uploads.zooniverse.org/subject_location/3206b3be-bb86-4614-9046-be06ce03d15a.mpga"",""1"":""https://panoptes-uploads.zooniverse.org/subject_location/5ddc4415-b1e6-43be-a64e-6402461386e5.png""}",4,,,2023-07-24 23:53:06 UTC,2023-07-24 23:53:06 UTC
90989529,19171,22318,114777,"{""images"":""Deci44100_CCES_010_1767.png"",""sounds"":""Deci44100_CCES_010_1767.mp3"",""subject_id"":""Deci44100_CCES_010_1767"",""#training_subject"":""0""}","{""0"":""https://panoptes-uploads.zooniverse.org/subject_location/91ed1b73-effa-4b62-ad28-e92d51b4ec29.mpga"",""1"":""https://panoptes-uploads.zooniverse.org/subject_location/335155e0-96f7-4105-a345-667f693db905.png""}",2,,,2023-07-24 23:53:07 UTC,2023-07-24 23:53:07 UTC
90989530,19171,22318,114777,"{""images"":""Deci44100_CCES_010_1768.png"",""sounds"":""Deci44100_CCES_010_1768.mp3"",""subject_id"":""Deci44100_CCES_010_1768"",""#training_subject"":""0""}","{""0"":""https://panoptes-uploads.zooniverse.org/subject_location/c6a406db-2295-4d3e-a81a-34735ad2d1ad.mpga"",""1"":""https://panoptes-uploads.zooniverse.org/subject_location/af7e7076-cc93-4115-af33-e643ca013bd2.png""}",3,,,2023-07-24 23:53:07 UTC,2023-07-24 23:53:07 UTC
90989531,19171,22318,114777,"{""images"":""Deci44100_CCES_010_1777.png"",""sounds"":""Deci44100_CCES_010_1777.mp3"",""subject_id"":""Deci44100_CCES_010_1777"",""#training_subject"":""0""}","{""0"":""https://panoptes-uploads.zooniverse.org/subject_location/783ad992-0fd7-4909-86f3-d7ce6ea45c30.mpga"",""1"":""https://panoptes-uploads.zooniverse.org/subject_location/59349603-3093-4622-9e82-ac82dbc57821.png""}",3,,,2023-07-24 23:53:08 UTC,2023-07-24 23:53:08 UTC
90989532,19171,22318,114777,"{""images"":""Deci44100_CCES_010_1780.png"",""sounds"":""Deci44100_CCES_010_1780.mp3"",""subject_id"":""Deci44100_CCES_010_1780"",""#training_subject"":""0""}","{""0"":""https://panoptes-uploads.zooniverse.org/subject_location/6eb1e9c4-edf0-433a-bd92-8b5c957f33db.mpga"",""1"":""https://panoptes-uploads.zooniverse.org/subject_location/3e32e214-5d86-4545-a7ab-3f5889a2fdab.png""}",2,,,2023-07-24 23:53:08 UTC,2023-07-24 23:53:08 UTC
90989533,19171,22318,114777,"{""images"":""Deci44100_CCES_010_1784.png"",""sounds"":""Deci44100_CCES_010_1784.mp3"",""subject_id"":""Deci44100_CCES_010_1784"",""#training_subject"":""0""}","{""0"":""https://panoptes-uploads.zooniverse.org/subject_location/0d8a1d5a-0a58-40db-806a-1da1c4e42c44.mpga"",""1"":""https://panoptes-uploads.zooniverse.org/subject_location/bfbb76cc-7361-4329-9c33-679d0ccfa9f8.png""}",5,,,2023-07-24 23:53:09 UTC,2023-07-24 23:53:09 UTC
90989534,19171,22318,114777,"{""images"":""Deci44100_CCES_010_1790.png"",""sounds"":""Deci44100_CCES_010_1790.mp3"",""subject_id"":""Deci44100_CCES_010_1790"",""#training_subject"":""0""}","{""0"":""https://panoptes-uploads.zooniverse.org/subject_location/51a60a46-abc8-4bd5-a3c7-24798337410e.mpga"",""1"":""https://panoptes-uploads.zooniverse.org/subject_location/e7355c5e-e93f-46b9-9689-3b7e946093f6.png""}",1,,,2023-07-24 23:53:10 UTC,2023-07-24 23:53:10 UTC
90989535,19171,22318,114777,"{""images"":""Deci44100_CCES_010_1793.png"",""sounds"":""Deci44100_CCES_010_1793.mp3"",""subject_id"":""Deci44100_CCES_010_1793"",""#training_subject"":""0""}","{""0"":""https://panoptes-uploads.zooniverse.org/subject_location/b964b506-e9e1-4936-b6cf-f17b64081915.mpga"",""1"":""https://panoptes-uploads.zooniverse.org/subject_location/2ad85a3e-55e7-49dd-bf18-4c5faba2f196.png""}",7,,,2023-07-24 23:53:10 UTC,2023-07-24 23:53:10 UTC
90989536,19171,22318,114777,"{""images"":""Deci44100_CCES_010_1796.png"",""sounds"":""Deci44100_CCES_010_1796.mp3"",""subject_id"":""Deci44100_CCES_010_1796"",""#training_subject"":""0""}","{""0"":""https://panoptes-uploads.zooniverse.org/subject_location/008e0a0b-f501-46e2-b1eb-7c82e47d7b9b.mpga"",""1"":""https://panoptes-uploads.zooniverse.org/subject_location/2eab4571-bd55-4e3a-8e26-8b0f8260dade.png""}",1,,,2023-07-24 23:53:11 UTC,2023-07-24 23:53:11 UTC
90989537,19171,22318,114777,"{""images"":""Deci44100_CCES_010_1799.png"",""sounds"":""Deci44100_CCES_010_1799.mp3"",""subject_id"":""Deci44100_CCES_010_1799"",""#training_subject"":""0""}","{""0"":""https://panoptes-uploads.zooniverse.org/subject_location/22c2c485-3489-4715-b416-75e30107059d.mpga"",""1"":""https://panoptes-uploads.zooniverse.org/subject_location/a6029b59-33a7-40a4-b1ca-b991b6e409a2.png""}",1,,,2023-07-24 23:53:12 UTC,2023-07-24 23:53:12 UTC
90989538,19171,22318,114777,"{""images"":""Deci44100_CCES_010_18.png"",""sounds"":""Deci44100_CCES_010_18.mp3"",""subject_id"":""Deci44100_CCES_010_18"",""#training_subject"":""0""}","{""0"":""https://panoptes-uploads.zooniverse.org/subject_location/bdb7ac6e-5f97-4550-b306-950be5ca6490.mpga"",""1"":""https://panoptes-uploads.zooniverse.org/subject_location/3e00f1aa-6008-4f7a-a274-ae2c389e3347.png""}",3,,,2023-07-24 23:53:13 UTC,2023-07-24 23:53:13 UTC
90989539,19171,22318,114777,"{""images"":""Deci44100_CCES_010_180.png"",""sounds"":""Deci44100_CCES_010_180.mp3"",""subject_id"":""Deci44100_CCES_010_180"",""#training_subject"":""0""}","{""0"":""https://panoptes-uploads.zooniverse.org/subject_location/952e7db7-edb2-4b9e-af0d-fc4fa595ab36.mpga"",""1"":""https://panoptes-uploads.zooniverse.org/subject_location/d3688b1d-4c26-485a-b274-23e6ededad1e.png""}",5,,,2023-07-24 23:53:13 UTC,2023-07-24 23:53:13 UTC
90989540,19171,22318,114777,"{""images"":""Deci44100_CCES_010_1802.png"",""sounds"":""Deci44100_CCES_010_1802.mp3"",""subject_id"":""Deci44100_CCES_010_1802"",""#training_subject"":""0""}","{""0"":""https://panoptes-uploads.zooniverse.org/subject_location/4815a965-6388-402a-97a4-0e54a88fca0f.mpga"",""1"":""https://panoptes-uploads.zooniverse.org/subject_location/47adadf6-1bd6-4e29-99db-1512c0e7c3f9.png""}",4,,,2023-07-24 23:53:14 UTC,2023-07-24 23:53:14 UTC
90989541,19171,22318,114777,"{""images"":""Deci44100_CCES_010_1805.png"",""sounds"":""Deci44100_CCES_010_1805.mp3"",""subject_id"":""Deci44100_CCES_010_1805"",""#training_subject"":""0""}","{""0"":""https://panoptes-uploads.zooniverse.org/subject_location/19591a01-69ba-46a2-b779-e1417afd44d5.mpga"",""1"":""https://panoptes-uploads.zooniverse.org/subject_location/be58d09e-d17b-435f-a821-97d74d6495bd.png""}",1,,,2023-07-24 23:53:14 UTC,2023-07-24 23:53:14 UTC
90989542,19171,22318,114777,"{""images"":""Deci44100_CCES_010_1806.png"",""sounds"":""Deci44100_CCES_010_1806.mp3"",""subject_id"":""Deci44100_CCES_010_1806"",""#training_subject"":""0""}","{""0"":""https://panoptes-uploads.zooniverse.org/subject_location/52f4425e-831b-4353-bf94-4aae81f7b8cf.mpga"",""1"":""https://panoptes-uploads.zooniverse.org/subject_location/be61e959-ca69-45a9-acb4-48e45b8660f8.png""}",8,,,2023-07-24 23:53:15 UTC,2023-07-24 23:53:15 UTC
90989543,19171,22318,114777,"{""images"":""Deci44100_CCES_010_1807.png"",""sounds"":""Deci44100_CCES_010_1807.mp3"",""subject_id"":""Deci44100_CCES_010_1807"",""#training_subject"":""0""}","{""0"":""https://panoptes-uploads.zooniverse.org/subject_location/81c8f8f9-ef12-45fa-a497-a3dcbddbe54f.mpga"",""1"":""https://panoptes-uploads.zooniverse.org/subject_location/d3ef717c-9ebe-41ac-8935-1636677bc811.png""}",4,,,2023-07-24 23:53:15 UTC,2023-07-24 23:53:15 UTC
90989544,19171,22318,114777,"{""images"":""Deci44100_CCES_010_1808.png"",""sounds"":""Deci44100_CCES_010_1808.mp3"",""subject_id"":""Deci44100_CCES_010_1808"",""#training_subject"":""0""}","{""0"":""https://panoptes-uploads.zooniverse.org/subject_location/efc8fa9c-6075-4f23-99da-3b839fc7516e.mpga"",""1"":""https://panoptes-uploads.zooniverse.org/subject_location/a68f3209-1dac-4271-a270-4fe81abcb52a.png""}",3,,,2023-07-24 23:53:16 UTC,2023-07-24 23:53:16 UTC
90989545,19171,22318,114777,"{""images"":""Deci44100_CCES_010_1819.png"",""sounds"":""Deci44100_CCES_010_1819.mp3"",""subject_id"":""Deci44100_CCES_010_1819"",""#training_subject"":""0""}","{""0"":""https://panoptes-uploads.zooniverse.org/subject_location/3ec69bfc-13ec-48eb-9bec-25c11a329be0.mpga"",""1"":""https://panoptes-uploads.zooniverse.org/subject_location/9138577a-9dea-4826-ba17-6a9c00204d15.png""}",2,,,2023-07-24 23:53:17 UTC,2023-07-24 23:53:17 UTC
90989546,19171,22318,114777,"{""images"":""Deci44100_CCES_010_1824.png"",""sounds"":""Deci44100_CCES_010_1824.mp3"",""subject_id"":""Deci44100_CCES_010_1824"",""#training_subject"":""0""}","{""0"":""https://panoptes-uploads.zooniverse.org/subject_location/7d29d636-5e39-4247-ae51-479ae7520f9e.mpga"",""1"":""https://panoptes-uploads.zooniverse.org/subject_location/1cbb20fd-fd2c-4cb5-a161-1046465f501c.png""}",3,,,2023-07-24 23:53:18 UTC,2023-07-24 23:53:18 UTC
90989547,19171,22318,114777,"{""images"":""Deci44100_CCES_010_1826.png"",""sounds"":""Deci44100_CCES_010_1826.mp3"",""subject_id"":""Deci44100_CCES_010_1826"",""#training_subject"":""0""}","{""0"":""https://panoptes-uploads.zooniverse.org/subject_location/76232c47-6f4c-48d2-b7a6-289f790edf02.mpga"",""1"":""https://panoptes-uploads.zooniverse.org/subject_location/2c8642b2-d9eb-42f7-93b9-197153ef55ae.png""}",3,,,2023-07-24 23:53:18 UTC,2023-07-24 23:53:18 UTC
90989548,19171,22318,114777,"{""images"":""Deci44100_CCES_010_1828.png"",""sounds"":""Deci44100_CCES_010_1828.mp3"",""subject_id"":""Deci44100_CCES_010_1828"",""#training_subject"":""0""}","{""0"":""https://panoptes-uploads.zooniverse.org/subject_location/9033fed3-911d-4653-8e7c-317f04f4215d.mpga"",""1"":""https://panoptes-uploads.zooniverse.org/subject_location/dac309b5-da55-4adb-8c79-cede55cee73a.png""}",2,,,2023-07-24 23:53:19 UTC,2023-07-24 23:53:19 UTC
90989549,19171,22318,114777,"{""images"":""Deci44100_CCES_010_183.png"",""sounds"":""Deci44100_CCES_010_183.mp3"",""subject_id"":""Deci44100_CCES_010_183"",""#training_subject"":""0""}","{""0"":""https://panoptes-uploads.zooniverse.org/subject_location/a9b128ac-8d4a-46a3-b3bf-bee79952851b.mpga"",""1"":""https://panoptes-uploads.zooniverse.org/subject_location/58b81069-783e-40a6-95c5-b09e5f804074.png""}",2,,,2023-07-24 23:53:20 UTC,2023-07-24 23:53:20 UTC
90989550,19171,22318,114777,"{""images"":""Deci44100_CCES_010_1836.png"",""sounds"":""Deci44100_CCES_010_1836.mp3"",""subject_id"":""Deci44100_CCES_010_1836"",""#training_subject"":""0""}","{""0"":""https://panoptes-uploads.zooniverse.org/subject_location/1e826b22-f37c-4e2b-b973-9ef42c686b2c.mpga"",""1"":""https://panoptes-uploads.zooniverse.org/subject_location/c48431f9-8937-4b82-b107-99167f360b34.png""}",2,,,2023-07-24 23:53:21 UTC,2023-07-24 23:53:21 UTC
90989551,19171,22318,114777,"{""images"":""Deci44100_CCES_010_1838.png"",""sounds"":""Deci44100_CCES_010_1838.mp3"",""subject_id"":""Deci44100_CCES_010_1838"",""#training_subject"":""0""}","{""0"":""https://panoptes-uploads.zooniverse.org/subject_location/d5c75cc8-af1e-4ebe-9ff3-4288ee201acc.mpga"",""1"":""https://panoptes-uploads.zooniverse.org/subject_location/6d062aed-4bde-4576-b96e-fdafcee10829.png""}",4,,,2023-07-24 23:53:21 UTC,2023-07-24 23:53:21 UTC
90989552,19171,22318,114777,"{""images"":""Deci44100_CCES_010_1840.png"",""sounds"":""Deci44100_CCES_010_1840.mp3"",""subject_id"":""Deci44100_CCES_010_1840"",""#training_subject"":""0""}","{""0"":""https://panoptes-uploads.zooniverse.org/subject_location/55f30e21-1843-4d90-9b71-fd4dfe172eac.mpga"",""1"":""https://panoptes-uploads.zooniverse.org/subject_location/3bfc2131-6555-43a4-9be0-8bfbe04fe635.png""}",6,,,2023-07-24 23:53:22 UTC,2023-07-24 23:53:22 UTC
90989553,19171,22318,114777,"{""images"":""Deci44100_CCES_010_1841.png"",""sounds"":""Deci44100_CCES_010_1841.mp3"",""subject_id"":""Deci44100_CCES_010_1841"",""#training_subject"":""0""}","{""0"":""https://panoptes-uploads.zooniverse.org/subject_location/a03b2615-d08a-401f-9250-6eb37f33e3f2.mpga"",""1"":""https://panoptes-uploads.zooniverse.org/subject_location/c47e3a7b-2a0e-4854-a99a-afc2173e1647.png""}",4,,,2023-07-24 23:53:22 UTC,2023-07-24 23:53:22 UTC
90989554,19171,22318,114777,"{""images"":""Deci44100_CCES_010_1843.png"",""sounds"":""Deci44100_CCES_010_1843.mp3"",""subject_id"":""Deci44100_CCES_010_1843"",""#training_subject"":""0""}","{""0"":""https://panoptes-uploads.zooniverse.org/subject_location/6beb51dc-d43f-4005-b0ae-e8f862ac4707.mpga"",""1"":""https://panoptes-uploads.zooniverse.org/subject_location/bac18a24-dbf9-449f-8088-e5e45298e769.png""}",3,,,2023-07-24 23:53:23 UTC,2023-07-24 23:53:23 UTC
90989555,19171,22318,114777,"{""images"":""Deci44100_CCES_010_1844.png"",""sounds"":""Deci44100_CCES_010_1844.mp3"",""subject_id"":""Deci44100_CCES_010_1844"",""#training_subject"":""0""}","{""0"":""https://panoptes-uploads.zooniverse.org/subject_location/a07af1ee-294b-4df9-845a-8ab2adfe6965.mpga"",""1"":""https://panoptes-uploads.zooniverse.org/subject_location/becfd8be-e11f-4a26-b32a-a45e533bf4d2.png""}",2,,,2023-07-24 23:53:24 UTC,2023-07-24 23:53:24 UTC
90989556,19171,22318,114777,"{""images"":""Deci44100_CCES_010_1848.png"",""sounds"":""Deci44100_CCES_010_1848.mp3"",""subject_id"":""Deci44100_CCES_010_1848"",""#training_subject"":""0""}","{""0"":""https://panoptes-uploads.zooniverse.org/subject_location/060b6335-e2f0-4227-be30-8d91b3f0a10e.mpga"",""1"":""https://panoptes-uploads.zooniverse.org/subject_location/b2d03e4f-77ae-4b08-92d3-f01fe0b648ff.png""}",3,,,2023-07-24 23:53:25 UTC,2023-07-24 23:53:25 UTC
90989557,19171,22318,114777,"{""images"":""Deci44100_CCES_010_1849.png"",""sounds"":""Deci44100_CCES_010_1849.mp3"",""subject_id"":""Deci44100_CCES_010_1849"",""#training_subject"":""0""}","{""0"":""https://panoptes-uploads.zooniverse.org/subject_location/13ec6d88-2d7e-4dcb-860e-fe053b25ed36.mpga"",""1"":""https://panoptes-uploads.zooniverse.org/subject_location/1d87a909-bf21-47e4-b1fb-51eff600d09f.png""}",4,,,2023-07-24 23:53:26 UTC,2023-07-24 23:53:26 UTC
90989558,19171,22318,114777,"{""images"":""Deci44100_CCES_010_1850.png"",""sounds"":""Deci44100_CCES_010_1850.mp3"",""subject_id"":""Deci44100_CCES_010_1850"",""#training_subject"":""0""}","{""0"":""https://panoptes-uploads.zooniverse.org/subject_location/c67af00b-c446-4769-a0ed-2701d3673a38.mpga"",""1"":""https://panoptes-uploads.zooniverse.org/subject_location/ef6ff7ed-38eb-474c-9662-d7eb7ba06bcc.png""}",2,,,2023-07-24 23:53:26 UTC,2023-07-24 23:53:26 UTC
90989559,19171,22318,114777,"{""images"":""Deci44100_CCES_010_1851.png"",""sounds"":""Deci44100_CCES_010_1851.mp3"",""subject_id"":""Deci44100_CCES_010_1851"",""#training_subject"":""0""}","{""0"":""https://panoptes-uploads.zooniverse.org/subject_location/ac1c5ce9-19e3-4599-915f-281bacc6c75f.mpga"",""1"":""https://panoptes-uploads.zooniverse.org/subject_location/a28fc573-9b03-4a3d-b52b-1e69b9697441.png""}",2,,,2023-07-24 23:53:27 UTC,2023-07-24 23:53:27 UTC
90989560,19171,22318,114777,"{""images"":""Deci44100_CCES_010_1857.png"",""sounds"":""Deci44100_CCES_010_1857.mp3"",""subject_id"":""Deci44100_CCES_010_1857"",""#training_subject"":""0""}","{""0"":""https://panoptes-uploads.zooniverse.org/subject_location/8a1b271d-19d9-4797-a244-be86c2b738cf.mpga"",""1"":""https://panoptes-uploads.zooniverse.org/subject_location/ca055fa5-e782-4d82-a24f-5bacfe0a0fce.png""}",2,,,2023-07-24 23:53:27 UTC,2023-07-24 23:53:27 UTC
90989561,19171,22318,114777,"{""images"":""Deci44100_CCES_010_1861.png"",""sounds"":""Deci44100_CCES_010_1861.mp3"",""subject_id"":""Deci44100_CCES_010_1861"",""#training_subject"":""0""}","{""0"":""https://panoptes-uploads.zooniverse.org/subject_location/0a97d44e-0b00-4eda-b791-aff1949d5b28.mpga"",""1"":""https://panoptes-uploads.zooniverse.org/subject_location/55b5ecba-83ae-49db-a320-29d5b360f497.png""}",8,,,2023-07-24 23:53:28 UTC,2023-07-24 23:53:28 UTC
90989562,19171,22318,114777,"{""images"":""Deci44100_CCES_010_1862.png"",""sounds"":""Deci44100_CCES_010_1862.mp3"",""subject_id"":""Deci44100_CCES_010_1862"",""#training_subject"":""0""}","{""0"":""https://panoptes-uploads.zooniverse.org/subject_location/aba60223-9ab8-4899-8d15-8bf0d8b2d0ac.mpga"",""1"":""https://panoptes-uploads.zooniverse.org/subject_location/2029074a-d913-49ac-9816-25e33461410f.png""}",3,,,2023-07-24 23:53:29 UTC,2023-07-24 23:53:29 UTC
90989563,19171,22318,114777,"{""images"":""Deci44100_CCES_010_1864.png"",""sounds"":""Deci44100_CCES_010_1864.mp3"",""subject_id"":""Deci44100_CCES_010_1864"",""#training_subject"":""0""}","{""0"":""https://panoptes-uploads.zooniverse.org/subject_location/053aa3a6-7acf-4c57-9381-d45ffec614c9.mpga"",""1"":""https://panoptes-uploads.zooniverse.org/subject_location/dcb62be1-89ac-4eb0-afa7-46e584d3adb0.png""}",4,,,2023-07-24 23:53:30 UTC,2023-07-24 23:53:30 UTC
90989564,19171,22318,114777,"{""images"":""Deci44100_CCES_010_187.png"",""sounds"":""Deci44100_CCES_010_187.mp3"",""subject_id"":""Deci44100_CCES_010_187"",""#training_subject"":""0""}","{""0"":""https://panoptes-uploads.zooniverse.org/subject_location/9d8fb3d3-cc82-4185-ab7b-da11356a6517.mpga"",""1"":""https://panoptes-uploads.zooniverse.org/subject_location/03377c33-550c-453a-9d48-be8eb11ea77d.png""}",3,,,2023-07-24 23:53:30 UTC,2023-07-24 23:53:30 UTC
90989565,19171,22318,114777,"{""images"":""Deci44100_CCES_010_1875.png"",""sounds"":""Deci44100_CCES_010_1875.mp3"",""subject_id"":""Deci44100_CCES_010_1875"",""#training_subject"":""0""}","{""0"":""https://panoptes-uploads.zooniverse.org/subject_location/a6da3f30-207d-4660-9b2e-af56beb9b4b8.mpga"",""1"":""https://panoptes-uploads.zooniverse.org/subject_location/c1122db7-c442-40f4-bc70-192231d69993.png""}",1,,,2023-07-24 23:53:31 UTC,2023-07-24 23:53:31 UTC
90989566,19171,22318,114777,"{""images"":""Deci44100_CCES_010_1876.png"",""sounds"":""Deci44100_CCES_010_1876.mp3"",""subject_id"":""Deci44100_CCES_010_1876"",""#training_subject"":""0""}","{""0"":""https://panoptes-uploads.zooniverse.org/subject_location/fd017a1f-8179-48be-8e1e-6a93d75e8518.mpga"",""1"":""https://panoptes-uploads.zooniverse.org/subject_location/abc81ea6-0876-437f-b17f-cbdaa81ce12e.png""}",4,,,2023-07-24 23:53:32 UTC,2023-07-24 23:53:32 UTC
90989567,19171,22318,114777,"{""images"":""Deci44100_CCES_010_1879.png"",""sounds"":""Deci44100_CCES_010_1879.mp3"",""subject_id"":""Deci44100_CCES_010_1879"",""#training_subject"":""0""}","{""0"":""https://panoptes-uploads.zooniverse.org/subject_location/605660ca-a05d-4942-9607-2b19f22b169c.mpga"",""1"":""https://panoptes-uploads.zooniverse.org/subject_location/bd75a5c5-770e-4dd4-a3f2-92b03423ef8d.png""}",3,,,2023-07-24 23:53:32 UTC,2023-07-24 23:53:32 UTC
90989568,19171,22318,114777,"{""images"":""Deci44100_CCES_010_1883.png"",""sounds"":""Deci44100_CCES_010_1883.mp3"",""subject_id"":""Deci44100_CCES_010_1883"",""#training_subject"":""0""}","{""0"":""https://panoptes-uploads.zooniverse.org/subject_location/22e8b97d-f406-4150-851a-a7b40af90bba.mpga"",""1"":""https://panoptes-uploads.zooniverse.org/subject_location/6db29c0f-dfb6-423e-b85a-571882926bde.png""}",2,,,2023-07-24 23:53:33 UTC,2023-07-24 23:53:33 UTC
90989569,19171,22318,114777,"{""images"":""Deci44100_CCES_010_1889.png"",""sounds"":""Deci44100_CCES_010_1889.mp3"",""subject_id"":""Deci44100_CCES_010_1889"",""#training_subject"":""0""}","{""0"":""https://panoptes-uploads.zooniverse.org/subject_location/dc91d25a-a8ab-4018-839e-5dd12179cad7.mpga"",""1"":""https://panoptes-uploads.zooniverse.org/subject_location/f70be743-985b-4a49-a0e7-13ca8a6f04c9.png""}",5,,,2023-07-24 23:53:34 UTC,2023-07-24 23:53:34 UTC
90989570,19171,22318,114777,"{""images"":""Deci44100_CCES_010_1894.png"",""sounds"":""Deci44100_CCES_010_1894.mp3"",""subject_id"":""Deci44100_CCES_010_1894"",""#training_subject"":""0""}","{""0"":""https://panoptes-uploads.zooniverse.org/subject_location/4e26bb06-5e76-4316-b83b-36513abd1b47.mpga"",""1"":""https://panoptes-uploads.zooniverse.org/subject_location/ccdba6f0-c76f-4049-a5aa-a14f3a0d55b5.png""}",5,,,2023-07-24 23:53:35 UTC,2023-07-24 23:53:35 UTC
90989571,19171,22318,114777,"{""images"":""Deci44100_CCES_010_1898.png"",""sounds"":""Deci44100_CCES_010_1898.mp3"",""subject_id"":""Deci44100_CCES_010_1898"",""#training_subject"":""0""}","{""0"":""https://panoptes-uploads.zooniverse.org/subject_location/e393c773-c121-4657-a388-7ead1adcaa4e.mpga"",""1"":""https://panoptes-uploads.zooniverse.org/subject_location/4e8e0133-6095-482c-8de7-85821d898e6b.png""}",6,,,2023-07-24 23:53:35 UTC,2023-07-24 23:53:35 UTC
90989572,19171,22318,114777,"{""images"":""Deci44100_CCES_010_19.png"",""sounds"":""Deci44100_CCES_010_19.mp3"",""subject_id"":""Deci44100_CCES_010_19"",""#training_subject"":""0""}","{""0"":""https://panoptes-uploads.zooniverse.org/subject_location/055a0b92-f9e3-43a2-86a9-5edb74666cf1.mpga"",""1"":""https://panoptes-uploads.zooniverse.org/subject_location/56c6ad14-aa30-4b51-a7b9-f2454618bdd3.png""}",4,,,2023-07-24 23:53:36 UTC,2023-07-24 23:53:36 UTC
90989573,19171,22318,114777,"{""images"":""Deci44100_CCES_010_1901.png"",""sounds"":""Deci44100_CCES_010_1901.mp3"",""subject_id"":""Deci44100_CCES_010_1901"",""#training_subject"":""0""}","{""0"":""https://panoptes-uploads.zooniverse.org/subject_location/c648f115-5c15-4104-8e55-5253014341bd.mpga"",""1"":""https://panoptes-uploads.zooniverse.org/subject_location/7cb7af83-716a-4990-b453-5060a4147a16.png""}",6,,,2023-07-24 23:53:37 UTC,2023-07-24 23:53:37 UTC
90989574,19171,22318,114777,"{""images"":""Deci44100_CCES_010_1902.png"",""sounds"":""Deci44100_CCES_010_1902.mp3"",""subject_id"":""Deci44100_CCES_010_1902"",""#training_subject"":""0""}","{""0"":""https://panoptes-uploads.zooniverse.org/subject_location/3b05c14e-05f1-4b3a-81b8-4035ca23b052.mpga"",""1"":""https://panoptes-uploads.zooniverse.org/subject_location/c693e632-2c9a-478b-b656-6c6861c112d9.png""}",6,,,2023-07-24 23:53:37 UTC,2023-07-24 23:53:37 UTC
90989575,19171,22318,114777,"{""images"":""Deci44100_CCES_010_1905.png"",""sounds"":""Deci44100_CCES_010_1905.mp3"",""subject_id"":""Deci44100_CCES_010_1905"",""#training_subject"":""0""}","{""0"":""https://panoptes-uploads.zooniverse.org/subject_location/17fc7abd-5c7b-4e2b-b0d2-d8fd0d711457.mpga"",""1"":""https://panoptes-uploads.zooniverse.org/subject_location/32604f8d-2fc1-4113-80b1-2c6903111dd6.png""}",3,,,2023-07-24 23:53:38 UTC,2023-07-24 23:53:38 UTC
90989576,19171,22318,114777,"{""images"":""Deci44100_CCES_010_1907.png"",""sounds"":""Deci44100_CCES_010_1907.mp3"",""subject_id"":""Deci44100_CCES_010_1907"",""#training_subject"":""0""}","{""0"":""https://panoptes-uploads.zooniverse.org/subject_location/80ed175e-a8dd-43ea-83f8-ce5846d1fb18.mpga"",""1"":""https://panoptes-uploads.zooniverse.org/subject_location/12ab016b-0e36-4f00-8678-b4f6203eba1e.png""}",3,,,2023-07-24 23:53:38 UTC,2023-07-24 23:53:38 UTC
90989577,19171,22318,114777,"{""images"":""Deci44100_CCES_010_1911.png"",""sounds"":""Deci44100_CCES_010_1911.mp3"",""subject_id"":""Deci44100_CCES_010_1911"",""#training_subject"":""0""}","{""0"":""https://panoptes-uploads.zooniverse.org/subject_location/960ffa7b-30ca-44de-ada4-aaae562e5549.mpga"",""1"":""https://panoptes-uploads.zooniverse.org/subject_location/4c0d9c0d-8721-4103-8f05-d27cd105044b.png""}",2,,,2023-07-24 23:53:39 UTC,2023-07-24 23:53:39 UTC
90989578,19171,22318,114777,"{""images"":""Deci44100_CCES_010_1912.png"",""sounds"":""Deci44100_CCES_010_1912.mp3"",""subject_id"":""Deci44100_CCES_010_1912"",""#training_subject"":""0""}","{""0"":""https://panoptes-uploads.zooniverse.org/subject_location/dca7e9ba-6328-4c1e-86d6-c8c5915a94e8.mpga"",""1"":""https://panoptes-uploads.zooniverse.org/subject_location/bacf385f-789c-4d67-ac1b-2b54adb996a3.png""}",1,,,2023-07-24 23:53:40 UTC,2023-07-24 23:53:40 UTC
90989579,19171,22318,114777,"{""images"":""Deci44100_CCES_010_1913.png"",""sounds"":""Deci44100_CCES_010_1913.mp3"",""subject_id"":""Deci44100_CCES_010_1913"",""#training_subject"":""0""}","{""0"":""https://panoptes-uploads.zooniverse.org/subject_location/80fd7a0b-b320-4b39-bb5c-c3af5c6c47f0.mpga"",""1"":""https://panoptes-uploads.zooniverse.org/subject_location/37abb904-9b2d-4d75-ae79-fe186e099745.png""}",2,,,2023-07-24 23:53:40 UTC,2023-07-24 23:53:40 UTC
90989580,19171,22318,114777,"{""images"":""Deci44100_CCES_010_1914.png"",""sounds"":""Deci44100_CCES_010_1914.mp3"",""subject_id"":""Deci44100_CCES_010_1914"",""#training_subject"":""0""}","{""0"":""https://panoptes-uploads.zooniverse.org/subject_location/77738a79-0282-4eca-86ff-1a35a202af60.mpga"",""1"":""https://panoptes-uploads.zooniverse.org/subject_location/5865d162-cd9f-40a8-ba32-03d5e7a6519a.png""}",4,,,2023-07-24 23:53:41 UTC,2023-07-24 23:53:41 UTC
90989581,19171,22318,114777,"{""images"":""Deci44100_CCES_010_1918.png"",""sounds"":""Deci44100_CCES_010_1918.mp3"",""subject_id"":""Deci44100_CCES_010_1918"",""#training_subject"":""0""}","{""0"":""https://panoptes-uploads.zooniverse.org/subject_location/8a74e1af-1af4-4c9c-a4f8-6314b12963bc.mpga"",""1"":""https://panoptes-uploads.zooniverse.org/subject_location/4b0431c4-c9bf-4314-a7a7-a5a1939b8d38.png""}",1,,,2023-07-24 23:53:42 UTC,2023-07-24 23:53:42 UTC
90989582,19171,22318,114777,"{""images"":""Deci44100_CCES_010_1922.png"",""sounds"":""Deci44100_CCES_010_1922.mp3"",""subject_id"":""Deci44100_CCES_010_1922"",""#training_subject"":""0""}","{""0"":""https://panoptes-uploads.zooniverse.org/subject_location/22c5883b-1645-4144-821f-833a72baf6a0.mpga"",""1"":""https://panoptes-uploads.zooniverse.org/subject_location/bfb15791-09ea-4cdf-a9cc-3eae96164f59.png""}",2,,,2023-07-24 23:53:42 UTC,2023-07-24 23:53:42 UTC
90989583,19171,22318,114777,"{""images"":""Deci44100_CCES_010_1925.png"",""sounds"":""Deci44100_CCES_010_1925.mp3"",""subject_id"":""Deci44100_CCES_010_1925"",""#training_subject"":""0""}","{""0"":""https://panoptes-uploads.zooniverse.org/subject_location/dfd38184-869b-4ce4-9630-e4e5f11f8409.mpga"",""1"":""https://panoptes-uploads.zooniverse.org/subject_location/a2eccaa4-57d0-4059-8643-59cbae139da9.png""}",3,,,2023-07-24 23:53:43 UTC,2023-07-24 23:53:43 UTC
90989584,19171,22318,114777,"{""images"":""Deci44100_CCES_010_1927.png"",""sounds"":""Deci44100_CCES_010_1927.mp3"",""subject_id"":""Deci44100_CCES_010_1927"",""#training_subject"":""0""}","{""0"":""https://panoptes-uploads.zooniverse.org/subject_location/016ad81f-7db3-4c6e-af0d-93fc29674fca.mpga"",""1"":""https://panoptes-uploads.zooniverse.org/subject_location/4d06a1fe-7486-4250-a5ee-67d79d93f3d3.png""}",3,,,2023-07-24 23:53:44 UTC,2023-07-24 23:53:44 UTC
90989585,19171,22318,114777,"{""images"":""Deci44100_CCES_010_1934.png"",""sounds"":""Deci44100_CCES_010_1934.mp3"",""subject_id"":""Deci44100_CCES_010_1934"",""#training_subject"":""0""}","{""0"":""https://panoptes-uploads.zooniverse.org/subject_location/2c45f2ce-3d05-4f00-a378-be2b0702d9ec.mpga"",""1"":""https://panoptes-uploads.zooniverse.org/subject_location/483104f8-44f3-46e0-855e-1a9e4d061aad.png""}",5,,,2023-07-24 23:53:44 UTC,2023-07-24 23:53:44 UTC
90989586,19171,22318,114777,"{""images"":""Deci44100_CCES_010_1938.png"",""sounds"":""Deci44100_CCES_010_1938.mp3"",""subject_id"":""Deci44100_CCES_010_1938"",""#training_subject"":""0""}","{""0"":""https://panoptes-uploads.zooniverse.org/subject_location/34d8711e-bc24-457e-abd6-5cb95d943b4c.mpga"",""1"":""https://panoptes-uploads.zooniverse.org/subject_location/5dc9e24a-feb4-45ac-89cf-882b5aaf80c8.png""}",4,,,2023-07-24 23:53:45 UTC,2023-07-24 23:53:45 UTC
90989587,19171,22318,114777,"{""images"":""Deci44100_CCES_010_1939.png"",""sounds"":""Deci44100_CCES_010_1939.mp3"",""subject_id"":""Deci44100_CCES_010_1939"",""#training_subject"":""0""}","{""0"":""https://panoptes-uploads.zooniverse.org/subject_location/5540a75d-9e92-4eff-9f63-3a2bfd65db0b.mpga"",""1"":""https://panoptes-uploads.zooniverse.org/subject_location/ca8bd6e4-94fc-48f8-ad37-abb537bf0c50.png""}",3,,,2023-07-24 23:53:46 UTC,2023-07-24 23:53:46 UTC
90989588,19171,22318,114777,"{""images"":""Deci44100_CCES_010_1942.png"",""sounds"":""Deci44100_CCES_010_1942.mp3"",""subject_id"":""Deci44100_CCES_010_1942"",""#training_subject"":""0""}","{""0"":""https://panoptes-uploads.zooniverse.org/subject_location/1ed07047-0d4d-4415-be25-4df2a975f166.mpga"",""1"":""https://panoptes-uploads.zooniverse.org/subject_location/e670ff1f-4f11-42db-80f0-03d7f26bfe4e.png""}",6,,,2023-07-24 23:53:46 UTC,2023-07-24 23:53:46 UTC
90989589,19171,22318,114777,"{""images"":""Deci44100_CCES_010_1948.png"",""sounds"":""Deci44100_CCES_010_1948.mp3"",""subject_id"":""Deci44100_CCES_010_1948"",""#training_subject"":""0""}","{""0"":""https://panoptes-uploads.zooniverse.org/subject_location/a4da0c39-fede-4466-9299-b9bf6f375c08.mpga"",""1"":""https://panoptes-uploads.zooniverse.org/subject_location/24cf6e4d-ff01-4088-82d4-dd5e7d5303ea.png""}",1,,,2023-07-24 23:53:47 UTC,2023-07-24 23:53:47 UTC
90989590,19171,22318,114777,"{""images"":""Deci44100_CCES_010_195.png"",""sounds"":""Deci44100_CCES_010_195.mp3"",""subject_id"":""Deci44100_CCES_010_195"",""#training_subject"":""0""}","{""0"":""https://panoptes-uploads.zooniverse.org/subject_location/7b6c6aae-db69-4c02-abd4-37aac694b330.mpga"",""1"":""https://panoptes-uploads.zooniverse.org/subject_location/0e03d5f0-21d0-4531-a653-c796e0cd7134.png""}",1,,,2023-07-24 23:53:48 UTC,2023-07-24 23:53:48 UTC
90989591,19171,22318,114777,"{""images"":""Deci44100_CCES_010_1954.png"",""sounds"":""Deci44100_CCES_010_1954.mp3"",""subject_id"":""Deci44100_CCES_010_1954"",""#training_subject"":""0""}","{""0"":""https://panoptes-uploads.zooniverse.org/subject_location/e493aaad-87dd-48ab-9963-42f0b4262aa1.mpga"",""1"":""https://panoptes-uploads.zooniverse.org/subject_location/12b86507-85d5-4fb2-a0d7-b58018e0b75b.png""}",3,,,2023-07-24 23:53:48 UTC,2023-07-24 23:53:48 UTC
90989592,19171,22318,114777,"{""images"":""Deci44100_CCES_010_1956.png"",""sounds"":""Deci44100_CCES_010_1956.mp3"",""subject_id"":""Deci44100_CCES_010_1956"",""#training_subject"":""0""}","{""0"":""https://panoptes-uploads.zooniverse.org/subject_location/267fc85c-43ef-4ae8-9967-36346e8fc24a.mpga"",""1"":""https://panoptes-uploads.zooniverse.org/subject_location/d568357b-49d9-453d-bcb3-bfa14b7daff6.png""}",3,,,2023-07-24 23:53:49 UTC,2023-07-24 23:53:49 UTC
90989593,19171,22318,114777,"{""images"":""Deci44100_CCES_010_1961.png"",""sounds"":""Deci44100_CCES_010_1961.mp3"",""subject_id"":""Deci44100_CCES_010_1961"",""#training_subject"":""0""}","{""0"":""https://panoptes-uploads.zooniverse.org/subject_location/e2b177cb-8696-4e18-a19a-6f42767ce40c.mpga"",""1"":""https://panoptes-uploads.zooniverse.org/subject_location/f1ce0992-e27e-4308-9a46-429b2a0dc9fe.png""}",10,2025-01-31 18:05:56 UTC,classification_count,2023-07-24 23:53:50 UTC,2023-07-24 23:53:50 UTC
90989594,19171,22318,114777,"{""images"":""Deci44100_CCES_010_1968.png"",""sounds"":""Deci44100_CCES_010_1968.mp3"",""subject_id"":""Deci44100_CCES_010_1968"",""#training_subject"":""0""}","{""0"":""https://panoptes-uploads.zooniverse.org/subject_location/72eef4f5-2902-4b53-bb3b-7ba6dd9ab820.mpga"",""1"":""https://panoptes-uploads.zooniverse.org/subject_location/f858dbbe-0128-4a22-a887-34b90d3eecc9.png""}",2,,,2023-07-24 23:53:51 UTC,2023-07-24 23:53:51 UTC
90989595,19171,22318,114777,"{""images"":""Deci44100_CCES_010_1970.png"",""sounds"":""Deci44100_CCES_010_1970.mp3"",""subject_id"":""Deci44100_CCES_010_1970"",""#training_subject"":""0""}","{""0"":""https://panoptes-uploads.zooniverse.org/subject_location/b7fa7475-03ef-4dee-8237-5adf74994d55.mpga"",""1"":""https://panoptes-uploads.zooniverse.org/subject_location/0d23cbab-3002-4b05-96d0-3f40adf9df69.png""}",6,,,2023-07-24 23:53:51 UTC,2023-07-24 23:53:51 UTC
90989596,19171,22318,114777,"{""images"":""Deci44100_CCES_010_1982.png"",""sounds"":""Deci44100_CCES_010_1982.mp3"",""subject_id"":""Deci44100_CCES_010_1982"",""#training_subject"":""0""}","{""0"":""https://panoptes-uploads.zooniverse.org/subject_location/9a0a9842-e320-4d58-bd7e-b03b731b0821.mpga"",""1"":""https://panoptes-uploads.zooniverse.org/subject_location/6897adcb-d1fe-4f29-a4d5-265e7876ab74.png""}",4,,,2023-07-24 23:53:52 UTC,2023-07-24 23:53:52 UTC
90989597,19171,22318,114777,"{""images"":""Deci44100_CCES_010_2001.png"",""sounds"":""Deci44100_CCES_010_2001.mp3"",""subject_id"":""Deci44100_CCES_010_2001"",""#training_subject"":""0""}","{""0"":""https://panoptes-uploads.zooniverse.org/subject_location/9e9258a4-925f-4012-8196-a37d8af6b088.mpga"",""1"":""https://panoptes-uploads.zooniverse.org/subject_location/9ccf4df2-30d2-4938-bc6c-8678710f6109.png""}",1,,,2023-07-24 23:53:53 UTC,2023-07-24 23:53:53 UTC
90989598,19171,22318,114777,"{""images"":""Deci44100_CCES_010_2004.png"",""sounds"":""Deci44100_CCES_010_2004.mp3"",""subject_id"":""Deci44100_CCES_010_2004"",""#training_subject"":""0""}","{""0"":""https://panoptes-uploads.zooniverse.org/subject_location/d16400ef-341e-482c-b960-cf54339eb43e.mpga"",""1"":""https://panoptes-uploads.zooniverse.org/subject_location/dbf4e51b-9079-4863-be29-c7108f17ace6.png""}",4,,,2023-07-24 23:53:55 UTC,2023-07-24 23:53:55 UTC
90989599,19171,22318,114777,"{""images"":""Deci44100_CCES_010_2009.png"",""sounds"":""Deci44100_CCES_010_2009.mp3"",""subject_id"":""Deci44100_CCES_010_2009"",""#training_subject"":""0""}","{""0"":""https://panoptes-uploads.zooniverse.org/subject_location/9afa8fd7-4821-4411-9bbe-d8de1b996c2a.mpga"",""1"":""https://panoptes-uploads.zooniverse.org/subject_location/0edd94e7-06af-4c08-bf9f-402ee1da6871.png""}",1,,,2023-07-24 23:53:55 UTC,2023-07-24 23:53:55 UTC
90989600,19171,22318,114777,"{""images"":""Deci44100_CCES_010_201.png"",""sounds"":""Deci44100_CCES_010_201.mp3"",""subject_id"":""Deci44100_CCES_010_201"",""#training_subject"":""0""}","{""0"":""https://panoptes-uploads.zooniverse.org/subject_location/c734c9b9-dfd7-43d9-a13e-ed96976dd549.mpga"",""1"":""https://panoptes-uploads.zooniverse.org/subject_location/ec901f10-1dd7-49fc-b7a8-b45ef31c6f57.png""}",1,,,2023-07-24 23:53:56 UTC,2023-07-24 23:53:56 UTC
90989601,19171,22318,114777,"{""images"":""Deci44100_CCES_010_2013.png"",""sounds"":""Deci44100_CCES_010_2013.mp3"",""subject_id"":""Deci44100_CCES_010_2013"",""#training_subject"":""0""}","{""0"":""https://panoptes-uploads.zooniverse.org/subject_location/3f92a633-2b02-4ff3-a136-13617cfd9620.mpga"",""1"":""https://panoptes-uploads.zooniverse.org/subject_location/5193658e-38de-4144-892c-9398324ef78d.png""}",6,,,2023-07-24 23:53:57 UTC,2023-07-24 23:53:57 UTC
90989602,19171,22318,114777,"{""images"":""Deci44100_CCES_010_2017.png"",""sounds"":""Deci44100_CCES_010_2017.mp3"",""subject_id"":""Deci44100_CCES_010_2017"",""#training_subject"":""0""}","{""0"":""https://panoptes-uploads.zooniverse.org/subject_location/8b141a7a-35b1-4503-852e-5af3d6eec5c8.mpga"",""1"":""https://panoptes-uploads.zooniverse.org/subject_location/9e613dda-8b3b-467b-8013-23b85269b138.png""}",5,,,2023-07-24 23:53:57 UTC,2023-07-24 23:53:57 UTC
90989603,19171,22318,114777,"{""images"":""Deci44100_CCES_010_2029.png"",""sounds"":""Deci44100_CCES_010_2029.mp3"",""subject_id"":""Deci44100_CCES_010_2029"",""#training_subject"":""0""}","{""0"":""https://panoptes-uploads.zooniverse.org/subject_location/180e0373-fbd3-4b8e-bcfa-8c45e1138397.mpga"",""1"":""https://panoptes-uploads.zooniverse.org/subject_location/e0c39582-7264-4474-9a3e-b7eb1cf28c9b.png""}",2,,,2023-07-24 23:53:58 UTC,2023-07-24 23:53:58 UTC
90989604,19171,22318,114777,"{""images"":""Deci44100_CCES_010_2030.png"",""sounds"":""Deci44100_CCES_010_2030.mp3"",""subject_id"":""Deci44100_CCES_010_2030"",""#training_subject"":""0""}","{""0"":""https://panoptes-uploads.zooniverse.org/subject_location/8cb6e436-7c29-44aa-8aaf-e907de590259.mpga"",""1"":""https://panoptes-uploads.zooniverse.org/subject_location/3997cb11-67d3-4949-8b7b-29ede832a4d6.png""}",7,,,2023-07-24 23:53:59 UTC,2023-07-24 23:53:59 UTC
90989605,19171,22318,114777,"{""images"":""Deci44100_CCES_010_2038.png"",""sounds"":""Deci44100_CCES_010_2038.mp3"",""subject_id"":""Deci44100_CCES_010_2038"",""#training_subject"":""0""}","{""0"":""https://panoptes-uploads.zooniverse.org/subject_location/2f01eb05-c36a-4954-b586-d232e4fd27a9.mpga"",""1"":""https://panoptes-uploads.zooniverse.org/subject_location/b1d591b3-e39f-4a4d-a283-6ed497fca469.png""}",3,,,2023-07-24 23:54:00 UTC,2023-07-24 23:54:00 UTC
90989606,19171,22318,114777,"{""images"":""Deci44100_CCES_010_204.png"",""sounds"":""Deci44100_CCES_010_204.mp3"",""subject_id"":""Deci44100_CCES_010_204"",""#training_subject"":""0""}","{""0"":""https://panoptes-uploads.zooniverse.org/subject_location/9c0aee11-357e-484a-86bb-33befeba774e.mpga"",""1"":""https://panoptes-uploads.zooniverse.org/subject_location/aefa7b3e-7e9b-4928-b0fa-af878cdb4a5b.png""}",1,,,2023-07-24 23:54:00 UTC,2023-07-24 23:54:00 UTC
90989607,19171,22318,114777,"{""images"":""Deci44100_CCES_010_2040.png"",""sounds"":""Deci44100_CCES_010_2040.mp3"",""subject_id"":""Deci44100_CCES_010_2040"",""#training_subject"":""0""}","{""0"":""https://panoptes-uploads.zooniverse.org/subject_location/3ab35217-dbee-46df-b1eb-eabfa67ee4eb.mpga"",""1"":""https://panoptes-uploads.zooniverse.org/subject_location/92816eec-a3b6-4e44-aa2d-b2ecc4e19be6.png""}",1,,,2023-07-24 23:54:01 UTC,2023-07-24 23:54:01 UTC
90989608,19171,22318,114777,"{""images"":""Deci44100_CCES_010_2046.png"",""sounds"":""Deci44100_CCES_010_2046.mp3"",""subject_id"":""Deci44100_CCES_010_2046"",""#training_subject"":""0""}","{""0"":""https://panoptes-uploads.zooniverse.org/subject_location/1de2c67e-7b5e-4c1e-80cf-2d3035f28066.mpga"",""1"":""https://panoptes-uploads.zooniverse.org/subject_location/57dd0706-e259-4451-a9d3-5f02233c0011.png""}",6,,,2023-07-24 23:54:02 UTC,2023-07-24 23:54:02 UTC
90989609,19171,22318,114777,"{""images"":""Deci44100_CCES_010_2048.png"",""sounds"":""Deci44100_CCES_010_2048.mp3"",""subject_id"":""Deci44100_CCES_010_2048"",""#training_subject"":""0""}","{""0"":""https://panoptes-uploads.zooniverse.org/subject_location/1a98c0f9-afd9-4877-ac53-fd949a0ca165.mpga"",""1"":""https://panoptes-uploads.zooniverse.org/subject_location/17ddf2dc-bc7f-4647-b03f-e7f55c256157.png""}",6,,,2023-07-24 23:54:03 UTC,2023-07-24 23:54:03 UTC
90989610,19171,22318,114777,"{""images"":""Deci44100_CCES_010_2053.png"",""sounds"":""Deci44100_CCES_010_2053.mp3"",""subject_id"":""Deci44100_CCES_010_2053"",""#training_subject"":""0""}","{""0"":""https://panoptes-uploads.zooniverse.org/subject_location/e52a89ff-3003-43fb-a954-00b032043d09.mpga"",""1"":""https://panoptes-uploads.zooniverse.org/subject_location/dbb3c8fa-a9da-44a2-b690-6a220b9ccb4c.png""}",1,,,2023-07-24 23:54:04 UTC,2023-07-24 23:54:04 UTC
90989611,19171,22318,114777,"{""images"":""Deci44100_CCES_010_2056.png"",""sounds"":""Deci44100_CCES_010_2056.mp3"",""subject_id"":""Deci44100_CCES_010_2056"",""#training_subject"":""0""}","{""0"":""https://panoptes-uploads.zooniverse.org/subject_location/33146fc4-907a-4791-a6b8-e966358feac9.mpga"",""1"":""https://panoptes-uploads.zooniverse.org/subject_location/f8f09707-86f4-4c77-a96a-f29591fedacb.png""}",4,,,2023-07-24 23:54:05 UTC,2023-07-24 23:54:05 UTC
90989612,19171,22318,114777,"{""images"":""Deci44100_CCES_010_2060.png"",""sounds"":""Deci44100_CCES_010_2060.mp3"",""subject_id"":""Deci44100_CCES_010_2060"",""#training_subject"":""0""}","{""0"":""https://panoptes-uploads.zooniverse.org/subject_location/856d8bb2-b3c6-484a-9665-5cf786788fe7.mpga"",""1"":""https://panoptes-uploads.zooniverse.org/subject_location/c230ffdf-6cab-416d-ac29-2a6edae8ad5f.png""}",4,,,2023-07-24 23:54:05 UTC,2023-07-24 23:54:05 UTC
90989613,19171,22318,114777,"{""images"":""Deci44100_CCES_010_2062.png"",""sounds"":""Deci44100_CCES_010_2062.mp3"",""subject_id"":""Deci44100_CCES_010_2062"",""#training_subject"":""0""}","{""0"":""https://panoptes-uploads.zooniverse.org/subject_location/26d4d74f-b1ea-4f40-96f8-663e2cd5d326.mpga"",""1"":""https://panoptes-uploads.zooniverse.org/subject_location/fd551ab9-e8a3-4ede-8ff1-f4770e9da34d.png""}",2,,,2023-07-24 23:54:06 UTC,2023-07-24 23:54:06 UTC
90989614,19171,22318,114777,"{""images"":""Deci44100_CCES_010_2070.png"",""sounds"":""Deci44100_CCES_010_2070.mp3"",""subject_id"":""Deci44100_CCES_010_2070"",""#training_subject"":""0""}","{""0"":""https://panoptes-uploads.zooniverse.org/subject_location/9c1b719e-6764-4d99-997a-1478cc9a1561.mpga"",""1"":""https://panoptes-uploads.zooniverse.org/subject_location/bb7f78ab-b830-4420-9489-3f34f20b8e51.png""}",2,,,2023-07-24 23:54:07 UTC,2023-07-24 23:54:07 UTC
90989615,19171,22318,114777,"{""images"":""Deci44100_CCES_010_2075.png"",""sounds"":""Deci44100_CCES_010_2075.mp3"",""subject_id"":""Deci44100_CCES_010_2075"",""#training_subject"":""0""}","{""0"":""https://panoptes-uploads.zooniverse.org/subject_location/f9ca531c-0e2c-45ae-bf40-91d62e3da29b.mpga"",""1"":""https://panoptes-uploads.zooniverse.org/subject_location/3b1dd86b-217b-4270-91f5-291619c05cc5.png""}",4,,,2023-07-24 23:54:08 UTC,2023-07-24 23:54:08 UTC
90989616,19171,22318,114777,"{""images"":""Deci44100_CCES_010_2078.png"",""sounds"":""Deci44100_CCES_010_2078.mp3"",""subject_id"":""Deci44100_CCES_010_2078"",""#training_subject"":""0""}","{""0"":""https://panoptes-uploads.zooniverse.org/subject_location/7a9ef822-1fe2-47e1-8f77-95e1370f4d68.mpga"",""1"":""https://panoptes-uploads.zooniverse.org/subject_location/8f835b47-5225-40b6-8d19-ce80a02e1d68.png""}",2,,,2023-07-24 23:54:09 UTC,2023-07-24 23:54:09 UTC
90989617,19171,22318,114777,"{""images"":""Deci44100_CCES_010_2088.png"",""sounds"":""Deci44100_CCES_010_2088.mp3"",""subject_id"":""Deci44100_CCES_010_2088"",""#training_subject"":""0""}","{""0"":""https://panoptes-uploads.zooniverse.org/subject_location/6b874c19-e32a-49d8-9620-820b6928ddbd.mpga"",""1"":""https://panoptes-uploads.zooniverse.org/subject_location/d9c93c04-d508-4096-b298-962141668160.png""}",1,,,2023-07-24 23:54:10 UTC,2023-07-24 23:54:10 UTC
90989618,19171,22318,114777,"{""images"":""Deci44100_CCES_010_2094.png"",""sounds"":""Deci44100_CCES_010_2094.mp3"",""subject_id"":""Deci44100_CCES_010_2094"",""#training_subject"":""0""}","{""0"":""https://panoptes-uploads.zooniverse.org/subject_location/68777886-85bc-47f8-aabd-b64fa97f05ed.mpga"",""1"":""https://panoptes-uploads.zooniverse.org/subject_location/8960a429-a936-4915-a17b-bd70620fe2ef.png""}",2,,,2023-07-24 23:54:11 UTC,2023-07-24 23:54:11 UTC
90989619,19171,22318,114777,"{""images"":""Deci44100_CCES_010_2098.png"",""sounds"":""Deci44100_CCES_010_2098.mp3"",""subject_id"":""Deci44100_CCES_010_2098"",""#training_subject"":""0""}","{""0"":""https://panoptes-uploads.zooniverse.org/subject_location/7473e439-0450-4a85-92e8-35dc0adcf09f.mpga"",""1"":""https://panoptes-uploads.zooniverse.org/subject_location/e520d022-aa04-4c0b-a639-00a7f00ea637.png""}",5,,,2023-07-24 23:54:11 UTC,2023-07-24 23:54:11 UTC
90989620,19171,22318,114777,"{""images"":""Deci44100_CCES_010_210.png"",""sounds"":""Deci44100_CCES_010_210.mp3"",""subject_id"":""Deci44100_CCES_010_210"",""#training_subject"":""0""}","{""0"":""https://panoptes-uploads.zooniverse.org/subject_location/2c0d474f-a863-4308-9f1a-852cdcfd5a47.mpga"",""1"":""https://panoptes-uploads.zooniverse.org/subject_location/01eaa74a-14e3-4390-bd70-0b55ac611619.png""}",1,,,2023-07-24 23:54:13 UTC,2023-07-24 23:54:13 UTC
90989621,19171,22318,114777,"{""images"":""Deci44100_CCES_010_2102.png"",""sounds"":""Deci44100_CCES_010_2102.mp3"",""subject_id"":""Deci44100_CCES_010_2102"",""#training_subject"":""0""}","{""0"":""https://panoptes-uploads.zooniverse.org/subject_location/2e54376d-278c-412a-b29d-3c526eddaee7.mpga"",""1"":""https://panoptes-uploads.zooniverse.org/subject_location/5478986f-d25c-4c0c-8278-f533a46f9c63.png""}",4,,,2023-07-24 23:54:13 UTC,2023-07-24 23:54:13 UTC
90989622,19171,22318,114777,"{""images"":""Deci44100_CCES_010_2108.png"",""sounds"":""Deci44100_CCES_010_2108.mp3"",""subject_id"":""Deci44100_CCES_010_2108"",""#training_subject"":""0""}","{""0"":""https://panoptes-uploads.zooniverse.org/subject_location/0a405a38-6ea1-4054-835e-8f69c118b852.mpga"",""1"":""https://panoptes-uploads.zooniverse.org/subject_location/eca0c76c-1d62-43f6-8abb-0621403250c3.png""}",7,,,2023-07-24 23:54:14 UTC,2023-07-24 23:54:14 UTC
90989623,19171,22318,114777,"{""images"":""Deci44100_CCES_010_2120.png"",""sounds"":""Deci44100_CCES_010_2120.mp3"",""subject_id"":""Deci44100_CCES_010_2120"",""#training_subject"":""0""}","{""0"":""https://panoptes-uploads.zooniverse.org/subject_location/6329474e-0b32-4e7c-b4c1-bfd22bd97592.mpga"",""1"":""https://panoptes-uploads.zooniverse.org/subject_location/cd620c5d-90a4-4150-b815-48ccf528ae65.png""}",5,,,2023-07-24 23:54:15 UTC,2023-07-24 23:54:15 UTC
90989624,19171,22318,114777,"{""images"":""Deci44100_CCES_010_2123.png"",""sounds"":""Deci44100_CCES_010_2123.mp3"",""subject_id"":""Deci44100_CCES_010_2123"",""#training_subject"":""0""}","{""0"":""https://panoptes-uploads.zooniverse.org/subject_location/3965941f-eb06-4d3f-823a-484a41302c9f.mpga"",""1"":""https://panoptes-uploads.zooniverse.org/subject_location/3300e598-141e-4bab-8629-d1eafc121702.png""}",1,,,2023-07-24 23:54:16 UTC,2023-07-24 23:54:16 UTC
90989625,19171,22318,114777,"{""images"":""Deci44100_CCES_010_2125.png"",""sounds"":""Deci44100_CCES_010_2125.mp3"",""subject_id"":""Deci44100_CCES_010_2125"",""#training_subject"":""0""}","{""0"":""https://panoptes-uploads.zooniverse.org/subject_location/e502b717-cd9c-4d4e-9606-aca9976fecf7.mpga"",""1"":""https://panoptes-uploads.zooniverse.org/subject_location/51fcfb20-c2be-46cf-bca4-75d127614c4b.png""}",2,,,2023-07-24 23:54:17 UTC,2023-07-24 23:54:17 UTC
90989626,19171,22318,114777,"{""images"":""Deci44100_CCES_010_2128.png"",""sounds"":""Deci44100_CCES_010_2128.mp3"",""subject_id"":""Deci44100_CCES_010_2128"",""#training_subject"":""0""}","{""0"":""https://panoptes-uploads.zooniverse.org/subject_location/c3b5d542-3970-4a9a-b0fe-4585874f2824.mpga"",""1"":""https://panoptes-uploads.zooniverse.org/subject_location/d4a37735-e5e7-4c69-871c-d3e7cf27ed50.png""}",3,,,2023-07-24 23:54:18 UTC,2023-07-24 23:54:18 UTC
90989627,19171,22318,114777,"{""images"":""Deci44100_CCES_010_2129.png"",""sounds"":""Deci44100_CCES_010_2129.mp3"",""subject_id"":""Deci44100_CCES_010_2129"",""#training_subject"":""0""}","{""0"":""https://panoptes-uploads.zooniverse.org/subject_location/f8fd8dab-66ec-4d48-a461-bc3b67a0280d.mpga"",""1"":""https://panoptes-uploads.zooniverse.org/subject_location/d5d10418-e65f-4a99-bdb7-4eeeabe7125a.png""}",4,,,2023-07-24 23:54:20 UTC,2023-07-24 23:54:20 UTC
90989628,19171,22318,114777,"{""images"":""Deci44100_CCES_010_2135.png"",""sounds"":""Deci44100_CCES_010_2135.mp3"",""subject_id"":""Deci44100_CCES_010_2135"",""#training_subject"":""0""}","{""0"":""https://panoptes-uploads.zooniverse.org/subject_location/15434ba0-24ab-4edd-a52b-cee9966a8820.mpga"",""1"":""https://panoptes-uploads.zooniverse.org/subject_location/79626504-0530-4f47-9958-02f13fa3cd00.png""}",1,,,2023-07-24 23:54:20 UTC,2023-07-24 23:54:20 UTC
90989629,19171,22318,114777,"{""images"":""Deci44100_CCES_010_2145.png"",""sounds"":""Deci44100_CCES_010_2145.mp3"",""subject_id"":""Deci44100_CCES_010_2145"",""#training_subject"":""0""}","{""0"":""https://panoptes-uploads.zooniverse.org/subject_location/566d4e0a-6440-489a-8ac3-6b26158ae900.mpga"",""1"":""https://panoptes-uploads.zooniverse.org/subject_location/7b09add5-641e-490c-9525-f1fea8e4c430.png""}",3,,,2023-07-24 23:54:21 UTC,2023-07-24 23:54:21 UTC
90989630,19171,22318,114777,"{""images"":""Deci44100_CCES_010_2146.png"",""sounds"":""Deci44100_CCES_010_2146.mp3"",""subject_id"":""Deci44100_CCES_010_2146"",""#training_subject"":""0""}","{""0"":""https://panoptes-uploads.zooniverse.org/subject_location/d5388df3-9a6e-46bb-b71f-197194e56664.mpga"",""1"":""https://panoptes-uploads.zooniverse.org/subject_location/3511e79c-f5c3-4a1b-a342-cfacee0192b5.png""}",3,,,2023-07-24 23:54:22 UTC,2023-07-24 23:54:22 UTC
90989631,19171,22318,114777,"{""images"":""Deci44100_CCES_010_2147.png"",""sounds"":""Deci44100_CCES_010_2147.mp3"",""subject_id"":""Deci44100_CCES_010_2147"",""#training_subject"":""0""}","{""0"":""https://panoptes-uploads.zooniverse.org/subject_location/b51be660-cbd4-4df0-94ca-d0cd51be74f1.mpga"",""1"":""https://panoptes-uploads.zooniverse.org/subject_location/f7b39203-3ed5-46b7-9560-00596f0590d4.png""}",4,,,2023-07-24 23:54:23 UTC,2023-07-24 23:54:23 UTC
90989632,19171,22318,114777,"{""images"":""Deci44100_CCES_010_2153.png"",""sounds"":""Deci44100_CCES_010_2153.mp3"",""subject_id"":""Deci44100_CCES_010_2153"",""#training_subject"":""0""}","{""0"":""https://panoptes-uploads.zooniverse.org/subject_location/8e668887-f7af-445c-9b25-d6dba2b35314.mpga"",""1"":""https://panoptes-uploads.zooniverse.org/subject_location/779af8bc-d9c9-43bf-83b2-c28a24f918ab.png""}",1,,,2023-07-24 23:54:24 UTC,2023-07-24 23:54:24 UTC
90989633,19171,22318,114777,"{""images"":""Deci44100_CCES_010_2156.png"",""sounds"":""Deci44100_CCES_010_2156.mp3"",""subject_id"":""Deci44100_CCES_010_2156"",""#training_subject"":""0""}","{""0"":""https://panoptes-uploads.zooniverse.org/subject_location/b3c5952a-6de1-4345-bee7-af6335f323bb.mpga"",""1"":""https://panoptes-uploads.zooniverse.org/subject_location/254f4092-d8ef-412b-8e88-914056c08ed8.png""}",2,,,2023-07-24 23:54:24 UTC,2023-07-24 23:54:24 UTC
90989634,19171,22318,114777,"{""images"":""Deci44100_CCES_010_2161.png"",""sounds"":""Deci44100_CCES_010_2161.mp3"",""subject_id"":""Deci44100_CCES_010_2161"",""#training_subject"":""0""}","{""0"":""https://panoptes-uploads.zooniverse.org/subject_location/224aab44-2d05-4e32-ad63-bc2a467c473e.mpga"",""1"":""https://panoptes-uploads.zooniverse.org/subject_location/4292a767-a5da-4d2e-ab01-f0406b45a2d6.png""}",2,,,2023-07-24 23:54:25 UTC,2023-07-24 23:54:25 UTC
90989635,19171,22318,114777,"{""images"":""Deci44100_CCES_010_2174.png"",""sounds"":""Deci44100_CCES_010_2174.mp3"",""subject_id"":""Deci44100_CCES_010_2174"",""#training_subject"":""0""}","{""0"":""https://panoptes-uploads.zooniverse.org/subject_location/16e361be-c7a4-4c0f-b02d-ce85ae4fdbdd.mpga"",""1"":""https://panoptes-uploads.zooniverse.org/subject_location/efd8139e-627b-4888-a6f4-b3f0b6c904a7.png""}",9,,,2023-07-24 23:54:26 UTC,2023-07-24 23:54:26 UTC
90989636,19171,22318,114777,"{""images"":""Deci44100_CCES_010_2177.png"",""sounds"":""Deci44100_CCES_010_2177.mp3"",""subject_id"":""Deci44100_CCES_010_2177"",""#training_subject"":""0""}","{""0"":""https://panoptes-uploads.zooniverse.org/subject_location/15c2af3c-4194-4b82-89ee-ae4cd170855c.mpga"",""1"":""https://panoptes-uploads.zooniverse.org/subject_location/80d05b60-d28f-4ccc-9a0f-4642d1e67d49.png""}",4,,,2023-07-24 23:54:26 UTC,2023-07-24 23:54:26 UTC
90989637,19171,22318,114777,"{""images"":""Deci44100_CCES_010_2185.png"",""sounds"":""Deci44100_CCES_010_2185.mp3"",""subject_id"":""Deci44100_CCES_010_2185"",""#training_subject"":""0""}","{""0"":""https://panoptes-uploads.zooniverse.org/subject_location/f5b59b88-dd81-4577-8186-b5935de49a02.mpga"",""1"":""https://panoptes-uploads.zooniverse.org/subject_location/ad1f015e-2732-4ad0-86d0-64bf356a06ab.png""}",0,,,2023-07-24 23:54:27 UTC,2023-07-24 23:54:27 UTC
90989638,19171,22318,114777,"{""images"":""Deci44100_CCES_010_2188.png"",""sounds"":""Deci44100_CCES_010_2188.mp3"",""subject_id"":""Deci44100_CCES_010_2188"",""#training_subject"":""0""}","{""0"":""https://panoptes-uploads.zooniverse.org/subject_location/0691b3a8-8ace-4f91-826c-c8f7a640005a.mpga"",""1"":""https://panoptes-uploads.zooniverse.org/subject_location/f28398a7-bdde-4a6c-a5b3-d13368f72e9d.png""}",2,,,2023-07-24 23:54:28 UTC,2023-07-24 23:54:28 UTC
90989639,19171,22318,114777,"{""images"":""Deci44100_CCES_010_2189.png"",""sounds"":""Deci44100_CCES_010_2189.mp3"",""subject_id"":""Deci44100_CCES_010_2189"",""#training_subject"":""0""}","{""0"":""https://panoptes-uploads.zooniverse.org/subject_location/772018e2-3a08-4399-bb12-68ee0990a346.mpga"",""1"":""https://panoptes-uploads.zooniverse.org/subject_location/234cc026-eea6-425e-8217-4ef8bb84cdbb.png""}",1,,,2023-07-24 23:54:29 UTC,2023-07-24 23:54:29 UTC
90989640,19171,22318,114777,"{""images"":""Deci44100_CCES_010_2194.png"",""sounds"":""Deci44100_CCES_010_2194.mp3"",""subject_id"":""Deci44100_CCES_010_2194"",""#training_subject"":""0""}","{""0"":""https://panoptes-uploads.zooniverse.org/subject_location/50bd66cc-4055-4a7e-900e-4cb6890c51a0.mpga"",""1"":""https://panoptes-uploads.zooniverse.org/subject_location/3e4ccdfb-0d25-4dc1-8c69-5b0446622bb8.png""}",7,,,2023-07-24 23:54:29 UTC,2023-07-24 23:54:29 UTC
90989641,19171,22318,114777,"{""images"":""Deci44100_CCES_010_2195.png"",""sounds"":""Deci44100_CCES_010_2195.mp3"",""subject_id"":""Deci44100_CCES_010_2195"",""#training_subject"":""0""}","{""0"":""https://panoptes-uploads.zooniverse.org/subject_location/a992ffc9-27ac-4512-8d73-c63b90e109f8.mpga"",""1"":""https://panoptes-uploads.zooniverse.org/subject_location/9ce402b8-b278-401c-ab4c-2bfedcc580ac.png""}",7,,,2023-07-24 23:54:30 UTC,2023-07-24 23:54:30 UTC
90989642,19171,22318,114777,"{""images"":""Deci44100_CCES_010_2196.png"",""sounds"":""Deci44100_CCES_010_2196.mp3"",""subject_id"":""Deci44100_CCES_010_2196"",""#training_subject"":""0""}","{""0"":""https://panoptes-uploads.zooniverse.org/subject_location/ab720a2f-e75f-4326-8f13-d1a565fed00b.mpga"",""1"":""https://panoptes-uploads.zooniverse.org/subject_location/8c8428d0-9776-4851-a4f1-58fcbcef8859.png""}",6,,,2023-07-24 23:54:30 UTC,2023-07-24 23:54:30 UTC
90989643,19171,22318,114777,"{""images"":""Deci44100_CCES_010_2200.png"",""sounds"":""Deci44100_CCES_010_2200.mp3"",""subject_id"":""Deci44100_CCES_010_2200"",""#training_subject"":""0""}","{""0"":""https://panoptes-uploads.zooniverse.org/subject_location/e09feb6e-619b-4d51-8cf9-9296d18bef0c.mpga"",""1"":""https://panoptes-uploads.zooniverse.org/subject_location/6c1611a4-f0a6-4f2f-854e-0e518aa6c32e.png""}",2,,,2023-07-24 23:54:31 UTC,2023-07-24 23:54:31 UTC
90989644,19171,22318,114777,"{""images"":""Deci44100_CCES_010_2203.png"",""sounds"":""Deci44100_CCES_010_2203.mp3"",""subject_id"":""Deci44100_CCES_010_2203"",""#training_subject"":""0""}","{""0"":""https://panoptes-uploads.zooniverse.org/subject_location/68fdcde4-a5d3-402b-9238-5399fa6279e0.mpga"",""1"":""https://panoptes-uploads.zooniverse.org/subject_location/f08dc248-a238-4753-b72b-e0cb4f0b65d3.png""}",4,,,2023-07-24 23:54:32 UTC,2023-07-24 23:54:32 UTC
90989645,19171,22318,114777,"{""images"":""Deci44100_CCES_010_2207.png"",""sounds"":""Deci44100_CCES_010_2207.mp3"",""subject_id"":""Deci44100_CCES_010_2207"",""#training_subject"":""0""}","{""0"":""https://panoptes-uploads.zooniverse.org/subject_location/8197e090-1d2f-4e2c-992e-7fe4fc9a5e5b.mpga"",""1"":""https://panoptes-uploads.zooniverse.org/subject_location/592b98fe-a87a-4b21-b6f2-df80d3542b98.png""}",6,,,2023-07-24 23:54:32 UTC,2023-07-24 23:54:32 UTC
90989646,19171,22318,114777,"{""images"":""Deci44100_CCES_010_2211.png"",""sounds"":""Deci44100_CCES_010_2211.mp3"",""subject_id"":""Deci44100_CCES_010_2211"",""#training_subject"":""0""}","{""0"":""https://panoptes-uploads.zooniverse.org/subject_location/cd6b5195-054c-463d-893f-29961fa15efa.mpga"",""1"":""https://panoptes-uploads.zooniverse.org/subject_location/8275305f-1bc8-4094-9f0f-b16bf8daf79f.png""}",4,,,2023-07-24 23:54:33 UTC,2023-07-24 23:54:33 UTC
90989647,19171,22318,114777,"{""images"":""Deci44100_CCES_010_2218.png"",""sounds"":""Deci44100_CCES_010_2218.mp3"",""subject_id"":""Deci44100_CCES_010_2218"",""#training_subject"":""0""}","{""0"":""https://panoptes-uploads.zooniverse.org/subject_location/c300cfff-da4e-4e7c-9428-0a079d5a5888.mpga"",""1"":""https://panoptes-uploads.zooniverse.org/subject_location/1b0398b8-04da-4d90-abf6-648b4eb6fef1.png""}",3,,,2023-07-24 23:54:34 UTC,2023-07-24 23:54:34 UTC
90989648,19171,22318,114777,"{""images"":""Deci44100_CCES_010_2220.png"",""sounds"":""Deci44100_CCES_010_2220.mp3"",""subject_id"":""Deci44100_CCES_010_2220"",""#training_subject"":""0""}","{""0"":""https://panoptes-uploads.zooniverse.org/subject_location/859e321a-dccf-4c04-a9e3-5e8e029cf56b.mpga"",""1"":""https://panoptes-uploads.zooniverse.org/subject_location/e935112f-5f9f-4155-94d6-32c1438e5d73.png""}",1,,,2023-07-24 23:54:34 UTC,2023-07-24 23:54:34 UTC
90989649,19171,22318,114777,"{""images"":""Deci44100_CCES_010_2226.png"",""sounds"":""Deci44100_CCES_010_2226.mp3"",""subject_id"":""Deci44100_CCES_010_2226"",""#training_subject"":""0""}","{""0"":""https://panoptes-uploads.zooniverse.org/subject_location/5192100f-0ab9-4161-a41c-4923e5f82f9d.mpga"",""1"":""https://panoptes-uploads.zooniverse.org/subject_location/35399ad2-19e2-49e4-b318-74737bd17827.png""}",7,,,2023-07-24 23:54:35 UTC,2023-07-24 23:54:35 UTC
90989650,19171,22318,114777,"{""images"":""Deci44100_CCES_010_2227.png"",""sounds"":""Deci44100_CCES_010_2227.mp3"",""subject_id"":""Deci44100_CCES_010_2227"",""#training_subject"":""0""}","{""0"":""https://panoptes-uploads.zooniverse.org/subject_location/0e967f49-c2c0-4f3c-8c90-c31d607b49df.mpga"",""1"":""https://panoptes-uploads.zooniverse.org/subject_location/4453b164-c1d3-4b15-88a5-c22c1328e689.png""}",2,,,2023-07-24 23:54:35 UTC,2023-07-24 23:54:35 UTC
90989651,19171,22318,114777,"{""images"":""Deci44100_CCES_010_2230.png"",""sounds"":""Deci44100_CCES_010_2230.mp3"",""subject_id"":""Deci44100_CCES_010_2230"",""#training_subject"":""0""}","{""0"":""https://panoptes-uploads.zooniverse.org/subject_location/e8ac8715-5629-40ac-a8d2-b9e8ac55f467.mpga"",""1"":""https://panoptes-uploads.zooniverse.org/subject_location/9d5d7df5-ddc8-4fbc-a9bb-365007ded69e.png""}",2,,,2023-07-24 23:54:36 UTC,2023-07-24 23:54:36 UTC
90989652,19171,22318,114777,"{""images"":""Deci44100_CCES_010_2234.png"",""sounds"":""Deci44100_CCES_010_2234.mp3"",""subject_id"":""Deci44100_CCES_010_2234"",""#training_subject"":""0""}","{""0"":""https://panoptes-uploads.zooniverse.org/subject_location/74f69e79-27b6-4424-8881-afebb9f015fd.mpga"",""1"":""https://panoptes-uploads.zooniverse.org/subject_location/07b5df9d-3fce-424a-a119-3bbca262d717.png""}",6,,,2023-07-24 23:54:37 UTC,2023-07-24 23:54:37 UTC
90989653,19171,22318,114777,"{""images"":""Deci44100_CCES_010_2238.png"",""sounds"":""Deci44100_CCES_010_2238.mp3"",""subject_id"":""Deci44100_CCES_010_2238"",""#training_subject"":""0""}","{""0"":""https://panoptes-uploads.zooniverse.org/subject_location/73824920-7f0b-463d-a4b4-85db75319de2.mpga"",""1"":""https://panoptes-uploads.zooniverse.org/subject_location/708a3e09-0f10-4870-b2ff-e0bf175922ba.png""}",1,,,2023-07-24 23:54:37 UTC,2023-07-24 23:54:37 UTC
90989654,19171,22318,114777,"{""images"":""Deci44100_CCES_010_2239.png"",""sounds"":""Deci44100_CCES_010_2239.mp3"",""subject_id"":""Deci44100_CCES_010_2239"",""#training_subject"":""0""}","{""0"":""https://panoptes-uploads.zooniverse.org/subject_location/bce86464-e06f-4ce3-bc1a-3b6da5f9d66c.mpga"",""1"":""https://panoptes-uploads.zooniverse.org/subject_location/95bbe093-0223-42e8-ab46-2e93865effc7.png""}",4,,,2023-07-24 23:54:38 UTC,2023-07-24 23:54:38 UTC
90989655,19171,22318,114777,"{""images"":""Deci44100_CCES_010_2252.png"",""sounds"":""Deci44100_CCES_010_2252.mp3"",""subject_id"":""Deci44100_CCES_010_2252"",""#training_subject"":""0""}","{""0"":""https://panoptes-uploads.zooniverse.org/subject_location/dc2bc17a-500c-4e1c-9954-e622dea452c5.mpga"",""1"":""https://panoptes-uploads.zooniverse.org/subject_location/5d54e733-ee36-424f-a476-91280fcf9f92.png""}",4,,,2023-07-24 23:54:39 UTC,2023-07-24 23:54:39 UTC
90989656,19171,22318,114777,"{""images"":""Deci44100_CCES_010_2253.png"",""sounds"":""Deci44100_CCES_010_2253.mp3"",""subject_id"":""Deci44100_CCES_010_2253"",""#training_subject"":""0""}","{""0"":""https://panoptes-uploads.zooniverse.org/subject_location/43affe04-eacd-4daf-9630-364e77a09a3b.mpga"",""1"":""https://panoptes-uploads.zooniverse.org/subject_location/01b6a71b-aca6-4c6e-8e56-1a57a23d3f82.png""}",2,,,2023-07-24 23:54:39 UTC,2023-07-24 23:54:39 UTC
90989657,19171,22318,114777,"{""images"":""Deci44100_CCES_010_2261.png"",""sounds"":""Deci44100_CCES_010_2261.mp3"",""subject_id"":""Deci44100_CCES_010_2261"",""#training_subject"":""0""}","{""0"":""https://panoptes-uploads.zooniverse.org/subject_location/22f15e88-fb8b-4e04-a247-14dfaa298763.mpga"",""1"":""https://panoptes-uploads.zooniverse.org/subject_location/898e7037-c322-48b1-8a06-5565230c5595.png""}",3,,,2023-07-24 23:54:40 UTC,2023-07-24 23:54:40 UTC
90989658,19171,22318,114777,"{""images"":""Deci44100_CCES_010_2271.png"",""sounds"":""Deci44100_CCES_010_2271.mp3"",""subject_id"":""Deci44100_CCES_010_2271"",""#training_subject"":""0""}","{""0"":""https://panoptes-uploads.zooniverse.org/subject_location/dea6ff28-5808-4bcd-9a4e-43104b28f1af.mpga"",""1"":""https://panoptes-uploads.zooniverse.org/subject_location/36dad210-42b5-4c4e-a307-7ced10ab558a.png""}",2,,,2023-07-24 23:54:40 UTC,2023-07-24 23:54:40 UTC
90989659,19171,22318,114777,"{""images"":""Deci44100_CCES_010_229.png"",""sounds"":""Deci44100_CCES_010_229.mp3"",""subject_id"":""Deci44100_CCES_010_229"",""#training_subject"":""0""}","{""0"":""https://panoptes-uploads.zooniverse.org/subject_location/8b7c86ce-082e-42a4-a1fd-dd5b66e6eaec.mpga"",""1"":""https://panoptes-uploads.zooniverse.org/subject_location/08db47d7-3327-46ec-b9ca-f9498a532d49.png""}",3,,,2023-07-24 23:54:41 UTC,2023-07-24 23:54:41 UTC
90989660,19171,22318,114777,"{""images"":""Deci44100_CCES_010_2297.png"",""sounds"":""Deci44100_CCES_010_2297.mp3"",""subject_id"":""Deci44100_CCES_010_2297"",""#training_subject"":""0""}","{""0"":""https://panoptes-uploads.zooniverse.org/subject_location/898ebc65-c6bc-4134-8596-328ffe76482f.mpga"",""1"":""https://panoptes-uploads.zooniverse.org/subject_location/72c425ad-9fd4-4aba-8d90-f5109a298025.png""}",2,,,2023-07-24 23:54:42 UTC,2023-07-24 23:54:42 UTC
90989661,19171,22318,114777,"{""images"":""Deci44100_CCES_010_2298.png"",""sounds"":""Deci44100_CCES_010_2298.mp3"",""subject_id"":""Deci44100_CCES_010_2298"",""#training_subject"":""0""}","{""0"":""https://panoptes-uploads.zooniverse.org/subject_location/fa9b86b2-8496-46b4-ae0d-baae02062a7b.mpga"",""1"":""https://panoptes-uploads.zooniverse.org/subject_location/a6a21477-d2b8-49d6-8c31-34f4cb8fb183.png""}",2,,,2023-07-24 23:54:43 UTC,2023-07-24 23:54:43 UTC
90989662,19171,22318,114777,"{""images"":""Deci44100_CCES_010_23.png"",""sounds"":""Deci44100_CCES_010_23.mp3"",""subject_id"":""Deci44100_CCES_010_23"",""#training_subject"":""0""}","{""0"":""https://panoptes-uploads.zooniverse.org/subject_location/f3b22338-5c32-483b-a893-0649947879c2.mpga"",""1"":""https://panoptes-uploads.zooniverse.org/subject_location/84e39407-4f98-404d-8358-9a35cb46cbc7.png""}",2,,,2023-07-24 23:54:44 UTC,2023-07-24 23:54:44 UTC
90989663,19171,22318,114777,"{""images"":""Deci44100_CCES_010_2300.png"",""sounds"":""Deci44100_CCES_010_2300.mp3"",""subject_id"":""Deci44100_CCES_010_2300"",""#training_subject"":""0""}","{""0"":""https://panoptes-uploads.zooniverse.org/subject_location/52cb29d9-13cc-4e8d-9a82-2926c5189578.mpga"",""1"":""https://panoptes-uploads.zooniverse.org/subject_location/173c6d93-21d6-46cb-9ab5-08ecbc2375de.png""}",5,,,2023-07-24 23:54:44 UTC,2023-07-24 23:54:44 UTC
90989664,19171,22318,114777,"{""images"":""Deci44100_CCES_010_2307.png"",""sounds"":""Deci44100_CCES_010_2307.mp3"",""subject_id"":""Deci44100_CCES_010_2307"",""#training_subject"":""0""}","{""0"":""https://panoptes-uploads.zooniverse.org/subject_location/ed804e38-af9c-4d5a-a6e9-effb0ff05550.mpga"",""1"":""https://panoptes-uploads.zooniverse.org/subject_location/3b041b4f-e7b5-4e94-990e-7969fb9c44dd.png""}",2,,,2023-07-24 23:54:45 UTC,2023-07-24 23:54:45 UTC
90989665,19171,22318,114777,"{""images"":""Deci44100_CCES_010_2311.png"",""sounds"":""Deci44100_CCES_010_2311.mp3"",""subject_id"":""Deci44100_CCES_010_2311"",""#training_subject"":""0""}","{""0"":""https://panoptes-uploads.zooniverse.org/subject_location/70aa53fd-4c0e-415e-b924-5b51d2d35a63.mpga"",""1"":""https://panoptes-uploads.zooniverse.org/subject_location/5cb3d5ec-cdc2-4b7d-a718-98a2f7434aeb.png""}",4,,,2023-07-24 23:54:46 UTC,2023-07-24 23:54:46 UTC
90989666,19171,22318,114777,"{""images"":""Deci44100_CCES_010_2319.png"",""sounds"":""Deci44100_CCES_010_2319.mp3"",""subject_id"":""Deci44100_CCES_010_2319"",""#training_subject"":""0""}","{""0"":""https://panoptes-uploads.zooniverse.org/subject_location/71503dc7-ec45-4554-bda7-6a364c3d0a1b.mpga"",""1"":""https://panoptes-uploads.zooniverse.org/subject_location/f7a0454f-c34f-49f7-8c3a-5f8b0abf5950.png""}",5,,,2023-07-24 23:54:47 UTC,2023-07-24 23:54:47 UTC
90989667,19171,22318,114777,"{""images"":""Deci44100_CCES_010_2320.png"",""sounds"":""Deci44100_CCES_010_2320.mp3"",""subject_id"":""Deci44100_CCES_010_2320"",""#training_subject"":""0""}","{""0"":""https://panoptes-uploads.zooniverse.org/subject_location/5937d76b-36de-460a-b596-014d5ea96b8b.mpga"",""1"":""https://panoptes-uploads.zooniverse.org/subject_location/8290b828-4b20-4c8e-b3f3-418f0e291e9e.png""}",5,,,2023-07-24 23:54:47 UTC,2023-07-24 23:54:47 UTC
90989668,19171,22318,114777,"{""images"":""Deci44100_CCES_010_2323.png"",""sounds"":""Deci44100_CCES_010_2323.mp3"",""subject_id"":""Deci44100_CCES_010_2323"",""#training_subject"":""0""}","{""0"":""https://panoptes-uploads.zooniverse.org/subject_location/f45be748-11fa-43ee-8633-d792f51a93a8.mpga"",""1"":""https://panoptes-uploads.zooniverse.org/subject_location/e3a94d18-5b7c-4d03-9562-36af18855dc9.png""}",2,,,2023-07-24 23:54:48 UTC,2023-07-24 23:54:48 UTC
90989669,19171,22318,114777,"{""images"":""Deci44100_CCES_010_2331.png"",""sounds"":""Deci44100_CCES_010_2331.mp3"",""subject_id"":""Deci44100_CCES_010_2331"",""#training_subject"":""0""}","{""0"":""https://panoptes-uploads.zooniverse.org/subject_location/b165bf0f-aacc-4663-9940-c7cee3fdf436.mpga"",""1"":""https://panoptes-uploads.zooniverse.org/subject_location/2b559bf2-3e6d-4846-870f-2138d8453c2e.png""}",4,,,2023-07-24 23:54:49 UTC,2023-07-24 23:54:49 UTC
90989670,19171,22318,114777,"{""images"":""Deci44100_CCES_010_2336.png"",""sounds"":""Deci44100_CCES_010_2336.mp3"",""subject_id"":""Deci44100_CCES_010_2336"",""#training_subject"":""0""}","{""0"":""https://panoptes-uploads.zooniverse.org/subject_location/122da91b-62ef-49fa-8ea0-ef56a68984b2.mpga"",""1"":""https://panoptes-uploads.zooniverse.org/subject_location/33189c7e-bdde-4822-ad02-5e29e3da0729.png""}",1,,,2023-07-24 23:54:50 UTC,2023-07-24 23:54:50 UTC
90989671,19171,22318,114777,"{""images"":""Deci44100_CCES_010_2337.png"",""sounds"":""Deci44100_CCES_010_2337.mp3"",""subject_id"":""Deci44100_CCES_010_2337"",""#training_subject"":""0""}","{""0"":""https://panoptes-uploads.zooniverse.org/subject_location/6f864850-6f06-4847-9ccb-25a8863e5e3b.mpga"",""1"":""https://panoptes-uploads.zooniverse.org/subject_location/4d2c2160-2c32-476a-a620-babcbd284280.png""}",3,,,2023-07-24 23:54:51 UTC,2023-07-24 23:54:51 UTC
90989672,19171,22318,114777,"{""images"":""Deci44100_CCES_010_2339.png"",""sounds"":""Deci44100_CCES_010_2339.mp3"",""subject_id"":""Deci44100_CCES_010_2339"",""#training_subject"":""0""}","{""0"":""https://panoptes-uploads.zooniverse.org/subject_location/7793390d-9ebd-442b-b417-c5332a9bc405.mpga"",""1"":""https://panoptes-uploads.zooniverse.org/subject_location/a78f64bc-905c-42ef-a718-e11b4d26b3ca.png""}",6,,,2023-07-24 23:54:51 UTC,2023-07-24 23:54:51 UTC
90989673,19171,22318,114777,"{""images"":""Deci44100_CCES_010_2341.png"",""sounds"":""Deci44100_CCES_010_2341.mp3"",""subject_id"":""Deci44100_CCES_010_2341"",""#training_subject"":""0""}","{""0"":""https://panoptes-uploads.zooniverse.org/subject_location/31703573-9b7f-46a5-964e-19ff0ae6928e.mpga"",""1"":""https://panoptes-uploads.zooniverse.org/subject_location/cb802442-726d-4463-94cc-e978781a72a8.png""}",3,,,2023-07-24 23:54:52 UTC,2023-07-24 23:54:52 UTC
90989674,19171,22318,114777,"{""images"":""Deci44100_CCES_010_2348.png"",""sounds"":""Deci44100_CCES_010_2348.mp3"",""subject_id"":""Deci44100_CCES_010_2348"",""#training_subject"":""0""}","{""0"":""https://panoptes-uploads.zooniverse.org/subject_location/ade33bdc-3aac-4a07-aacb-141980e61712.mpga"",""1"":""https://panoptes-uploads.zooniverse.org/subject_location/c55f43b8-861e-4780-9e13-2308b61e1fd3.png""}",1,,,2023-07-24 23:54:53 UTC,2023-07-24 23:54:53 UTC
90989675,19171,22318,114777,"{""images"":""Deci44100_CCES_010_2350.png"",""sounds"":""Deci44100_CCES_010_2350.mp3"",""subject_id"":""Deci44100_CCES_010_2350"",""#training_subject"":""0""}","{""0"":""https://panoptes-uploads.zooniverse.org/subject_location/2af568ab-566b-42f6-9147-d3a8f472b132.mpga"",""1"":""https://panoptes-uploads.zooniverse.org/subject_location/615376ba-600d-479a-bda6-bad9d091f0e1.png""}",4,,,2023-07-24 23:54:53 UTC,2023-07-24 23:54:53 UTC
90989676,19171,22318,114777,"{""images"":""Deci44100_CCES_010_2351.png"",""sounds"":""Deci44100_CCES_010_2351.mp3"",""subject_id"":""Deci44100_CCES_010_2351"",""#training_subject"":""0""}","{""0"":""https://panoptes-uploads.zooniverse.org/subject_location/49e01bab-293c-49f8-927f-9162b8db6f82.mpga"",""1"":""https://panoptes-uploads.zooniverse.org/subject_location/918f84f0-a61c-41be-9fc4-b96e2d865279.png""}",3,,,2023-07-24 23:54:54 UTC,2023-07-24 23:54:54 UTC
90989677,19171,22318,114777,"{""images"":""Deci44100_CCES_010_2355.png"",""sounds"":""Deci44100_CCES_010_2355.mp3"",""subject_id"":""Deci44100_CCES_010_2355"",""#training_subject"":""0""}","{""0"":""https://panoptes-uploads.zooniverse.org/subject_location/ec1275f7-6834-4da9-93df-4f0d07bc0fdb.mpga"",""1"":""https://panoptes-uploads.zooniverse.org/subject_location/28cbf890-db10-4e21-aeb2-5f24faca65a9.png""}",2,,,2023-07-24 23:54:55 UTC,2023-07-24 23:54:55 UTC
90989678,19171,22318,114777,"{""images"":""Deci44100_CCES_010_2357.png"",""sounds"":""Deci44100_CCES_010_2357.mp3"",""subject_id"":""Deci44100_CCES_010_2357"",""#training_subject"":""0""}","{""0"":""https://panoptes-uploads.zooniverse.org/subject_location/915d0960-3937-432f-9ddb-2ccf462d6f6a.mpga"",""1"":""https://panoptes-uploads.zooniverse.org/subject_location/2ca0fc90-e258-4e04-8ec5-fa0f9ad57df0.png""}",5,,,2023-07-24 23:54:55 UTC,2023-07-24 23:54:55 UTC
90989679,19171,22318,114777,"{""images"":""Deci44100_CCES_010_2360.png"",""sounds"":""Deci44100_CCES_010_2360.mp3"",""subject_id"":""Deci44100_CCES_010_2360"",""#training_subject"":""0""}","{""0"":""https://panoptes-uploads.zooniverse.org/subject_location/e6c355ea-cfc1-405b-85cc-d5f7c557ed20.mpga"",""1"":""https://panoptes-uploads.zooniverse.org/subject_location/9086a804-aaea-47f3-95e2-b8af7cee15a5.png""}",1,,,2023-07-24 23:54:56 UTC,2023-07-24 23:54:56 UTC
90989680,19171,22318,114777,"{""images"":""Deci44100_CCES_010_2364.png"",""sounds"":""Deci44100_CCES_010_2364.mp3"",""subject_id"":""Deci44100_CCES_010_2364"",""#training_subject"":""0""}","{""0"":""https://panoptes-uploads.zooniverse.org/subject_location/1c690a7d-185c-4ad7-94ce-81bd5f440db9.mpga"",""1"":""https://panoptes-uploads.zooniverse.org/subject_location/152b98fc-da1e-46cf-8436-9e98a6f0db0d.png""}",3,,,2023-07-24 23:54:57 UTC,2023-07-24 23:54:57 UTC
90989681,19171,22318,114777,"{""images"":""Deci44100_CCES_010_2365.png"",""sounds"":""Deci44100_CCES_010_2365.mp3"",""subject_id"":""Deci44100_CCES_010_2365"",""#training_subject"":""0""}","{""0"":""https://panoptes-uploads.zooniverse.org/subject_location/6527fded-1ca7-48d5-8aa4-678b199fabaf.mpga"",""1"":""https://panoptes-uploads.zooniverse.org/subject_location/f6527ea7-b6e9-4486-b341-6a30d559cdcd.png""}",5,,,2023-07-24 23:54:58 UTC,2023-07-24 23:54:58 UTC
90989682,19171,22318,114777,"{""images"":""Deci44100_CCES_010_2366.png"",""sounds"":""Deci44100_CCES_010_2366.mp3"",""subject_id"":""Deci44100_CCES_010_2366"",""#training_subject"":""0""}","{""0"":""https://panoptes-uploads.zooniverse.org/subject_location/8d06f7b0-c826-4cfd-9604-89b9093180df.mpga"",""1"":""https://panoptes-uploads.zooniverse.org/subject_location/20b920b7-c6ec-4128-b4a9-5036c7af31a4.png""}",2,,,2023-07-24 23:54:59 UTC,2023-07-24 23:54:59 UTC
90989683,19171,22318,114777,"{""images"":""Deci44100_CCES_010_2367.png"",""sounds"":""Deci44100_CCES_010_2367.mp3"",""subject_id"":""Deci44100_CCES_010_2367"",""#training_subject"":""0""}","{""0"":""https://panoptes-uploads.zooniverse.org/subject_location/259d3edf-0881-4ba9-b8e4-711eba7d217b.mpga"",""1"":""https://panoptes-uploads.zooniverse.org/subject_location/e0378989-67e4-4827-867a-8ad1ee68ac8b.png""}",2,,,2023-07-24 23:54:59 UTC,2023-07-24 23:54:59 UTC
90989684,19171,22318,114777,"{""images"":""Deci44100_CCES_010_2368.png"",""sounds"":""Deci44100_CCES_010_2368.mp3"",""subject_id"":""Deci44100_CCES_010_2368"",""#training_subject"":""0""}","{""0"":""https://panoptes-uploads.zooniverse.org/subject_location/f8c6efc5-f7c0-44e2-b12c-b81fe8f1df39.mpga"",""1"":""https://panoptes-uploads.zooniverse.org/subject_location/deb6bc34-7e0b-4a95-9b85-de7f888c28d0.png""}",3,,,2023-07-24 23:55:00 UTC,2023-07-24 23:55:00 UTC
90989685,19171,22318,114777,"{""images"":""Deci44100_CCES_010_2375.png"",""sounds"":""Deci44100_CCES_010_2375.mp3"",""subject_id"":""Deci44100_CCES_010_2375"",""#training_subject"":""0""}","{""0"":""https://panoptes-uploads.zooniverse.org/subject_location/e96e8dc5-c970-4697-ac4f-685756be321e.mpga"",""1"":""https://panoptes-uploads.zooniverse.org/subject_location/8defba2e-3932-4dcf-a830-fcc8c22086b7.png""}",2,,,2023-07-24 23:55:01 UTC,2023-07-24 23:55:01 UTC
90989686,19171,22318,114777,"{""images"":""Deci44100_CCES_010_2384.png"",""sounds"":""Deci44100_CCES_010_2384.mp3"",""subject_id"":""Deci44100_CCES_010_2384"",""#training_subject"":""0""}","{""0"":""https://panoptes-uploads.zooniverse.org/subject_location/10c7da94-252b-4c6b-90b7-af2f94a011e2.mpga"",""1"":""https://panoptes-uploads.zooniverse.org/subject_location/b4abb644-e30f-4605-8961-ce8402a2e874.png""}",5,,,2023-07-24 23:55:02 UTC,2023-07-24 23:55:02 UTC
90989687,19171,22318,114777,"{""images"":""Deci44100_CCES_010_2386.png"",""sounds"":""Deci44100_CCES_010_2386.mp3"",""subject_id"":""Deci44100_CCES_010_2386"",""#training_subject"":""0""}","{""0"":""https://panoptes-uploads.zooniverse.org/subject_location/01a7dd4a-3fcf-4804-b9aa-f751e70dd74e.mpga"",""1"":""https://panoptes-uploads.zooniverse.org/subject_location/52c277d2-7451-4d09-adbb-f1ba168bd1de.png""}",3,,,2023-07-24 23:55:03 UTC,2023-07-24 23:55:03 UTC
90989688,19171,22318,114777,"{""images"":""Deci44100_CCES_010_2389.png"",""sounds"":""Deci44100_CCES_010_2389.mp3"",""subject_id"":""Deci44100_CCES_010_2389"",""#training_subject"":""0""}","{""0"":""https://panoptes-uploads.zooniverse.org/subject_location/87e88724-ed81-433e-b89a-47cc9872fda2.mpga"",""1"":""https://panoptes-uploads.zooniverse.org/subject_location/e35a04cd-27ac-4be9-b7d3-e043d616c2a2.png""}",3,,,2023-07-24 23:55:03 UTC,2023-07-24 23:55:03 UTC
90989689,19171,22318,114777,"{""images"":""Deci44100_CCES_010_239.png"",""sounds"":""Deci44100_CCES_010_239.mp3"",""subject_id"":""Deci44100_CCES_010_239"",""#training_subject"":""0""}","{""0"":""https://panoptes-uploads.zooniverse.org/subject_location/511e5bf4-16b9-4637-86e9-992a3259606c.mpga"",""1"":""https://panoptes-uploads.zooniverse.org/subject_location/9dc7d325-9d95-45b6-afee-0ecfbb92eba0.png""}",4,,,2023-07-24 23:55:04 UTC,2023-07-24 23:55:04 UTC
90989690,19171,22318,114777,"{""images"":""Deci44100_CCES_010_2391.png"",""sounds"":""Deci44100_CCES_010_2391.mp3"",""subject_id"":""Deci44100_CCES_010_2391"",""#training_subject"":""0""}","{""0"":""https://panoptes-uploads.zooniverse.org/subject_location/95a0ce36-81d9-4697-8c30-c8d232b3187d.mpga"",""1"":""https://panoptes-uploads.zooniverse.org/subject_location/529014fe-277c-4ef0-8581-b666aae64946.png""}",3,,,2023-07-24 23:55:05 UTC,2023-07-24 23:55:05 UTC
90989691,19171,22318,114777,"{""images"":""Deci44100_CCES_010_2393.png"",""sounds"":""Deci44100_CCES_010_2393.mp3"",""subject_id"":""Deci44100_CCES_010_2393"",""#training_subject"":""0""}","{""0"":""https://panoptes-uploads.zooniverse.org/subject_location/b7b7920a-9cd0-4933-9f8b-b0e246f4cccd.mpga"",""1"":""https://panoptes-uploads.zooniverse.org/subject_location/0557d0ca-e351-4f85-94d4-40001e4ecc01.png""}",4,,,2023-07-24 23:55:06 UTC,2023-07-24 23:55:06 UTC
90989692,19171,22318,114777,"{""images"":""Deci44100_CCES_010_24.png"",""sounds"":""Deci44100_CCES_010_24.mp3"",""subject_id"":""Deci44100_CCES_010_24"",""#training_subject"":""0""}","{""0"":""https://panoptes-uploads.zooniverse.org/subject_location/5809bb73-204f-466b-9243-b3600b3bb556.mpga"",""1"":""https://panoptes-uploads.zooniverse.org/subject_location/12fc6395-9fca-40f0-b617-7395856a0ad7.png""}",1,,,2023-07-24 23:55:06 UTC,2023-07-24 23:55:06 UTC
90989693,19171,22318,114777,"{""images"":""Deci44100_CCES_010_240.png"",""sounds"":""Deci44100_CCES_010_240.mp3"",""subject_id"":""Deci44100_CCES_010_240"",""#training_subject"":""0""}","{""0"":""https://panoptes-uploads.zooniverse.org/subject_location/a1268cca-905e-4749-91ce-49ef3d8599f7.mpga"",""1"":""https://panoptes-uploads.zooniverse.org/subject_location/ade29ae9-e95c-4dc6-974b-4326dd61b2ad.png""}",6,,,2023-07-24 23:55:07 UTC,2023-07-24 23:55:07 UTC
90989694,19171,22318,114777,"{""images"":""Deci44100_CCES_010_2400.png"",""sounds"":""Deci44100_CCES_010_2400.mp3"",""subject_id"":""Deci44100_CCES_010_2400"",""#training_subject"":""0""}","{""0"":""https://panoptes-uploads.zooniverse.org/subject_location/bb4e16ca-effe-4f8a-936c-07105332818c.mpga"",""1"":""https://panoptes-uploads.zooniverse.org/subject_location/1726b119-3e10-4528-a0c2-cefcddb2368b.png""}",3,,,2023-07-24 23:55:08 UTC,2023-07-24 23:55:08 UTC
90989695,19171,22318,114777,"{""images"":""Deci44100_CCES_010_2405.png"",""sounds"":""Deci44100_CCES_010_2405.mp3"",""subject_id"":""Deci44100_CCES_010_2405"",""#training_subject"":""0""}","{""0"":""https://panoptes-uploads.zooniverse.org/subject_location/8f7b26b1-63aa-4dcf-bbbf-9f37390094e9.mpga"",""1"":""https://panoptes-uploads.zooniverse.org/subject_location/f5dabd92-722d-4a79-a348-75a28eb7327b.png""}",3,,,2023-07-24 23:55:09 UTC,2023-07-24 23:55:09 UTC
90989696,19171,22318,114777,"{""images"":""Deci44100_CCES_010_2416.png"",""sounds"":""Deci44100_CCES_010_2416.mp3"",""subject_id"":""Deci44100_CCES_010_2416"",""#training_subject"":""0""}","{""0"":""https://panoptes-uploads.zooniverse.org/subject_location/84b8ecfd-26a3-46b8-b1b4-14435d04db4e.mpga"",""1"":""https://panoptes-uploads.zooniverse.org/subject_location/660eebfb-5ebe-4903-86b0-c23431bde5a1.png""}",2,,,2023-07-24 23:55:10 UTC,2023-07-24 23:55:10 UTC
90989697,19171,22318,114777,"{""images"":""Deci44100_CCES_010_2421.png"",""sounds"":""Deci44100_CCES_010_2421.mp3"",""subject_id"":""Deci44100_CCES_010_2421"",""#training_subject"":""0""}","{""0"":""https://panoptes-uploads.zooniverse.org/subject_location/adb73329-e175-4585-b45c-94d204693535.mpga"",""1"":""https://panoptes-uploads.zooniverse.org/subject_location/dd0f3321-2ae6-4512-b69c-f04e62b85721.png""}",2,,,2023-07-24 23:55:10 UTC,2023-07-24 23:55:10 UTC
90989698,19171,22318,114777,"{""images"":""Deci44100_CCES_010_2422.png"",""sounds"":""Deci44100_CCES_010_2422.mp3"",""subject_id"":""Deci44100_CCES_010_2422"",""#training_subject"":""0""}","{""0"":""https://panoptes-uploads.zooniverse.org/subject_location/7987b676-983f-48c2-bee1-eda4788954fe.mpga"",""1"":""https://panoptes-uploads.zooniverse.org/subject_location/71e30d0d-9870-4a50-8f55-60420f8c25f3.png""}",1,,,2023-07-24 23:55:11 UTC,2023-07-24 23:55:11 UTC
90989699,19171,22318,114777,"{""images"":""Deci44100_CCES_010_2427.png"",""sounds"":""Deci44100_CCES_010_2427.mp3"",""subject_id"":""Deci44100_CCES_010_2427"",""#training_subject"":""0""}","{""0"":""https://panoptes-uploads.zooniverse.org/subject_location/9649f28a-880d-48f1-8e1f-acfce668bf95.mpga"",""1"":""https://panoptes-uploads.zooniverse.org/subject_location/0d45c255-d8da-4796-bf1d-565fe0020ee0.png""}",3,,,2023-07-24 23:55:12 UTC,2023-07-24 23:55:12 UTC
90989700,19171,22318,114777,"{""images"":""Deci44100_CCES_010_2435.png"",""sounds"":""Deci44100_CCES_010_2435.mp3"",""subject_id"":""Deci44100_CCES_010_2435"",""#training_subject"":""0""}","{""0"":""https://panoptes-uploads.zooniverse.org/subject_location/16e9ac0f-a745-442e-a447-3a8be27101f8.mpga"",""1"":""https://panoptes-uploads.zooniverse.org/subject_location/77fe8a04-3462-4492-8756-85deaf7afe42.png""}",8,,,2023-07-24 23:55:13 UTC,2023-07-24 23:55:13 UTC
90989701,19171,22318,114777,"{""images"":""Deci44100_CCES_010_2442.png"",""sounds"":""Deci44100_CCES_010_2442.mp3"",""subject_id"":""Deci44100_CCES_010_2442"",""#training_subject"":""0""}","{""0"":""https://panoptes-uploads.zooniverse.org/subject_location/8ce4f96e-4c1b-4b8b-84fe-8bf7c65467be.mpga"",""1"":""https://panoptes-uploads.zooniverse.org/subject_location/642712a7-a421-4aea-bbe1-a588981b2fc8.png""}",2,,,2023-07-24 23:55:13 UTC,2023-07-24 23:55:13 UTC
90989702,19171,22318,114777,"{""images"":""Deci44100_CCES_010_2445.png"",""sounds"":""Deci44100_CCES_010_2445.mp3"",""subject_id"":""Deci44100_CCES_010_2445"",""#training_subject"":""0""}","{""0"":""https://panoptes-uploads.zooniverse.org/subject_location/9e58b906-d1fd-40ff-a444-424d820b004c.mpga"",""1"":""https://panoptes-uploads.zooniverse.org/subject_location/bf253865-4771-43de-a40b-2395becbc8b0.png""}",2,,,2023-07-24 23:55:14 UTC,2023-07-24 23:55:14 UTC
90989703,19171,22318,114777,"{""images"":""Deci44100_CCES_010_2447.png"",""sounds"":""Deci44100_CCES_010_2447.mp3"",""subject_id"":""Deci44100_CCES_010_2447"",""#training_subject"":""0""}","{""0"":""https://panoptes-uploads.zooniverse.org/subject_location/0962f86a-4ef6-4f07-8c29-bb84fa334ba1.mpga"",""1"":""https://panoptes-uploads.zooniverse.org/subject_location/a4af575e-df11-4313-abcb-d93062897314.png""}",1,,,2023-07-24 23:55:15 UTC,2023-07-24 23:55:15 UTC
90989704,19171,22318,114777,"{""images"":""Deci44100_CCES_010_2461.png"",""sounds"":""Deci44100_CCES_010_2461.mp3"",""subject_id"":""Deci44100_CCES_010_2461"",""#training_subject"":""0""}","{""0"":""https://panoptes-uploads.zooniverse.org/subject_location/bee409d6-b22a-4512-bfc7-ea7585014960.mpga"",""1"":""https://panoptes-uploads.zooniverse.org/subject_location/81c63da6-c0f2-4b4c-9ca9-30b4d184514b.png""}",1,,,2023-07-24 23:55:16 UTC,2023-07-24 23:55:16 UTC
90989705,19171,22318,114777,"{""images"":""Deci44100_CCES_010_2465.png"",""sounds"":""Deci44100_CCES_010_2465.mp3"",""subject_id"":""Deci44100_CCES_010_2465"",""#training_subject"":""0""}","{""0"":""https://panoptes-uploads.zooniverse.org/subject_location/db9a5933-ffec-432c-98af-2e98e7e4fc52.mpga"",""1"":""https://panoptes-uploads.zooniverse.org/subject_location/c160b6b6-4e39-46ee-bb67-f12732bb79e1.png""}",3,,,2023-07-24 23:55:16 UTC,2023-07-24 23:55:16 UTC
90989706,19171,22318,114777,"{""images"":""Deci44100_CCES_010_2470.png"",""sounds"":""Deci44100_CCES_010_2470.mp3"",""subject_id"":""Deci44100_CCES_010_2470"",""#training_subject"":""0""}","{""0"":""https://panoptes-uploads.zooniverse.org/subject_location/449d63d7-23ef-4d99-9bea-265ed28ab601.mpga"",""1"":""https://panoptes-uploads.zooniverse.org/subject_location/300c1516-bf96-4bed-97bd-5d3042fc389d.png""}",0,,,2023-07-24 23:55:17 UTC,2023-07-24 23:55:17 UTC
90989707,19171,22318,114777,"{""images"":""Deci44100_CCES_010_2471.png"",""sounds"":""Deci44100_CCES_010_2471.mp3"",""subject_id"":""Deci44100_CCES_010_2471"",""#training_subject"":""0""}","{""0"":""https://panoptes-uploads.zooniverse.org/subject_location/9edcb22f-679e-491a-9aca-726a843a7df8.mpga"",""1"":""https://panoptes-uploads.zooniverse.org/subject_location/e37bd6a4-fbcf-42b8-981a-e34651753247.png""}",6,,,2023-07-24 23:55:18 UTC,2023-07-24 23:55:18 UTC
90989708,19171,22318,114777,"{""images"":""Deci44100_CCES_010_2473.png"",""sounds"":""Deci44100_CCES_010_2473.mp3"",""subject_id"":""Deci44100_CCES_010_2473"",""#training_subject"":""0""}","{""0"":""https://panoptes-uploads.zooniverse.org/subject_location/68cc35b5-9b28-48af-aa76-9b6217e8ad3d.mpga"",""1"":""https://panoptes-uploads.zooniverse.org/subject_location/2d562fc8-cb09-4df7-963f-2521b93cc488.png""}",3,,,2023-07-24 23:55:19 UTC,2023-07-24 23:55:19 UTC
90989709,19171,22318,114777,"{""images"":""Deci44100_CCES_010_2474.png"",""sounds"":""Deci44100_CCES_010_2474.mp3"",""subject_id"":""Deci44100_CCES_010_2474"",""#training_subject"":""0""}","{""0"":""https://panoptes-uploads.zooniverse.org/subject_location/6be894b7-4205-4f75-81eb-0f2a14f66882.mpga"",""1"":""https://panoptes-uploads.zooniverse.org/subject_location/4331e4ff-8742-4e31-8f41-664dfdfe0493.png""}",5,,,2023-07-24 23:55:20 UTC,2023-07-24 23:55:20 UTC
90989710,19171,22318,114777,"{""images"":""Deci44100_CCES_010_2494.png"",""sounds"":""Deci44100_CCES_010_2494.mp3"",""subject_id"":""Deci44100_CCES_010_2494"",""#training_subject"":""0""}","{""0"":""https://panoptes-uploads.zooniverse.org/subject_location/30366ca4-04e1-4f6b-bbfd-f5ed49a61bd2.mpga"",""1"":""https://panoptes-uploads.zooniverse.org/subject_location/0e4e3194-d6bd-4fca-b5ff-82c764e20c7a.png""}",2,,,2023-07-24 23:55:20 UTC,2023-07-24 23:55:20 UTC
90989711,19171,22318,114777,"{""images"":""Deci44100_CCES_010_2499.png"",""sounds"":""Deci44100_CCES_010_2499.mp3"",""subject_id"":""Deci44100_CCES_010_2499"",""#training_subject"":""0""}","{""0"":""https://panoptes-uploads.zooniverse.org/subject_location/0b4dbeac-b271-4947-86b3-15beff7047be.mpga"",""1"":""https://panoptes-uploads.zooniverse.org/subject_location/e2f574b6-fe23-400a-a45e-a3e7988522a9.png""}",1,,,2023-07-24 23:55:21 UTC,2023-07-24 23:55:21 UTC
90989712,19171,22318,114777,"{""images"":""Deci44100_CCES_010_250.png"",""sounds"":""Deci44100_CCES_010_250.mp3"",""subject_id"":""Deci44100_CCES_010_250"",""#training_subject"":""0""}","{""0"":""https://panoptes-uploads.zooniverse.org/subject_location/431c6019-d714-4c41-b42f-5f92102b1c0a.mpga"",""1"":""https://panoptes-uploads.zooniverse.org/subject_location/62b8856f-d498-4865-849a-99db246814fd.png""}",4,,,2023-07-24 23:55:22 UTC,2023-07-24 23:55:22 UTC
90989713,19171,22318,114777,"{""images"":""Deci44100_CCES_010_2504.png"",""sounds"":""Deci44100_CCES_010_2504.mp3"",""subject_id"":""Deci44100_CCES_010_2504"",""#training_subject"":""0""}","{""0"":""https://panoptes-uploads.zooniverse.org/subject_location/eee786b2-e010-44c1-ae6b-b61886e0eb9f.mpga"",""1"":""https://panoptes-uploads.zooniverse.org/subject_location/4528ad88-3ef9-4083-b030-04bda2dc4b2d.png""}",2,,,2023-07-24 23:55:23 UTC,2023-07-24 23:55:23 UTC
90989714,19171,22318,114777,"{""images"":""Deci44100_CCES_010_2512.png"",""sounds"":""Deci44100_CCES_010_2512.mp3"",""subject_id"":""Deci44100_CCES_010_2512"",""#training_subject"":""0""}","{""0"":""https://panoptes-uploads.zooniverse.org/subject_location/e14f0e32-4089-42ba-ad57-9c64f860723f.mpga"",""1"":""https://panoptes-uploads.zooniverse.org/subject_location/c98f8fcc-8642-460e-a056-f432541a1664.png""}",1,,,2023-07-24 23:55:23 UTC,2023-07-24 23:55:23 UTC
90989715,19171,22318,114777,"{""images"":""Deci44100_CCES_010_2537.png"",""sounds"":""Deci44100_CCES_010_2537.mp3"",""subject_id"":""Deci44100_CCES_010_2537"",""#training_subject"":""0""}","{""0"":""https://panoptes-uploads.zooniverse.org/subject_location/23885dea-2a67-42ae-91a9-de3994251a05.mpga"",""1"":""https://panoptes-uploads.zooniverse.org/subject_location/5769c19c-55bb-48c9-a923-5f0727bd7707.png""}",4,,,2023-07-24 23:55:24 UTC,2023-07-24 23:55:24 UTC
90989716,19171,22318,114777,"{""images"":""Deci44100_CCES_010_2539.png"",""sounds"":""Deci44100_CCES_010_2539.mp3"",""subject_id"":""Deci44100_CCES_010_2539"",""#training_subject"":""0""}","{""0"":""https://panoptes-uploads.zooniverse.org/subject_location/bb8697f3-aa88-472a-a9e4-568aace797bd.mpga"",""1"":""https://panoptes-uploads.zooniverse.org/subject_location/85051d0e-b965-4199-b467-5f4aed1771e9.png""}",0,,,2023-07-24 23:55:25 UTC,2023-07-24 23:55:25 UTC
90989717,19171,22318,114777,"{""images"":""Deci44100_CCES_010_2547.png"",""sounds"":""Deci44100_CCES_010_2547.mp3"",""subject_id"":""Deci44100_CCES_010_2547"",""#training_subject"":""0""}","{""0"":""https://panoptes-uploads.zooniverse.org/subject_location/595fec90-4bf4-4324-a47c-c645660f3a5b.mpga"",""1"":""https://panoptes-uploads.zooniverse.org/subject_location/c0f37fbe-3a56-4058-a5b8-23ccfa6e98a4.png""}",3,,,2023-07-24 23:55:25 UTC,2023-07-24 23:55:25 UTC
90989718,19171,22318,114777,"{""images"":""Deci44100_CCES_010_2551.png"",""sounds"":""Deci44100_CCES_010_2551.mp3"",""subject_id"":""Deci44100_CCES_010_2551"",""#training_subject"":""0""}","{""0"":""https://panoptes-uploads.zooniverse.org/subject_location/3a10d383-d07e-4b36-bf7e-442504305cb7.mpga"",""1"":""https://panoptes-uploads.zooniverse.org/subject_location/71efd43b-2edb-4a0a-9aed-94e50ad2f9b3.png""}",4,,,2023-07-24 23:55:26 UTC,2023-07-24 23:55:26 UTC
90989719,19171,22318,114777,"{""images"":""Deci44100_CCES_010_2555.png"",""sounds"":""Deci44100_CCES_010_2555.mp3"",""subject_id"":""Deci44100_CCES_010_2555"",""#training_subject"":""0""}","{""0"":""https://panoptes-uploads.zooniverse.org/subject_location/99b284b2-c3c2-4ad2-be71-3d3609ebcc91.mpga"",""1"":""https://panoptes-uploads.zooniverse.org/subject_location/cb58e67a-ca62-465b-99cf-c186550c2bab.png""}",0,,,2023-07-24 23:55:27 UTC,2023-07-24 23:55:27 UTC
90989720,19171,22318,114777,"{""images"":""Deci44100_CCES_010_256.png"",""sounds"":""Deci44100_CCES_010_256.mp3"",""subject_id"":""Deci44100_CCES_010_256"",""#training_subject"":""0""}","{""0"":""https://panoptes-uploads.zooniverse.org/subject_location/1839f6e6-9e2c-44bc-9f8a-fe6808b17354.mpga"",""1"":""https://panoptes-uploads.zooniverse.org/subject_location/69f7198f-7e6a-4e8e-a381-3733f6f1c39f.png""}",2,,,2023-07-24 23:55:27 UTC,2023-07-24 23:55:27 UTC
90989721,19171,22318,114777,"{""images"":""Deci44100_CCES_010_2560.png"",""sounds"":""Deci44100_CCES_010_2560.mp3"",""subject_id"":""Deci44100_CCES_010_2560"",""#training_subject"":""0""}","{""0"":""https://panoptes-uploads.zooniverse.org/subject_location/097415a0-39b3-48e6-80ee-8f5ebb207ccd.mpga"",""1"":""https://panoptes-uploads.zooniverse.org/subject_location/b326e389-8ad8-450c-ad8a-04ce472f83fc.png""}",3,,,2023-07-24 23:55:28 UTC,2023-07-24 23:55:28 UTC
90989722,19171,22318,114777,"{""images"":""Deci44100_CCES_010_2563.png"",""sounds"":""Deci44100_CCES_010_2563.mp3"",""subject_id"":""Deci44100_CCES_010_2563"",""#training_subject"":""0""}","{""0"":""https://panoptes-uploads.zooniverse.org/subject_location/403098c5-b50e-4c32-88d5-23d665bc36f7.mpga"",""1"":""https://panoptes-uploads.zooniverse.org/subject_location/08e5fac8-2d16-44c7-b2c9-2a21ad32afb0.png""}",1,,,2023-07-24 23:55:29 UTC,2023-07-24 23:55:29 UTC
90989723,19171,22318,114777,"{""images"":""Deci44100_CCES_010_2564.png"",""sounds"":""Deci44100_CCES_010_2564.mp3"",""subject_id"":""Deci44100_CCES_010_2564"",""#training_subject"":""0""}","{""0"":""https://panoptes-uploads.zooniverse.org/subject_location/3d417639-3294-46a9-9323-5f596d91f1b1.mpga"",""1"":""https://panoptes-uploads.zooniverse.org/subject_location/a7a6131d-8183-4d6e-b443-83c65593961f.png""}",2,,,2023-07-24 23:55:30 UTC,2023-07-24 23:55:30 UTC
90989724,19171,22318,114777,"{""images"":""Deci44100_CCES_010_257.png"",""sounds"":""Deci44100_CCES_010_257.mp3"",""subject_id"":""Deci44100_CCES_010_257"",""#training_subject"":""0""}","{""0"":""https://panoptes-uploads.zooniverse.org/subject_location/baebf54f-4e1a-4408-a9f7-a88394f492a2.mpga"",""1"":""https://panoptes-uploads.zooniverse.org/subject_location/fc8f0344-1cc0-43d3-b74d-e871719a0ae1.png""}",2,,,2023-07-24 23:55:30 UTC,2023-07-24 23:55:30 UTC
90989725,19171,22318,114777,"{""images"":""Deci44100_CCES_010_2574.png"",""sounds"":""Deci44100_CCES_010_2574.mp3"",""subject_id"":""Deci44100_CCES_010_2574"",""#training_subject"":""0""}","{""0"":""https://panoptes-uploads.zooniverse.org/subject_location/224e579e-bee0-4de6-914c-d361bc182d47.mpga"",""1"":""https://panoptes-uploads.zooniverse.org/subject_location/e6961eb2-ef98-490f-b0dc-300a6f2564db.png""}",4,,,2023-07-24 23:55:31 UTC,2023-07-24 23:55:31 UTC
90989726,19171,22318,114777,"{""images"":""Deci44100_CCES_010_2586.png"",""sounds"":""Deci44100_CCES_010_2586.mp3"",""subject_id"":""Deci44100_CCES_010_2586"",""#training_subject"":""0""}","{""0"":""https://panoptes-uploads.zooniverse.org/subject_location/0d8f1ae4-9e40-4b92-b285-ad292f4a6489.mpga"",""1"":""https://panoptes-uploads.zooniverse.org/subject_location/a1f05165-3018-4f83-8d83-41509ed9aee4.png""}",5,,,2023-07-24 23:55:32 UTC,2023-07-24 23:55:32 UTC
90989727,19171,22318,114777,"{""images"":""Deci44100_CCES_010_2591.png"",""sounds"":""Deci44100_CCES_010_2591.mp3"",""subject_id"":""Deci44100_CCES_010_2591"",""#training_subject"":""0""}","{""0"":""https://panoptes-uploads.zooniverse.org/subject_location/a81f75d1-a3e9-476e-a96b-be0d71f5f5c2.mpga"",""1"":""https://panoptes-uploads.zooniverse.org/subject_location/8fcc6e26-c87d-4915-accf-45d1d67d932c.png""}",2,,,2023-07-24 23:55:33 UTC,2023-07-24 23:55:33 UTC
90989728,19171,22318,114777,"{""images"":""Deci44100_CCES_010_2594.png"",""sounds"":""Deci44100_CCES_010_2594.mp3"",""subject_id"":""Deci44100_CCES_010_2594"",""#training_subject"":""0""}","{""0"":""https://panoptes-uploads.zooniverse.org/subject_location/696474b5-d539-4eeb-a157-205737ea853c.mpga"",""1"":""https://panoptes-uploads.zooniverse.org/subject_location/4f04694b-da0b-4e79-920b-888d91e26f8f.png""}",3,,,2023-07-24 23:55:34 UTC,2023-07-24 23:55:34 UTC
90989729,19171,22318,114777,"{""images"":""Deci44100_CCES_010_260.png"",""sounds"":""Deci44100_CCES_010_260.mp3"",""subject_id"":""Deci44100_CCES_010_260"",""#training_subject"":""0""}","{""0"":""https://panoptes-uploads.zooniverse.org/subject_location/e7621afb-866f-4993-a55a-4312215510ab.mpga"",""1"":""https://panoptes-uploads.zooniverse.org/subject_location/cc8f6d9f-c5b0-4376-9cd5-511b16963bc6.png""}",2,,,2023-07-24 23:55:34 UTC,2023-07-24 23:55:34 UTC
90989730,19171,22318,114777,"{""images"":""Deci44100_CCES_010_2605.png"",""sounds"":""Deci44100_CCES_010_2605.mp3"",""subject_id"":""Deci44100_CCES_010_2605"",""#training_subject"":""0""}","{""0"":""https://panoptes-uploads.zooniverse.org/subject_location/0eb40432-930d-4e22-9cfb-864bb6d879b6.mpga"",""1"":""https://panoptes-uploads.zooniverse.org/subject_location/a801265c-5d02-4c27-a57c-aaba477db238.png""}",2,,,2023-07-24 23:55:35 UTC,2023-07-24 23:55:35 UTC
90989731,19171,22318,114777,"{""images"":""Deci44100_CCES_010_2610.png"",""sounds"":""Deci44100_CCES_010_2610.mp3"",""subject_id"":""Deci44100_CCES_010_2610"",""#training_subject"":""0""}","{""0"":""https://panoptes-uploads.zooniverse.org/subject_location/84fa916e-4359-449e-b24e-74c4dca3cf3b.mpga"",""1"":""https://panoptes-uploads.zooniverse.org/subject_location/31f07991-f09c-4dfe-80a7-8b1de2821881.png""}",4,,,2023-07-24 23:55:36 UTC,2023-07-24 23:55:36 UTC
90989732,19171,22318,114777,"{""images"":""Deci44100_CCES_010_2627.png"",""sounds"":""Deci44100_CCES_010_2627.mp3"",""subject_id"":""Deci44100_CCES_010_2627"",""#training_subject"":""0""}","{""0"":""https://panoptes-uploads.zooniverse.org/subject_location/843d9d6c-2d72-4f81-99f9-54aabfae157a.mpga"",""1"":""https://panoptes-uploads.zooniverse.org/subject_location/a31b9b41-ef12-42fc-8f85-a2d95831602c.png""}",1,,,2023-07-24 23:55:36 UTC,2023-07-24 23:55:36 UTC
90989733,19171,22318,114777,"{""images"":""Deci44100_CCES_010_2629.png"",""sounds"":""Deci44100_CCES_010_2629.mp3"",""subject_id"":""Deci44100_CCES_010_2629"",""#training_subject"":""0""}","{""0"":""https://panoptes-uploads.zooniverse.org/subject_location/790bedda-5958-4bdf-aaab-15736f857f3e.mpga"",""1"":""https://panoptes-uploads.zooniverse.org/subject_location/8dc4d931-b720-44ac-8bc4-ca910cfbd2a0.png""}",4,,,2023-07-24 23:55:37 UTC,2023-07-24 23:55:37 UTC
90989734,19171,22318,114777,"{""images"":""Deci44100_CCES_010_2633.png"",""sounds"":""Deci44100_CCES_010_2633.mp3"",""subject_id"":""Deci44100_CCES_010_2633"",""#training_subject"":""0""}","{""0"":""https://panoptes-uploads.zooniverse.org/subject_location/f18195ef-ba8d-4872-a0c5-aaa2afe52c08.mpga"",""1"":""https://panoptes-uploads.zooniverse.org/subject_location/7adc7bfb-0aba-48a7-8c7e-0f24e6a416d0.png""}",2,,,2023-07-24 23:55:38 UTC,2023-07-24 23:55:38 UTC
90989735,19171,22318,114777,"{""images"":""Deci44100_CCES_010_2636.png"",""sounds"":""Deci44100_CCES_010_2636.mp3"",""subject_id"":""Deci44100_CCES_010_2636"",""#training_subject"":""0""}","{""0"":""https://panoptes-uploads.zooniverse.org/subject_location/92ea0e0d-7434-47f5-a973-e32ffc061f20.mpga"",""1"":""https://panoptes-uploads.zooniverse.org/subject_location/1674a335-417e-44df-b138-58452930a84e.png""}",4,,,2023-07-24 23:55:38 UTC,2023-07-24 23:55:38 UTC
90989736,19171,22318,114777,"{""images"":""Deci44100_CCES_010_2637.png"",""sounds"":""Deci44100_CCES_010_2637.mp3"",""subject_id"":""Deci44100_CCES_010_2637"",""#training_subject"":""0""}","{""0"":""https://panoptes-uploads.zooniverse.org/subject_location/9304a667-faba-4973-a23c-b2384d964309.mpga"",""1"":""https://panoptes-uploads.zooniverse.org/subject_location/131310ac-064c-4a6a-9eac-c097ee337b1a.png""}",1,,,2023-07-24 23:55:39 UTC,2023-07-24 23:55:39 UTC
90989737,19171,22318,114777,"{""images"":""Deci44100_CCES_010_2639.png"",""sounds"":""Deci44100_CCES_010_2639.mp3"",""subject_id"":""Deci44100_CCES_010_2639"",""#training_subject"":""0""}","{""0"":""https://panoptes-uploads.zooniverse.org/subject_location/fdcfbd2a-69dc-4ecb-bb7d-1cfc0e97ef3e.mpga"",""1"":""https://panoptes-uploads.zooniverse.org/subject_location/bda2c7ed-5487-4169-be28-ac1417f9beeb.png""}",4,,,2023-07-24 23:55:40 UTC,2023-07-24 23:55:40 UTC
90989738,19171,22318,114777,"{""images"":""Deci44100_CCES_010_2641.png"",""sounds"":""Deci44100_CCES_010_2641.mp3"",""subject_id"":""Deci44100_CCES_010_2641"",""#training_subject"":""0""}","{""0"":""https://panoptes-uploads.zooniverse.org/subject_location/a952bbc7-6696-4584-a545-83f181ec5fbf.mpga"",""1"":""https://panoptes-uploads.zooniverse.org/subject_location/35d7b74c-131d-4e5e-856b-8e13de1e1c98.png""}",5,,,2023-07-24 23:55:41 UTC,2023-07-24 23:55:41 UTC
90989739,19171,22318,114777,"{""images"":""Deci44100_CCES_010_2644.png"",""sounds"":""Deci44100_CCES_010_2644.mp3"",""subject_id"":""Deci44100_CCES_010_2644"",""#training_subject"":""0""}","{""0"":""https://panoptes-uploads.zooniverse.org/subject_location/7560c1e1-7aed-4128-97b4-08afbb7124ce.mpga"",""1"":""https://panoptes-uploads.zooniverse.org/subject_location/d2acfe6c-c72a-4075-9829-d260378daaca.png""}",3,,,2023-07-24 23:55:41 UTC,2023-07-24 23:55:41 UTC
90989740,19171,22318,114777,"{""images"":""Deci44100_CCES_010_2645.png"",""sounds"":""Deci44100_CCES_010_2645.mp3"",""subject_id"":""Deci44100_CCES_010_2645"",""#training_subject"":""0""}","{""0"":""https://panoptes-uploads.zooniverse.org/subject_location/3b64bb2a-11be-4761-b50b-81c1ce7544f5.mpga"",""1"":""https://panoptes-uploads.zooniverse.org/subject_location/1df318e3-6032-45dc-b165-fd5cab4e72e3.png""}",1,,,2023-07-24 23:55:42 UTC,2023-07-24 23:55:42 UTC
90989741,19171,22318,114777,"{""images"":""Deci44100_CCES_010_2655.png"",""sounds"":""Deci44100_CCES_010_2655.mp3"",""subject_id"":""Deci44100_CCES_010_2655"",""#training_subject"":""0""}","{""0"":""https://panoptes-uploads.zooniverse.org/subject_location/82f54592-c51f-45cf-a937-0454a523d4bb.mpga"",""1"":""https://panoptes-uploads.zooniverse.org/subject_location/08848577-3364-4590-8ad8-72749fa1a57c.png""}",8,,,2023-07-24 23:55:43 UTC,2023-07-24 23:55:43 UTC
90989742,19171,22318,114777,"{""images"":""Deci44100_CCES_010_2657.png"",""sounds"":""Deci44100_CCES_010_2657.mp3"",""subject_id"":""Deci44100_CCES_010_2657"",""#training_subject"":""0""}","{""0"":""https://panoptes-uploads.zooniverse.org/subject_location/c7e365e0-b947-41d1-b47a-f28bed300f49.mpga"",""1"":""https://panoptes-uploads.zooniverse.org/subject_location/8b1b5efe-42ec-41c6-96d7-e06a494cb97a.png""}",2,,,2023-07-24 23:55:44 UTC,2023-07-24 23:55:44 UTC
90989743,19171,22318,114777,"{""images"":""Deci44100_CCES_010_2659.png"",""sounds"":""Deci44100_CCES_010_2659.mp3"",""subject_id"":""Deci44100_CCES_010_2659"",""#training_subject"":""0""}","{""0"":""https://panoptes-uploads.zooniverse.org/subject_location/403b72b2-22f8-4dac-b1ca-49a1a3ee330b.mpga"",""1"":""https://panoptes-uploads.zooniverse.org/subject_location/e7465b1e-21f3-46db-ba92-e6473db673c3.png""}",2,,,2023-07-24 23:55:45 UTC,2023-07-24 23:55:45 UTC
90989744,19171,22318,114777,"{""images"":""Deci44100_CCES_010_266.png"",""sounds"":""Deci44100_CCES_010_266.mp3"",""subject_id"":""Deci44100_CCES_010_266"",""#training_subject"":""0""}","{""0"":""https://panoptes-uploads.zooniverse.org/subject_location/b333c5f0-5182-4dee-9149-19fba5d8d383.mpga"",""1"":""https://panoptes-uploads.zooniverse.org/subject_location/08f00e3a-e2f8-471a-af9b-4477579ab0bb.png""}",3,,,2023-07-24 23:55:45 UTC,2023-07-24 23:55:45 UTC
90989745,19171,22318,114777,"{""images"":""Deci44100_CCES_010_2661.png"",""sounds"":""Deci44100_CCES_010_2661.mp3"",""subject_id"":""Deci44100_CCES_010_2661"",""#training_subject"":""0""}","{""0"":""https://panoptes-uploads.zooniverse.org/subject_location/f5b85690-9fb8-4578-a3a8-3db4d6f59acc.mpga"",""1"":""https://panoptes-uploads.zooniverse.org/subject_location/377b7317-18d5-4be0-85fa-bd5914f9876e.png""}",2,,,2023-07-24 23:55:46 UTC,2023-07-24 23:55:46 UTC
90989746,19171,22318,114777,"{""images"":""Deci44100_CCES_010_2674.png"",""sounds"":""Deci44100_CCES_010_2674.mp3"",""subject_id"":""Deci44100_CCES_010_2674"",""#training_subject"":""0""}","{""0"":""https://panoptes-uploads.zooniverse.org/subject_location/2e23d264-2d28-46ba-9441-71b9dc030c35.mpga"",""1"":""https://panoptes-uploads.zooniverse.org/subject_location/5b36a386-5741-4d16-9899-2338fbbd7e17.png""}",2,,,2023-07-24 23:55:47 UTC,2023-07-24 23:55:47 UTC
90989747,19171,22318,114777,"{""images"":""Deci44100_CCES_010_2676.png"",""sounds"":""Deci44100_CCES_010_2676.mp3"",""subject_id"":""Deci44100_CCES_010_2676"",""#training_subject"":""0""}","{""0"":""https://panoptes-uploads.zooniverse.org/subject_location/234acd9e-56ed-426d-8793-faebc3957fd7.mpga"",""1"":""https://panoptes-uploads.zooniverse.org/subject_location/35042a0d-ad0d-4795-b82e-cb3a4482d6cb.png""}",3,,,2023-07-24 23:55:47 UTC,2023-07-24 23:55:47 UTC
90989748,19171,22318,114777,"{""images"":""Deci44100_CCES_010_2679.png"",""sounds"":""Deci44100_CCES_010_2679.mp3"",""subject_id"":""Deci44100_CCES_010_2679"",""#training_subject"":""0""}","{""0"":""https://panoptes-uploads.zooniverse.org/subject_location/1e16b4cc-5825-4a57-b46d-15e672238a66.mpga"",""1"":""https://panoptes-uploads.zooniverse.org/subject_location/6b7b3a56-627f-4556-981a-75815ca6e805.png""}",3,,,2023-07-24 23:55:48 UTC,2023-07-24 23:55:48 UTC
90989749,19171,22318,114777,"{""images"":""Deci44100_CCES_010_268.png"",""sounds"":""Deci44100_CCES_010_268.mp3"",""subject_id"":""Deci44100_CCES_010_268"",""#training_subject"":""0""}","{""0"":""https://panoptes-uploads.zooniverse.org/subject_location/51d9ec91-59ef-4568-9b72-7e96c5fe8938.mpga"",""1"":""https://panoptes-uploads.zooniverse.org/subject_location/bcf08df5-cae0-4acd-aaa6-70826ae9f54a.png""}",1,,,2023-07-24 23:55:49 UTC,2023-07-24 23:55:49 UTC
90989750,19171,22318,114777,"{""images"":""Deci44100_CCES_010_2686.png"",""sounds"":""Deci44100_CCES_010_2686.mp3"",""subject_id"":""Deci44100_CCES_010_2686"",""#training_subject"":""0""}","{""0"":""https://panoptes-uploads.zooniverse.org/subject_location/f5650ad3-3c08-4072-84d7-df051107e8fe.mpga"",""1"":""https://panoptes-uploads.zooniverse.org/subject_location/9e886039-dacb-4477-9acb-ea4911954b52.png""}",1,,,2023-07-24 23:55:50 UTC,2023-07-24 23:55:50 UTC
90989751,19171,22318,114777,"{""images"":""Deci44100_CCES_010_2687.png"",""sounds"":""Deci44100_CCES_010_2687.mp3"",""subject_id"":""Deci44100_CCES_010_2687"",""#training_subject"":""0""}","{""0"":""https://panoptes-uploads.zooniverse.org/subject_location/0a3129bf-96d8-45f2-96ef-7d86da91d2cc.mpga"",""1"":""https://panoptes-uploads.zooniverse.org/subject_location/2dc466a3-b6ab-43fc-bdf0-0b1552b2b2f6.png""}",2,,,2023-07-24 23:55:51 UTC,2023-07-24 23:55:51 UTC
90989752,19171,22318,114777,"{""images"":""Deci44100_CCES_010_269.png"",""sounds"":""Deci44100_CCES_010_269.mp3"",""subject_id"":""Deci44100_CCES_010_269"",""#training_subject"":""0""}","{""0"":""https://panoptes-uploads.zooniverse.org/subject_location/89e16bbc-239c-419f-9f11-e7ab5c0140f1.mpga"",""1"":""https://panoptes-uploads.zooniverse.org/subject_location/c1369225-42d0-4b88-9dc7-0d1eb2767d82.png""}",3,,,2023-07-24 23:55:51 UTC,2023-07-24 23:55:51 UTC
90989753,19171,22318,114777,"{""images"":""Deci44100_CCES_010_2690.png"",""sounds"":""Deci44100_CCES_010_2690.mp3"",""subject_id"":""Deci44100_CCES_010_2690"",""#training_subject"":""0""}","{""0"":""https://panoptes-uploads.zooniverse.org/subject_location/c01a34fe-3373-4bc2-8c42-f695fca1011d.mpga"",""1"":""https://panoptes-uploads.zooniverse.org/subject_location/672df5b2-dc33-4c14-b1be-134131104ccd.png""}",3,,,2023-07-24 23:55:53 UTC,2023-07-24 23:55:53 UTC
90989754,19171,22318,114777,"{""images"":""Deci44100_CCES_010_2701.png"",""sounds"":""Deci44100_CCES_010_2701.mp3"",""subject_id"":""Deci44100_CCES_010_2701"",""#training_subject"":""0""}","{""0"":""https://panoptes-uploads.zooniverse.org/subject_location/b2578790-0b66-49ba-b0cc-189b3b8f37f9.mpga"",""1"":""https://panoptes-uploads.zooniverse.org/subject_location/941090bb-42e6-4e1b-a081-5f0990ef713f.png""}",1,,,2023-07-24 23:55:54 UTC,2023-07-24 23:55:54 UTC
90989755,19171,22318,114777,"{""images"":""Deci44100_CCES_010_2702.png"",""sounds"":""Deci44100_CCES_010_2702.mp3"",""subject_id"":""Deci44100_CCES_010_2702"",""#training_subject"":""0""}","{""0"":""https://panoptes-uploads.zooniverse.org/subject_location/9e78ed4e-1628-4306-8e36-90fd02e7564a.mpga"",""1"":""https://panoptes-uploads.zooniverse.org/subject_location/f1f82b12-7cb7-455f-9695-3e2e28ebb8bb.png""}",1,,,2023-07-24 23:55:54 UTC,2023-07-24 23:55:54 UTC
90989756,19171,22318,114777,"{""images"":""Deci44100_CCES_010_2703.png"",""sounds"":""Deci44100_CCES_010_2703.mp3"",""subject_id"":""Deci44100_CCES_010_2703"",""#training_subject"":""0""}","{""0"":""https://panoptes-uploads.zooniverse.org/subject_location/3a5f1991-d8a3-4941-90e0-85d51f4410a4.mpga"",""1"":""https://panoptes-uploads.zooniverse.org/subject_location/382db989-8733-4eb0-989c-a6d2f6740067.png""}",5,,,2023-07-24 23:55:55 UTC,2023-07-24 23:55:55 UTC
90989757,19171,22318,114777,"{""images"":""Deci44100_CCES_010_2705.png"",""sounds"":""Deci44100_CCES_010_2705.mp3"",""subject_id"":""Deci44100_CCES_010_2705"",""#training_subject"":""0""}","{""0"":""https://panoptes-uploads.zooniverse.org/subject_location/43447d3b-0c83-4a29-b346-8aa89b70ae54.mpga"",""1"":""https://panoptes-uploads.zooniverse.org/subject_location/36f50288-7db6-48be-bc15-39d448488ead.png""}",5,,,2023-07-24 23:55:56 UTC,2023-07-24 23:55:56 UTC
90989758,19171,22318,114777,"{""images"":""Deci44100_CCES_010_2709.png"",""sounds"":""Deci44100_CCES_010_2709.mp3"",""subject_id"":""Deci44100_CCES_010_2709"",""#training_subject"":""0""}","{""0"":""https://panoptes-uploads.zooniverse.org/subject_location/8a53988a-b911-4a65-afc1-db4fb2e97f6b.mpga"",""1"":""https://panoptes-uploads.zooniverse.org/subject_location/7a461e7a-770e-46f8-ad0b-e34081cbd090.png""}",3,,,2023-07-24 23:55:57 UTC,2023-07-24 23:55:57 UTC
90989759,19171,22318,114777,"{""images"":""Deci44100_CCES_010_2710.png"",""sounds"":""Deci44100_CCES_010_2710.mp3"",""subject_id"":""Deci44100_CCES_010_2710"",""#training_subject"":""0""}","{""0"":""https://panoptes-uploads.zooniverse.org/subject_location/d4e0090c-33b3-4826-9a67-66b343624306.mpga"",""1"":""https://panoptes-uploads.zooniverse.org/subject_location/05e92340-db47-41a9-bbfe-bd9869ef8a60.png""}",2,,,2023-07-24 23:55:58 UTC,2023-07-24 23:55:58 UTC
90989760,19171,22318,114777,"{""images"":""Deci44100_CCES_010_2711.png"",""sounds"":""Deci44100_CCES_010_2711.mp3"",""subject_id"":""Deci44100_CCES_010_2711"",""#training_subject"":""0""}","{""0"":""https://panoptes-uploads.zooniverse.org/subject_location/97af7d11-8c29-41e5-a564-f934a82a76b5.mpga"",""1"":""https://panoptes-uploads.zooniverse.org/subject_location/e6f5a44c-f1e7-40ce-beee-e662a1977959.png""}",6,,,2023-07-24 23:55:58 UTC,2023-07-24 23:55:58 UTC
90989761,19171,22318,114777,"{""images"":""Deci44100_CCES_010_2715.png"",""sounds"":""Deci44100_CCES_010_2715.mp3"",""subject_id"":""Deci44100_CCES_010_2715"",""#training_subject"":""0""}","{""0"":""https://panoptes-uploads.zooniverse.org/subject_location/6e2fc91c-b7f8-4e37-8788-533be91101ed.mpga"",""1"":""https://panoptes-uploads.zooniverse.org/subject_location/88394c05-ee4d-40ae-8ffa-27d9ba92c7ab.png""}",4,,,2023-07-24 23:55:59 UTC,2023-07-24 23:55:59 UTC
90989762,19171,22318,114777,"{""images"":""Deci44100_CCES_010_2718.png"",""sounds"":""Deci44100_CCES_010_2718.mp3"",""subject_id"":""Deci44100_CCES_010_2718"",""#training_subject"":""0""}","{""0"":""https://panoptes-uploads.zooniverse.org/subject_location/e69105f0-793b-47a3-8dd4-8cc65584a467.mpga"",""1"":""https://panoptes-uploads.zooniverse.org/subject_location/febc1f86-7040-4169-8670-bed38e48164e.png""}",1,,,2023-07-24 23:56:00 UTC,2023-07-24 23:56:00 UTC
90989763,19171,22318,114777,"{""images"":""Deci44100_CCES_010_2723.png"",""sounds"":""Deci44100_CCES_010_2723.mp3"",""subject_id"":""Deci44100_CCES_010_2723"",""#training_subject"":""0""}","{""0"":""https://panoptes-uploads.zooniverse.org/subject_location/a2016a91-870a-4fde-ad5b-73ad3fc986d8.mpga"",""1"":""https://panoptes-uploads.zooniverse.org/subject_location/b7999adf-f143-4c3f-b056-74b6c6291010.png""}",3,,,2023-07-24 23:56:00 UTC,2023-07-24 23:56:00 UTC
90989764,19171,22318,114777,"{""images"":""Deci44100_CCES_010_2725.png"",""sounds"":""Deci44100_CCES_010_2725.mp3"",""subject_id"":""Deci44100_CCES_010_2725"",""#training_subject"":""0""}","{""0"":""https://panoptes-uploads.zooniverse.org/subject_location/6424d380-cdf1-48c1-8e95-43de8a6489e6.mpga"",""1"":""https://panoptes-uploads.zooniverse.org/subject_location/897019f0-e777-4def-9e16-5f6af58f5397.png""}",4,,,2023-07-24 23:56:01 UTC,2023-07-24 23:56:01 UTC
90989765,19171,22318,114777,"{""images"":""Deci44100_CCES_010_2726.png"",""sounds"":""Deci44100_CCES_010_2726.mp3"",""subject_id"":""Deci44100_CCES_010_2726"",""#training_subject"":""0""}","{""0"":""https://panoptes-uploads.zooniverse.org/subject_location/8fa264fa-4a4b-4c8a-bf1c-9cd0e2a88d06.mpga"",""1"":""https://panoptes-uploads.zooniverse.org/subject_location/266641f6-d726-4ba0-aefe-24569b543a82.png""}",6,,,2023-07-24 23:56:02 UTC,2023-07-24 23:56:02 UTC
90989766,19171,22318,114777,"{""images"":""Deci44100_CCES_010_2727.png"",""sounds"":""Deci44100_CCES_010_2727.mp3"",""subject_id"":""Deci44100_CCES_010_2727"",""#training_subject"":""0""}","{""0"":""https://panoptes-uploads.zooniverse.org/subject_location/979da85f-53fc-4c53-81be-81c154b85610.mpga"",""1"":""https://panoptes-uploads.zooniverse.org/subject_location/6ac8426e-0280-4bf1-a08e-c33f6ca0e4b1.png""}",2,,,2023-07-24 23:56:03 UTC,2023-07-24 23:56:03 UTC
90989767,19171,22318,114777,"{""images"":""Deci44100_CCES_010_2732.png"",""sounds"":""Deci44100_CCES_010_2732.mp3"",""subject_id"":""Deci44100_CCES_010_2732"",""#training_subject"":""0""}","{""0"":""https://panoptes-uploads.zooniverse.org/subject_location/db2acba9-3376-4e37-8a34-817d58409046.mpga"",""1"":""https://panoptes-uploads.zooniverse.org/subject_location/4127b8b5-b13d-4d7b-b254-fe9406ad9683.png""}",5,,,2023-07-24 23:56:03 UTC,2023-07-24 23:56:03 UTC
90989768,19171,22318,114777,"{""images"":""Deci44100_CCES_010_2733.png"",""sounds"":""Deci44100_CCES_010_2733.mp3"",""subject_id"":""Deci44100_CCES_010_2733"",""#training_subject"":""0""}","{""0"":""https://panoptes-uploads.zooniverse.org/subject_location/66eab8db-92bf-4bd1-973f-86d1846a54fd.mpga"",""1"":""https://panoptes-uploads.zooniverse.org/subject_location/fff2c311-e08f-4cc0-b8db-4a92897dfa50.png""}",4,,,2023-07-24 23:56:04 UTC,2023-07-24 23:56:04 UTC
90989769,19171,22318,114777,"{""images"":""Deci44100_CCES_010_2736.png"",""sounds"":""Deci44100_CCES_010_2736.mp3"",""subject_id"":""Deci44100_CCES_010_2736"",""#training_subject"":""0""}","{""0"":""https://panoptes-uploads.zooniverse.org/subject_location/9b5d0a36-e2fd-435b-ad2f-bddd27cf2cfb.mpga"",""1"":""https://panoptes-uploads.zooniverse.org/subject_location/a8057f5f-aaaf-48b2-97b9-975dc279af4c.png""}",3,,,2023-07-24 23:56:05 UTC,2023-07-24 23:56:05 UTC
90989770,19171,22318,114777,"{""images"":""Deci44100_CCES_010_2737.png"",""sounds"":""Deci44100_CCES_010_2737.mp3"",""subject_id"":""Deci44100_CCES_010_2737"",""#training_subject"":""0""}","{""0"":""https://panoptes-uploads.zooniverse.org/subject_location/7b2b47ce-65a2-4fb0-8963-86bbf6b5f9bd.mpga"",""1"":""https://panoptes-uploads.zooniverse.org/subject_location/12781f25-d031-44a7-81cb-589f4ff3f1d2.png""}",2,,,2023-07-24 23:56:06 UTC,2023-07-24 23:56:06 UTC
90989771,19171,22318,114777,"{""images"":""Deci44100_CCES_010_2746.png"",""sounds"":""Deci44100_CCES_010_2746.mp3"",""subject_id"":""Deci44100_CCES_010_2746"",""#training_subject"":""0""}","{""0"":""https://panoptes-uploads.zooniverse.org/subject_location/ffa92a96-965a-47ca-862c-3ebb1bd6d3d8.mpga"",""1"":""https://panoptes-uploads.zooniverse.org/subject_location/afeca6d2-0382-48b9-97ba-0c7e95c70560.png""}",3,,,2023-07-24 23:56:06 UTC,2023-07-24 23:56:06 UTC
90989772,19171,22318,114777,"{""images"":""Deci44100_CCES_010_2747.png"",""sounds"":""Deci44100_CCES_010_2747.mp3"",""subject_id"":""Deci44100_CCES_010_2747"",""#training_subject"":""0""}","{""0"":""https://panoptes-uploads.zooniverse.org/subject_location/8b8b2d00-5825-4420-951d-b87fcb219b9f.mpga"",""1"":""https://panoptes-uploads.zooniverse.org/subject_location/c17d1c11-e4af-4b2f-984e-5c531842fdf5.png""}",3,,,2023-07-24 23:56:07 UTC,2023-07-24 23:56:07 UTC
90989773,19171,22318,114777,"{""images"":""Deci44100_CCES_010_2748.png"",""sounds"":""Deci44100_CCES_010_2748.mp3"",""subject_id"":""Deci44100_CCES_010_2748"",""#training_subject"":""0""}","{""0"":""https://panoptes-uploads.zooniverse.org/subject_location/ff8b272c-0407-4c2b-9fb6-93d395e163a9.mpga"",""1"":""https://panoptes-uploads.zooniverse.org/subject_location/672142af-7b31-4de7-817b-f5f001441739.png""}",3,,,2023-07-24 23:56:08 UTC,2023-07-24 23:56:08 UTC
90989774,19171,22318,114777,"{""images"":""Deci44100_CCES_010_2749.png"",""sounds"":""Deci44100_CCES_010_2749.mp3"",""subject_id"":""Deci44100_CCES_010_2749"",""#training_subject"":""0""}","{""0"":""https://panoptes-uploads.zooniverse.org/subject_location/49829e1b-f272-438e-915f-e91e1fc1befe.mpga"",""1"":""https://panoptes-uploads.zooniverse.org/subject_location/2887d5b6-56d1-4fdb-b36c-be3c155dfb38.png""}",4,,,2023-07-24 23:56:08 UTC,2023-07-24 23:56:08 UTC
90989775,19171,22318,114777,"{""images"":""Deci44100_CCES_010_2754.png"",""sounds"":""Deci44100_CCES_010_2754.mp3"",""subject_id"":""Deci44100_CCES_010_2754"",""#training_subject"":""0""}","{""0"":""https://panoptes-uploads.zooniverse.org/subject_location/8a804f5a-aa65-4bdd-b6d3-551580dd7faa.mpga"",""1"":""https://panoptes-uploads.zooniverse.org/subject_location/11bbf5ab-c6b9-45d4-95cc-b85b395049db.png""}",4,,,2023-07-24 23:56:09 UTC,2023-07-24 23:56:09 UTC
90989776,19171,22318,114777,"{""images"":""Deci44100_CCES_010_2755.png"",""sounds"":""Deci44100_CCES_010_2755.mp3"",""subject_id"":""Deci44100_CCES_010_2755"",""#training_subject"":""0""}","{""0"":""https://panoptes-uploads.zooniverse.org/subject_location/abb8ce83-66a1-47ab-9427-f7544bfaea3e.mpga"",""1"":""https://panoptes-uploads.zooniverse.org/subject_location/c4ceb1ff-07cd-4e8c-81ff-26d4d8b7686d.png""}",1,,,2023-07-24 23:56:10 UTC,2023-07-24 23:56:10 UTC
90989777,19171,22318,114777,"{""images"":""Deci44100_CCES_010_2757.png"",""sounds"":""Deci44100_CCES_010_2757.mp3"",""subject_id"":""Deci44100_CCES_010_2757"",""#training_subject"":""0""}","{""0"":""https://panoptes-uploads.zooniverse.org/subject_location/2f5f745e-471e-42b7-9679-eacd25543708.mpga"",""1"":""https://panoptes-uploads.zooniverse.org/subject_location/afb24e5d-297c-4301-9047-e0b89c3595bd.png""}",2,,,2023-07-24 23:56:11 UTC,2023-07-24 23:56:11 UTC
90989778,19171,22318,114777,"{""images"":""Deci44100_CCES_010_2766.png"",""sounds"":""Deci44100_CCES_010_2766.mp3"",""subject_id"":""Deci44100_CCES_010_2766"",""#training_subject"":""0""}","{""0"":""https://panoptes-uploads.zooniverse.org/subject_location/a927220f-dde3-48a7-8f08-3c1410be028d.mpga"",""1"":""https://panoptes-uploads.zooniverse.org/subject_location/920f9c46-7e03-47a7-8992-17ef60b63669.png""}",5,,,2023-07-24 23:56:11 UTC,2023-07-24 23:56:11 UTC
90989779,19171,22318,114777,"{""images"":""Deci44100_CCES_010_2776.png"",""sounds"":""Deci44100_CCES_010_2776.mp3"",""subject_id"":""Deci44100_CCES_010_2776"",""#training_subject"":""0""}","{""0"":""https://panoptes-uploads.zooniverse.org/subject_location/0b1cac42-8cba-4dca-b008-a2ec6d071a27.mpga"",""1"":""https://panoptes-uploads.zooniverse.org/subject_location/bf440f79-3dc6-4cfe-980c-affda4441bf2.png""}",4,,,2023-07-24 23:56:12 UTC,2023-07-24 23:56:12 UTC
90989780,19171,22318,114777,"{""images"":""Deci44100_CCES_010_2782.png"",""sounds"":""Deci44100_CCES_010_2782.mp3"",""subject_id"":""Deci44100_CCES_010_2782"",""#training_subject"":""0""}","{""0"":""https://panoptes-uploads.zooniverse.org/subject_location/b63235c4-5524-4b39-a022-b5213d855c86.mpga"",""1"":""https://panoptes-uploads.zooniverse.org/subject_location/ced3248d-f8c2-4080-92ab-addb2bdb4ab7.png""}",5,,,2023-07-24 23:56:13 UTC,2023-07-24 23:56:13 UTC
90989781,19171,22318,114777,"{""images"":""Deci44100_CCES_010_2787.png"",""sounds"":""Deci44100_CCES_010_2787.mp3"",""subject_id"":""Deci44100_CCES_010_2787"",""#training_subject"":""0""}","{""0"":""https://panoptes-uploads.zooniverse.org/subject_location/c2aaa4ad-cfce-413e-b627-084b1bcdc282.mpga"",""1"":""https://panoptes-uploads.zooniverse.org/subject_location/08748ccd-9844-47d6-9c58-9a1e53829b15.png""}",1,,,2023-07-24 23:56:14 UTC,2023-07-24 23:56:14 UTC
90989782,19171,22318,114777,"{""images"":""Deci44100_CCES_010_2788.png"",""sounds"":""Deci44100_CCES_010_2788.mp3"",""subject_id"":""Deci44100_CCES_010_2788"",""#training_subject"":""0""}","{""0"":""https://panoptes-uploads.zooniverse.org/subject_location/f554ee47-392c-496a-bd10-f9aea3c3c6a5.mpga"",""1"":""https://panoptes-uploads.zooniverse.org/subject_location/89d15156-f5f4-4707-9142-2a53cc242aa0.png""}",7,,,2023-07-24 23:56:15 UTC,2023-07-24 23:56:15 UTC
90989783,19171,22318,114777,"{""images"":""Deci44100_CCES_010_2792.png"",""sounds"":""Deci44100_CCES_010_2792.mp3"",""subject_id"":""Deci44100_CCES_010_2792"",""#training_subject"":""0""}","{""0"":""https://panoptes-uploads.zooniverse.org/subject_location/f93191ab-04b1-401f-82a7-5180fea5c1da.mpga"",""1"":""https://panoptes-uploads.zooniverse.org/subject_location/4c7a806f-7193-41dc-aa48-69c735afd4b6.png""}",0,,,2023-07-24 23:56:15 UTC,2023-07-24 23:56:15 UTC
90989784,19171,22318,114777,"{""images"":""Deci44100_CCES_010_2794.png"",""sounds"":""Deci44100_CCES_010_2794.mp3"",""subject_id"":""Deci44100_CCES_010_2794"",""#training_subject"":""0""}","{""0"":""https://panoptes-uploads.zooniverse.org/subject_location/e9af27b6-ca92-447f-a052-3396328ede9b.mpga"",""1"":""https://panoptes-uploads.zooniverse.org/subject_location/bcb039a5-d569-4296-b896-e5b46668379f.png""}",1,,,2023-07-24 23:56:16 UTC,2023-07-24 23:56:16 UTC
90989785,19171,22318,114777,"{""images"":""Deci44100_CCES_010_2802.png"",""sounds"":""Deci44100_CCES_010_2802.mp3"",""subject_id"":""Deci44100_CCES_010_2802"",""#training_subject"":""0""}","{""0"":""https://panoptes-uploads.zooniverse.org/subject_location/b91b5658-12f1-473a-8089-b55392a7b7df.mpga"",""1"":""https://panoptes-uploads.zooniverse.org/subject_location/8e0285ff-3850-41e8-a481-89961903da0b.png""}",4,,,2023-07-24 23:56:17 UTC,2023-07-24 23:56:17 UTC
90989786,19171,22318,114777,"{""images"":""Deci44100_CCES_010_2807.png"",""sounds"":""Deci44100_CCES_010_2807.mp3"",""subject_id"":""Deci44100_CCES_010_2807"",""#training_subject"":""0""}","{""0"":""https://panoptes-uploads.zooniverse.org/subject_location/95fbea2a-02e3-4080-b801-abafc77f66c5.mpga"",""1"":""https://panoptes-uploads.zooniverse.org/subject_location/12bde02f-50c7-4d2a-ac60-21d415b1d748.png""}",1,,,2023-07-24 23:56:18 UTC,2023-07-24 23:56:18 UTC
90989787,19171,22318,114777,"{""images"":""Deci44100_CCES_010_281.png"",""sounds"":""Deci44100_CCES_010_281.mp3"",""subject_id"":""Deci44100_CCES_010_281"",""#training_subject"":""0""}","{""0"":""https://panoptes-uploads.zooniverse.org/subject_location/28c55ba7-6364-4ad4-b79c-e14c0fab4ea4.mpga"",""1"":""https://panoptes-uploads.zooniverse.org/subject_location/14123298-c2ce-4861-bffb-049900ea766e.png""}",1,,,2023-07-24 23:56:19 UTC,2023-07-24 23:56:19 UTC
90989788,19171,22318,114777,"{""images"":""Deci44100_CCES_010_2815.png"",""sounds"":""Deci44100_CCES_010_2815.mp3"",""subject_id"":""Deci44100_CCES_010_2815"",""#training_subject"":""0""}","{""0"":""https://panoptes-uploads.zooniverse.org/subject_location/5be68465-e86b-4bac-af59-70777a6ae363.mpga"",""1"":""https://panoptes-uploads.zooniverse.org/subject_location/35da0f3f-3852-435c-b704-f0a29fe2827d.png""}",6,,,2023-07-24 23:56:20 UTC,2023-07-24 23:56:20 UTC
90989789,19171,22318,114777,"{""images"":""Deci44100_CCES_010_2816.png"",""sounds"":""Deci44100_CCES_010_2816.mp3"",""subject_id"":""Deci44100_CCES_010_2816"",""#training_subject"":""0""}","{""0"":""https://panoptes-uploads.zooniverse.org/subject_location/7cee6a09-8a74-4f77-9c17-5eb33855924f.mpga"",""1"":""https://panoptes-uploads.zooniverse.org/subject_location/5251c94f-f7c0-40a5-916a-28b212cbecd5.png""}",3,,,2023-07-24 23:56:21 UTC,2023-07-24 23:56:21 UTC
90989790,19171,22318,114777,"{""images"":""Deci44100_CCES_010_2819.png"",""sounds"":""Deci44100_CCES_010_2819.mp3"",""subject_id"":""Deci44100_CCES_010_2819"",""#training_subject"":""0""}","{""0"":""https://panoptes-uploads.zooniverse.org/subject_location/ff67399b-7279-459b-9b30-aa56e69ef674.mpga"",""1"":""https://panoptes-uploads.zooniverse.org/subject_location/0df69d18-ca2c-45ed-a14c-662cf3b74ec6.png""}",0,,,2023-07-24 23:56:22 UTC,2023-07-24 23:56:22 UTC
90989791,19171,22318,114777,"{""images"":""Deci44100_CCES_010_2826.png"",""sounds"":""Deci44100_CCES_010_2826.mp3"",""subject_id"":""Deci44100_CCES_010_2826"",""#training_subject"":""0""}","{""0"":""https://panoptes-uploads.zooniverse.org/subject_location/2b9d7b2e-ae0c-472e-adfb-8b0613d4a4e8.mpga"",""1"":""https://panoptes-uploads.zooniverse.org/subject_location/29554a78-123b-4fd0-bcd7-ffb95b504497.png""}",2,,,2023-07-24 23:56:22 UTC,2023-07-24 23:56:22 UTC
90989792,19171,22318,114777,"{""images"":""Deci44100_CCES_010_2831.png"",""sounds"":""Deci44100_CCES_010_2831.mp3"",""subject_id"":""Deci44100_CCES_010_2831"",""#training_subject"":""0""}","{""0"":""https://panoptes-uploads.zooniverse.org/subject_location/2ea97391-4124-4805-b9ec-a4015d10f863.mpga"",""1"":""https://panoptes-uploads.zooniverse.org/subject_location/bab5e5ab-3864-4823-8a41-4f109163cc58.png""}",3,,,2023-07-24 23:56:23 UTC,2023-07-24 23:56:23 UTC
90989793,19171,22318,114777,"{""images"":""Deci44100_CCES_010_2847.png"",""sounds"":""Deci44100_CCES_010_2847.mp3"",""subject_id"":""Deci44100_CCES_010_2847"",""#training_subject"":""0""}","{""0"":""https://panoptes-uploads.zooniverse.org/subject_location/5cc7c8d1-435a-436b-87c0-297f1277df77.mpga"",""1"":""https://panoptes-uploads.zooniverse.org/subject_location/463ec694-3f6a-434f-9c01-0b13db03498c.png""}",4,,,2023-07-24 23:56:24 UTC,2023-07-24 23:56:24 UTC
90989794,19171,22318,114777,"{""images"":""Deci44100_CCES_010_2848.png"",""sounds"":""Deci44100_CCES_010_2848.mp3"",""subject_id"":""Deci44100_CCES_010_2848"",""#training_subject"":""0""}","{""0"":""https://panoptes-uploads.zooniverse.org/subject_location/cf8534f7-2f13-4c73-9807-147dc660ddae.mpga"",""1"":""https://panoptes-uploads.zooniverse.org/subject_location/fe465f46-4ee7-42bb-ac38-8bda1a871648.png""}",2,,,2023-07-24 23:56:25 UTC,2023-07-24 23:56:25 UTC
90989795,19171,22318,114777,"{""images"":""Deci44100_CCES_010_2858.png"",""sounds"":""Deci44100_CCES_010_2858.mp3"",""subject_id"":""Deci44100_CCES_010_2858"",""#training_subject"":""0""}","{""0"":""https://panoptes-uploads.zooniverse.org/subject_location/2296a890-2631-4d47-a822-811412f696b2.mpga"",""1"":""https://panoptes-uploads.zooniverse.org/subject_location/a6d234ca-49ea-405e-9fff-03c765b90510.png""}",0,,,2023-07-24 23:56:25 UTC,2023-07-24 23:56:25 UTC
90989796,19171,22318,114777,"{""images"":""Deci44100_CCES_010_2866.png"",""sounds"":""Deci44100_CCES_010_2866.mp3"",""subject_id"":""Deci44100_CCES_010_2866"",""#training_subject"":""0""}","{""0"":""https://panoptes-uploads.zooniverse.org/subject_location/548b214e-90c5-4a2d-8ce7-763ca85df796.mpga"",""1"":""https://panoptes-uploads.zooniverse.org/subject_location/479008a8-f3c6-4275-a1f6-997e2d09a6f3.png""}",7,,,2023-07-24 23:56:26 UTC,2023-07-24 23:56:26 UTC
90989797,19171,22318,114777,"{""images"":""Deci44100_CCES_010_2868.png"",""sounds"":""Deci44100_CCES_010_2868.mp3"",""subject_id"":""Deci44100_CCES_010_2868"",""#training_subject"":""0""}","{""0"":""https://panoptes-uploads.zooniverse.org/subject_location/20a0e348-ab87-4f89-9b1d-14ccdc2e49d9.mpga"",""1"":""https://panoptes-uploads.zooniverse.org/subject_location/0dd86734-91a0-42c2-a3a4-685cccf944d2.png""}",3,,,2023-07-24 23:56:27 UTC,2023-07-24 23:56:27 UTC
90989798,19171,22318,114777,"{""images"":""Deci44100_CCES_010_2878.png"",""sounds"":""Deci44100_CCES_010_2878.mp3"",""subject_id"":""Deci44100_CCES_010_2878"",""#training_subject"":""0""}","{""0"":""https://panoptes-uploads.zooniverse.org/subject_location/bb4ec2c4-9bdf-4183-b712-f70cccaa490d.mpga"",""1"":""https://panoptes-uploads.zooniverse.org/subject_location/9ed3e78c-9d1c-469d-bb81-06fb4023853d.png""}",5,,,2023-07-24 23:56:28 UTC,2023-07-24 23:56:28 UTC
90989799,19171,22318,114777,"{""images"":""Deci44100_CCES_010_2881.png"",""sounds"":""Deci44100_CCES_010_2881.mp3"",""subject_id"":""Deci44100_CCES_010_2881"",""#training_subject"":""0""}","{""0"":""https://panoptes-uploads.zooniverse.org/subject_location/c54740d0-3248-4f16-b377-dbe626721cd2.mpga"",""1"":""https://panoptes-uploads.zooniverse.org/subject_location/c4491aaf-d85b-4fea-972b-818874ebb958.png""}",7,,,2023-07-24 23:56:28 UTC,2023-07-24 23:56:28 UTC
90989800,19171,22318,114777,"{""images"":""Deci44100_CCES_010_2883.png"",""sounds"":""Deci44100_CCES_010_2883.mp3"",""subject_id"":""Deci44100_CCES_010_2883"",""#training_subject"":""0""}","{""0"":""https://panoptes-uploads.zooniverse.org/subject_location/a3d36fed-d72e-4d12-8432-378c2c720300.mpga"",""1"":""https://panoptes-uploads.zooniverse.org/subject_location/dab8b2c4-c854-425d-8516-3b3880aca30b.png""}",2,,,2023-07-24 23:56:29 UTC,2023-07-24 23:56:29 UTC
90989801,19171,22318,114777,"{""images"":""Deci44100_CCES_010_29.png"",""sounds"":""Deci44100_CCES_010_29.mp3"",""subject_id"":""Deci44100_CCES_010_29"",""#training_subject"":""0""}","{""0"":""https://panoptes-uploads.zooniverse.org/subject_location/e1588468-9daf-43dc-9d3e-ae2920aeb52d.mpga"",""1"":""https://panoptes-uploads.zooniverse.org/subject_location/18f8898a-8091-4f4d-b6b0-f8cee9bdf71a.png""}",3,,,2023-07-24 23:56:30 UTC,2023-07-24 23:56:30 UTC
90989802,19171,22318,114777,"{""images"":""Deci44100_CCES_010_290.png"",""sounds"":""Deci44100_CCES_010_290.mp3"",""subject_id"":""Deci44100_CCES_010_290"",""#training_subject"":""0""}","{""0"":""https://panoptes-uploads.zooniverse.org/subject_location/86387b9d-55da-42b9-a0ff-08aaa4239725.mpga"",""1"":""https://panoptes-uploads.zooniverse.org/subject_location/41a621f5-9479-49d1-bd67-f9380badd848.png""}",1,,,2023-07-24 23:56:31 UTC,2023-07-24 23:56:31 UTC
90989803,19171,22318,114777,"{""images"":""Deci44100_CCES_010_291.png"",""sounds"":""Deci44100_CCES_010_291.mp3"",""subject_id"":""Deci44100_CCES_010_291"",""#training_subject"":""0""}","{""0"":""https://panoptes-uploads.zooniverse.org/subject_location/3b605de4-3ce8-4f77-b49e-5017316ab8ce.mpga"",""1"":""https://panoptes-uploads.zooniverse.org/subject_location/fb38d2bc-5da4-495c-a8bc-a0d6dbb1431c.png""}",4,,,2023-07-24 23:56:31 UTC,2023-07-24 23:56:31 UTC
90989804,19171,22318,114777,"{""images"":""Deci44100_CCES_010_2918.png"",""sounds"":""Deci44100_CCES_010_2918.mp3"",""subject_id"":""Deci44100_CCES_010_2918"",""#training_subject"":""0""}","{""0"":""https://panoptes-uploads.zooniverse.org/subject_location/9448b1d1-df52-4fbf-a819-132ca645aa67.mpga"",""1"":""https://panoptes-uploads.zooniverse.org/subject_location/12e01627-42e8-425f-ac39-c6dbaba33d17.png""}",4,,,2023-07-24 23:56:32 UTC,2023-07-24 23:56:32 UTC
90989805,19171,22318,114777,"{""images"":""Deci44100_CCES_010_2926.png"",""sounds"":""Deci44100_CCES_010_2926.mp3"",""subject_id"":""Deci44100_CCES_010_2926"",""#training_subject"":""0""}","{""0"":""https://panoptes-uploads.zooniverse.org/subject_location/b70192c9-e640-47d2-a7a3-48fbc74b20cc.mpga"",""1"":""https://panoptes-uploads.zooniverse.org/subject_location/f3ef718d-a493-4042-89c2-6e159c2ee806.png""}",1,,,2023-07-24 23:56:33 UTC,2023-07-24 23:56:33 UTC
90989806,19171,22318,114777,"{""images"":""Deci44100_CCES_010_2927.png"",""sounds"":""Deci44100_CCES_010_2927.mp3"",""subject_id"":""Deci44100_CCES_010_2927"",""#training_subject"":""0""}","{""0"":""https://panoptes-uploads.zooniverse.org/subject_location/a5c510b3-8cdb-4246-b9b1-7e624336113c.mpga"",""1"":""https://panoptes-uploads.zooniverse.org/subject_location/4288d5bc-6b7f-4f2e-bbd2-6442cdaa4eea.png""}",4,,,2023-07-24 23:56:34 UTC,2023-07-24 23:56:34 UTC
90989807,19171,22318,114777,"{""images"":""Deci44100_CCES_010_2938.png"",""sounds"":""Deci44100_CCES_010_2938.mp3"",""subject_id"":""Deci44100_CCES_010_2938"",""#training_subject"":""0""}","{""0"":""https://panoptes-uploads.zooniverse.org/subject_location/57be8c12-f604-4adf-bdd6-dc831d94af82.mpga"",""1"":""https://panoptes-uploads.zooniverse.org/subject_location/215bfca3-2ec1-4f17-a651-43dc6888671c.png""}",4,,,2023-07-24 23:56:35 UTC,2023-07-24 23:56:35 UTC
90989808,19171,22318,114777,"{""images"":""Deci44100_CCES_010_2941.png"",""sounds"":""Deci44100_CCES_010_2941.mp3"",""subject_id"":""Deci44100_CCES_010_2941"",""#training_subject"":""0""}","{""0"":""https://panoptes-uploads.zooniverse.org/subject_location/c79e9ea2-a847-40af-9b60-1dc35698cea5.mpga"",""1"":""https://panoptes-uploads.zooniverse.org/subject_location/b22fca89-1368-4436-bc2c-31d006a69032.png""}",3,,,2023-07-24 23:56:36 UTC,2023-07-24 23:56:36 UTC
90989809,19171,22318,114777,"{""images"":""Deci44100_CCES_010_2944.png"",""sounds"":""Deci44100_CCES_010_2944.mp3"",""subject_id"":""Deci44100_CCES_010_2944"",""#training_subject"":""0""}","{""0"":""https://panoptes-uploads.zooniverse.org/subject_location/f9efe628-99a0-45b8-a281-8036352a6f7b.mpga"",""1"":""https://panoptes-uploads.zooniverse.org/subject_location/18e02ba9-e5e9-40f4-b191-77b7d9071d44.png""}",3,,,2023-07-24 23:56:36 UTC,2023-07-24 23:56:36 UTC
90989810,19171,22318,114777,"{""images"":""Deci44100_CCES_010_295.png"",""sounds"":""Deci44100_CCES_010_295.mp3"",""subject_id"":""Deci44100_CCES_010_295"",""#training_subject"":""0""}","{""0"":""https://panoptes-uploads.zooniverse.org/subject_location/a2b62c98-9a11-432c-8041-c5c700d13f5f.mpga"",""1"":""https://panoptes-uploads.zooniverse.org/subject_location/6466b313-577a-4e88-aefd-4ae5dabb207e.png""}",5,,,2023-07-24 23:56:37 UTC,2023-07-24 23:56:37 UTC
90989811,19171,22318,114777,"{""images"":""Deci44100_CCES_010_2952.png"",""sounds"":""Deci44100_CCES_010_2952.mp3"",""subject_id"":""Deci44100_CCES_010_2952"",""#training_subject"":""0""}","{""0"":""https://panoptes-uploads.zooniverse.org/subject_location/22c9c1af-e3d0-4421-b43a-e0774a331bfa.mpga"",""1"":""https://panoptes-uploads.zooniverse.org/subject_location/567a9cb2-7312-49cd-9927-769d1be2a238.png""}",2,,,2023-07-24 23:56:38 UTC,2023-07-24 23:56:38 UTC
90989812,19171,22318,114777,"{""images"":""Deci44100_CCES_010_2956.png"",""sounds"":""Deci44100_CCES_010_2956.mp3"",""subject_id"":""Deci44100_CCES_010_2956"",""#training_subject"":""0""}","{""0"":""https://panoptes-uploads.zooniverse.org/subject_location/8cede64d-30ce-4ab5-a1a5-806cfc2e1f45.mpga"",""1"":""https://panoptes-uploads.zooniverse.org/subject_location/a5f591ac-d7b0-4d57-8771-fd2ad52f2b43.png""}",0,,,2023-07-24 23:56:39 UTC,2023-07-24 23:56:39 UTC
90989813,19171,22318,114777,"{""images"":""Deci44100_CCES_010_2957.png"",""sounds"":""Deci44100_CCES_010_2957.mp3"",""subject_id"":""Deci44100_CCES_010_2957"",""#training_subject"":""0""}","{""0"":""https://panoptes-uploads.zooniverse.org/subject_location/b415baf9-b02e-484e-801c-6e4ae174a543.mpga"",""1"":""https://panoptes-uploads.zooniverse.org/subject_location/643995d9-3ca5-472b-b2ea-67f963e9bbd2.png""}",2,,,2023-07-24 23:56:40 UTC,2023-07-24 23:56:40 UTC
90989814,19171,22318,114777,"{""images"":""Deci44100_CCES_010_2960.png"",""sounds"":""Deci44100_CCES_010_2960.mp3"",""subject_id"":""Deci44100_CCES_010_2960"",""#training_subject"":""0""}","{""0"":""https://panoptes-uploads.zooniverse.org/subject_location/1da4f529-37eb-464f-b4c7-5cec93d86ac7.mpga"",""1"":""https://panoptes-uploads.zooniverse.org/subject_location/019129fe-bc48-40cb-b401-850527df0c54.png""}",4,,,2023-07-24 23:56:40 UTC,2023-07-24 23:56:40 UTC
90989815,19171,22318,114777,"{""images"":""Deci44100_CCES_010_2967.png"",""sounds"":""Deci44100_CCES_010_2967.mp3"",""subject_id"":""Deci44100_CCES_010_2967"",""#training_subject"":""0""}","{""0"":""https://panoptes-uploads.zooniverse.org/subject_location/faed7d99-9969-45ed-a5be-0886f9459528.mpga"",""1"":""https://panoptes-uploads.zooniverse.org/subject_location/fe056908-c2a1-4f35-a21e-c94d41720fdf.png""}",3,,,2023-07-24 23:56:41 UTC,2023-07-24 23:56:41 UTC
90989816,19171,22318,114777,"{""images"":""Deci44100_CCES_010_297.png"",""sounds"":""Deci44100_CCES_010_297.mp3"",""subject_id"":""Deci44100_CCES_010_297"",""#training_subject"":""0""}","{""0"":""https://panoptes-uploads.zooniverse.org/subject_location/41671668-cd44-470c-85f0-16622b30f930.mpga"",""1"":""https://panoptes-uploads.zooniverse.org/subject_location/409b9c46-422c-4f9f-974b-e10219c49d1a.png""}",1,,,2023-07-24 23:56:42 UTC,2023-07-24 23:56:42 UTC
90989817,19171,22318,114777,"{""images"":""Deci44100_CCES_010_2973.png"",""sounds"":""Deci44100_CCES_010_2973.mp3"",""subject_id"":""Deci44100_CCES_010_2973"",""#training_subject"":""0""}","{""0"":""https://panoptes-uploads.zooniverse.org/subject_location/97e38645-5cfe-4de0-a956-66c66402925f.mpga"",""1"":""https://panoptes-uploads.zooniverse.org/subject_location/9f2f5a03-d807-4082-9d97-f13a0befc967.png""}",3,,,2023-07-24 23:56:43 UTC,2023-07-24 23:56:43 UTC
90989818,19171,22318,114777,"{""images"":""Deci44100_CCES_010_2982.png"",""sounds"":""Deci44100_CCES_010_2982.mp3"",""subject_id"":""Deci44100_CCES_010_2982"",""#training_subject"":""0""}","{""0"":""https://panoptes-uploads.zooniverse.org/subject_location/d8054b6d-493f-42c4-848c-77814cf2a9fa.mpga"",""1"":""https://panoptes-uploads.zooniverse.org/subject_location/6845e536-fc60-44d8-9194-e21188d07cbc.png""}",5,,,2023-07-24 23:56:43 UTC,2023-07-24 23:56:43 UTC
90989819,19171,22318,114777,"{""images"":""Deci44100_CCES_010_2986.png"",""sounds"":""Deci44100_CCES_010_2986.mp3"",""subject_id"":""Deci44100_CCES_010_2986"",""#training_subject"":""0""}","{""0"":""https://panoptes-uploads.zooniverse.org/subject_location/c12c0ade-007b-40f8-a054-199bcd852026.mpga"",""1"":""https://panoptes-uploads.zooniverse.org/subject_location/3fd42b1c-2568-4a43-923a-38544612209c.png""}",1,,,2023-07-24 23:56:44 UTC,2023-07-24 23:56:44 UTC
90989820,19171,22318,114777,"{""images"":""Deci44100_CCES_010_299.png"",""sounds"":""Deci44100_CCES_010_299.mp3"",""subject_id"":""Deci44100_CCES_010_299"",""#training_subject"":""0""}","{""0"":""https://panoptes-uploads.zooniverse.org/subject_location/3d2c5a1e-7bef-4474-b954-ca9968ee7a91.mpga"",""1"":""https://panoptes-uploads.zooniverse.org/subject_location/b837e251-87b2-4523-a434-ea23cf7933d2.png""}",0,,,2023-07-24 23:56:46 UTC,2023-07-24 23:56:46 UTC
90989821,19171,22318,114777,"{""images"":""Deci44100_CCES_010_2990.png"",""sounds"":""Deci44100_CCES_010_2990.mp3"",""subject_id"":""Deci44100_CCES_010_2990"",""#training_subject"":""0""}","{""0"":""https://panoptes-uploads.zooniverse.org/subject_location/c22319b6-33cd-4ef6-9615-17aae0ae1f7d.mpga"",""1"":""https://panoptes-uploads.zooniverse.org/subject_location/ab8ed65e-fbde-4f13-a99b-a3707c887012.png""}",5,,,2023-07-24 23:56:47 UTC,2023-07-24 23:56:47 UTC
90989822,19171,22318,114777,"{""images"":""Deci44100_CCES_010_3.png"",""sounds"":""Deci44100_CCES_010_3.mp3"",""subject_id"":""Deci44100_CCES_010_3"",""#training_subject"":""0""}","{""0"":""https://panoptes-uploads.zooniverse.org/subject_location/680dd3f0-9b9f-4bbf-bfed-31ffd726c96f.mpga"",""1"":""https://panoptes-uploads.zooniverse.org/subject_location/58b22494-1aba-43fc-812d-56279869e248.png""}",3,,,2023-07-24 23:56:48 UTC,2023-07-24 23:56:48 UTC
90989823,19171,22318,114777,"{""images"":""Deci44100_CCES_010_3000.png"",""sounds"":""Deci44100_CCES_010_3000.mp3"",""subject_id"":""Deci44100_CCES_010_3000"",""#training_subject"":""0""}","{""0"":""https://panoptes-uploads.zooniverse.org/subject_location/1a01d2a0-b73d-4d19-b150-b0c6b0dcc249.mpga"",""1"":""https://panoptes-uploads.zooniverse.org/subject_location/b263f1ec-c7e9-41db-95b1-cd5fe192775e.png""}",4,,,2023-07-24 23:56:49 UTC,2023-07-24 23:56:49 UTC
90989824,19171,22318,114777,"{""images"":""Deci44100_CCES_010_3002.png"",""sounds"":""Deci44100_CCES_010_3002.mp3"",""subject_id"":""Deci44100_CCES_010_3002"",""#training_subject"":""0""}","{""0"":""https://panoptes-uploads.zooniverse.org/subject_location/7feb708e-1aec-4b00-bf8b-18e0d67b883f.mpga"",""1"":""https://panoptes-uploads.zooniverse.org/subject_location/93c6af9c-8c03-4d4b-9fb5-dc684f37e896.png""}",2,,,2023-07-24 23:56:50 UTC,2023-07-24 23:56:50 UTC
90989825,19171,22318,114777,"{""images"":""Deci44100_CCES_010_3004.png"",""sounds"":""Deci44100_CCES_010_3004.mp3"",""subject_id"":""Deci44100_CCES_010_3004"",""#training_subject"":""0""}","{""0"":""https://panoptes-uploads.zooniverse.org/subject_location/536a1074-0dc9-4b82-9ddc-4c8f83de609d.mpga"",""1"":""https://panoptes-uploads.zooniverse.org/subject_location/32e5b11b-c65e-4d39-8049-090cd926685f.png""}",4,,,2023-07-24 23:56:51 UTC,2023-07-24 23:56:51 UTC
90989826,19171,22318,114777,"{""images"":""Deci44100_CCES_010_3007.png"",""sounds"":""Deci44100_CCES_010_3007.mp3"",""subject_id"":""Deci44100_CCES_010_3007"",""#training_subject"":""0""}","{""0"":""https://panoptes-uploads.zooniverse.org/subject_location/6227a7d9-2785-484f-b3c9-e25f2df183dd.mpga"",""1"":""https://panoptes-uploads.zooniverse.org/subject_location/bcc0600c-9649-41ca-9832-8ff65a3cecd8.png""}",5,,,2023-07-24 23:56:51 UTC,2023-07-24 23:56:51 UTC
90989827,19171,22318,114777,"{""images"":""Deci44100_CCES_010_3013.png"",""sounds"":""Deci44100_CCES_010_3013.mp3"",""subject_id"":""Deci44100_CCES_010_3013"",""#training_subject"":""0""}","{""0"":""https://panoptes-uploads.zooniverse.org/subject_location/265a90d5-7d7d-4ae8-8a8d-66d5b0325b0d.mpga"",""1"":""https://panoptes-uploads.zooniverse.org/subject_location/e6c0492b-d5ee-4717-a58a-ecb1320d0108.png""}",8,,,2023-07-24 23:56:52 UTC,2023-07-24 23:56:52 UTC
90989828,19171,22318,114777,"{""images"":""Deci44100_CCES_010_3016.png"",""sounds"":""Deci44100_CCES_010_3016.mp3"",""subject_id"":""Deci44100_CCES_010_3016"",""#training_subject"":""0""}","{""0"":""https://panoptes-uploads.zooniverse.org/subject_location/d0280063-aa6d-40ff-bfd4-718226d654b3.mpga"",""1"":""https://panoptes-uploads.zooniverse.org/subject_location/26f2063c-5dd8-47d7-bb62-b5fed191f18f.png""}",5,,,2023-07-24 23:56:53 UTC,2023-07-24 23:56:53 UTC
90989829,19171,22318,114777,"{""images"":""Deci44100_CCES_010_3018.png"",""sounds"":""Deci44100_CCES_010_3018.mp3"",""subject_id"":""Deci44100_CCES_010_3018"",""#training_subject"":""0""}","{""0"":""https://panoptes-uploads.zooniverse.org/subject_location/c75f87c0-a97b-4031-b4ce-02d9f785db0b.mpga"",""1"":""https://panoptes-uploads.zooniverse.org/subject_location/3af96ef3-f854-43c1-9637-ba06c2241098.png""}",4,,,2023-07-24 23:56:54 UTC,2023-07-24 23:56:54 UTC
90989830,19171,22318,114777,"{""images"":""Deci44100_CCES_010_3020.png"",""sounds"":""Deci44100_CCES_010_3020.mp3"",""subject_id"":""Deci44100_CCES_010_3020"",""#training_subject"":""0""}","{""0"":""https://panoptes-uploads.zooniverse.org/subject_location/97e210e0-95bd-4baf-adb9-0885cff46d46.mpga"",""1"":""https://panoptes-uploads.zooniverse.org/subject_location/179d0314-4fdc-4001-b406-15987d9dada5.png""}",2,,,2023-07-24 23:56:55 UTC,2023-07-24 23:56:55 UTC
90989831,19171,22318,114777,"{""images"":""Deci44100_CCES_010_3027.png"",""sounds"":""Deci44100_CCES_010_3027.mp3"",""subject_id"":""Deci44100_CCES_010_3027"",""#training_subject"":""0""}","{""0"":""https://panoptes-uploads.zooniverse.org/subject_location/88d84250-7a13-4ade-a110-60993682194d.mpga"",""1"":""https://panoptes-uploads.zooniverse.org/subject_location/806d4ce6-17ea-4aff-b5db-e0aab97fefdd.png""}",8,,,2023-07-24 23:56:56 UTC,2023-07-24 23:56:56 UTC
90989832,19171,22318,114777,"{""images"":""Deci44100_CCES_010_3029.png"",""sounds"":""Deci44100_CCES_010_3029.mp3"",""subject_id"":""Deci44100_CCES_010_3029"",""#training_subject"":""0""}","{""0"":""https://panoptes-uploads.zooniverse.org/subject_location/9d8af7a9-982e-4057-a66f-7b0a7ef1451d.mpga"",""1"":""https://panoptes-uploads.zooniverse.org/subject_location/a49284de-711b-4217-ad16-c87edd974879.png""}",2,,,2023-07-24 23:56:57 UTC,2023-07-24 23:56:57 UTC
90989833,19171,22318,114777,"{""images"":""Deci44100_CCES_010_303.png"",""sounds"":""Deci44100_CCES_010_303.mp3"",""subject_id"":""Deci44100_CCES_010_303"",""#training_subject"":""0""}","{""0"":""https://panoptes-uploads.zooniverse.org/subject_location/26c9b2ac-57cf-4cca-9829-3ea97bf60279.mpga"",""1"":""https://panoptes-uploads.zooniverse.org/subject_location/283a41cb-8379-4d60-bb5b-bdf4336d37b4.png""}",3,,,2023-07-24 23:56:57 UTC,2023-07-24 23:56:57 UTC
90989834,19171,22318,114777,"{""images"":""Deci44100_CCES_010_3037.png"",""sounds"":""Deci44100_CCES_010_3037.mp3"",""subject_id"":""Deci44100_CCES_010_3037"",""#training_subject"":""0""}","{""0"":""https://panoptes-uploads.zooniverse.org/subject_location/60e26182-6dd3-480e-9f9b-1db873afc30c.mpga"",""1"":""https://panoptes-uploads.zooniverse.org/subject_location/fa1fb12f-ff73-429c-8cee-b6d333dc526e.png""}",5,,,2023-07-24 23:56:58 UTC,2023-07-24 23:56:58 UTC
90989835,19171,22318,114777,"{""images"":""Deci44100_CCES_010_3039.png"",""sounds"":""Deci44100_CCES_010_3039.mp3"",""subject_id"":""Deci44100_CCES_010_3039"",""#training_subject"":""0""}","{""0"":""https://panoptes-uploads.zooniverse.org/subject_location/4afbfe65-947b-40dc-ae39-6691c484ec47.mpga"",""1"":""https://panoptes-uploads.zooniverse.org/subject_location/75b9fa26-531d-47f5-b992-e14544851d0c.png""}",5,,,2023-07-24 23:56:59 UTC,2023-07-24 23:56:59 UTC
90989836,19171,22318,114777,"{""images"":""Deci44100_CCES_010_304.png"",""sounds"":""Deci44100_CCES_010_304.mp3"",""subject_id"":""Deci44100_CCES_010_304"",""#training_subject"":""0""}","{""0"":""https://panoptes-uploads.zooniverse.org/subject_location/a878be71-e871-4187-8f00-ef044f76743b.mpga"",""1"":""https://panoptes-uploads.zooniverse.org/subject_location/c0bbb4c4-34da-4dce-a28c-f6ef38b41b3f.png""}",1,,,2023-07-24 23:57:00 UTC,2023-07-24 23:57:00 UTC
90989837,19171,22318,114777,"{""images"":""Deci44100_CCES_010_3040.png"",""sounds"":""Deci44100_CCES_010_3040.mp3"",""subject_id"":""Deci44100_CCES_010_3040"",""#training_subject"":""0""}","{""0"":""https://panoptes-uploads.zooniverse.org/subject_location/cfcb01b9-18d0-4cea-8a5b-3f49e8818466.mpga"",""1"":""https://panoptes-uploads.zooniverse.org/subject_location/7dece38e-6bfe-4bb1-b253-5d3c651c5c61.png""}",2,,,2023-07-24 23:57:01 UTC,2023-07-24 23:57:01 UTC
90989838,19171,22318,114777,"{""images"":""Deci44100_CCES_010_3043.png"",""sounds"":""Deci44100_CCES_010_3043.mp3"",""subject_id"":""Deci44100_CCES_010_3043"",""#training_subject"":""0""}","{""0"":""https://panoptes-uploads.zooniverse.org/subject_location/ce98bc4a-dcaa-4a95-a895-7a2886179831.mpga"",""1"":""https://panoptes-uploads.zooniverse.org/subject_location/00e65018-b2b9-4d88-a56d-8e77ccce8390.png""}",3,,,2023-07-24 23:57:01 UTC,2023-07-24 23:57:01 UTC
90989839,19171,22318,114777,"{""images"":""Deci44100_CCES_010_3045.png"",""sounds"":""Deci44100_CCES_010_3045.mp3"",""subject_id"":""Deci44100_CCES_010_3045"",""#training_subject"":""0""}","{""0"":""https://panoptes-uploads.zooniverse.org/subject_location/1fddaef7-5e2d-4e11-8b69-a32609985293.mpga"",""1"":""https://panoptes-uploads.zooniverse.org/subject_location/2fc59449-348a-4a17-b1ba-7fa5af33bb91.png""}",3,,,2023-07-24 23:57:02 UTC,2023-07-24 23:57:02 UTC
90989840,19171,22318,114777,"{""images"":""Deci44100_CCES_010_3046.png"",""sounds"":""Deci44100_CCES_010_3046.mp3"",""subject_id"":""Deci44100_CCES_010_3046"",""#training_subject"":""0""}","{""0"":""https://panoptes-uploads.zooniverse.org/subject_location/e7f5f46c-0540-40c4-8424-f97ace85d71b.mpga"",""1"":""https://panoptes-uploads.zooniverse.org/subject_location/f7a5e70a-519c-4ca9-b100-6876b3134f0b.png""}",0,,,2023-07-24 23:57:03 UTC,2023-07-24 23:57:03 UTC
90989841,19171,22318,114777,"{""images"":""Deci44100_CCES_010_3051.png"",""sounds"":""Deci44100_CCES_010_3051.mp3"",""subject_id"":""Deci44100_CCES_010_3051"",""#training_subject"":""0""}","{""0"":""https://panoptes-uploads.zooniverse.org/subject_location/1cfd7b9b-990e-4abc-ba9c-9c0e140bba01.mpga"",""1"":""https://panoptes-uploads.zooniverse.org/subject_location/4ca3e139-9b7b-4ad6-b367-0bf28699b93d.png""}",3,,,2023-07-24 23:57:04 UTC,2023-07-24 23:57:04 UTC
90989842,19171,22318,114777,"{""images"":""Deci44100_CCES_010_3054.png"",""sounds"":""Deci44100_CCES_010_3054.mp3"",""subject_id"":""Deci44100_CCES_010_3054"",""#training_subject"":""0""}","{""0"":""https://panoptes-uploads.zooniverse.org/subject_location/4c61e215-1ca5-4a7b-ba5b-df7f05cfa850.mpga"",""1"":""https://panoptes-uploads.zooniverse.org/subject_location/fb558adb-5989-4f37-a07f-4d8f1f974915.png""}",2,,,2023-07-24 23:57:05 UTC,2023-07-24 23:57:05 UTC
90989843,19171,22318,114777,"{""images"":""Deci44100_CCES_010_3055.png"",""sounds"":""Deci44100_CCES_010_3055.mp3"",""subject_id"":""Deci44100_CCES_010_3055"",""#training_subject"":""0""}","{""0"":""https://panoptes-uploads.zooniverse.org/subject_location/a0dbdb98-1521-45cb-a766-330dc577bb4e.mpga"",""1"":""https://panoptes-uploads.zooniverse.org/subject_location/a0635c5a-41c1-45ac-ae1c-d76aba2b22c7.png""}",3,,,2023-07-24 23:57:06 UTC,2023-07-24 23:57:06 UTC
90989844,19171,22318,114777,"{""images"":""Deci44100_CCES_010_3057.png"",""sounds"":""Deci44100_CCES_010_3057.mp3"",""subject_id"":""Deci44100_CCES_010_3057"",""#training_subject"":""0""}","{""0"":""https://panoptes-uploads.zooniverse.org/subject_location/a5c22a81-aad9-4022-a870-b691bb3855ee.mpga"",""1"":""https://panoptes-uploads.zooniverse.org/subject_location/e556b4da-55b8-4e46-a534-ee8fabc8fc60.png""}",10,2024-12-06 11:53:43 UTC,classification_count,2023-07-24 23:57:06 UTC,2023-07-24 23:57:06 UTC
90989845,19171,22318,114777,"{""images"":""Deci44100_CCES_010_306.png"",""sounds"":""Deci44100_CCES_010_306.mp3"",""subject_id"":""Deci44100_CCES_010_306"",""#training_subject"":""0""}","{""0"":""https://panoptes-uploads.zooniverse.org/subject_location/5f07fa42-eb78-4f17-b0bd-a2f08a0ea554.mpga"",""1"":""https://panoptes-uploads.zooniverse.org/subject_location/e1d987dd-f8fe-4a10-90ce-9bb8fe65a5f8.png""}",5,,,2023-07-24 23:57:07 UTC,2023-07-24 23:57:07 UTC
90989846,19171,22318,114777,"{""images"":""Deci44100_CCES_010_3074.png"",""sounds"":""Deci44100_CCES_010_3074.mp3"",""subject_id"":""Deci44100_CCES_010_3074"",""#training_subject"":""0""}","{""0"":""https://panoptes-uploads.zooniverse.org/subject_location/52a641d2-0660-470c-b803-727ba552111f.mpga"",""1"":""https://panoptes-uploads.zooniverse.org/subject_location/4d18ae60-d54e-489e-ab4b-3872e304e66d.png""}",5,,,2023-07-24 23:57:08 UTC,2023-07-24 23:57:08 UTC
90989847,19171,22318,114777,"{""images"":""Deci44100_CCES_010_3083.png"",""sounds"":""Deci44100_CCES_010_3083.mp3"",""subject_id"":""Deci44100_CCES_010_3083"",""#training_subject"":""0""}","{""0"":""https://panoptes-uploads.zooniverse.org/subject_location/770af390-7036-4409-9ead-32a1a93f902b.mpga"",""1"":""https://panoptes-uploads.zooniverse.org/subject_location/d49c2a3e-5806-4808-b7ec-b37610558a86.png""}",5,,,2023-07-24 23:57:09 UTC,2023-07-24 23:57:09 UTC
90989848,19171,22318,114777,"{""images"":""Deci44100_CCES_010_3086.png"",""sounds"":""Deci44100_CCES_010_3086.mp3"",""subject_id"":""Deci44100_CCES_010_3086"",""#training_subject"":""0""}","{""0"":""https://panoptes-uploads.zooniverse.org/subject_location/8fd00d04-cbd1-4e2e-ac51-87c42b767d75.mpga"",""1"":""https://panoptes-uploads.zooniverse.org/subject_location/3662f1cf-306d-4c84-a12f-fe1efc926870.png""}",5,,,2023-07-24 23:57:09 UTC,2023-07-24 23:57:09 UTC
90989849,19171,22318,114777,"{""images"":""Deci44100_CCES_010_309.png"",""sounds"":""Deci44100_CCES_010_309.mp3"",""subject_id"":""Deci44100_CCES_010_309"",""#training_subject"":""0""}","{""0"":""https://panoptes-uploads.zooniverse.org/subject_location/22870d1a-d69b-494b-8c89-99c8d1291e4f.mpga"",""1"":""https://panoptes-uploads.zooniverse.org/subject_location/1423914a-b6a8-4ccb-858c-747e7efe5876.png""}",3,,,2023-07-24 23:57:10 UTC,2023-07-24 23:57:10 UTC
90989850,19171,22318,114777,"{""images"":""Deci44100_CCES_010_3091.png"",""sounds"":""Deci44100_CCES_010_3091.mp3"",""subject_id"":""Deci44100_CCES_010_3091"",""#training_subject"":""0""}","{""0"":""https://panoptes-uploads.zooniverse.org/subject_location/6b01f160-90a9-4af3-be3e-84c64b46cc05.mpga"",""1"":""https://panoptes-uploads.zooniverse.org/subject_location/e4f3c936-f4f5-4624-aa9f-4f7961c7c3cb.png""}",4,,,2023-07-24 23:57:11 UTC,2023-07-24 23:57:11 UTC
90989851,19171,22318,114777,"{""images"":""Deci44100_CCES_010_3092.png"",""sounds"":""Deci44100_CCES_010_3092.mp3"",""subject_id"":""Deci44100_CCES_010_3092"",""#training_subject"":""0""}","{""0"":""https://panoptes-uploads.zooniverse.org/subject_location/00c6144e-48b0-4d61-a7fd-c513bcde8bf2.mpga"",""1"":""https://panoptes-uploads.zooniverse.org/subject_location/95f9c344-d4b5-4699-b377-9e4c0a12935a.png""}",3,,,2023-07-24 23:57:12 UTC,2023-07-24 23:57:12 UTC
90989852,19171,22318,114777,"{""images"":""Deci44100_CCES_010_3105.png"",""sounds"":""Deci44100_CCES_010_3105.mp3"",""subject_id"":""Deci44100_CCES_010_3105"",""#training_subject"":""0""}","{""0"":""https://panoptes-uploads.zooniverse.org/subject_location/d2557126-0513-4ddd-bb59-611d05682e43.mpga"",""1"":""https://panoptes-uploads.zooniverse.org/subject_location/5057c5cf-5214-458a-85fb-04677150f6da.png""}",2,,,2023-07-24 23:57:12 UTC,2023-07-24 23:57:12 UTC
90989853,19171,22318,114777,"{""images"":""Deci44100_CCES_010_311.png"",""sounds"":""Deci44100_CCES_010_311.mp3"",""subject_id"":""Deci44100_CCES_010_311"",""#training_subject"":""0""}","{""0"":""https://panoptes-uploads.zooniverse.org/subject_location/91502c5e-3044-4c28-a711-82f8918ef605.mpga"",""1"":""https://panoptes-uploads.zooniverse.org/subject_location/0db126af-dd4f-4bdd-b23f-63632bc4c34a.png""}",5,,,2023-07-24 23:57:13 UTC,2023-07-24 23:57:13 UTC
90989854,19171,22318,114777,"{""images"":""Deci44100_CCES_010_3117.png"",""sounds"":""Deci44100_CCES_010_3117.mp3"",""subject_id"":""Deci44100_CCES_010_3117"",""#training_subject"":""0""}","{""0"":""https://panoptes-uploads.zooniverse.org/subject_location/f4a2a6c4-8688-4838-b1bf-f6c0245462e7.mpga"",""1"":""https://panoptes-uploads.zooniverse.org/subject_location/d9bc111d-beaf-4868-9be1-98eb3968a7ad.png""}",5,,,2023-07-24 23:57:14 UTC,2023-07-24 23:57:14 UTC
90989855,19171,22318,114777,"{""images"":""Deci44100_CCES_010_312.png"",""sounds"":""Deci44100_CCES_010_312.mp3"",""subject_id"":""Deci44100_CCES_010_312"",""#training_subject"":""0""}","{""0"":""https://panoptes-uploads.zooniverse.org/subject_location/63f6ecb3-adf4-4c4b-aa96-a8d16325780d.mpga"",""1"":""https://panoptes-uploads.zooniverse.org/subject_location/a65661a1-7e3c-49d6-8d95-5353568578d3.png""}",1,,,2023-07-24 23:57:15 UTC,2023-07-24 23:57:15 UTC
90989856,19171,22318,114777,"{""images"":""Deci44100_CCES_010_3120.png"",""sounds"":""Deci44100_CCES_010_3120.mp3"",""subject_id"":""Deci44100_CCES_010_3120"",""#training_subject"":""0""}","{""0"":""https://panoptes-uploads.zooniverse.org/subject_location/f73c4bc3-6198-4b1e-8028-a87a119d82d0.mpga"",""1"":""https://panoptes-uploads.zooniverse.org/subject_location/25517510-d31a-40a1-9b28-a75a3b203890.png""}",2,,,2023-07-24 23:57:15 UTC,2023-07-24 23:57:15 UTC
90989857,19171,22318,114777,"{""images"":""Deci44100_CCES_010_3121.png"",""sounds"":""Deci44100_CCES_010_3121.mp3"",""subject_id"":""Deci44100_CCES_010_3121"",""#training_subject"":""0""}","{""0"":""https://panoptes-uploads.zooniverse.org/subject_location/4c7c0d2b-a361-4923-bf39-2a952c10af8a.mpga"",""1"":""https://panoptes-uploads.zooniverse.org/subject_location/0c0543f3-53c7-418c-aab1-7c5045cfc15d.png""}",2,,,2023-07-24 23:57:16 UTC,2023-07-24 23:57:16 UTC
90989858,19171,22318,114777,"{""images"":""Deci44100_CCES_010_3126.png"",""sounds"":""Deci44100_CCES_010_3126.mp3"",""subject_id"":""Deci44100_CCES_010_3126"",""#training_subject"":""0""}","{""0"":""https://panoptes-uploads.zooniverse.org/subject_location/880fe870-cc88-4588-a954-2c235cf83f97.mpga"",""1"":""https://panoptes-uploads.zooniverse.org/subject_location/39389e66-67bf-49b2-bede-ab14997c5265.png""}",4,,,2023-07-24 23:57:17 UTC,2023-07-24 23:57:17 UTC
90989859,19171,22318,114777,"{""images"":""Deci44100_CCES_010_3132.png"",""sounds"":""Deci44100_CCES_010_3132.mp3"",""subject_id"":""Deci44100_CCES_010_3132"",""#training_subject"":""0""}","{""0"":""https://panoptes-uploads.zooniverse.org/subject_location/0287a174-b2f2-4b1a-b391-0b7ba46dd847.mpga"",""1"":""https://panoptes-uploads.zooniverse.org/subject_location/66d76f68-c773-44e9-b223-997395020a02.png""}",0,,,2023-07-24 23:57:18 UTC,2023-07-24 23:57:18 UTC
90989860,19171,22318,114777,"{""images"":""Deci44100_CCES_010_3138.png"",""sounds"":""Deci44100_CCES_010_3138.mp3"",""subject_id"":""Deci44100_CCES_010_3138"",""#training_subject"":""0""}","{""0"":""https://panoptes-uploads.zooniverse.org/subject_location/8578f25d-a4f6-41a8-b192-19eb1c9dc722.mpga"",""1"":""https://panoptes-uploads.zooniverse.org/subject_location/e9fc414e-157e-4c59-af4a-f818c4cd227d.png""}",1,,,2023-07-24 23:57:19 UTC,2023-07-24 23:57:19 UTC
90989861,19171,22318,114777,"{""images"":""Deci44100_CCES_010_3141.png"",""sounds"":""Deci44100_CCES_010_3141.mp3"",""subject_id"":""Deci44100_CCES_010_3141"",""#training_subject"":""0""}","{""0"":""https://panoptes-uploads.zooniverse.org/subject_location/5c37d128-e35e-40df-acda-2804543b2731.mpga"",""1"":""https://panoptes-uploads.zooniverse.org/subject_location/d78a0cef-b805-4cd0-a4c5-17838f2cf158.png""}",4,,,2023-07-24 23:57:19 UTC,2023-07-24 23:57:19 UTC
90989862,19171,22318,114777,"{""images"":""Deci44100_CCES_010_3143.png"",""sounds"":""Deci44100_CCES_010_3143.mp3"",""subject_id"":""Deci44100_CCES_010_3143"",""#training_subject"":""0""}","{""0"":""https://panoptes-uploads.zooniverse.org/subject_location/050efb1c-1350-4cba-9c4f-ca54641e0e94.mpga"",""1"":""https://panoptes-uploads.zooniverse.org/subject_location/b9b8657d-ab7c-42b8-885b-dc809a367581.png""}",3,,,2023-07-24 23:57:20 UTC,2023-07-24 23:57:20 UTC
90989863,19171,22318,114777,"{""images"":""Deci44100_CCES_010_315.png"",""sounds"":""Deci44100_CCES_010_315.mp3"",""subject_id"":""Deci44100_CCES_010_315"",""#training_subject"":""0""}","{""0"":""https://panoptes-uploads.zooniverse.org/subject_location/eac4f11c-bfdf-413d-b155-4f64ef62f952.mpga"",""1"":""https://panoptes-uploads.zooniverse.org/subject_location/91d3200b-04ed-4d64-b6cb-855c2d6ab90f.png""}",3,,,2023-07-24 23:57:21 UTC,2023-07-24 23:57:21 UTC
90989864,19171,22318,114777,"{""images"":""Deci44100_CCES_010_3163.png"",""sounds"":""Deci44100_CCES_010_3163.mp3"",""subject_id"":""Deci44100_CCES_010_3163"",""#training_subject"":""0""}","{""0"":""https://panoptes-uploads.zooniverse.org/subject_location/d9dc51ac-8483-447f-9bb2-cf4a8210ad04.mpga"",""1"":""https://panoptes-uploads.zooniverse.org/subject_location/2bf79324-501e-45f0-b8be-22a115823af8.png""}",8,,,2023-07-24 23:57:22 UTC,2023-07-24 23:57:22 UTC
90989865,19171,22318,114777,"{""images"":""Deci44100_CCES_010_3166.png"",""sounds"":""Deci44100_CCES_010_3166.mp3"",""subject_id"":""Deci44100_CCES_010_3166"",""#training_subject"":""0""}","{""0"":""https://panoptes-uploads.zooniverse.org/subject_location/f990bd59-67ab-48ee-81ef-d3421ec9ba82.mpga"",""1"":""https://panoptes-uploads.zooniverse.org/subject_location/331f0298-a783-45d5-8cc6-4e7c5806a5ab.png""}",2,,,2023-07-24 23:57:22 UTC,2023-07-24 23:57:22 UTC
90989866,19171,22318,114777,"{""images"":""Deci44100_CCES_010_3167.png"",""sounds"":""Deci44100_CCES_010_3167.mp3"",""subject_id"":""Deci44100_CCES_010_3167"",""#training_subject"":""0""}","{""0"":""https://panoptes-uploads.zooniverse.org/subject_location/4f0f55d1-5ce9-4162-ad98-8b6309ab0de9.mpga"",""1"":""https://panoptes-uploads.zooniverse.org/subject_location/afa54163-a5bd-42f9-aa5d-dcfce0c17871.png""}",2,,,2023-07-24 23:57:23 UTC,2023-07-24 23:57:23 UTC
90989867,19171,22318,114777,"{""images"":""Deci44100_CCES_010_3171.png"",""sounds"":""Deci44100_CCES_010_3171.mp3"",""subject_id"":""Deci44100_CCES_010_3171"",""#training_subject"":""0""}","{""0"":""https://panoptes-uploads.zooniverse.org/subject_location/28f70881-499d-4da4-9a8f-02a405634f1d.mpga"",""1"":""https://panoptes-uploads.zooniverse.org/subject_location/444768d2-9b24-40e2-a19f-3cf54e1154be.png""}",5,,,2023-07-24 23:57:24 UTC,2023-07-24 23:57:24 UTC
90989868,19171,22318,114777,"{""images"":""Deci44100_CCES_010_3172.png"",""sounds"":""Deci44100_CCES_010_3172.mp3"",""subject_id"":""Deci44100_CCES_010_3172"",""#training_subject"":""0""}","{""0"":""https://panoptes-uploads.zooniverse.org/subject_location/e111485a-4881-4776-8a39-24667ae9c0ad.mpga"",""1"":""https://panoptes-uploads.zooniverse.org/subject_location/1fb09649-a9a9-4e73-8215-33fe56a24cfd.png""}",3,,,2023-07-24 23:57:25 UTC,2023-07-24 23:57:25 UTC
90989869,19171,22318,114777,"{""images"":""Deci44100_CCES_010_3180.png"",""sounds"":""Deci44100_CCES_010_3180.mp3"",""subject_id"":""Deci44100_CCES_010_3180"",""#training_subject"":""0""}","{""0"":""https://panoptes-uploads.zooniverse.org/subject_location/108081ac-6cba-4708-9083-ef0c2e8b5e65.mpga"",""1"":""https://panoptes-uploads.zooniverse.org/subject_location/53fbc1d8-eefc-49b7-b09f-66050c57961d.png""}",4,,,2023-07-24 23:57:26 UTC,2023-07-24 23:57:26 UTC
90989870,19171,22318,114777,"{""images"":""Deci44100_CCES_010_3181.png"",""sounds"":""Deci44100_CCES_010_3181.mp3"",""subject_id"":""Deci44100_CCES_010_3181"",""#training_subject"":""0""}","{""0"":""https://panoptes-uploads.zooniverse.org/subject_location/e62ebd20-f82f-462a-998e-c0c7a99cb3d2.mpga"",""1"":""https://panoptes-uploads.zooniverse.org/subject_location/8c0ec976-a337-402a-b445-fb244cf693d3.png""}",2,,,2023-07-24 23:57:26 UTC,2023-07-24 23:57:26 UTC
90989871,19171,22318,114777,"{""images"":""Deci44100_CCES_010_3185.png"",""sounds"":""Deci44100_CCES_010_3185.mp3"",""subject_id"":""Deci44100_CCES_010_3185"",""#training_subject"":""0""}","{""0"":""https://panoptes-uploads.zooniverse.org/subject_location/b065115a-9897-46e0-a86e-35b183a8c27b.mpga"",""1"":""https://panoptes-uploads.zooniverse.org/subject_location/5f751992-ff52-49c7-977c-196b76e14faa.png""}",2,,,2023-07-24 23:57:27 UTC,2023-07-24 23:57:27 UTC
90989872,19171,22318,114777,"{""images"":""Deci44100_CCES_010_3186.png"",""sounds"":""Deci44100_CCES_010_3186.mp3"",""subject_id"":""Deci44100_CCES_010_3186"",""#training_subject"":""0""}","{""0"":""https://panoptes-uploads.zooniverse.org/subject_location/a61eb166-86b1-46be-8f86-f9baedc76e78.mpga"",""1"":""https://panoptes-uploads.zooniverse.org/subject_location/fea14b51-86e9-4b1f-b40b-7a4b2cf36849.png""}",3,,,2023-07-24 23:57:29 UTC,2023-07-24 23:57:29 UTC
90989873,19171,22318,114777,"{""images"":""Deci44100_CCES_010_3192.png"",""sounds"":""Deci44100_CCES_010_3192.mp3"",""subject_id"":""Deci44100_CCES_010_3192"",""#training_subject"":""0""}","{""0"":""https://panoptes-uploads.zooniverse.org/subject_location/1beff876-73a1-4298-86a2-fac12a8bde48.mpga"",""1"":""https://panoptes-uploads.zooniverse.org/subject_location/37d05f1c-a70c-42df-ac5e-db62ea28f514.png""}",2,,,2023-07-24 23:57:29 UTC,2023-07-24 23:57:29 UTC
90989874,19171,22318,114777,"{""images"":""Deci44100_CCES_010_3197.png"",""sounds"":""Deci44100_CCES_010_3197.mp3"",""subject_id"":""Deci44100_CCES_010_3197"",""#training_subject"":""0""}","{""0"":""https://panoptes-uploads.zooniverse.org/subject_location/68530a05-496f-4375-b234-ed2a61c4256a.mpga"",""1"":""https://panoptes-uploads.zooniverse.org/subject_location/0c3ea31b-a1c8-4bd6-b0a6-3afb6e4de7d2.png""}",2,,,2023-07-24 23:57:30 UTC,2023-07-24 23:57:30 UTC
90989875,19171,22318,114777,"{""images"":""Deci44100_CCES_010_3207.png"",""sounds"":""Deci44100_CCES_010_3207.mp3"",""subject_id"":""Deci44100_CCES_010_3207"",""#training_subject"":""0""}","{""0"":""https://panoptes-uploads.zooniverse.org/subject_location/b665848b-eb66-4880-8bee-7679ca8421e5.mpga"",""1"":""https://panoptes-uploads.zooniverse.org/subject_location/0245da59-135c-489a-ac1e-df58b48f0db7.png""}",3,,,2023-07-24 23:57:31 UTC,2023-07-24 23:57:31 UTC
90989876,19171,22318,114777,"{""images"":""Deci44100_CCES_010_3209.png"",""sounds"":""Deci44100_CCES_010_3209.mp3"",""subject_id"":""Deci44100_CCES_010_3209"",""#training_subject"":""0""}","{""0"":""https://panoptes-uploads.zooniverse.org/subject_location/10351273-7b0f-41e8-a4f0-a3bc2263d9ef.mpga"",""1"":""https://panoptes-uploads.zooniverse.org/subject_location/dc8a26b5-3727-4530-9135-8849fb4888fc.png""}",2,,,2023-07-24 23:57:32 UTC,2023-07-24 23:57:32 UTC
90989877,19171,22318,114777,"{""images"":""Deci44100_CCES_010_321.png"",""sounds"":""Deci44100_CCES_010_321.mp3"",""subject_id"":""Deci44100_CCES_010_321"",""#training_subject"":""0""}","{""0"":""https://panoptes-uploads.zooniverse.org/subject_location/a81221a6-8234-4bb9-b5ff-5b9ef5f99645.mpga"",""1"":""https://panoptes-uploads.zooniverse.org/subject_location/49d5f061-1378-40f6-b00e-eb90c0cab5c2.png""}",7,,,2023-07-24 23:57:33 UTC,2023-07-24 23:57:33 UTC
90989878,19171,22318,114777,"{""images"":""Deci44100_CCES_010_3212.png"",""sounds"":""Deci44100_CCES_010_3212.mp3"",""subject_id"":""Deci44100_CCES_010_3212"",""#training_subject"":""0""}","{""0"":""https://panoptes-uploads.zooniverse.org/subject_location/58ff7c5e-25d0-4e79-9d75-c2203f41e8c4.mpga"",""1"":""https://panoptes-uploads.zooniverse.org/subject_location/439a7d33-d6bd-42a2-8e7e-8cc0853fa5c9.png""}",3,,,2023-07-24 23:57:33 UTC,2023-07-24 23:57:33 UTC
90989879,19171,22318,114777,"{""images"":""Deci44100_CCES_010_3214.png"",""sounds"":""Deci44100_CCES_010_3214.mp3"",""subject_id"":""Deci44100_CCES_010_3214"",""#training_subject"":""0""}","{""0"":""https://panoptes-uploads.zooniverse.org/subject_location/908d874f-c4af-4edc-af66-53189e3dbe83.mpga"",""1"":""https://panoptes-uploads.zooniverse.org/subject_location/59744419-f708-4873-9334-083291c49df1.png""}",4,,,2023-07-24 23:57:34 UTC,2023-07-24 23:57:34 UTC
90989880,19171,22318,114777,"{""images"":""Deci44100_CCES_010_3215.png"",""sounds"":""Deci44100_CCES_010_3215.mp3"",""subject_id"":""Deci44100_CCES_010_3215"",""#training_subject"":""0""}","{""0"":""https://panoptes-uploads.zooniverse.org/subject_location/dff1a880-afa0-413a-88fe-fc11b40335e0.mpga"",""1"":""https://panoptes-uploads.zooniverse.org/subject_location/552a4c85-1436-4ec4-a8bf-2fe584218a1b.png""}",1,,,2023-07-24 23:57:35 UTC,2023-07-24 23:57:35 UTC
90989881,19171,22318,114777,"{""images"":""Deci44100_CCES_010_322.png"",""sounds"":""Deci44100_CCES_010_322.mp3"",""subject_id"":""Deci44100_CCES_010_322"",""#training_subject"":""0""}","{""0"":""https://panoptes-uploads.zooniverse.org/subject_location/4fd223a7-e31d-4601-b55c-e72b551a35c7.mpga"",""1"":""https://panoptes-uploads.zooniverse.org/subject_location/69a27fad-6f11-41fb-91d1-4182e9e9c56d.png""}",2,,,2023-07-24 23:57:36 UTC,2023-07-24 23:57:36 UTC
90989882,19171,22318,114777,"{""images"":""Deci44100_CCES_010_3220.png"",""sounds"":""Deci44100_CCES_010_3220.mp3"",""subject_id"":""Deci44100_CCES_010_3220"",""#training_subject"":""0""}","{""0"":""https://panoptes-uploads.zooniverse.org/subject_location/78b20c87-3828-440b-b240-da2cdd056e82.mpga"",""1"":""https://panoptes-uploads.zooniverse.org/subject_location/ac92afad-058a-470c-bce8-247da7980048.png""}",2,,,2023-07-24 23:57:37 UTC,2023-07-24 23:57:37 UTC
90989883,19171,22318,114777,"{""images"":""Deci44100_CCES_010_3227.png"",""sounds"":""Deci44100_CCES_010_3227.mp3"",""subject_id"":""Deci44100_CCES_010_3227"",""#training_subject"":""0""}","{""0"":""https://panoptes-uploads.zooniverse.org/subject_location/63515558-d187-4f2e-ab2b-56593af3b0e8.mpga"",""1"":""https://panoptes-uploads.zooniverse.org/subject_location/77ac9914-6c1f-40fe-89d1-4381695757d8.png""}",5,,,2023-07-24 23:57:38 UTC,2023-07-24 23:57:38 UTC
90989884,19171,22318,114777,"{""images"":""Deci44100_CCES_010_323.png"",""sounds"":""Deci44100_CCES_010_323.mp3"",""subject_id"":""Deci44100_CCES_010_323"",""#training_subject"":""0""}","{""0"":""https://panoptes-uploads.zooniverse.org/subject_location/527a7645-ae85-4668-b363-1bafa0e2fb61.mpga"",""1"":""https://panoptes-uploads.zooniverse.org/subject_location/6af56fd8-eab3-4967-9f76-1f403e7b1e65.png""}",0,,,2023-07-24 23:57:39 UTC,2023-07-24 23:57:39 UTC
90989885,19171,22318,114777,"{""images"":""Deci44100_CCES_010_3234.png"",""sounds"":""Deci44100_CCES_010_3234.mp3"",""subject_id"":""Deci44100_CCES_010_3234"",""#training_subject"":""0""}","{""0"":""https://panoptes-uploads.zooniverse.org/subject_location/d9161187-4d19-4afe-a951-e2f57f9b7dc8.mpga"",""1"":""https://panoptes-uploads.zooniverse.org/subject_location/8e64c062-1fe6-42e2-8994-5e6ceaa580ea.png""}",2,,,2023-07-24 23:57:40 UTC,2023-07-24 23:57:40 UTC
90989886,19171,22318,114777,"{""images"":""Deci44100_CCES_010_3238.png"",""sounds"":""Deci44100_CCES_010_3238.mp3"",""subject_id"":""Deci44100_CCES_010_3238"",""#training_subject"":""0""}","{""0"":""https://panoptes-uploads.zooniverse.org/subject_location/c1db1ac2-19e9-44a6-99f6-32d12e134e22.mpga"",""1"":""https://panoptes-uploads.zooniverse.org/subject_location/e5fc9b18-77bb-4ec9-b04c-d371d2952070.png""}",2,,,2023-07-24 23:57:41 UTC,2023-07-24 23:57:41 UTC
90989887,19171,22318,114777,"{""images"":""Deci44100_CCES_010_3242.png"",""sounds"":""Deci44100_CCES_010_3242.mp3"",""subject_id"":""Deci44100_CCES_010_3242"",""#training_subject"":""0""}","{""0"":""https://panoptes-uploads.zooniverse.org/subject_location/586b0e08-475b-4a49-9bf4-42440225164c.mpga"",""1"":""https://panoptes-uploads.zooniverse.org/subject_location/4d1d803d-8f48-4895-a19d-7a09e39f636a.png""}",2,,,2023-07-24 23:57:41 UTC,2023-07-24 23:57:41 UTC
90989888,19171,22318,114777,"{""images"":""Deci44100_CCES_010_325.png"",""sounds"":""Deci44100_CCES_010_325.mp3"",""subject_id"":""Deci44100_CCES_010_325"",""#training_subject"":""0""}","{""0"":""https://panoptes-uploads.zooniverse.org/subject_location/263561b1-23b9-4882-93cb-ca97b9a1b16b.mpga"",""1"":""https://panoptes-uploads.zooniverse.org/subject_location/37cd4c45-948d-432a-acce-13ff883ce7d7.png""}",4,,,2023-07-24 23:57:42 UTC,2023-07-24 23:57:42 UTC
90989889,19171,22318,114777,"{""images"":""Deci44100_CCES_010_3253.png"",""sounds"":""Deci44100_CCES_010_3253.mp3"",""subject_id"":""Deci44100_CCES_010_3253"",""#training_subject"":""0""}","{""0"":""https://panoptes-uploads.zooniverse.org/subject_location/6eb547ba-0cff-424c-a968-31fecf3dc483.mpga"",""1"":""https://panoptes-uploads.zooniverse.org/subject_location/b1ec720d-8b85-4c72-9540-13286e7405ea.png""}",4,,,2023-07-24 23:57:43 UTC,2023-07-24 23:57:43 UTC
90989890,19171,22318,114777,"{""images"":""Deci44100_CCES_010_3254.png"",""sounds"":""Deci44100_CCES_010_3254.mp3"",""subject_id"":""Deci44100_CCES_010_3254"",""#training_subject"":""0""}","{""0"":""https://panoptes-uploads.zooniverse.org/subject_location/7be98e83-1865-4f3c-baf5-5fa70d0da444.mpga"",""1"":""https://panoptes-uploads.zooniverse.org/subject_location/96b0d14f-ad58-4cba-a280-0df9f42f3dfd.png""}",3,,,2023-07-24 23:57:44 UTC,2023-07-24 23:57:44 UTC
90989891,19171,22318,114777,"{""images"":""Deci44100_CCES_010_326.png"",""sounds"":""Deci44100_CCES_010_326.mp3"",""subject_id"":""Deci44100_CCES_010_326"",""#training_subject"":""0""}","{""0"":""https://panoptes-uploads.zooniverse.org/subject_location/f5704fdc-e2c1-48e5-ab43-1bbc891b6e5c.mpga"",""1"":""https://panoptes-uploads.zooniverse.org/subject_location/c5136e55-1e2b-4ae2-abac-0a882c438a1f.png""}",3,,,2023-07-24 23:57:45 UTC,2023-07-24 23:57:45 UTC
90989892,19171,22318,114777,"{""images"":""Deci44100_CCES_010_327.png"",""sounds"":""Deci44100_CCES_010_327.mp3"",""subject_id"":""Deci44100_CCES_010_327"",""#training_subject"":""0""}","{""0"":""https://panoptes-uploads.zooniverse.org/subject_location/710a3959-74bc-45ab-8351-1abce2a2a051.mpga"",""1"":""https://panoptes-uploads.zooniverse.org/subject_location/e5ee47fb-91ba-432c-aea8-14da026ae0b7.png""}",2,,,2023-07-24 23:57:45 UTC,2023-07-24 23:57:45 UTC
90989893,19171,22318,114777,"{""images"":""Deci44100_CCES_010_3275.png"",""sounds"":""Deci44100_CCES_010_3275.mp3"",""subject_id"":""Deci44100_CCES_010_3275"",""#training_subject"":""0""}","{""0"":""https://panoptes-uploads.zooniverse.org/subject_location/a86b667d-455f-46ed-bee0-d83fc78f8e30.mpga"",""1"":""https://panoptes-uploads.zooniverse.org/subject_location/545d430e-a0db-40e5-8d72-8f74d7c7d6e1.png""}",2,,,2023-07-24 23:57:46 UTC,2023-07-24 23:57:46 UTC
90989894,19171,22318,114777,"{""images"":""Deci44100_CCES_010_3276.png"",""sounds"":""Deci44100_CCES_010_3276.mp3"",""subject_id"":""Deci44100_CCES_010_3276"",""#training_subject"":""0""}","{""0"":""https://panoptes-uploads.zooniverse.org/subject_location/1e267687-e232-4047-b9d8-f67c67b6789a.mpga"",""1"":""https://panoptes-uploads.zooniverse.org/subject_location/916d7d1a-cc56-49f8-a859-f87cda5d8068.png""}",3,,,2023-07-24 23:57:47 UTC,2023-07-24 23:57:47 UTC
90989895,19171,22318,114777,"{""images"":""Deci44100_CCES_010_3280.png"",""sounds"":""Deci44100_CCES_010_3280.mp3"",""subject_id"":""Deci44100_CCES_010_3280"",""#training_subject"":""0""}","{""0"":""https://panoptes-uploads.zooniverse.org/subject_location/d764884b-4594-4c92-a674-60e510859534.mpga"",""1"":""https://panoptes-uploads.zooniverse.org/subject_location/a5cdee76-ebeb-4c52-895e-4231fab48781.png""}",5,,,2023-07-24 23:57:48 UTC,2023-07-24 23:57:48 UTC
90989896,19171,22318,114777,"{""images"":""Deci44100_CCES_010_3281.png"",""sounds"":""Deci44100_CCES_010_3281.mp3"",""subject_id"":""Deci44100_CCES_010_3281"",""#training_subject"":""0""}","{""0"":""https://panoptes-uploads.zooniverse.org/subject_location/fb0ce3fe-e4bc-4267-8e1b-2c7c3a877a7f.mpga"",""1"":""https://panoptes-uploads.zooniverse.org/subject_location/df33ea6d-7ed9-4901-8c4a-42a5bf3791b4.png""}",1,,,2023-07-24 23:57:49 UTC,2023-07-24 23:57:49 UTC
90989897,19171,22318,114777,"{""images"":""Deci44100_CCES_010_3284.png"",""sounds"":""Deci44100_CCES_010_3284.mp3"",""subject_id"":""Deci44100_CCES_010_3284"",""#training_subject"":""0""}","{""0"":""https://panoptes-uploads.zooniverse.org/subject_location/cd05676c-ad89-4dea-a46b-af488b304663.mpga"",""1"":""https://panoptes-uploads.zooniverse.org/subject_location/a0ae74c5-7c31-4f6a-9455-a4c971a2ab73.png""}",1,,,2023-07-24 23:57:50 UTC,2023-07-24 23:57:50 UTC
90989898,19171,22318,114777,"{""images"":""Deci44100_CCES_010_3288.png"",""sounds"":""Deci44100_CCES_010_3288.mp3"",""subject_id"":""Deci44100_CCES_010_3288"",""#training_subject"":""0""}","{""0"":""https://panoptes-uploads.zooniverse.org/subject_location/b11f11c5-019e-491f-b380-43067eb1eff2.mpga"",""1"":""https://panoptes-uploads.zooniverse.org/subject_location/373b54f5-4d9b-4a08-a12b-8bbbdc6c1f80.png""}",2,,,2023-07-24 23:57:51 UTC,2023-07-24 23:57:51 UTC
90989899,19171,22318,114777,"{""images"":""Deci44100_CCES_010_3291.png"",""sounds"":""Deci44100_CCES_010_3291.mp3"",""subject_id"":""Deci44100_CCES_010_3291"",""#training_subject"":""0""}","{""0"":""https://panoptes-uploads.zooniverse.org/subject_location/2618e007-575d-44fa-93ea-4c7fa4809517.mpga"",""1"":""https://panoptes-uploads.zooniverse.org/subject_location/c92f041c-df19-478d-b5e3-f6c57099df28.png""}",4,,,2023-07-24 23:57:52 UTC,2023-07-24 23:57:52 UTC
90989900,19171,22318,114777,"{""images"":""Deci44100_CCES_010_3292.png"",""sounds"":""Deci44100_CCES_010_3292.mp3"",""subject_id"":""Deci44100_CCES_010_3292"",""#training_subject"":""0""}","{""0"":""https://panoptes-uploads.zooniverse.org/subject_location/1cdcdea2-f38d-47c7-b1d9-e4bea3b9a941.mpga"",""1"":""https://panoptes-uploads.zooniverse.org/subject_location/40f931a1-5bfb-4400-baff-d457facd858b.png""}",3,,,2023-07-24 23:57:52 UTC,2023-07-24 23:57:52 UTC
90989901,19171,22318,114777,"{""images"":""Deci44100_CCES_010_3296.png"",""sounds"":""Deci44100_CCES_010_3296.mp3"",""subject_id"":""Deci44100_CCES_010_3296"",""#training_subject"":""0""}","{""0"":""https://panoptes-uploads.zooniverse.org/subject_location/4774512a-ce39-4504-9b27-e6a589077cd5.mpga"",""1"":""https://panoptes-uploads.zooniverse.org/subject_location/033b5aa3-8fd0-412d-83cb-13b07a0bf206.png""}",8,,,2023-07-24 23:57:53 UTC,2023-07-24 23:57:53 UTC
90989902,19171,22318,114777,"{""images"":""Deci44100_CCES_010_3310.png"",""sounds"":""Deci44100_CCES_010_3310.mp3"",""subject_id"":""Deci44100_CCES_010_3310"",""#training_subject"":""0""}","{""0"":""https://panoptes-uploads.zooniverse.org/subject_location/9e478223-c6c1-4b45-b59b-45bb5e7c24d5.mpga"",""1"":""https://panoptes-uploads.zooniverse.org/subject_location/fee8fa24-cea4-4ee2-85bd-41b857155229.png""}",4,,,2023-07-24 23:57:54 UTC,2023-07-24 23:57:54 UTC
90989903,19171,22318,114777,"{""images"":""Deci44100_CCES_010_3314.png"",""sounds"":""Deci44100_CCES_010_3314.mp3"",""subject_id"":""Deci44100_CCES_010_3314"",""#training_subject"":""0""}","{""0"":""https://panoptes-uploads.zooniverse.org/subject_location/d049814e-ef66-47d4-b193-0b244fba5db5.mpga"",""1"":""https://panoptes-uploads.zooniverse.org/subject_location/18a3c5a0-58b0-4485-bb8c-45cc1c8ed360.png""}",3,,,2023-07-24 23:57:55 UTC,2023-07-24 23:57:55 UTC
90989904,19171,22318,114777,"{""images"":""Deci44100_CCES_010_3317.png"",""sounds"":""Deci44100_CCES_010_3317.mp3"",""subject_id"":""Deci44100_CCES_010_3317"",""#training_subject"":""0""}","{""0"":""https://panoptes-uploads.zooniverse.org/subject_location/a47c3ac5-74ea-4d5e-bb3d-fc245ea15bc9.mpga"",""1"":""https://panoptes-uploads.zooniverse.org/subject_location/86de911b-55ba-46bf-bf3c-8fb256ae8b3a.png""}",0,,,2023-07-24 23:57:56 UTC,2023-07-24 23:57:56 UTC
90989905,19171,22318,114777,"{""images"":""Deci44100_CCES_010_3318.png"",""sounds"":""Deci44100_CCES_010_3318.mp3"",""subject_id"":""Deci44100_CCES_010_3318"",""#training_subject"":""0""}","{""0"":""https://panoptes-uploads.zooniverse.org/subject_location/659bb348-7655-4dae-b4c3-52f822c01812.mpga"",""1"":""https://panoptes-uploads.zooniverse.org/subject_location/1a52e098-aa00-4303-8fcc-f68d22b15d48.png""}",4,,,2023-07-24 23:57:57 UTC,2023-07-24 23:57:57 UTC
90989906,19171,22318,114777,"{""images"":""Deci44100_CCES_010_3320.png"",""sounds"":""Deci44100_CCES_010_3320.mp3"",""subject_id"":""Deci44100_CCES_010_3320"",""#training_subject"":""0""}","{""0"":""https://panoptes-uploads.zooniverse.org/subject_location/e8e21d3e-6e5d-407c-880b-748d511e9775.mpga"",""1"":""https://panoptes-uploads.zooniverse.org/subject_location/1b5520e7-78c1-4aac-8e34-f352116072db.png""}",1,,,2023-07-24 23:57:58 UTC,2023-07-24 23:57:58 UTC
90989907,19171,22318,114777,"{""images"":""Deci44100_CCES_010_3322.png"",""sounds"":""Deci44100_CCES_010_3322.mp3"",""subject_id"":""Deci44100_CCES_010_3322"",""#training_subject"":""0""}","{""0"":""https://panoptes-uploads.zooniverse.org/subject_location/d446f909-8786-4267-b2ed-373ff80ac72e.mpga"",""1"":""https://panoptes-uploads.zooniverse.org/subject_location/34736403-5fee-42f3-af80-1d9281b236ac.png""}",1,,,2023-07-24 23:57:59 UTC,2023-07-24 23:57:59 UTC
90989908,19171,22318,114777,"{""images"":""Deci44100_CCES_010_3329.png"",""sounds"":""Deci44100_CCES_010_3329.mp3"",""subject_id"":""Deci44100_CCES_010_3329"",""#training_subject"":""0""}","{""0"":""https://panoptes-uploads.zooniverse.org/subject_location/477e32c0-0922-4b0a-b03c-8f1e741d21da.mpga"",""1"":""https://panoptes-uploads.zooniverse.org/subject_location/e83c39cd-cf95-40d8-8c56-1a0d2c2d72f7.png""}",3,,,2023-07-24 23:58:00 UTC,2023-07-24 23:58:00 UTC
90989909,19171,22318,114777,"{""images"":""Deci44100_CCES_010_3330.png"",""sounds"":""Deci44100_CCES_010_3330.mp3"",""subject_id"":""Deci44100_CCES_010_3330"",""#training_subject"":""0""}","{""0"":""https://panoptes-uploads.zooniverse.org/subject_location/6e5fdf9a-a678-440d-a1fb-c68c4d423acb.mpga"",""1"":""https://panoptes-uploads.zooniverse.org/subject_location/3321a92a-924b-4549-93cd-e97fceab494d.png""}",3,,,2023-07-24 23:58:01 UTC,2023-07-24 23:58:01 UTC
90989910,19171,22318,114777,"{""images"":""Deci44100_CCES_010_3336.png"",""sounds"":""Deci44100_CCES_010_3336.mp3"",""subject_id"":""Deci44100_CCES_010_3336"",""#training_subject"":""0""}","{""0"":""https://panoptes-uploads.zooniverse.org/subject_location/76e91c6d-b37d-498d-ba4a-834bccf85627.mpga"",""1"":""https://panoptes-uploads.zooniverse.org/subject_location/2a4793b7-fcd6-4977-a68a-3a87dc0356de.png""}",2,,,2023-07-24 23:58:02 UTC,2023-07-24 23:58:02 UTC
90989911,19171,22318,114777,"{""images"":""Deci44100_CCES_010_3338.png"",""sounds"":""Deci44100_CCES_010_3338.mp3"",""subject_id"":""Deci44100_CCES_010_3338"",""#training_subject"":""0""}","{""0"":""https://panoptes-uploads.zooniverse.org/subject_location/ceb07037-5a28-4a3e-bafa-bb97b4732acd.mpga"",""1"":""https://panoptes-uploads.zooniverse.org/subject_location/0dbdb732-eed5-44a3-ab57-36c23be24179.png""}",3,,,2023-07-24 23:58:03 UTC,2023-07-24 23:58:03 UTC
90989912,19171,22318,114777,"{""images"":""Deci44100_CCES_010_3340.png"",""sounds"":""Deci44100_CCES_010_3340.mp3"",""subject_id"":""Deci44100_CCES_010_3340"",""#training_subject"":""0""}","{""0"":""https://panoptes-uploads.zooniverse.org/subject_location/162974f4-f73c-4616-8e01-75f5a4111d84.mpga"",""1"":""https://panoptes-uploads.zooniverse.org/subject_location/d2e07af0-e212-4a84-9610-be9aadc5f300.png""}",0,,,2023-07-24 23:58:04 UTC,2023-07-24 23:58:04 UTC
90989913,19171,22318,114777,"{""images"":""Deci44100_CCES_010_335.png"",""sounds"":""Deci44100_CCES_010_335.mp3"",""subject_id"":""Deci44100_CCES_010_335"",""#training_subject"":""0""}","{""0"":""https://panoptes-uploads.zooniverse.org/subject_location/f72df8bc-89cd-49c6-b078-5149102924c0.mpga"",""1"":""https://panoptes-uploads.zooniverse.org/subject_location/838cf491-b58a-4930-9de2-065865903e1b.png""}",2,,,2023-07-24 23:58:05 UTC,2023-07-24 23:58:05 UTC
90989914,19171,22318,114777,"{""images"":""Deci44100_CCES_010_3350.png"",""sounds"":""Deci44100_CCES_010_3350.mp3"",""subject_id"":""Deci44100_CCES_010_3350"",""#training_subject"":""0""}","{""0"":""https://panoptes-uploads.zooniverse.org/subject_location/469653dc-472e-4b91-a3d5-9cdfb087c65f.mpga"",""1"":""https://panoptes-uploads.zooniverse.org/subject_location/d2415ba2-c4d0-4666-b0d3-2182bc775c72.png""}",2,,,2023-07-24 23:58:06 UTC,2023-07-24 23:58:06 UTC
90989915,19171,22318,114777,"{""images"":""Deci44100_CCES_010_3356.png"",""sounds"":""Deci44100_CCES_010_3356.mp3"",""subject_id"":""Deci44100_CCES_010_3356"",""#training_subject"":""0""}","{""0"":""https://panoptes-uploads.zooniverse.org/subject_location/b2bd0de2-9f25-47b1-83f2-8720e18aa2a1.mpga"",""1"":""https://panoptes-uploads.zooniverse.org/subject_location/deb1b394-0e05-45cd-afb2-8bd2d5bc6901.png""}",3,,,2023-07-24 23:58:07 UTC,2023-07-24 23:58:07 UTC
90989916,19171,22318,114777,"{""images"":""Deci44100_CCES_010_3358.png"",""sounds"":""Deci44100_CCES_010_3358.mp3"",""subject_id"":""Deci44100_CCES_010_3358"",""#training_subject"":""0""}","{""0"":""https://panoptes-uploads.zooniverse.org/subject_location/98b93ce5-83c4-413d-a225-4edf76d6081a.mpga"",""1"":""https://panoptes-uploads.zooniverse.org/subject_location/2a2ec268-28b4-4800-b0f6-bdbc5317d756.png""}",2,,,2023-07-24 23:58:08 UTC,2023-07-24 23:58:08 UTC
90989917,19171,22318,114777,"{""images"":""Deci44100_CCES_010_336.png"",""sounds"":""Deci44100_CCES_010_336.mp3"",""subject_id"":""Deci44100_CCES_010_336"",""#training_subject"":""0""}","{""0"":""https://panoptes-uploads.zooniverse.org/subject_location/6d0ef126-4b53-4060-a6f2-8ab4b4494860.mpga"",""1"":""https://panoptes-uploads.zooniverse.org/subject_location/b617b55c-a7e4-429a-9df3-18851374fabf.png""}",3,,,2023-07-24 23:58:09 UTC,2023-07-24 23:58:09 UTC
90989918,19171,22318,114777,"{""images"":""Deci44100_CCES_010_3369.png"",""sounds"":""Deci44100_CCES_010_3369.mp3"",""subject_id"":""Deci44100_CCES_010_3369"",""#training_subject"":""0""}","{""0"":""https://panoptes-uploads.zooniverse.org/subject_location/3e692728-0668-4ab3-a275-21345d4670cc.mpga"",""1"":""https://panoptes-uploads.zooniverse.org/subject_location/e7e11407-d057-4c17-93a7-96ee774586fc.png""}",4,,,2023-07-24 23:58:10 UTC,2023-07-24 23:58:10 UTC
90989919,19171,22318,114777,"{""images"":""Deci44100_CCES_010_337.png"",""sounds"":""Deci44100_CCES_010_337.mp3"",""subject_id"":""Deci44100_CCES_010_337"",""#training_subject"":""0""}","{""0"":""https://panoptes-uploads.zooniverse.org/subject_location/6842c377-b4f2-47ed-b7ad-9034e9a08744.mpga"",""1"":""https://panoptes-uploads.zooniverse.org/subject_location/c2d46080-315b-4c24-864d-7aa23cdb858e.png""}",2,,,2023-07-24 23:58:10 UTC,2023-07-24 23:58:10 UTC
90989920,19171,22318,114777,"{""images"":""Deci44100_CCES_010_3383.png"",""sounds"":""Deci44100_CCES_010_3383.mp3"",""subject_id"":""Deci44100_CCES_010_3383"",""#training_subject"":""0""}","{""0"":""https://panoptes-uploads.zooniverse.org/subject_location/e15e3cb6-af9c-4c8a-a585-9572d227c3ae.mpga"",""1"":""https://panoptes-uploads.zooniverse.org/subject_location/e1086e93-0b25-43f1-a2ec-b9e3ae2c64db.png""}",1,,,2023-07-24 23:58:11 UTC,2023-07-24 23:58:11 UTC
90989921,19171,22318,114777,"{""images"":""Deci44100_CCES_010_3388.png"",""sounds"":""Deci44100_CCES_010_3388.mp3"",""subject_id"":""Deci44100_CCES_010_3388"",""#training_subject"":""0""}","{""0"":""https://panoptes-uploads.zooniverse.org/subject_location/d070e93e-9296-4337-8ce2-ee0599742175.mpga"",""1"":""https://panoptes-uploads.zooniverse.org/subject_location/57e517d1-791e-4a56-9357-8521fc391af4.png""}",8,,,2023-07-24 23:58:12 UTC,2023-07-24 23:58:12 UTC
90989922,19171,22318,114777,"{""images"":""Deci44100_CCES_010_3391.png"",""sounds"":""Deci44100_CCES_010_3391.mp3"",""subject_id"":""Deci44100_CCES_010_3391"",""#training_subject"":""0""}","{""0"":""https://panoptes-uploads.zooniverse.org/subject_location/c76a91a1-8f87-4a4c-a3ca-36c3533ee844.mpga"",""1"":""https://panoptes-uploads.zooniverse.org/subject_location/2f49a43e-592f-4013-bcc5-4a596a89cffe.png""}",5,,,2023-07-24 23:58:13 UTC,2023-07-24 23:58:13 UTC
90989923,19171,22318,114777,"{""images"":""Deci44100_CCES_010_3399.png"",""sounds"":""Deci44100_CCES_010_3399.mp3"",""subject_id"":""Deci44100_CCES_010_3399"",""#training_subject"":""0""}","{""0"":""https://panoptes-uploads.zooniverse.org/subject_location/bf4ac888-d900-41de-b9d0-b118f9cc452c.mpga"",""1"":""https://panoptes-uploads.zooniverse.org/subject_location/85e85188-697e-465f-ac80-b29265ebe147.png""}",5,,,2023-07-24 23:58:14 UTC,2023-07-24 23:58:14 UTC
90989924,19171,22318,114777,"{""images"":""Deci44100_CCES_010_3404.png"",""sounds"":""Deci44100_CCES_010_3404.mp3"",""subject_id"":""Deci44100_CCES_010_3404"",""#training_subject"":""0""}","{""0"":""https://panoptes-uploads.zooniverse.org/subject_location/47b5ea4b-eb72-4703-a611-1b58936b6982.mpga"",""1"":""https://panoptes-uploads.zooniverse.org/subject_location/92cd5577-0175-49d2-8345-d98fa6ba9915.png""}",1,,,2023-07-24 23:58:15 UTC,2023-07-24 23:58:15 UTC
90989925,19171,22318,114777,"{""images"":""Deci44100_CCES_010_3405.png"",""sounds"":""Deci44100_CCES_010_3405.mp3"",""subject_id"":""Deci44100_CCES_010_3405"",""#training_subject"":""0""}","{""0"":""https://panoptes-uploads.zooniverse.org/subject_location/098e847a-45a1-4d2f-8dc2-087d84cd07ad.mpga"",""1"":""https://panoptes-uploads.zooniverse.org/subject_location/085f0c55-0cf6-45dc-8d45-2fc5cfa2aedf.png""}",3,,,2023-07-24 23:58:16 UTC,2023-07-24 23:58:16 UTC
90989926,19171,22318,114777,"{""images"":""Deci44100_CCES_010_3406.png"",""sounds"":""Deci44100_CCES_010_3406.mp3"",""subject_id"":""Deci44100_CCES_010_3406"",""#training_subject"":""0""}","{""0"":""https://panoptes-uploads.zooniverse.org/subject_location/b8b00c1e-2d71-40c2-a576-254dc2b692f8.mpga"",""1"":""https://panoptes-uploads.zooniverse.org/subject_location/8d273bcb-ecee-4113-855c-9ba2aafdacb9.png""}",0,,,2023-07-24 23:58:17 UTC,2023-07-24 23:58:17 UTC
90989927,19171,22318,114777,"{""images"":""Deci44100_CCES_010_3407.png"",""sounds"":""Deci44100_CCES_010_3407.mp3"",""subject_id"":""Deci44100_CCES_010_3407"",""#training_subject"":""0""}","{""0"":""https://panoptes-uploads.zooniverse.org/subject_location/adac95af-8b9b-4afc-98a8-872bce43fe8e.mpga"",""1"":""https://panoptes-uploads.zooniverse.org/subject_location/23b649b3-9452-4c24-943f-85e919ed9d3d.png""}",4,,,2023-07-24 23:58:18 UTC,2023-07-24 23:58:18 UTC
90989928,19171,22318,114777,"{""images"":""Deci44100_CCES_010_3412.png"",""sounds"":""Deci44100_CCES_010_3412.mp3"",""subject_id"":""Deci44100_CCES_010_3412"",""#training_subject"":""0""}","{""0"":""https://panoptes-uploads.zooniverse.org/subject_location/e6faf33a-85c3-4834-9820-7cd047d11060.mpga"",""1"":""https://panoptes-uploads.zooniverse.org/subject_location/38dbfbfa-f9f0-404d-bfb6-82d35bcbbcda.png""}",2,,,2023-07-24 23:58:19 UTC,2023-07-24 23:58:19 UTC
90989929,19171,22318,114777,"{""images"":""Deci44100_CCES_010_3419.png"",""sounds"":""Deci44100_CCES_010_3419.mp3"",""subject_id"":""Deci44100_CCES_010_3419"",""#training_subject"":""0""}","{""0"":""https://panoptes-uploads.zooniverse.org/subject_location/3f319e02-e225-401d-9e78-c132328ea50f.mpga"",""1"":""https://panoptes-uploads.zooniverse.org/subject_location/8361cb18-4a19-4f39-919c-e275bd6caf82.png""}",2,,,2023-07-24 23:58:19 UTC,2023-07-24 23:58:19 UTC
90989930,19171,22318,114777,"{""images"":""Deci44100_CCES_010_3420.png"",""sounds"":""Deci44100_CCES_010_3420.mp3"",""subject_id"":""Deci44100_CCES_010_3420"",""#training_subject"":""0""}","{""0"":""https://panoptes-uploads.zooniverse.org/subject_location/93dee2f8-3155-487f-a127-a9a277b5bdab.mpga"",""1"":""https://panoptes-uploads.zooniverse.org/subject_location/d75ae65f-d663-4473-8804-479298c2207b.png""}",2,,,2023-07-24 23:58:20 UTC,2023-07-24 23:58:20 UTC
90989931,19171,22318,114777,"{""images"":""Deci44100_CCES_010_3428.png"",""sounds"":""Deci44100_CCES_010_3428.mp3"",""subject_id"":""Deci44100_CCES_010_3428"",""#training_subject"":""0""}","{""0"":""https://panoptes-uploads.zooniverse.org/subject_location/785ab790-ca46-4666-8e1f-dd3cada9cb35.mpga"",""1"":""https://panoptes-uploads.zooniverse.org/subject_location/0339b2a5-fb1e-479c-a519-b3351b9af5de.png""}",2,,,2023-07-24 23:58:21 UTC,2023-07-24 23:58:21 UTC
90989932,19171,22318,114777,"{""images"":""Deci44100_CCES_010_343.png"",""sounds"":""Deci44100_CCES_010_343.mp3"",""subject_id"":""Deci44100_CCES_010_343"",""#training_subject"":""0""}","{""0"":""https://panoptes-uploads.zooniverse.org/subject_location/9cf45ded-ef01-4ac0-b035-86050c5d3652.mpga"",""1"":""https://panoptes-uploads.zooniverse.org/subject_location/92dfb767-b6e9-4ef4-88d5-114b50fa01b7.png""}",4,,,2023-07-24 23:58:22 UTC,2023-07-24 23:58:22 UTC
90989933,19171,22318,114777,"{""images"":""Deci44100_CCES_010_3437.png"",""sounds"":""Deci44100_CCES_010_3437.mp3"",""subject_id"":""Deci44100_CCES_010_3437"",""#training_subject"":""0""}","{""0"":""https://panoptes-uploads.zooniverse.org/subject_location/37a878f1-0cdf-409f-85d4-4e75e5bbb77f.mpga"",""1"":""https://panoptes-uploads.zooniverse.org/subject_location/60e0d40f-a213-4f97-b9ec-49b93a60ac99.png""}",0,,,2023-07-24 23:58:23 UTC,2023-07-24 23:58:23 UTC
90989934,19171,22318,114777,"{""images"":""Deci44100_CCES_010_3439.png"",""sounds"":""Deci44100_CCES_010_3439.mp3"",""subject_id"":""Deci44100_CCES_010_3439"",""#training_subject"":""0""}","{""0"":""https://panoptes-uploads.zooniverse.org/subject_location/0aa06080-117e-4810-830e-07c4f8c31912.mpga"",""1"":""https://panoptes-uploads.zooniverse.org/subject_location/152b6f04-4c7e-442e-b9bb-8191541ad39d.png""}",7,,,2023-07-24 23:58:24 UTC,2023-07-24 23:58:24 UTC
90989935,19171,22318,114777,"{""images"":""Deci44100_CCES_010_3449.png"",""sounds"":""Deci44100_CCES_010_3449.mp3"",""subject_id"":""Deci44100_CCES_010_3449"",""#training_subject"":""0""}","{""0"":""https://panoptes-uploads.zooniverse.org/subject_location/c9220ea3-aeca-4689-af78-d3993c0dd9f0.mpga"",""1"":""https://panoptes-uploads.zooniverse.org/subject_location/928aef69-28f0-458c-be49-e64ac8b7481c.png""}",4,,,2023-07-24 23:58:25 UTC,2023-07-24 23:58:25 UTC
90989936,19171,22318,114777,"{""images"":""Deci44100_CCES_010_3451.png"",""sounds"":""Deci44100_CCES_010_3451.mp3"",""subject_id"":""Deci44100_CCES_010_3451"",""#training_subject"":""0""}","{""0"":""https://panoptes-uploads.zooniverse.org/subject_location/8cbdc63a-f958-42f8-a55d-3ffba2c6065e.mpga"",""1"":""https://panoptes-uploads.zooniverse.org/subject_location/57fd7c44-032c-4a54-adec-beead406cf12.png""}",2,,,2023-07-24 23:58:26 UTC,2023-07-24 23:58:26 UTC
90989937,19171,22318,114777,"{""images"":""Deci44100_CCES_010_3453.png"",""sounds"":""Deci44100_CCES_010_3453.mp3"",""subject_id"":""Deci44100_CCES_010_3453"",""#training_subject"":""0""}","{""0"":""https://panoptes-uploads.zooniverse.org/subject_location/9aa17972-7d3e-4ede-9028-99a07532b801.mpga"",""1"":""https://panoptes-uploads.zooniverse.org/subject_location/9839c552-cc65-40eb-8831-9fdde97484bb.png""}",3,,,2023-07-24 23:58:27 UTC,2023-07-24 23:58:27 UTC
90989938,19171,22318,114777,"{""images"":""Deci44100_CCES_010_3456.png"",""sounds"":""Deci44100_CCES_010_3456.mp3"",""subject_id"":""Deci44100_CCES_010_3456"",""#training_subject"":""0""}","{""0"":""https://panoptes-uploads.zooniverse.org/subject_location/d427b0cc-7300-4325-ac99-4aedd55ce33d.mpga"",""1"":""https://panoptes-uploads.zooniverse.org/subject_location/79ef47c5-c2a3-4922-a560-0e71b0fde66c.png""}",4,,,2023-07-24 23:58:28 UTC,2023-07-24 23:58:28 UTC
90989939,19171,22318,114777,"{""images"":""Deci44100_CCES_010_3459.png"",""sounds"":""Deci44100_CCES_010_3459.mp3"",""subject_id"":""Deci44100_CCES_010_3459"",""#training_subject"":""0""}","{""0"":""https://panoptes-uploads.zooniverse.org/subject_location/d0becbe1-2871-404d-a4a1-b0b811f3a7b6.mpga"",""1"":""https://panoptes-uploads.zooniverse.org/subject_location/dd93b33e-8e4c-4506-ae4d-ac8fe2592325.png""}",4,,,2023-07-24 23:58:29 UTC,2023-07-24 23:58:29 UTC
90989940,19171,22318,114777,"{""images"":""Deci44100_CCES_010_346.png"",""sounds"":""Deci44100_CCES_010_346.mp3"",""subject_id"":""Deci44100_CCES_010_346"",""#training_subject"":""0""}","{""0"":""https://panoptes-uploads.zooniverse.org/subject_location/d7a0c27a-8252-485d-9f13-613ef0f73eec.mpga"",""1"":""https://panoptes-uploads.zooniverse.org/subject_location/f124a279-857e-4fbf-bf3d-d263479cb2fe.png""}",5,,,2023-07-24 23:58:30 UTC,2023-07-24 23:58:30 UTC
90989941,19171,22318,114777,"{""images"":""Deci44100_CCES_010_3460.png"",""sounds"":""Deci44100_CCES_010_3460.mp3"",""subject_id"":""Deci44100_CCES_010_3460"",""#training_subject"":""0""}","{""0"":""https://panoptes-uploads.zooniverse.org/subject_location/943d772d-27a4-403f-8a82-013d233ba6aa.mpga"",""1"":""https://panoptes-uploads.zooniverse.org/subject_location/3b877ea9-9ade-41f2-a6ee-d2ed481f4b7b.png""}",5,,,2023-07-24 23:58:31 UTC,2023-07-24 23:58:31 UTC
90989942,19171,22318,114777,"{""images"":""Deci44100_CCES_010_3467.png"",""sounds"":""Deci44100_CCES_010_3467.mp3"",""subject_id"":""Deci44100_CCES_010_3467"",""#training_subject"":""0""}","{""0"":""https://panoptes-uploads.zooniverse.org/subject_location/d710d810-615d-4bb5-9ee5-23205a7f3f2d.mpga"",""1"":""https://panoptes-uploads.zooniverse.org/subject_location/4a14d200-ede2-40a4-9b9f-4e0fc8db91b9.png""}",6,,,2023-07-24 23:58:32 UTC,2023-07-24 23:58:32 UTC
90989943,19171,22318,114777,"{""images"":""Deci44100_CCES_010_3474.png"",""sounds"":""Deci44100_CCES_010_3474.mp3"",""subject_id"":""Deci44100_CCES_010_3474"",""#training_subject"":""0""}","{""0"":""https://panoptes-uploads.zooniverse.org/subject_location/f5225e0c-644b-40a0-b9a8-fd5654a68d66.mpga"",""1"":""https://panoptes-uploads.zooniverse.org/subject_location/6704ef41-b30d-4c3e-ba91-fa3634818feb.png""}",4,,,2023-07-24 23:58:33 UTC,2023-07-24 23:58:33 UTC
90989944,19171,22318,114777,"{""images"":""Deci44100_CCES_010_348.png"",""sounds"":""Deci44100_CCES_010_348.mp3"",""subject_id"":""Deci44100_CCES_010_348"",""#training_subject"":""0""}","{""0"":""https://panoptes-uploads.zooniverse.org/subject_location/1c1e0026-3c57-4474-8e87-25f4b37f965b.mpga"",""1"":""https://panoptes-uploads.zooniverse.org/subject_location/e9145846-8aec-461f-9840-3f2fe255c7f4.png""}",4,,,2023-07-24 23:58:34 UTC,2023-07-24 23:58:34 UTC
90989945,19171,22318,114777,"{""images"":""Deci44100_CCES_010_3480.png"",""sounds"":""Deci44100_CCES_010_3480.mp3"",""subject_id"":""Deci44100_CCES_010_3480"",""#training_subject"":""0""}","{""0"":""https://panoptes-uploads.zooniverse.org/subject_location/adf8e1c2-970e-4103-92ad-e28a5f028a83.mpga"",""1"":""https://panoptes-uploads.zooniverse.org/subject_location/b9b2f01d-f034-4cc3-bdc5-10d07f579abc.png""}",5,,,2023-07-24 23:58:35 UTC,2023-07-24 23:58:35 UTC
90989946,19171,22318,114777,"{""images"":""Deci44100_CCES_010_3487.png"",""sounds"":""Deci44100_CCES_010_3487.mp3"",""subject_id"":""Deci44100_CCES_010_3487"",""#training_subject"":""0""}","{""0"":""https://panoptes-uploads.zooniverse.org/subject_location/6a29fb38-cc45-41c8-9ba8-0a8183271475.mpga"",""1"":""https://panoptes-uploads.zooniverse.org/subject_location/94d2e9f4-b16b-4aeb-8c8d-47745d90b4e6.png""}",3,,,2023-07-24 23:58:36 UTC,2023-07-24 23:58:36 UTC
90989947,19171,22318,114777,"{""images"":""Deci44100_CCES_010_3488.png"",""sounds"":""Deci44100_CCES_010_3488.mp3"",""subject_id"":""Deci44100_CCES_010_3488"",""#training_subject"":""0""}","{""0"":""https://panoptes-uploads.zooniverse.org/subject_location/b5711641-40e1-421b-a0de-e9048cbba224.mpga"",""1"":""https://panoptes-uploads.zooniverse.org/subject_location/f6a12037-5c36-43ab-b1d5-26a065494960.png""}",5,,,2023-07-24 23:58:37 UTC,2023-07-24 23:58:37 UTC
90989948,19171,22318,114777,"{""images"":""Deci44100_CCES_010_3491.png"",""sounds"":""Deci44100_CCES_010_3491.mp3"",""subject_id"":""Deci44100_CCES_010_3491"",""#training_subject"":""0""}","{""0"":""https://panoptes-uploads.zooniverse.org/subject_location/4e3b4e9b-6ec9-4a3a-a8b0-c070c83b8ed5.mpga"",""1"":""https://panoptes-uploads.zooniverse.org/subject_location/7a54cf9d-a2ba-4723-a174-3c7fcac6e626.png""}",4,,,2023-07-24 23:58:38 UTC,2023-07-24 23:58:38 UTC
90989949,19171,22318,114777,"{""images"":""Deci44100_CCES_010_3498.png"",""sounds"":""Deci44100_CCES_010_3498.mp3"",""subject_id"":""Deci44100_CCES_010_3498"",""#training_subject"":""0""}","{""0"":""https://panoptes-uploads.zooniverse.org/subject_location/0ba71f9a-372d-4f53-83b4-1c14cd712222.mpga"",""1"":""https://panoptes-uploads.zooniverse.org/subject_location/c7bd6b3d-1427-4805-983d-8eccbd36fc7f.png""}",5,,,2023-07-24 23:58:39 UTC,2023-07-24 23:58:39 UTC
90989950,19171,22318,114777,"{""images"":""Deci44100_CCES_010_350.png"",""sounds"":""Deci44100_CCES_010_350.mp3"",""subject_id"":""Deci44100_CCES_010_350"",""#training_subject"":""0""}","{""0"":""https://panoptes-uploads.zooniverse.org/subject_location/6721de36-93e3-4729-ad77-14f4175fc8f6.mpga"",""1"":""https://panoptes-uploads.zooniverse.org/subject_location/f453bb6c-bfbd-41b5-866d-eb68be8d82b2.png""}",2,,,2023-07-24 23:58:40 UTC,2023-07-24 23:58:40 UTC
90989951,19171,22318,114777,"{""images"":""Deci44100_CCES_010_3502.png"",""sounds"":""Deci44100_CCES_010_3502.mp3"",""subject_id"":""Deci44100_CCES_010_3502"",""#training_subject"":""0""}","{""0"":""https://panoptes-uploads.zooniverse.org/subject_location/cca62c5d-843c-4b22-be8b-8f286dc44cf3.mpga"",""1"":""https://panoptes-uploads.zooniverse.org/subject_location/f23d4a9f-3ef0-4c03-bcec-9e4a6f244dee.png""}",4,,,2023-07-24 23:58:41 UTC,2023-07-24 23:58:41 UTC
90989952,19171,22318,114777,"{""images"":""Deci44100_CCES_010_3503.png"",""sounds"":""Deci44100_CCES_010_3503.mp3"",""subject_id"":""Deci44100_CCES_010_3503"",""#training_subject"":""0""}","{""0"":""https://panoptes-uploads.zooniverse.org/subject_location/9e987c31-9735-4b26-b132-ca0b3206f330.mpga"",""1"":""https://panoptes-uploads.zooniverse.org/subject_location/5aebdf4b-7645-4ccc-a380-159d278d38b6.png""}",2,,,2023-07-24 23:58:43 UTC,2023-07-24 23:58:43 UTC
90989953,19171,22318,114777,"{""images"":""Deci44100_CCES_010_3508.png"",""sounds"":""Deci44100_CCES_010_3508.mp3"",""subject_id"":""Deci44100_CCES_010_3508"",""#training_subject"":""0""}","{""0"":""https://panoptes-uploads.zooniverse.org/subject_location/d550739a-a097-44b0-b57e-7a16d19b8480.mpga"",""1"":""https://panoptes-uploads.zooniverse.org/subject_location/97cd794f-c476-41ec-8dd6-062481887e6b.png""}",3,,,2023-07-24 23:58:44 UTC,2023-07-24 23:58:44 UTC
90989954,19171,22318,114777,"{""images"":""Deci44100_CCES_010_3510.png"",""sounds"":""Deci44100_CCES_010_3510.mp3"",""subject_id"":""Deci44100_CCES_010_3510"",""#training_subject"":""0""}","{""0"":""https://panoptes-uploads.zooniverse.org/subject_location/de220505-c14f-434c-894a-58e4c5d4a770.mpga"",""1"":""https://panoptes-uploads.zooniverse.org/subject_location/4ce0dacb-7c69-492d-a7d3-a5efd786e5be.png""}",5,,,2023-07-24 23:58:45 UTC,2023-07-24 23:58:45 UTC
90989955,19171,22318,114777,"{""images"":""Deci44100_CCES_010_3512.png"",""sounds"":""Deci44100_CCES_010_3512.mp3"",""subject_id"":""Deci44100_CCES_010_3512"",""#training_subject"":""0""}","{""0"":""https://panoptes-uploads.zooniverse.org/subject_location/a8502d19-ee84-4c44-9297-ef09c2c2e733.mpga"",""1"":""https://panoptes-uploads.zooniverse.org/subject_location/034eb772-2feb-465b-a761-049980aee125.png""}",5,,,2023-07-24 23:58:46 UTC,2023-07-24 23:58:46 UTC
90989956,19171,22318,114777,"{""images"":""Deci44100_CCES_010_3521.png"",""sounds"":""Deci44100_CCES_010_3521.mp3"",""subject_id"":""Deci44100_CCES_010_3521"",""#training_subject"":""0""}","{""0"":""https://panoptes-uploads.zooniverse.org/subject_location/08e6c84f-4751-473c-87ae-677685af795a.mpga"",""1"":""https://panoptes-uploads.zooniverse.org/subject_location/373d2b1c-58dd-45b9-89d9-789bd938ed53.png""}",3,,,2023-07-24 23:58:47 UTC,2023-07-24 23:58:47 UTC
90989957,19171,22318,114777,"{""images"":""Deci44100_CCES_010_3522.png"",""sounds"":""Deci44100_CCES_010_3522.mp3"",""subject_id"":""Deci44100_CCES_010_3522"",""#training_subject"":""0""}","{""0"":""https://panoptes-uploads.zooniverse.org/subject_location/e6f7aea2-adb9-4f72-86c9-ffa33079456f.mpga"",""1"":""https://panoptes-uploads.zooniverse.org/subject_location/b5a4003b-6174-476b-afae-3c114d47df35.png""}",3,,,2023-07-24 23:58:48 UTC,2023-07-24 23:58:48 UTC
90989958,19171,22318,114777,"{""images"":""Deci44100_CCES_010_3530.png"",""sounds"":""Deci44100_CCES_010_3530.mp3"",""subject_id"":""Deci44100_CCES_010_3530"",""#training_subject"":""0""}","{""0"":""https://panoptes-uploads.zooniverse.org/subject_location/c558879c-0add-4a0a-8a3c-094ad5e3ba4d.mpga"",""1"":""https://panoptes-uploads.zooniverse.org/subject_location/3464ff2f-cef7-4d2e-8d84-a2661f2e3ef2.png""}",3,,,2023-07-24 23:58:49 UTC,2023-07-24 23:58:49 UTC
90989959,19171,22318,114777,"{""images"":""Deci44100_CCES_010_3540.png"",""sounds"":""Deci44100_CCES_010_3540.mp3"",""subject_id"":""Deci44100_CCES_010_3540"",""#training_subject"":""0""}","{""0"":""https://panoptes-uploads.zooniverse.org/subject_location/8af0ee06-9907-49cf-bfbe-db0f15da9228.mpga"",""1"":""https://panoptes-uploads.zooniverse.org/subject_location/fc150677-8226-48d6-86a8-5fdf87aacc0d.png""}",3,,,2023-07-24 23:58:50 UTC,2023-07-24 23:58:50 UTC
90989960,19171,22318,114777,"{""images"":""Deci44100_CCES_010_3547.png"",""sounds"":""Deci44100_CCES_010_3547.mp3"",""subject_id"":""Deci44100_CCES_010_3547"",""#training_subject"":""0""}","{""0"":""https://panoptes-uploads.zooniverse.org/subject_location/7e32d03c-93d9-4145-b46c-fa05a7470e75.mpga"",""1"":""https://panoptes-uploads.zooniverse.org/subject_location/57729914-dbe9-4ef1-a748-d60178d2aeff.png""}",5,,,2023-07-24 23:58:51 UTC,2023-07-24 23:58:51 UTC
90989961,19171,22318,114777,"{""images"":""Deci44100_CCES_010_3553.png"",""sounds"":""Deci44100_CCES_010_3553.mp3"",""subject_id"":""Deci44100_CCES_010_3553"",""#training_subject"":""0""}","{""0"":""https://panoptes-uploads.zooniverse.org/subject_location/34e2be19-3d3d-436d-960f-73e51fec29e0.mpga"",""1"":""https://panoptes-uploads.zooniverse.org/subject_location/2b64654e-4636-47ef-9ec4-f8553dfe3f77.png""}",5,,,2023-07-24 23:58:53 UTC,2023-07-24 23:58:53 UTC
90989962,19171,22318,114777,"{""images"":""Deci44100_CCES_010_3555.png"",""sounds"":""Deci44100_CCES_010_3555.mp3"",""subject_id"":""Deci44100_CCES_010_3555"",""#training_subject"":""0""}","{""0"":""https://panoptes-uploads.zooniverse.org/subject_location/15b2fd4d-3b5a-46aa-9dfb-7dcc3def7232.mpga"",""1"":""https://panoptes-uploads.zooniverse.org/subject_location/a4540095-ae6c-45fd-b998-952ab7c007ec.png""}",4,,,2023-07-24 23:58:54 UTC,2023-07-24 23:58:54 UTC
90989963,19171,22318,114777,"{""images"":""Deci44100_CCES_010_3558.png"",""sounds"":""Deci44100_CCES_010_3558.mp3"",""subject_id"":""Deci44100_CCES_010_3558"",""#training_subject"":""0""}","{""0"":""https://panoptes-uploads.zooniverse.org/subject_location/5898f2ba-c64a-49cd-ae24-47224d15b58b.mpga"",""1"":""https://panoptes-uploads.zooniverse.org/subject_location/24ab40b6-8110-4507-a0bc-0dc4fa66cd88.png""}",3,,,2023-07-24 23:58:56 UTC,2023-07-24 23:58:56 UTC
90989964,19171,22318,114777,"{""images"":""Deci44100_CCES_010_3559.png"",""sounds"":""Deci44100_CCES_010_3559.mp3"",""subject_id"":""Deci44100_CCES_010_3559"",""#training_subject"":""0""}","{""0"":""https://panoptes-uploads.zooniverse.org/subject_location/7a147d52-b957-40cb-85a4-2c7faab1d375.mpga"",""1"":""https://panoptes-uploads.zooniverse.org/subject_location/4297b4b9-f14c-4e1a-a60d-3f5bd82bf049.png""}",4,,,2023-07-24 23:58:57 UTC,2023-07-24 23:58:57 UTC
90989965,19171,22318,114777,"{""images"":""Deci44100_CCES_010_3560.png"",""sounds"":""Deci44100_CCES_010_3560.mp3"",""subject_id"":""Deci44100_CCES_010_3560"",""#training_subject"":""0""}","{""0"":""https://panoptes-uploads.zooniverse.org/subject_location/ebdf755c-f3e8-4f26-9d67-7b53d738f1af.mpga"",""1"":""https://panoptes-uploads.zooniverse.org/subject_location/2b792cac-9a6a-442a-9a30-ebaa1d209826.png""}",4,,,2023-07-24 23:58:58 UTC,2023-07-24 23:58:58 UTC
90989966,19171,22318,114777,"{""images"":""Deci44100_CCES_010_3563.png"",""sounds"":""Deci44100_CCES_010_3563.mp3"",""subject_id"":""Deci44100_CCES_010_3563"",""#training_subject"":""0""}","{""0"":""https://panoptes-uploads.zooniverse.org/subject_location/719385c6-15c5-4c58-ab20-43f03dbebd82.mpga"",""1"":""https://panoptes-uploads.zooniverse.org/subject_location/f96a5851-5a10-46b2-a81a-4f758d8d74db.png""}",3,,,2023-07-24 23:58:59 UTC,2023-07-24 23:58:59 UTC
90989967,19171,22318,114777,"{""images"":""Deci44100_CCES_010_357.png"",""sounds"":""Deci44100_CCES_010_357.mp3"",""subject_id"":""Deci44100_CCES_010_357"",""#training_subject"":""0""}","{""0"":""https://panoptes-uploads.zooniverse.org/subject_location/0e10dd65-e91f-4952-8e28-e9e750f909f2.mpga"",""1"":""https://panoptes-uploads.zooniverse.org/subject_location/9d97a724-2d4c-459e-8fe6-b6ec7ced44c4.png""}",9,,,2023-07-24 23:59:00 UTC,2023-07-24 23:59:00 UTC
90989968,19171,22318,114777,"{""images"":""Deci44100_CCES_010_3573.png"",""sounds"":""Deci44100_CCES_010_3573.mp3"",""subject_id"":""Deci44100_CCES_010_3573"",""#training_subject"":""0""}","{""0"":""https://panoptes-uploads.zooniverse.org/subject_location/6ca50aea-48bc-4d40-bec0-355617ee6606.mpga"",""1"":""https://panoptes-uploads.zooniverse.org/subject_location/8c646da3-3a6f-4252-a083-22f3fa5ae69c.png""}",3,,,2023-07-24 23:59:02 UTC,2023-07-24 23:59:02 UTC
90989969,19171,22318,114777,"{""images"":""Deci44100_CCES_010_3575.png"",""sounds"":""Deci44100_CCES_010_3575.mp3"",""subject_id"":""Deci44100_CCES_010_3575"",""#training_subject"":""0""}","{""0"":""https://panoptes-uploads.zooniverse.org/subject_location/f1cab234-3b98-4720-9002-946ce88f8331.mpga"",""1"":""https://panoptes-uploads.zooniverse.org/subject_location/b3494f38-4aba-40e0-a1f4-6a0c5008c98c.png""}",4,,,2023-07-24 23:59:03 UTC,2023-07-24 23:59:03 UTC
90989970,19171,22318,114777,"{""images"":""Deci44100_CCES_010_3578.png"",""sounds"":""Deci44100_CCES_010_3578.mp3"",""subject_id"":""Deci44100_CCES_010_3578"",""#training_subject"":""0""}","{""0"":""https://panoptes-uploads.zooniverse.org/subject_location/f5f5074b-621f-458e-8777-aeaf09dd1ab2.mpga"",""1"":""https://panoptes-uploads.zooniverse.org/subject_location/278198e7-9303-4916-b0fa-a524e1f6f092.png""}",3,,,2023-07-24 23:59:04 UTC,2023-07-24 23:59:04 UTC
90989971,19171,22318,114777,"{""images"":""Deci44100_CCES_010_3583.png"",""sounds"":""Deci44100_CCES_010_3583.mp3"",""subject_id"":""Deci44100_CCES_010_3583"",""#training_subject"":""0""}","{""0"":""https://panoptes-uploads.zooniverse.org/subject_location/5d5a483c-2ebc-4e3e-8e25-6f1573df45c0.mpga"",""1"":""https://panoptes-uploads.zooniverse.org/subject_location/5ccb5abb-2a75-4c90-bab0-150ad20d3849.png""}",4,,,2023-07-24 23:59:05 UTC,2023-07-24 23:59:05 UTC
90989972,19171,22318,114777,"{""images"":""Deci44100_CCES_010_3584.png"",""sounds"":""Deci44100_CCES_010_3584.mp3"",""subject_id"":""Deci44100_CCES_010_3584"",""#training_subject"":""0""}","{""0"":""https://panoptes-uploads.zooniverse.org/subject_location/28c22f72-5f3e-481c-8568-7ea0dfe4dcef.mpga"",""1"":""https://panoptes-uploads.zooniverse.org/subject_location/97b4e141-0fdb-488a-8995-9b49e77ba27c.png""}",3,,,2023-07-24 23:59:06 UTC,2023-07-24 23:59:06 UTC
90989973,19171,22318,114777,"{""images"":""Deci44100_CCES_010_3585.png"",""sounds"":""Deci44100_CCES_010_3585.mp3"",""subject_id"":""Deci44100_CCES_010_3585"",""#training_subject"":""0""}","{""0"":""https://panoptes-uploads.zooniverse.org/subject_location/8bf06b95-cf71-4f0a-a159-7d5a5e31c676.mpga"",""1"":""https://panoptes-uploads.zooniverse.org/subject_location/ea3229f5-165b-4749-8e2f-f7dd4ebc2fd9.png""}",5,,,2023-07-24 23:59:08 UTC,2023-07-24 23:59:08 UTC
90989974,19171,22318,114777,"{""images"":""Deci44100_CCES_010_3587.png"",""sounds"":""Deci44100_CCES_010_3587.mp3"",""subject_id"":""Deci44100_CCES_010_3587"",""#training_subject"":""0""}","{""0"":""https://panoptes-uploads.zooniverse.org/subject_location/870dbac8-f260-4672-ab33-5588af563578.mpga"",""1"":""https://panoptes-uploads.zooniverse.org/subject_location/04ee5fd9-24a8-4511-a448-e944185cb498.png""}",5,,,2023-07-24 23:59:09 UTC,2023-07-24 23:59:09 UTC
90989975,19171,22318,114777,"{""images"":""Deci44100_CCES_010_3589.png"",""sounds"":""Deci44100_CCES_010_3589.mp3"",""subject_id"":""Deci44100_CCES_010_3589"",""#training_subject"":""0""}","{""0"":""https://panoptes-uploads.zooniverse.org/subject_location/46819375-c132-4c78-924c-039d5d6518a6.mpga"",""1"":""https://panoptes-uploads.zooniverse.org/subject_location/5c2452a7-73cd-4448-8b0c-b3d2d421f76c.png""}",5,,,2023-07-24 23:59:10 UTC,2023-07-24 23:59:10 UTC
90989976,19171,22318,114777,"{""images"":""Deci44100_CCES_010_359.png"",""sounds"":""Deci44100_CCES_010_359.mp3"",""subject_id"":""Deci44100_CCES_010_359"",""#training_subject"":""0""}","{""0"":""https://panoptes-uploads.zooniverse.org/subject_location/a033bc58-012e-402f-922f-37b6937ecb52.mpga"",""1"":""https://panoptes-uploads.zooniverse.org/subject_location/e40ce81b-b3fb-42f1-8637-e17a5567b44e.png""}",4,,,2023-07-24 23:59:11 UTC,2023-07-24 23:59:11 UTC
90989977,19171,22318,114777,"{""images"":""Deci44100_CCES_010_3592.png"",""sounds"":""Deci44100_CCES_010_3592.mp3"",""subject_id"":""Deci44100_CCES_010_3592"",""#training_subject"":""0""}","{""0"":""https://panoptes-uploads.zooniverse.org/subject_location/7699d1df-e75e-466d-ad41-076ea066af9d.mpga"",""1"":""https://panoptes-uploads.zooniverse.org/subject_location/cee1a9c6-30a9-40c0-a20e-d162c5ca6edc.png""}",2,,,2023-07-24 23:59:13 UTC,2023-07-24 23:59:13 UTC
90989978,19171,22318,114777,"{""images"":""Deci44100_CCES_010_3596.png"",""sounds"":""Deci44100_CCES_010_3596.mp3"",""subject_id"":""Deci44100_CCES_010_3596"",""#training_subject"":""0""}","{""0"":""https://panoptes-uploads.zooniverse.org/subject_location/03406833-2bbd-4673-8d1c-b26a2207a72f.mpga"",""1"":""https://panoptes-uploads.zooniverse.org/subject_location/ceb9b52e-ba64-444c-b089-41a9fc2f323d.png""}",0,,,2023-07-24 23:59:14 UTC,2023-07-24 23:59:14 UTC
90989979,19171,22318,114777,"{""images"":""Deci44100_CCES_010_3598.png"",""sounds"":""Deci44100_CCES_010_3598.mp3"",""subject_id"":""Deci44100_CCES_010_3598"",""#training_subject"":""0""}","{""0"":""https://panoptes-uploads.zooniverse.org/subject_location/bb90f1b0-f001-467d-aea8-cc7f40673d45.mpga"",""1"":""https://panoptes-uploads.zooniverse.org/subject_location/5c9be844-3d86-4591-9856-b4b87bdcb2d4.png""}",5,,,2023-07-24 23:59:15 UTC,2023-07-24 23:59:15 UTC
90989980,19171,22318,114777,"{""images"":""Deci44100_CCES_010_3599.png"",""sounds"":""Deci44100_CCES_010_3599.mp3"",""subject_id"":""Deci44100_CCES_010_3599"",""#training_subject"":""0""}","{""0"":""https://panoptes-uploads.zooniverse.org/subject_location/b71f7378-18ef-4dac-ba11-7a5997dbfc50.mpga"",""1"":""https://panoptes-uploads.zooniverse.org/subject_location/f2db70f4-f521-4491-a46d-f6621396e398.png""}",3,,,2023-07-24 23:59:17 UTC,2023-07-24 23:59:17 UTC
90989981,19171,22318,114777,"{""images"":""Deci44100_CCES_010_36.png"",""sounds"":""Deci44100_CCES_010_36.mp3"",""subject_id"":""Deci44100_CCES_010_36"",""#training_subject"":""0""}","{""0"":""https://panoptes-uploads.zooniverse.org/subject_location/044de1a3-3ac8-4d3b-be3a-0e8260e2b8ee.mpga"",""1"":""https://panoptes-uploads.zooniverse.org/subject_location/ff03eb87-c915-4cc0-aace-09ab4e612a38.png""}",5,,,2023-07-24 23:59:18 UTC,2023-07-24 23:59:18 UTC
90989982,19171,22318,114777,"{""images"":""Deci44100_CCES_010_360.png"",""sounds"":""Deci44100_CCES_010_360.mp3"",""subject_id"":""Deci44100_CCES_010_360"",""#training_subject"":""0""}","{""0"":""https://panoptes-uploads.zooniverse.org/subject_location/2302ab05-58c8-46bf-b523-3b932a50d93c.mpga"",""1"":""https://panoptes-uploads.zooniverse.org/subject_location/100fd2dd-7c2a-476e-a9db-b34e99b48b08.png""}",3,,,2023-07-24 23:59:19 UTC,2023-07-24 23:59:19 UTC
90989983,19171,22318,114777,"{""images"":""Deci44100_CCES_010_3601.png"",""sounds"":""Deci44100_CCES_010_3601.mp3"",""subject_id"":""Deci44100_CCES_010_3601"",""#training_subject"":""0""}","{""0"":""https://panoptes-uploads.zooniverse.org/subject_location/5cbcaf18-8895-4130-bf13-5cc74b84fac2.mpga"",""1"":""https://panoptes-uploads.zooniverse.org/subject_location/b3e66054-1eea-4650-ad85-793374e4c08f.png""}",5,,,2023-07-24 23:59:21 UTC,2023-07-24 23:59:21 UTC
90989984,19171,22318,114777,"{""images"":""Deci44100_CCES_010_3609.png"",""sounds"":""Deci44100_CCES_010_3609.mp3"",""subject_id"":""Deci44100_CCES_010_3609"",""#training_subject"":""0""}","{""0"":""https://panoptes-uploads.zooniverse.org/subject_location/80eea0f1-465c-4664-abee-28523b2e44cc.mpga"",""1"":""https://panoptes-uploads.zooniverse.org/subject_location/4af1109f-7faf-4c36-ad32-2efbb8efc76e.png""}",5,,,2023-07-24 23:59:22 UTC,2023-07-24 23:59:22 UTC
90989985,19171,22318,114777,"{""images"":""Deci44100_CCES_010_3613.png"",""sounds"":""Deci44100_CCES_010_3613.mp3"",""subject_id"":""Deci44100_CCES_010_3613"",""#training_subject"":""0""}","{""0"":""https://panoptes-uploads.zooniverse.org/subject_location/62c70eb4-ddac-4e42-b30c-fd69b78aa240.mpga"",""1"":""https://panoptes-uploads.zooniverse.org/subject_location/37eff9b9-fa10-4fdd-9c1a-50ae1b971ed8.png""}",2,,,2023-07-24 23:59:23 UTC,2023-07-24 23:59:23 UTC
90989986,19171,22318,114777,"{""images"":""Deci44100_CCES_010_3614.png"",""sounds"":""Deci44100_CCES_010_3614.mp3"",""subject_id"":""Deci44100_CCES_010_3614"",""#training_subject"":""0""}","{""0"":""https://panoptes-uploads.zooniverse.org/subject_location/3bcb7e94-316d-4a0a-8a75-ba8560800fd2.mpga"",""1"":""https://panoptes-uploads.zooniverse.org/subject_location/afaae238-41a4-425c-90a6-e70c49a274d0.png""}",2,,,2023-07-24 23:59:25 UTC,2023-07-24 23:59:25 UTC
90989987,19171,22318,114777,"{""images"":""Deci44100_CCES_010_362.png"",""sounds"":""Deci44100_CCES_010_362.mp3"",""subject_id"":""Deci44100_CCES_010_362"",""#training_subject"":""0""}","{""0"":""https://panoptes-uploads.zooniverse.org/subject_location/da0170aa-5254-48cd-8b06-55241d3ba21f.mpga"",""1"":""https://panoptes-uploads.zooniverse.org/subject_location/758bbb58-24e0-4044-bebd-d746bd83d7b3.png""}",2,,,2023-07-24 23:59:26 UTC,2023-07-24 23:59:26 UTC
90989988,19171,22318,114777,"{""images"":""Deci44100_CCES_010_3623.png"",""sounds"":""Deci44100_CCES_010_3623.mp3"",""subject_id"":""Deci44100_CCES_010_3623"",""#training_subject"":""0""}","{""0"":""https://panoptes-uploads.zooniverse.org/subject_location/2b9da9d4-96e5-4e23-9d9c-7835dc63b23c.mpga"",""1"":""https://panoptes-uploads.zooniverse.org/subject_location/8fca7e6f-ca84-4176-8f7e-4c8ec8786173.png""}",2,,,2023-07-24 23:59:28 UTC,2023-07-24 23:59:28 UTC
90989989,19171,22318,114777,"{""images"":""Deci44100_CCES_010_3627.png"",""sounds"":""Deci44100_CCES_010_3627.mp3"",""subject_id"":""Deci44100_CCES_010_3627"",""#training_subject"":""0""}","{""0"":""https://panoptes-uploads.zooniverse.org/subject_location/6f47fda9-c840-429c-b7e2-c6c6c219379b.mpga"",""1"":""https://panoptes-uploads.zooniverse.org/subject_location/4e035c5d-b7bc-45c1-ab21-439b60964911.png""}",2,,,2023-07-24 23:59:29 UTC,2023-07-24 23:59:29 UTC
90989990,19171,22318,114777,"{""images"":""Deci44100_CCES_010_3630.png"",""sounds"":""Deci44100_CCES_010_3630.mp3"",""subject_id"":""Deci44100_CCES_010_3630"",""#training_subject"":""0""}","{""0"":""https://panoptes-uploads.zooniverse.org/subject_location/1596ff94-d493-43e5-a052-e31bd41b85c6.mpga"",""1"":""https://panoptes-uploads.zooniverse.org/subject_location/807d2b32-0fae-4deb-8fba-5d6d10ddd656.png""}",1,,,2023-07-24 23:59:31 UTC,2023-07-24 23:59:31 UTC
90989991,19171,22318,114777,"{""images"":""Deci44100_CCES_010_3631.png"",""sounds"":""Deci44100_CCES_010_3631.mp3"",""subject_id"":""Deci44100_CCES_010_3631"",""#training_subject"":""0""}","{""0"":""https://panoptes-uploads.zooniverse.org/subject_location/01ba3c67-2deb-446c-aee2-609dbdbe525e.mpga"",""1"":""https://panoptes-uploads.zooniverse.org/subject_location/2bab98cc-b33a-4f07-a3c1-f5d734dca9b2.png""}",4,,,2023-07-24 23:59:32 UTC,2023-07-24 23:59:32 UTC
90989992,19171,22318,114777,"{""images"":""Deci44100_CCES_010_3637.png"",""sounds"":""Deci44100_CCES_010_3637.mp3"",""subject_id"":""Deci44100_CCES_010_3637"",""#training_subject"":""0""}","{""0"":""https://panoptes-uploads.zooniverse.org/subject_location/dd414cdf-aca1-4757-9f81-b0a649158628.mpga"",""1"":""https://panoptes-uploads.zooniverse.org/subject_location/d33d09a6-4f0b-4de1-8593-b92544e236cf.png""}",4,,,2023-07-24 23:59:33 UTC,2023-07-24 23:59:33 UTC
90989993,19171,22318,114777,"{""images"":""Deci44100_CCES_010_3648.png"",""sounds"":""Deci44100_CCES_010_3648.mp3"",""subject_id"":""Deci44100_CCES_010_3648"",""#training_subject"":""0""}","{""0"":""https://panoptes-uploads.zooniverse.org/subject_location/c3d7e6c5-c39c-4c32-9e67-dedfec06f984.mpga"",""1"":""https://panoptes-uploads.zooniverse.org/subject_location/e97c729f-85a5-4e55-bfc5-74cbd0624f93.png""}",3,,,2023-07-24 23:59:34 UTC,2023-07-24 23:59:34 UTC
90989994,19171,22318,114777,"{""images"":""Deci44100_CCES_010_3655.png"",""sounds"":""Deci44100_CCES_010_3655.mp3"",""subject_id"":""Deci44100_CCES_010_3655"",""#training_subject"":""0""}","{""0"":""https://panoptes-uploads.zooniverse.org/subject_location/a4541dba-08db-4d81-8f9b-dbe7930d738c.mpga"",""1"":""https://panoptes-uploads.zooniverse.org/subject_location/6381781c-b62d-4efb-a81c-c3db6d442018.png""}",5,,,2023-07-24 23:59:36 UTC,2023-07-24 23:59:36 UTC
90989995,19171,22318,114777,"{""images"":""Deci44100_CCES_010_3658.png"",""sounds"":""Deci44100_CCES_010_3658.mp3"",""subject_id"":""Deci44100_CCES_010_3658"",""#training_subject"":""0""}","{""0"":""https://panoptes-uploads.zooniverse.org/subject_location/704e1c9a-d338-448e-a23d-094fdeac69f9.mpga"",""1"":""https://panoptes-uploads.zooniverse.org/subject_location/199078d4-4b20-428c-9b34-1d35e3810ec1.png""}",1,,,2023-07-24 23:59:37 UTC,2023-07-24 23:59:37 UTC
90989996,19171,22318,114777,"{""images"":""Deci44100_CCES_010_3668.png"",""sounds"":""Deci44100_CCES_010_3668.mp3"",""subject_id"":""Deci44100_CCES_010_3668"",""#training_subject"":""0""}","{""0"":""https://panoptes-uploads.zooniverse.org/subject_location/0b72f3d2-125c-406f-8c9a-f84bae9af0fd.mpga"",""1"":""https://panoptes-uploads.zooniverse.org/subject_location/0765c151-3bc0-45b2-93f7-e173dd571100.png""}",1,,,2023-07-24 23:59:39 UTC,2023-07-24 23:59:39 UTC
90989997,19171,22318,114777,"{""images"":""Deci44100_CCES_010_3677.png"",""sounds"":""Deci44100_CCES_010_3677.mp3"",""subject_id"":""Deci44100_CCES_010_3677"",""#training_subject"":""0""}","{""0"":""https://panoptes-uploads.zooniverse.org/subject_location/6489b1fe-e27d-4121-a64c-77cec636d24a.mpga"",""1"":""https://panoptes-uploads.zooniverse.org/subject_location/fc2e1af5-4efd-4c18-8689-f443aa9e4401.png""}",1,,,2023-07-24 23:59:40 UTC,2023-07-24 23:59:40 UTC
90989998,19171,22318,114777,"{""images"":""Deci44100_CCES_010_3680.png"",""sounds"":""Deci44100_CCES_010_3680.mp3"",""subject_id"":""Deci44100_CCES_010_3680"",""#training_subject"":""0""}","{""0"":""https://panoptes-uploads.zooniverse.org/subject_location/320f91d7-1cdc-4d64-a8d8-b3efbc99924a.mpga"",""1"":""https://panoptes-uploads.zooniverse.org/subject_location/02215086-7873-4c61-b67a-128da004fbce.png""}",3,,,2023-07-24 23:59:41 UTC,2023-07-24 23:59:41 UTC
90989999,19171,22318,114777,"{""images"":""Deci44100_CCES_010_369.png"",""sounds"":""Deci44100_CCES_010_369.mp3"",""subject_id"":""Deci44100_CCES_010_369"",""#training_subject"":""0""}","{""0"":""https://panoptes-uploads.zooniverse.org/subject_location/9461f77e-1ea3-448d-9d65-f1895b82f3f9.mpga"",""1"":""https://panoptes-uploads.zooniverse.org/subject_location/2d47731e-a4f6-46e2-ac1c-0e2548437a12.png""}",2,,,2023-07-24 23:59:42 UTC,2023-07-24 23:59:42 UTC
90990000,19171,22318,114777,"{""images"":""Deci44100_CCES_010_3695.png"",""sounds"":""Deci44100_CCES_010_3695.mp3"",""subject_id"":""Deci44100_CCES_010_3695"",""#training_subject"":""0""}","{""0"":""https://panoptes-uploads.zooniverse.org/subject_location/04aefbda-8feb-4df4-8d9e-f303abd1f993.mpga"",""1"":""https://panoptes-uploads.zooniverse.org/subject_location/b43bdb6e-44fb-487f-a64f-98d5334fee90.png""}",1,,,2023-07-24 23:59:44 UTC,2023-07-24 23:59:44 UTC
90990001,19171,22318,114777,"{""images"":""Deci44100_CCES_010_3696.png"",""sounds"":""Deci44100_CCES_010_3696.mp3"",""subject_id"":""Deci44100_CCES_010_3696"",""#training_subject"":""0""}","{""0"":""https://panoptes-uploads.zooniverse.org/subject_location/c2e41bf6-891a-435c-9b27-90a84868a32b.mpga"",""1"":""https://panoptes-uploads.zooniverse.org/subject_location/d599751e-5ba0-41b3-b274-d1ec170aec1f.png""}",7,,,2023-07-24 23:59:45 UTC,2023-07-24 23:59:45 UTC
90990002,19171,22318,114777,"{""images"":""Deci44100_CCES_010_3697.png"",""sounds"":""Deci44100_CCES_010_3697.mp3"",""subject_id"":""Deci44100_CCES_010_3697"",""#training_subject"":""0""}","{""0"":""https://panoptes-uploads.zooniverse.org/subject_location/9ac686ae-4fd6-4ae3-8e7e-0f5eb04ee64c.mpga"",""1"":""https://panoptes-uploads.zooniverse.org/subject_location/23ded9b8-6943-45c9-a789-6c6f890788f9.png""}",5,,,2023-07-24 23:59:46 UTC,2023-07-24 23:59:46 UTC
90990003,19171,22318,114777,"{""images"":""Deci44100_CCES_010_3705.png"",""sounds"":""Deci44100_CCES_010_3705.mp3"",""subject_id"":""Deci44100_CCES_010_3705"",""#training_subject"":""0""}","{""0"":""https://panoptes-uploads.zooniverse.org/subject_location/a26f9242-795c-4f69-8eab-8353c5cfaf60.mpga"",""1"":""https://panoptes-uploads.zooniverse.org/subject_location/96edc122-0e17-4efc-a394-aeced7291d79.png""}",3,,,2023-07-24 23:59:48 UTC,2023-07-24 23:59:48 UTC
90990004,19171,22318,114777,"{""images"":""Deci44100_CCES_010_3707.png"",""sounds"":""Deci44100_CCES_010_3707.mp3"",""subject_id"":""Deci44100_CCES_010_3707"",""#training_subject"":""0""}","{""0"":""https://panoptes-uploads.zooniverse.org/subject_location/5fa52fb8-791c-448e-b04a-80b3a8734a72.mpga"",""1"":""https://panoptes-uploads.zooniverse.org/subject_location/eea0e101-bc33-4e01-aa44-62042d4b6b8e.png""}",0,,,2023-07-24 23:59:49 UTC,2023-07-24 23:59:49 UTC
90990005,19171,22318,114777,"{""images"":""Deci44100_CCES_010_3708.png"",""sounds"":""Deci44100_CCES_010_3708.mp3"",""subject_id"":""Deci44100_CCES_010_3708"",""#training_subject"":""0""}","{""0"":""https://panoptes-uploads.zooniverse.org/subject_location/21c36933-7e55-4279-a008-13f88dae99dd.mpga"",""1"":""https://panoptes-uploads.zooniverse.org/subject_location/851ab05d-27d8-4a98-9dd3-dc20cf5ca5c0.png""}",6,,,2023-07-24 23:59:50 UTC,2023-07-24 23:59:50 UTC
90990006,19171,22318,114777,"{""images"":""Deci44100_CCES_010_371.png"",""sounds"":""Deci44100_CCES_010_371.mp3"",""subject_id"":""Deci44100_CCES_010_371"",""#training_subject"":""0""}","{""0"":""https://panoptes-uploads.zooniverse.org/subject_location/3745dcff-3eed-4feb-9fdc-f9c68036cc72.mpga"",""1"":""https://panoptes-uploads.zooniverse.org/subject_location/5afb2194-e8f6-42cc-be50-9d982f3371dc.png""}",6,,,2023-07-24 23:59:52 UTC,2023-07-24 23:59:52 UTC
90990007,19171,22318,114777,"{""images"":""Deci44100_CCES_010_3710.png"",""sounds"":""Deci44100_CCES_010_3710.mp3"",""subject_id"":""Deci44100_CCES_010_3710"",""#training_subject"":""0""}","{""0"":""https://panoptes-uploads.zooniverse.org/subject_location/bcabd470-d28a-42af-bef6-1a1183c483c3.mpga"",""1"":""https://panoptes-uploads.zooniverse.org/subject_location/3ed3c086-e1cb-45fe-a390-9c990cc38fef.png""}",6,,,2023-07-24 23:59:53 UTC,2023-07-24 23:59:53 UTC
90990008,19171,22318,114777,"{""images"":""Deci44100_CCES_010_3718.png"",""sounds"":""Deci44100_CCES_010_3718.mp3"",""subject_id"":""Deci44100_CCES_010_3718"",""#training_subject"":""0""}","{""0"":""https://panoptes-uploads.zooniverse.org/subject_location/7797a05a-4917-4d35-b618-73b459a94b12.mpga"",""1"":""https://panoptes-uploads.zooniverse.org/subject_location/7878d2b0-ce84-479c-a2b8-1855517d2fb4.png""}",0,,,2023-07-24 23:59:54 UTC,2023-07-24 23:59:54 UTC
90990009,19171,22318,114777,"{""images"":""Deci44100_CCES_010_3727.png"",""sounds"":""Deci44100_CCES_010_3727.mp3"",""subject_id"":""Deci44100_CCES_010_3727"",""#training_subject"":""0""}","{""0"":""https://panoptes-uploads.zooniverse.org/subject_location/f0d45512-2f1f-4563-8f84-eee5d33546e3.mpga"",""1"":""https://panoptes-uploads.zooniverse.org/subject_location/9413656c-c986-48b4-a337-8af9bb383765.png""}",3,,,2023-07-24 23:59:55 UTC,2023-07-24 23:59:55 UTC
90990010,19171,22318,114777,"{""images"":""Deci44100_CCES_010_3745.png"",""sounds"":""Deci44100_CCES_010_3745.mp3"",""subject_id"":""Deci44100_CCES_010_3745"",""#training_subject"":""0""}","{""0"":""https://panoptes-uploads.zooniverse.org/subject_location/b79f3546-d858-4ff6-b332-6513e2a57fad.mpga"",""1"":""https://panoptes-uploads.zooniverse.org/subject_location/57386bf1-6ef6-4ab7-8509-bf23222870ce.png""}",4,,,2023-07-24 23:59:57 UTC,2023-07-24 23:59:57 UTC
90990011,19171,22318,114777,"{""images"":""Deci44100_CCES_010_3747.png"",""sounds"":""Deci44100_CCES_010_3747.mp3"",""subject_id"":""Deci44100_CCES_010_3747"",""#training_subject"":""0""}","{""0"":""https://panoptes-uploads.zooniverse.org/subject_location/090f49c8-6baa-452a-9d3a-040c30afbb2b.mpga"",""1"":""https://panoptes-uploads.zooniverse.org/subject_location/51596b30-2946-46ca-a8ed-cd64296dead9.png""}",2,,,2023-07-24 23:59:58 UTC,2023-07-24 23:59:58 UTC
90990012,19171,22318,114777,"{""images"":""Deci44100_CCES_010_3750.png"",""sounds"":""Deci44100_CCES_010_3750.mp3"",""subject_id"":""Deci44100_CCES_010_3750"",""#training_subject"":""0""}","{""0"":""https://panoptes-uploads.zooniverse.org/subject_location/3ab2aff5-4ab0-4ba0-86c5-f331af6a98bc.mpga"",""1"":""https://panoptes-uploads.zooniverse.org/subject_location/3da305b8-8e59-42d0-9d58-5276d48dfd17.png""}",2,,,2023-07-24 23:59:59 UTC,2023-07-24 23:59:59 UTC
90990013,19171,22318,114777,"{""images"":""Deci44100_CCES_010_3752.png"",""sounds"":""Deci44100_CCES_010_3752.mp3"",""subject_id"":""Deci44100_CCES_010_3752"",""#training_subject"":""0""}","{""0"":""https://panoptes-uploads.zooniverse.org/subject_location/dc7456b1-365c-4ac9-b214-d788a071f4b4.mpga"",""1"":""https://panoptes-uploads.zooniverse.org/subject_location/095a1d8c-9bda-403a-a4e3-aa93f02a5ad5.png""}",1,,,2023-07-25 00:00:01 UTC,2023-07-25 00:00:01 UTC
90990014,19171,22318,114777,"{""images"":""Deci44100_CCES_010_3761.png"",""sounds"":""Deci44100_CCES_010_3761.mp3"",""subject_id"":""Deci44100_CCES_010_3761"",""#training_subject"":""0""}","{""0"":""https://panoptes-uploads.zooniverse.org/subject_location/9259d8f5-b6ec-437d-b373-6a6a11723329.mpga"",""1"":""https://panoptes-uploads.zooniverse.org/subject_location/73358f41-7c1b-49bc-b3b9-3b2cbdf5483d.png""}",0,,,2023-07-25 00:00:01 UTC,2023-07-25 00:00:01 UTC
90990015,19171,22318,114777,"{""images"":""Deci44100_CCES_010_3765.png"",""sounds"":""Deci44100_CCES_010_3765.mp3"",""subject_id"":""Deci44100_CCES_010_3765"",""#training_subject"":""0""}","{""0"":""https://panoptes-uploads.zooniverse.org/subject_location/43959a40-c859-441d-9636-1490f4a69df2.mpga"",""1"":""https://panoptes-uploads.zooniverse.org/subject_location/65f9f8d3-3fae-44d7-93fe-f5c47d1d535c.png""}",0,,,2023-07-25 00:00:03 UTC,2023-07-25 00:00:03 UTC
90990016,19171,22318,114777,"{""images"":""Deci44100_CCES_010_3775.png"",""sounds"":""Deci44100_CCES_010_3775.mp3"",""subject_id"":""Deci44100_CCES_010_3775"",""#training_subject"":""0""}","{""0"":""https://panoptes-uploads.zooniverse.org/subject_location/eb888330-f48b-4508-894c-a76faa824211.mpga"",""1"":""https://panoptes-uploads.zooniverse.org/subject_location/5482b414-de98-4e08-9edd-abd5386e8b99.png""}",5,,,2023-07-25 00:00:04 UTC,2023-07-25 00:00:04 UTC
90990017,19171,22318,114777,"{""images"":""Deci44100_CCES_010_3786.png"",""sounds"":""Deci44100_CCES_010_3786.mp3"",""subject_id"":""Deci44100_CCES_010_3786"",""#training_subject"":""0""}","{""0"":""https://panoptes-uploads.zooniverse.org/subject_location/ef90501a-a609-48a9-bda5-48e9911051f6.mpga"",""1"":""https://panoptes-uploads.zooniverse.org/subject_location/101a4cda-b17f-426d-a62b-89a3cb76061d.png""}",2,,,2023-07-25 00:00:06 UTC,2023-07-25 00:00:06 UTC
90990018,19171,22318,114777,"{""images"":""Deci44100_CCES_010_3787.png"",""sounds"":""Deci44100_CCES_010_3787.mp3"",""subject_id"":""Deci44100_CCES_010_3787"",""#training_subject"":""0""}","{""0"":""https://panoptes-uploads.zooniverse.org/subject_location/234f37ae-4b83-4cc4-b6ba-0d4fc0af2271.mpga"",""1"":""https://panoptes-uploads.zooniverse.org/subject_location/5fc66fc9-4ccb-4963-a6af-ef3dae3279c4.png""}",1,,,2023-07-25 00:00:07 UTC,2023-07-25 00:00:07 UTC
90990019,19171,22318,114777,"{""images"":""Deci44100_CCES_010_3792.png"",""sounds"":""Deci44100_CCES_010_3792.mp3"",""subject_id"":""Deci44100_CCES_010_3792"",""#training_subject"":""0""}","{""0"":""https://panoptes-uploads.zooniverse.org/subject_location/ddf63031-18a0-4733-8006-4f1a3df96954.mpga"",""1"":""https://panoptes-uploads.zooniverse.org/subject_location/9e600b55-51b3-4158-b2f2-2a63eec42386.png""}",3,,,2023-07-25 00:00:08 UTC,2023-07-25 00:00:08 UTC
90990020,19171,22318,114777,"{""images"":""Deci44100_CCES_010_3794.png"",""sounds"":""Deci44100_CCES_010_3794.mp3"",""subject_id"":""Deci44100_CCES_010_3794"",""#training_subject"":""0""}","{""0"":""https://panoptes-uploads.zooniverse.org/subject_location/5cfa6626-30a5-4405-b45c-057255031184.mpga"",""1"":""https://panoptes-uploads.zooniverse.org/subject_location/e5fe017a-1472-49e9-b8cc-0f3e8c8cbd3c.png""}",3,,,2023-07-25 00:00:09 UTC,2023-07-25 00:00:09 UTC
90990021,19171,22318,114777,"{""images"":""Deci44100_CCES_010_3795.png"",""sounds"":""Deci44100_CCES_010_3795.mp3"",""subject_id"":""Deci44100_CCES_010_3795"",""#training_subject"":""0""}","{""0"":""https://panoptes-uploads.zooniverse.org/subject_location/c2657d19-4cc7-442e-ad70-e1b06e9b3cc7.mpga"",""1"":""https://panoptes-uploads.zooniverse.org/subject_location/9792954d-3446-4370-a6c8-e76b8edd4081.png""}",4,,,2023-07-25 00:00:11 UTC,2023-07-25 00:00:11 UTC
90990022,19171,22318,114777,"{""images"":""Deci44100_CCES_010_3799.png"",""sounds"":""Deci44100_CCES_010_3799.mp3"",""subject_id"":""Deci44100_CCES_010_3799"",""#training_subject"":""0""}","{""0"":""https://panoptes-uploads.zooniverse.org/subject_location/7a56cb6f-0c8f-4918-84ac-fa1b601cf0ce.mpga"",""1"":""https://panoptes-uploads.zooniverse.org/subject_location/5d524a82-379e-49f3-8a0b-174f471af93a.png""}",4,,,2023-07-25 00:00:12 UTC,2023-07-25 00:00:12 UTC
90990023,19171,22318,114777,"{""images"":""Deci44100_CCES_010_38.png"",""sounds"":""Deci44100_CCES_010_38.mp3"",""subject_id"":""Deci44100_CCES_010_38"",""#training_subject"":""0""}","{""0"":""https://panoptes-uploads.zooniverse.org/subject_location/9f524e05-3d96-45c7-82d5-d4ff4b3987b9.mpga"",""1"":""https://panoptes-uploads.zooniverse.org/subject_location/2fe37173-b5f4-4d67-8b7f-2e3702d575fe.png""}",5,,,2023-07-25 00:00:13 UTC,2023-07-25 00:00:13 UTC
90990024,19171,22318,114777,"{""images"":""Deci44100_CCES_010_380.png"",""sounds"":""Deci44100_CCES_010_380.mp3"",""subject_id"":""Deci44100_CCES_010_380"",""#training_subject"":""0""}","{""0"":""https://panoptes-uploads.zooniverse.org/subject_location/db073af5-537b-4e95-bde3-34208ad5a1e9.mpga"",""1"":""https://panoptes-uploads.zooniverse.org/subject_location/bb68b4de-fa59-4e71-8229-5370560e1166.png""}",4,,,2023-07-25 00:00:14 UTC,2023-07-25 00:00:14 UTC
90990025,19171,22318,114777,"{""images"":""Deci44100_CCES_010_381.png"",""sounds"":""Deci44100_CCES_010_381.mp3"",""subject_id"":""Deci44100_CCES_010_381"",""#training_subject"":""0""}","{""0"":""https://panoptes-uploads.zooniverse.org/subject_location/cf2d9874-0393-42d2-afa9-a651c4da13c5.mpga"",""1"":""https://panoptes-uploads.zooniverse.org/subject_location/585b842d-0f4a-4605-963c-837a950f421c.png""}",4,,,2023-07-25 00:00:15 UTC,2023-07-25 00:00:15 UTC
90990026,19171,22318,114777,"{""images"":""Deci44100_CCES_010_3814.png"",""sounds"":""Deci44100_CCES_010_3814.mp3"",""subject_id"":""Deci44100_CCES_010_3814"",""#training_subject"":""0""}","{""0"":""https://panoptes-uploads.zooniverse.org/subject_location/ea1160ed-4b01-4a0a-87b2-b79d432c6fa2.mpga"",""1"":""https://panoptes-uploads.zooniverse.org/subject_location/5d3bb248-25dd-44bb-86d8-159f9f89e864.png""}",5,,,2023-07-25 00:00:16 UTC,2023-07-25 00:00:16 UTC
90990027,19171,22318,114777,"{""images"":""Deci44100_CCES_010_383.png"",""sounds"":""Deci44100_CCES_010_383.mp3"",""subject_id"":""Deci44100_CCES_010_383"",""#training_subject"":""0""}","{""0"":""https://panoptes-uploads.zooniverse.org/subject_location/e8ad6fd9-5c41-41b7-b71b-f4ff99d4b7b4.mpga"",""1"":""https://panoptes-uploads.zooniverse.org/subject_location/090e473b-47a2-4688-865f-1bcbbf73e33b.png""}",2,,,2023-07-25 00:00:18 UTC,2023-07-25 00:00:18 UTC
90990028,19171,22318,114777,"{""images"":""Deci44100_CCES_010_3837.png"",""sounds"":""Deci44100_CCES_010_3837.mp3"",""subject_id"":""Deci44100_CCES_010_3837"",""#training_subject"":""0""}","{""0"":""https://panoptes-uploads.zooniverse.org/subject_location/191af5ce-b554-49e5-b8f8-e0e7704dfc31.mpga"",""1"":""https://panoptes-uploads.zooniverse.org/subject_location/4d6d14f3-5a1a-4c86-883f-a9018f00e056.png""}",3,,,2023-07-25 00:00:19 UTC,2023-07-25 00:00:19 UTC
90990029,19171,22318,114777,"{""images"":""Deci44100_CCES_010_384.png"",""sounds"":""Deci44100_CCES_010_384.mp3"",""subject_id"":""Deci44100_CCES_010_384"",""#training_subject"":""0""}","{""0"":""https://panoptes-uploads.zooniverse.org/subject_location/0b130c4a-e31d-4ea5-99cd-7da2c9a47f23.mpga"",""1"":""https://panoptes-uploads.zooniverse.org/subject_location/aa5d20c3-7b06-4769-87a2-f7c11df77923.png""}",3,,,2023-07-25 00:00:20 UTC,2023-07-25 00:00:20 UTC
90990030,19171,22318,114777,"{""images"":""Deci44100_CCES_010_3855.png"",""sounds"":""Deci44100_CCES_010_3855.mp3"",""subject_id"":""Deci44100_CCES_010_3855"",""#training_subject"":""0""}","{""0"":""https://panoptes-uploads.zooniverse.org/subject_location/68771621-fe81-4671-83cb-5378da6d0b6c.mpga"",""1"":""https://panoptes-uploads.zooniverse.org/subject_location/78e8c1c1-90e6-49dc-aead-fc1875d421a8.png""}",5,,,2023-07-25 00:00:22 UTC,2023-07-25 00:00:22 UTC
90990031,19171,22318,114777,"{""images"":""Deci44100_CCES_010_3856.png"",""sounds"":""Deci44100_CCES_010_3856.mp3"",""subject_id"":""Deci44100_CCES_010_3856"",""#training_subject"":""0""}","{""0"":""https://panoptes-uploads.zooniverse.org/subject_location/2ed394a9-6d38-4d4b-b6c0-c424b963e71f.mpga"",""1"":""https://panoptes-uploads.zooniverse.org/subject_location/edc44608-558a-44d7-9b4e-454554b73d85.png""}",1,,,2023-07-25 00:00:23 UTC,2023-07-25 00:00:23 UTC
90990032,19171,22318,114777,"{""images"":""Deci44100_CCES_010_3859.png"",""sounds"":""Deci44100_CCES_010_3859.mp3"",""subject_id"":""Deci44100_CCES_010_3859"",""#training_subject"":""0""}","{""0"":""https://panoptes-uploads.zooniverse.org/subject_location/29d615a5-cd9a-4fc1-be2b-1f349b561299.mpga"",""1"":""https://panoptes-uploads.zooniverse.org/subject_location/7e1a660a-be16-4c56-b973-4426d2294d2f.png""}",4,,,2023-07-25 00:00:24 UTC,2023-07-25 00:00:24 UTC
90990033,19171,22318,114777,"{""images"":""Deci44100_CCES_010_3873.png"",""sounds"":""Deci44100_CCES_010_3873.mp3"",""subject_id"":""Deci44100_CCES_010_3873"",""#training_subject"":""0""}","{""0"":""https://panoptes-uploads.zooniverse.org/subject_location/cf0282a2-ef5d-4f6a-be08-be42c2624494.mpga"",""1"":""https://panoptes-uploads.zooniverse.org/subject_location/a8cabede-4063-4df9-a3dd-d991d0746336.png""}",3,,,2023-07-25 00:00:25 UTC,2023-07-25 00:00:25 UTC
90990034,19171,22318,114777,"{""images"":""Deci44100_CCES_010_3878.png"",""sounds"":""Deci44100_CCES_010_3878.mp3"",""subject_id"":""Deci44100_CCES_010_3878"",""#training_subject"":""0""}","{""0"":""https://panoptes-uploads.zooniverse.org/subject_location/290499c6-e7d6-46e3-b387-2a8a988b9cab.mpga"",""1"":""https://panoptes-uploads.zooniverse.org/subject_location/8e41a7dd-c0d1-4a15-aabe-cdc06d6c8fa4.png""}",1,,,2023-07-25 00:00:27 UTC,2023-07-25 00:00:27 UTC
90990035,19171,22318,114777,"{""images"":""Deci44100_CCES_010_3879.png"",""sounds"":""Deci44100_CCES_010_3879.mp3"",""subject_id"":""Deci44100_CCES_010_3879"",""#training_subject"":""0""}","{""0"":""https://panoptes-uploads.zooniverse.org/subject_location/03849311-9803-40a7-ae33-2f25816f9924.mpga"",""1"":""https://panoptes-uploads.zooniverse.org/subject_location/9cf85630-c52d-4d56-b0c6-34df3ba31671.png""}",3,,,2023-07-25 00:00:27 UTC,2023-07-25 00:00:27 UTC
90990036,19171,22318,114777,"{""images"":""Deci44100_CCES_010_3882.png"",""sounds"":""Deci44100_CCES_010_3882.mp3"",""subject_id"":""Deci44100_CCES_010_3882"",""#training_subject"":""0""}","{""0"":""https://panoptes-uploads.zooniverse.org/subject_location/5f24efd0-4eaf-4155-89aa-df107c840a8e.mpga"",""1"":""https://panoptes-uploads.zooniverse.org/subject_location/31b91ae5-24bc-4468-a2d1-213c7382a30a.png""}",3,,,2023-07-25 00:00:29 UTC,2023-07-25 00:00:29 UTC
90990037,19171,22318,114777,"{""images"":""Deci44100_CCES_010_3883.png"",""sounds"":""Deci44100_CCES_010_3883.mp3"",""subject_id"":""Deci44100_CCES_010_3883"",""#training_subject"":""0""}","{""0"":""https://panoptes-uploads.zooniverse.org/subject_location/e64eae1b-1865-4da9-8407-c94c568db702.mpga"",""1"":""https://panoptes-uploads.zooniverse.org/subject_location/ee90fe1d-f488-43d4-8d3d-d60c9ac9a087.png""}",5,,,2023-07-25 00:00:30 UTC,2023-07-25 00:00:30 UTC
90990038,19171,22318,114777,"{""images"":""Deci44100_CCES_010_3889.png"",""sounds"":""Deci44100_CCES_010_3889.mp3"",""subject_id"":""Deci44100_CCES_010_3889"",""#training_subject"":""0""}","{""0"":""https://panoptes-uploads.zooniverse.org/subject_location/1862a32a-ca78-4d4b-b20f-ee0697d0193c.mpga"",""1"":""https://panoptes-uploads.zooniverse.org/subject_location/6f1f54fb-97d0-401e-9c87-c33b1e14399a.png""}",5,,,2023-07-25 00:00:31 UTC,2023-07-25 00:00:31 UTC
90990039,19171,22318,114777,"{""images"":""Deci44100_CCES_010_3894.png"",""sounds"":""Deci44100_CCES_010_3894.mp3"",""subject_id"":""Deci44100_CCES_010_3894"",""#training_subject"":""0""}","{""0"":""https://panoptes-uploads.zooniverse.org/subject_location/5eb86c96-37ed-4f01-8500-6f73d0609f1d.mpga"",""1"":""https://panoptes-uploads.zooniverse.org/subject_location/a02905f4-ea90-4b49-8294-4e2d5933a96e.png""}",1,,,2023-07-25 00:00:31 UTC,2023-07-25 00:00:31 UTC
90990040,19171,22318,114777,"{""images"":""Deci44100_CCES_010_3906.png"",""sounds"":""Deci44100_CCES_010_3906.mp3"",""subject_id"":""Deci44100_CCES_010_3906"",""#training_subject"":""0""}","{""0"":""https://panoptes-uploads.zooniverse.org/subject_location/c3704b07-3abb-41e0-84bd-636e81c61ca4.mpga"",""1"":""https://panoptes-uploads.zooniverse.org/subject_location/51702e9e-3b28-49ad-b259-1cdd86bd5d1c.png""}",2,,,2023-07-25 00:00:33 UTC,2023-07-25 00:00:33 UTC
90990041,19171,22318,114777,"{""images"":""Deci44100_CCES_010_3908.png"",""sounds"":""Deci44100_CCES_010_3908.mp3"",""subject_id"":""Deci44100_CCES_010_3908"",""#training_subject"":""0""}","{""0"":""https://panoptes-uploads.zooniverse.org/subject_location/85cc5a0e-da52-4a78-a5c7-56000c2f9683.mpga"",""1"":""https://panoptes-uploads.zooniverse.org/subject_location/36de2d9b-b2ea-4148-b04a-a4897f2dae15.png""}",4,,,2023-07-25 00:00:34 UTC,2023-07-25 00:00:34 UTC
90990042,19171,22318,114777,"{""images"":""Deci44100_CCES_010_391.png"",""sounds"":""Deci44100_CCES_010_391.mp3"",""subject_id"":""Deci44100_CCES_010_391"",""#training_subject"":""0""}","{""0"":""https://panoptes-uploads.zooniverse.org/subject_location/81f606e2-28bb-4441-ad8c-647e9386d4dd.mpga"",""1"":""https://panoptes-uploads.zooniverse.org/subject_location/4a27fa20-b752-472f-a771-cbd35d5bd2f7.png""}",1,,,2023-07-25 00:00:35 UTC,2023-07-25 00:00:35 UTC
90990043,19171,22318,114777,"{""images"":""Deci44100_CCES_010_3918.png"",""sounds"":""Deci44100_CCES_010_3918.mp3"",""subject_id"":""Deci44100_CCES_010_3918"",""#training_subject"":""0""}","{""0"":""https://panoptes-uploads.zooniverse.org/subject_location/96eb51e1-d6dc-4ca2-b359-0be30d53e4bb.mpga"",""1"":""https://panoptes-uploads.zooniverse.org/subject_location/397360fc-87d6-4b9e-8040-51a7029e44bc.png""}",2,,,2023-07-25 00:00:36 UTC,2023-07-25 00:00:36 UTC
90990044,19171,22318,114777,"{""images"":""Deci44100_CCES_010_3920.png"",""sounds"":""Deci44100_CCES_010_3920.mp3"",""subject_id"":""Deci44100_CCES_010_3920"",""#training_subject"":""0""}","{""0"":""https://panoptes-uploads.zooniverse.org/subject_location/44ac518f-756f-49a4-9cfb-efe8643d04d3.mpga"",""1"":""https://panoptes-uploads.zooniverse.org/subject_location/b97c4598-1e87-44e0-95e7-98fa0183e1ef.png""}",2,,,2023-07-25 00:00:37 UTC,2023-07-25 00:00:37 UTC
90990045,19171,22318,114777,"{""images"":""Deci44100_CCES_010_3925.png"",""sounds"":""Deci44100_CCES_010_3925.mp3"",""subject_id"":""Deci44100_CCES_010_3925"",""#training_subject"":""0""}","{""0"":""https://panoptes-uploads.zooniverse.org/subject_location/70f3d0c5-ed98-46b6-9093-c94c9c8e4f86.mpga"",""1"":""https://panoptes-uploads.zooniverse.org/subject_location/f935006a-f362-44f0-a68f-072bfba734d3.png""}",2,,,2023-07-25 00:00:38 UTC,2023-07-25 00:00:38 UTC
90990046,19171,22318,114777,"{""images"":""Deci44100_CCES_010_3928.png"",""sounds"":""Deci44100_CCES_010_3928.mp3"",""subject_id"":""Deci44100_CCES_010_3928"",""#training_subject"":""0""}","{""0"":""https://panoptes-uploads.zooniverse.org/subject_location/27c43b3a-8e04-4d31-b654-fc572a47bbc9.mpga"",""1"":""https://panoptes-uploads.zooniverse.org/subject_location/4072ad4d-d023-4887-910e-ee2238170865.png""}",6,,,2023-07-25 00:00:39 UTC,2023-07-25 00:00:39 UTC
90990047,19171,22318,114777,"{""images"":""Deci44100_CCES_010_3932.png"",""sounds"":""Deci44100_CCES_010_3932.mp3"",""subject_id"":""Deci44100_CCES_010_3932"",""#training_subject"":""0""}","{""0"":""https://panoptes-uploads.zooniverse.org/subject_location/1d824583-63a0-4310-a064-c91948488084.mpga"",""1"":""https://panoptes-uploads.zooniverse.org/subject_location/651a6749-8666-4dbf-995e-a01d92992b81.png""}",4,,,2023-07-25 00:00:40 UTC,2023-07-25 00:00:40 UTC
90990048,19171,22318,114777,"{""images"":""Deci44100_CCES_010_3934.png"",""sounds"":""Deci44100_CCES_010_3934.mp3"",""subject_id"":""Deci44100_CCES_010_3934"",""#training_subject"":""0""}","{""0"":""https://panoptes-uploads.zooniverse.org/subject_location/a2fded3a-8ba5-400e-9e9f-6ea007f0fbcb.mpga"",""1"":""https://panoptes-uploads.zooniverse.org/subject_location/b5ffad2f-a6a5-42e6-837e-2944f7bd72f8.png""}",7,,,2023-07-25 00:00:42 UTC,2023-07-25 00:00:42 UTC
90990049,19171,22318,114777,"{""images"":""Deci44100_CCES_010_3936.png"",""sounds"":""Deci44100_CCES_010_3936.mp3"",""subject_id"":""Deci44100_CCES_010_3936"",""#training_subject"":""0""}","{""0"":""https://panoptes-uploads.zooniverse.org/subject_location/67a575b4-9877-408e-8539-c25440ee5374.mpga"",""1"":""https://panoptes-uploads.zooniverse.org/subject_location/73e62e51-cec4-4ff2-8ddd-bd71b79c4399.png""}",5,,,2023-07-25 00:00:43 UTC,2023-07-25 00:00:43 UTC
90990050,19171,22318,114777,"{""images"":""Deci44100_CCES_010_3937.png"",""sounds"":""Deci44100_CCES_010_3937.mp3"",""subject_id"":""Deci44100_CCES_010_3937"",""#training_subject"":""0""}","{""0"":""https://panoptes-uploads.zooniverse.org/subject_location/1e1bb304-2e24-4ff6-bbdb-b685e5377a69.mpga"",""1"":""https://panoptes-uploads.zooniverse.org/subject_location/56a86f43-d37f-4123-a9c1-d59ebea4e1b4.png""}",6,,,2023-07-25 00:00:44 UTC,2023-07-25 00:00:44 UTC
90990051,19171,22318,114777,"{""images"":""Deci44100_CCES_010_3938.png"",""sounds"":""Deci44100_CCES_010_3938.mp3"",""subject_id"":""Deci44100_CCES_010_3938"",""#training_subject"":""0""}","{""0"":""https://panoptes-uploads.zooniverse.org/subject_location/0ec3118c-8723-46d8-8ac3-3835f19f879f.mpga"",""1"":""https://panoptes-uploads.zooniverse.org/subject_location/83e0d0b3-904b-4440-83df-8bf71b16f875.png""}",1,,,2023-07-25 00:00:45 UTC,2023-07-25 00:00:45 UTC
90990052,19171,22318,114777,"{""images"":""Deci44100_CCES_010_394.png"",""sounds"":""Deci44100_CCES_010_394.mp3"",""subject_id"":""Deci44100_CCES_010_394"",""#training_subject"":""0""}","{""0"":""https://panoptes-uploads.zooniverse.org/subject_location/35ce30dc-3b24-4065-be71-84158baf0b4b.mpga"",""1"":""https://panoptes-uploads.zooniverse.org/subject_location/eb478648-cfa5-4034-af7a-4d963a112117.png""}",1,,,2023-07-25 00:00:46 UTC,2023-07-25 00:00:46 UTC
90990053,19171,22318,114777,"{""images"":""Deci44100_CCES_010_3946.png"",""sounds"":""Deci44100_CCES_010_3946.mp3"",""subject_id"":""Deci44100_CCES_010_3946"",""#training_subject"":""0""}","{""0"":""https://panoptes-uploads.zooniverse.org/subject_location/ee6be0a7-e272-4b4d-8064-497469f4259b.mpga"",""1"":""https://panoptes-uploads.zooniverse.org/subject_location/7c7bb284-1dee-494a-947c-357e0b46d1e4.png""}",6,,,2023-07-25 00:00:47 UTC,2023-07-25 00:00:47 UTC
90990054,19171,22318,114777,"{""images"":""Deci44100_CCES_010_395.png"",""sounds"":""Deci44100_CCES_010_395.mp3"",""subject_id"":""Deci44100_CCES_010_395"",""#training_subject"":""0""}","{""0"":""https://panoptes-uploads.zooniverse.org/subject_location/f48eb26e-79d4-4292-9a90-9c2206e42383.mpga"",""1"":""https://panoptes-uploads.zooniverse.org/subject_location/bd685f02-c9bb-4bab-b51a-45452b9542c7.png""}",2,,,2023-07-25 00:00:49 UTC,2023-07-25 00:00:49 UTC
90990055,19171,22318,114777,"{""images"":""Deci44100_CCES_010_3956.png"",""sounds"":""Deci44100_CCES_010_3956.mp3"",""subject_id"":""Deci44100_CCES_010_3956"",""#training_subject"":""0""}","{""0"":""https://panoptes-uploads.zooniverse.org/subject_location/f219449f-0b8a-4561-9c52-b3943e9a1946.mpga"",""1"":""https://panoptes-uploads.zooniverse.org/subject_location/92307d5d-7a05-41ee-9210-61230e7da64c.png""}",3,,,2023-07-25 00:00:50 UTC,2023-07-25 00:00:50 UTC
90990056,19171,22318,114777,"{""images"":""Deci44100_CCES_010_3958.png"",""sounds"":""Deci44100_CCES_010_3958.mp3"",""subject_id"":""Deci44100_CCES_010_3958"",""#training_subject"":""0""}","{""0"":""https://panoptes-uploads.zooniverse.org/subject_location/2c285b7f-e380-46da-9c54-498f59edc016.mpga"",""1"":""https://panoptes-uploads.zooniverse.org/subject_location/09b8e3f5-7831-4bbe-a8f2-a1967bcc8dc5.png""}",1,,,2023-07-25 00:00:51 UTC,2023-07-25 00:00:51 UTC
90990057,19171,22318,114777,"{""images"":""Deci44100_CCES_010_3959.png"",""sounds"":""Deci44100_CCES_010_3959.mp3"",""subject_id"":""Deci44100_CCES_010_3959"",""#training_subject"":""0""}","{""0"":""https://panoptes-uploads.zooniverse.org/subject_location/59212eaf-37b5-41a9-a7a0-87d61584faba.mpga"",""1"":""https://panoptes-uploads.zooniverse.org/subject_location/d1d824bb-cae1-4157-a5ab-39774b464ce7.png""}",3,,,2023-07-25 00:00:52 UTC,2023-07-25 00:00:52 UTC
90990058,19171,22318,114777,"{""images"":""Deci44100_CCES_010_3971.png"",""sounds"":""Deci44100_CCES_010_3971.mp3"",""subject_id"":""Deci44100_CCES_010_3971"",""#training_subject"":""0""}","{""0"":""https://panoptes-uploads.zooniverse.org/subject_location/ba3bcef4-30ec-4b89-8b37-0c508528edc0.mpga"",""1"":""https://panoptes-uploads.zooniverse.org/subject_location/60884bbd-b8d4-43ad-9025-32c62d02762b.png""}",5,,,2023-07-25 00:00:54 UTC,2023-07-25 00:00:54 UTC
90990059,19171,22318,114777,"{""images"":""Deci44100_CCES_010_3974.png"",""sounds"":""Deci44100_CCES_010_3974.mp3"",""subject_id"":""Deci44100_CCES_010_3974"",""#training_subject"":""0""}","{""0"":""https://panoptes-uploads.zooniverse.org/subject_location/0b0dca4c-b30e-44de-8747-3aa43157d0ec.mpga"",""1"":""https://panoptes-uploads.zooniverse.org/subject_location/7a9f7c44-09e9-4edd-9bb3-c9e4cb446f65.png""}",7,,,2023-07-25 00:00:55 UTC,2023-07-25 00:00:55 UTC
90990060,19171,22318,114777,"{""images"":""Deci44100_CCES_010_3977.png"",""sounds"":""Deci44100_CCES_010_3977.mp3"",""subject_id"":""Deci44100_CCES_010_3977"",""#training_subject"":""0""}","{""0"":""https://panoptes-uploads.zooniverse.org/subject_location/b23b1356-4105-48c3-9d12-6c271aeaa2c5.mpga"",""1"":""https://panoptes-uploads.zooniverse.org/subject_location/45a51bde-57b4-4e65-b166-52047b2bf699.png""}",1,,,2023-07-25 00:00:57 UTC,2023-07-25 00:00:57 UTC
90990061,19171,22318,114777,"{""images"":""Deci44100_CCES_010_3979.png"",""sounds"":""Deci44100_CCES_010_3979.mp3"",""subject_id"":""Deci44100_CCES_010_3979"",""#training_subject"":""0""}","{""0"":""https://panoptes-uploads.zooniverse.org/subject_location/77cc68f4-a69e-4961-b8d2-503bc3ee72b5.mpga"",""1"":""https://panoptes-uploads.zooniverse.org/subject_location/aefde5c3-8bb0-44c7-ba0c-9bb48e697ec9.png""}",2,,,2023-07-25 00:00:58 UTC,2023-07-25 00:00:58 UTC
90990062,19171,22318,114777,"{""images"":""Deci44100_CCES_010_3986.png"",""sounds"":""Deci44100_CCES_010_3986.mp3"",""subject_id"":""Deci44100_CCES_010_3986"",""#training_subject"":""0""}","{""0"":""https://panoptes-uploads.zooniverse.org/subject_location/249afdd1-decb-44a5-9d5b-0036a808c1ae.mpga"",""1"":""https://panoptes-uploads.zooniverse.org/subject_location/675d99de-ebb0-4b93-b629-78d499485d44.png""}",3,,,2023-07-25 00:00:59 UTC,2023-07-25 00:00:59 UTC
90990063,19171,22318,114777,"{""images"":""Deci44100_CCES_010_3990.png"",""sounds"":""Deci44100_CCES_010_3990.mp3"",""subject_id"":""Deci44100_CCES_010_3990"",""#training_subject"":""0""}","{""0"":""https://panoptes-uploads.zooniverse.org/subject_location/5360633c-2158-4ff9-aae9-6c9e7581c3a1.mpga"",""1"":""https://panoptes-uploads.zooniverse.org/subject_location/2c6c3636-123c-4c00-94a5-5668decd718f.png""}",2,,,2023-07-25 00:01:00 UTC,2023-07-25 00:01:00 UTC
90990064,19171,22318,114777,"{""images"":""Deci44100_CCES_010_3992.png"",""sounds"":""Deci44100_CCES_010_3992.mp3"",""subject_id"":""Deci44100_CCES_010_3992"",""#training_subject"":""0""}","{""0"":""https://panoptes-uploads.zooniverse.org/subject_location/eb7569fb-460e-45d5-8935-a6d12555b3ed.mpga"",""1"":""https://panoptes-uploads.zooniverse.org/subject_location/227ccc75-90d2-4a3e-a6b5-5442843d2d66.png""}",0,,,2023-07-25 00:01:02 UTC,2023-07-25 00:01:02 UTC
90990065,19171,22318,114777,"{""images"":""Deci44100_CCES_010_3995.png"",""sounds"":""Deci44100_CCES_010_3995.mp3"",""subject_id"":""Deci44100_CCES_010_3995"",""#training_subject"":""0""}","{""0"":""https://panoptes-uploads.zooniverse.org/subject_location/30bae345-0b0a-496b-9d11-31b7fb11622c.mpga"",""1"":""https://panoptes-uploads.zooniverse.org/subject_location/43d9313d-f600-4803-9cc8-a1204d6e22fa.png""}",3,,,2023-07-25 00:01:03 UTC,2023-07-25 00:01:03 UTC
90990066,19171,22318,114777,"{""images"":""Deci44100_CCES_010_3998.png"",""sounds"":""Deci44100_CCES_010_3998.mp3"",""subject_id"":""Deci44100_CCES_010_3998"",""#training_subject"":""0""}","{""0"":""https://panoptes-uploads.zooniverse.org/subject_location/9162df87-e603-44c7-b002-15e130bed210.mpga"",""1"":""https://panoptes-uploads.zooniverse.org/subject_location/20102e49-04ad-4f63-81b6-187d5ba97e66.png""}",3,,,2023-07-25 00:01:04 UTC,2023-07-25 00:01:04 UTC
90990067,19171,22318,114777,"{""images"":""Deci44100_CCES_010_400.png"",""sounds"":""Deci44100_CCES_010_400.mp3"",""subject_id"":""Deci44100_CCES_010_400"",""#training_subject"":""0""}","{""0"":""https://panoptes-uploads.zooniverse.org/subject_location/601f6c7f-4848-4e09-98e9-53e31f59c7b3.mpga"",""1"":""https://panoptes-uploads.zooniverse.org/subject_location/13a5798d-c05b-451b-9da0-aef7cba4cb0f.png""}",3,,,2023-07-25 00:01:05 UTC,2023-07-25 00:01:05 UTC
90990068,19171,22318,114777,"{""images"":""Deci44100_CCES_010_4006.png"",""sounds"":""Deci44100_CCES_010_4006.mp3"",""subject_id"":""Deci44100_CCES_010_4006"",""#training_subject"":""0""}","{""0"":""https://panoptes-uploads.zooniverse.org/subject_location/abb7e834-2b60-42c4-8c22-2819088a7c04.mpga"",""1"":""https://panoptes-uploads.zooniverse.org/subject_location/f7dbbf60-71a0-4e27-ad6e-ab7d98ec74c3.png""}",4,,,2023-07-25 00:01:07 UTC,2023-07-25 00:01:07 UTC
90990069,19171,22318,114777,"{""images"":""Deci44100_CCES_010_4008.png"",""sounds"":""Deci44100_CCES_010_4008.mp3"",""subject_id"":""Deci44100_CCES_010_4008"",""#training_subject"":""0""}","{""0"":""https://panoptes-uploads.zooniverse.org/subject_location/bd1c75eb-c9a4-4ebb-b7cf-6bb203fccd3f.mpga"",""1"":""https://panoptes-uploads.zooniverse.org/subject_location/4e71c31a-a8ea-410c-82f1-ee55d740db28.png""}",5,,,2023-07-25 00:01:08 UTC,2023-07-25 00:01:08 UTC
90990070,19171,22318,114777,"{""images"":""Deci44100_CCES_010_4009.png"",""sounds"":""Deci44100_CCES_010_4009.mp3"",""subject_id"":""Deci44100_CCES_010_4009"",""#training_subject"":""0""}","{""0"":""https://panoptes-uploads.zooniverse.org/subject_location/e17ea0c0-2fdf-45cc-95dd-9c592e154a8d.mpga"",""1"":""https://panoptes-uploads.zooniverse.org/subject_location/afd347d1-d552-4c1f-9c99-6909cc834787.png""}",2,,,2023-07-25 00:01:10 UTC,2023-07-25 00:01:10 UTC
90990071,19171,22318,114777,"{""images"":""Deci44100_CCES_010_4014.png"",""sounds"":""Deci44100_CCES_010_4014.mp3"",""subject_id"":""Deci44100_CCES_010_4014"",""#training_subject"":""0""}","{""0"":""https://panoptes-uploads.zooniverse.org/subject_location/d3d31fd4-a4d9-474d-836b-9fc61b4c4a4b.mpga"",""1"":""https://panoptes-uploads.zooniverse.org/subject_location/74603eb7-e99c-4b0d-bb95-3037ff0cc448.png""}",3,,,2023-07-25 00:01:11 UTC,2023-07-25 00:01:11 UTC
90990072,19171,22318,114777,"{""images"":""Deci44100_CCES_010_4016.png"",""sounds"":""Deci44100_CCES_010_4016.mp3"",""subject_id"":""Deci44100_CCES_010_4016"",""#training_subject"":""0""}","{""0"":""https://panoptes-uploads.zooniverse.org/subject_location/4787a625-2889-4974-8721-102046d27e7d.mpga"",""1"":""https://panoptes-uploads.zooniverse.org/subject_location/cd7b293d-9fc0-4147-a64c-c850dc5e1981.png""}",7,,,2023-07-25 00:01:12 UTC,2023-07-25 00:01:12 UTC
90990073,19171,22318,114777,"{""images"":""Deci44100_CCES_010_4017.png"",""sounds"":""Deci44100_CCES_010_4017.mp3"",""subject_id"":""Deci44100_CCES_010_4017"",""#training_subject"":""0""}","{""0"":""https://panoptes-uploads.zooniverse.org/subject_location/d77efff7-53a3-4b20-a9d2-b5be22c1fda9.mpga"",""1"":""https://panoptes-uploads.zooniverse.org/subject_location/29b7461c-aba0-4395-9186-bda1eed9380b.png""}",4,,,2023-07-25 00:01:13 UTC,2023-07-25 00:01:13 UTC
90990074,19171,22318,114777,"{""images"":""Deci44100_CCES_010_4018.png"",""sounds"":""Deci44100_CCES_010_4018.mp3"",""subject_id"":""Deci44100_CCES_010_4018"",""#training_subject"":""0""}","{""0"":""https://panoptes-uploads.zooniverse.org/subject_location/6e226197-3c95-431b-9529-8dc21b3e03d4.mpga"",""1"":""https://panoptes-uploads.zooniverse.org/subject_location/53a3fd38-919a-46c0-918d-ce16451ef9f6.png""}",2,,,2023-07-25 00:01:15 UTC,2023-07-25 00:01:15 UTC
90990075,19171,22318,114777,"{""images"":""Deci44100_CCES_010_4019.png"",""sounds"":""Deci44100_CCES_010_4019.mp3"",""subject_id"":""Deci44100_CCES_010_4019"",""#training_subject"":""0""}","{""0"":""https://panoptes-uploads.zooniverse.org/subject_location/a9d80dda-c3dd-4548-a476-8f6dc4e58589.mpga"",""1"":""https://panoptes-uploads.zooniverse.org/subject_location/b9c6637e-7b0c-41d3-b8bf-361e8a6c8f39.png""}",0,,,2023-07-25 00:01:16 UTC,2023-07-25 00:01:16 UTC
90990076,19171,22318,114777,"{""images"":""Deci44100_CCES_010_4022.png"",""sounds"":""Deci44100_CCES_010_4022.mp3"",""subject_id"":""Deci44100_CCES_010_4022"",""#training_subject"":""0""}","{""0"":""https://panoptes-uploads.zooniverse.org/subject_location/9947d805-f66a-460d-9032-84236be7c375.mpga"",""1"":""https://panoptes-uploads.zooniverse.org/subject_location/9118198a-70c1-4f02-81ec-9fe17f40010f.png""}",4,,,2023-07-25 00:01:18 UTC,2023-07-25 00:01:18 UTC
90990077,19171,22318,114777,"{""images"":""Deci44100_CCES_010_4023.png"",""sounds"":""Deci44100_CCES_010_4023.mp3"",""subject_id"":""Deci44100_CCES_010_4023"",""#training_subject"":""0""}","{""0"":""https://panoptes-uploads.zooniverse.org/subject_location/7a7ec74f-41ac-4edd-b83d-cf72e2464f7c.mpga"",""1"":""https://panoptes-uploads.zooniverse.org/subject_location/abf00a16-84f3-4f52-8dbc-0ce0d63da5d3.png""}",5,,,2023-07-25 00:01:19 UTC,2023-07-25 00:01:19 UTC
90990078,19171,22318,114777,"{""images"":""Deci44100_CCES_010_4034.png"",""sounds"":""Deci44100_CCES_010_4034.mp3"",""subject_id"":""Deci44100_CCES_010_4034"",""#training_subject"":""0""}","{""0"":""https://panoptes-uploads.zooniverse.org/subject_location/915cc55a-f03a-407c-b2e8-43c5ce8f8856.mpga"",""1"":""https://panoptes-uploads.zooniverse.org/subject_location/15d268da-919f-47c1-8698-dcf0e310a8e0.png""}",2,,,2023-07-25 00:01:20 UTC,2023-07-25 00:01:20 UTC
90990079,19171,22318,114777,"{""images"":""Deci44100_CCES_010_4045.png"",""sounds"":""Deci44100_CCES_010_4045.mp3"",""subject_id"":""Deci44100_CCES_010_4045"",""#training_subject"":""0""}","{""0"":""https://panoptes-uploads.zooniverse.org/subject_location/e6f2ed49-da7f-4621-9509-cf19a32aa1dc.mpga"",""1"":""https://panoptes-uploads.zooniverse.org/subject_location/89717299-6384-4c15-9272-f0ece7d47ef0.png""}",2,,,2023-07-25 00:01:21 UTC,2023-07-25 00:01:21 UTC
90990080,19171,22318,114777,"{""images"":""Deci44100_CCES_010_4063.png"",""sounds"":""Deci44100_CCES_010_4063.mp3"",""subject_id"":""Deci44100_CCES_010_4063"",""#training_subject"":""0""}","{""0"":""https://panoptes-uploads.zooniverse.org/subject_location/3ad1bf78-bc85-4ad0-9ea5-72e14c5f1982.mpga"",""1"":""https://panoptes-uploads.zooniverse.org/subject_location/2ed4c25e-ed2b-48bb-910a-6efaaa4a19d1.png""}",6,,,2023-07-25 00:01:23 UTC,2023-07-25 00:01:23 UTC
90990081,19171,22318,114777,"{""images"":""Deci44100_CCES_010_4065.png"",""sounds"":""Deci44100_CCES_010_4065.mp3"",""subject_id"":""Deci44100_CCES_010_4065"",""#training_subject"":""0""}","{""0"":""https://panoptes-uploads.zooniverse.org/subject_location/5a0fb20a-710e-48c9-bd02-3950799d709c.mpga"",""1"":""https://panoptes-uploads.zooniverse.org/subject_location/3f891a57-1a94-462b-a930-e373ff3c6981.png""}",2,,,2023-07-25 00:01:24 UTC,2023-07-25 00:01:24 UTC
90990082,19171,22318,114777,"{""images"":""Deci44100_CCES_010_4073.png"",""sounds"":""Deci44100_CCES_010_4073.mp3"",""subject_id"":""Deci44100_CCES_010_4073"",""#training_subject"":""0""}","{""0"":""https://panoptes-uploads.zooniverse.org/subject_location/5c44b7ea-ac76-4a36-b48b-93734bcba6a2.mpga"",""1"":""https://panoptes-uploads.zooniverse.org/subject_location/52ee05eb-a7fa-4e54-96f4-fb6e4185d310.png""}",5,,,2023-07-25 00:01:25 UTC,2023-07-25 00:01:25 UTC
90990083,19171,22318,114777,"{""images"":""Deci44100_CCES_010_4074.png"",""sounds"":""Deci44100_CCES_010_4074.mp3"",""subject_id"":""Deci44100_CCES_010_4074"",""#training_subject"":""0""}","{""0"":""https://panoptes-uploads.zooniverse.org/subject_location/35304f88-2cba-4a0c-b882-4049a9a54ec7.mpga"",""1"":""https://panoptes-uploads.zooniverse.org/subject_location/f0291e21-fdda-415a-9a89-4195403501cf.png""}",6,,,2023-07-25 00:01:26 UTC,2023-07-25 00:01:26 UTC
90990084,19171,22318,114777,"{""images"":""Deci44100_CCES_010_4082.png"",""sounds"":""Deci44100_CCES_010_4082.mp3"",""subject_id"":""Deci44100_CCES_010_4082"",""#training_subject"":""0""}","{""0"":""https://panoptes-uploads.zooniverse.org/subject_location/67a130b5-b51b-4a51-b131-199627d363e2.mpga"",""1"":""https://panoptes-uploads.zooniverse.org/subject_location/e4ab40c4-5283-47b1-a56b-7df398fdf97f.png""}",2,,,2023-07-25 00:01:28 UTC,2023-07-25 00:01:28 UTC
90990085,19171,22318,114777,"{""images"":""Deci44100_CCES_010_4083.png"",""sounds"":""Deci44100_CCES_010_4083.mp3"",""subject_id"":""Deci44100_CCES_010_4083"",""#training_subject"":""0""}","{""0"":""https://panoptes-uploads.zooniverse.org/subject_location/74dff09f-a6f9-4f0d-b4ba-62562af9b080.mpga"",""1"":""https://panoptes-uploads.zooniverse.org/subject_location/4d1843ba-32f7-4091-a506-3cce7488b410.png""}",7,,,2023-07-25 00:01:29 UTC,2023-07-25 00:01:29 UTC
90990086,19171,22318,114777,"{""images"":""Deci44100_CCES_010_4085.png"",""sounds"":""Deci44100_CCES_010_4085.mp3"",""subject_id"":""Deci44100_CCES_010_4085"",""#training_subject"":""0""}","{""0"":""https://panoptes-uploads.zooniverse.org/subject_location/6f8b2eda-f9eb-459b-ba5a-e17b0834b0a9.mpga"",""1"":""https://panoptes-uploads.zooniverse.org/subject_location/e8927517-a746-41c2-84f0-063bd02ab832.png""}",4,,,2023-07-25 00:01:30 UTC,2023-07-25 00:01:30 UTC
90990087,19171,22318,114777,"{""images"":""Deci44100_CCES_010_410.png"",""sounds"":""Deci44100_CCES_010_410.mp3"",""subject_id"":""Deci44100_CCES_010_410"",""#training_subject"":""0""}","{""0"":""https://panoptes-uploads.zooniverse.org/subject_location/d9de7330-19d8-4576-af1d-89bed2346ac0.mpga"",""1"":""https://panoptes-uploads.zooniverse.org/subject_location/1f230ca1-c7c8-4d0e-bc23-095b8213635f.png""}",2,,,2023-07-25 00:01:31 UTC,2023-07-25 00:01:31 UTC
90990088,19171,22318,114777,"{""images"":""Deci44100_CCES_010_4104.png"",""sounds"":""Deci44100_CCES_010_4104.mp3"",""subject_id"":""Deci44100_CCES_010_4104"",""#training_subject"":""0""}","{""0"":""https://panoptes-uploads.zooniverse.org/subject_location/20cbb28f-99fa-4ee1-a5e4-857be2c4a522.mpga"",""1"":""https://panoptes-uploads.zooniverse.org/subject_location/02c08818-45b9-4476-9829-23ca2b7ef816.png""}",2,,,2023-07-25 00:01:33 UTC,2023-07-25 00:01:33 UTC
90990089,19171,22318,114777,"{""images"":""Deci44100_CCES_010_4107.png"",""sounds"":""Deci44100_CCES_010_4107.mp3"",""subject_id"":""Deci44100_CCES_010_4107"",""#training_subject"":""0""}","{""0"":""https://panoptes-uploads.zooniverse.org/subject_location/2e489b56-63f9-4155-a8db-f060d6cd84d2.mpga"",""1"":""https://panoptes-uploads.zooniverse.org/subject_location/7f7d4f31-a683-4ede-a74e-8a7c96d6d638.png""}",6,,,2023-07-25 00:01:34 UTC,2023-07-25 00:01:34 UTC
90990090,19171,22318,114777,"{""images"":""Deci44100_CCES_010_4119.png"",""sounds"":""Deci44100_CCES_010_4119.mp3"",""subject_id"":""Deci44100_CCES_010_4119"",""#training_subject"":""0""}","{""0"":""https://panoptes-uploads.zooniverse.org/subject_location/1621ea8d-7e81-4e36-b10a-80ac09638db7.mpga"",""1"":""https://panoptes-uploads.zooniverse.org/subject_location/7c9c6686-d782-48f7-8a80-54e829f97ba5.png""}",1,,,2023-07-25 00:01:35 UTC,2023-07-25 00:01:35 UTC
90990091,19171,22318,114777,"{""images"":""Deci44100_CCES_010_4120.png"",""sounds"":""Deci44100_CCES_010_4120.mp3"",""subject_id"":""Deci44100_CCES_010_4120"",""#training_subject"":""0""}","{""0"":""https://panoptes-uploads.zooniverse.org/subject_location/03f7f395-f62a-4450-92b7-1ef7d2ccebe9.mpga"",""1"":""https://panoptes-uploads.zooniverse.org/subject_location/9f3967eb-b59e-4d9d-bf61-372feabd7d51.png""}",4,,,2023-07-25 00:01:36 UTC,2023-07-25 00:01:36 UTC
90990092,19171,22318,114777,"{""images"":""Deci44100_CCES_010_4129.png"",""sounds"":""Deci44100_CCES_010_4129.mp3"",""subject_id"":""Deci44100_CCES_010_4129"",""#training_subject"":""0""}","{""0"":""https://panoptes-uploads.zooniverse.org/subject_location/e56f00e3-04b7-4908-b6a7-04fff7dd6450.mpga"",""1"":""https://panoptes-uploads.zooniverse.org/subject_location/e3b9efbf-4048-42e5-9e4c-5ea5a3d8b5d4.png""}",1,,,2023-07-25 00:01:38 UTC,2023-07-25 00:01:38 UTC
90990093,19171,22318,114777,"{""images"":""Deci44100_CCES_010_4132.png"",""sounds"":""Deci44100_CCES_010_4132.mp3"",""subject_id"":""Deci44100_CCES_010_4132"",""#training_subject"":""0""}","{""0"":""https://panoptes-uploads.zooniverse.org/subject_location/524e9805-d357-4ad2-bf77-00739963a87c.mpga"",""1"":""https://panoptes-uploads.zooniverse.org/subject_location/19c8bb13-79c1-4fd0-af87-4787a92383c7.png""}",3,,,2023-07-25 00:01:39 UTC,2023-07-25 00:01:39 UTC
90990094,19171,22318,114777,"{""images"":""Deci44100_CCES_010_4137.png"",""sounds"":""Deci44100_CCES_010_4137.mp3"",""subject_id"":""Deci44100_CCES_010_4137"",""#training_subject"":""0""}","{""0"":""https://panoptes-uploads.zooniverse.org/subject_location/5aa84005-02e9-46b8-8754-c4e8a1e17e60.mpga"",""1"":""https://panoptes-uploads.zooniverse.org/subject_location/37f6e41d-8ece-4314-9b7d-39d5e1a8733a.png""}",3,,,2023-07-25 00:01:41 UTC,2023-07-25 00:01:41 UTC
90990095,19171,22318,114777,"{""images"":""Deci44100_CCES_010_4139.png"",""sounds"":""Deci44100_CCES_010_4139.mp3"",""subject_id"":""Deci44100_CCES_010_4139"",""#training_subject"":""0""}","{""0"":""https://panoptes-uploads.zooniverse.org/subject_location/52ed73c3-2094-4649-84b8-abc2f9f4216a.mpga"",""1"":""https://panoptes-uploads.zooniverse.org/subject_location/8829dc6b-176f-49f5-9809-d18322e24846.png""}",0,,,2023-07-25 00:01:42 UTC,2023-07-25 00:01:42 UTC
90990096,19171,22318,114777,"{""images"":""Deci44100_CCES_010_4142.png"",""sounds"":""Deci44100_CCES_010_4142.mp3"",""subject_id"":""Deci44100_CCES_010_4142"",""#training_subject"":""0""}","{""0"":""https://panoptes-uploads.zooniverse.org/subject_location/28eb08fa-3df0-4c2b-b1fb-393241f22d61.mpga"",""1"":""https://panoptes-uploads.zooniverse.org/subject_location/0b1e3666-742f-4251-b299-54a58d5e2837.png""}",2,,,2023-07-25 00:01:43 UTC,2023-07-25 00:01:43 UTC
90990097,19171,22318,114777,"{""images"":""Deci44100_CCES_010_4145.png"",""sounds"":""Deci44100_CCES_010_4145.mp3"",""subject_id"":""Deci44100_CCES_010_4145"",""#training_subject"":""0""}","{""0"":""https://panoptes-uploads.zooniverse.org/subject_location/d3fb95b0-e8e9-4b01-931a-4384fd451285.mpga"",""1"":""https://panoptes-uploads.zooniverse.org/subject_location/fe5b6d2a-46a4-4ab5-9c95-79b504ff2b33.png""}",6,,,2023-07-25 00:01:44 UTC,2023-07-25 00:01:44 UTC
90990098,19171,22318,114777,"{""images"":""Deci44100_CCES_010_415.png"",""sounds"":""Deci44100_CCES_010_415.mp3"",""subject_id"":""Deci44100_CCES_010_415"",""#training_subject"":""0""}","{""0"":""https://panoptes-uploads.zooniverse.org/subject_location/399cf29a-2d7f-45b9-867c-caff11b545a7.mpga"",""1"":""https://panoptes-uploads.zooniverse.org/subject_location/2ac60ed9-dce7-4184-b4fa-1af1c425cd48.png""}",3,,,2023-07-25 00:01:46 UTC,2023-07-25 00:01:46 UTC
90990099,19171,22318,114777,"{""images"":""Deci44100_CCES_010_4155.png"",""sounds"":""Deci44100_CCES_010_4155.mp3"",""subject_id"":""Deci44100_CCES_010_4155"",""#training_subject"":""0""}","{""0"":""https://panoptes-uploads.zooniverse.org/subject_location/47f9824a-6686-4184-9be4-cb0641597414.mpga"",""1"":""https://panoptes-uploads.zooniverse.org/subject_location/5e5a89db-387b-4a84-beb9-8776324e3e8a.png""}",4,,,2023-07-25 00:01:47 UTC,2023-07-25 00:01:47 UTC
90990100,19171,22318,114777,"{""images"":""Deci44100_CCES_010_4157.png"",""sounds"":""Deci44100_CCES_010_4157.mp3"",""subject_id"":""Deci44100_CCES_010_4157"",""#training_subject"":""0""}","{""0"":""https://panoptes-uploads.zooniverse.org/subject_location/303ab2f3-ee73-4e3a-b80f-64e3ad8053c3.mpga"",""1"":""https://panoptes-uploads.zooniverse.org/subject_location/5ba33c11-3344-444f-a124-d7bc9602a385.png""}",3,,,2023-07-25 00:01:48 UTC,2023-07-25 00:01:48 UTC
90990101,19171,22318,114777,"{""images"":""Deci44100_CCES_010_4163.png"",""sounds"":""Deci44100_CCES_010_4163.mp3"",""subject_id"":""Deci44100_CCES_010_4163"",""#training_subject"":""0""}","{""0"":""https://panoptes-uploads.zooniverse.org/subject_location/a4795c15-335f-428e-90ef-df6209028821.mpga"",""1"":""https://panoptes-uploads.zooniverse.org/subject_location/34217878-c00a-4029-947a-882bbd90ad2b.png""}",1,,,2023-07-25 00:01:49 UTC,2023-07-25 00:01:49 UTC
90990102,19171,22318,114777,"{""images"":""Deci44100_CCES_010_4168.png"",""sounds"":""Deci44100_CCES_010_4168.mp3"",""subject_id"":""Deci44100_CCES_010_4168"",""#training_subject"":""0""}","{""0"":""https://panoptes-uploads.zooniverse.org/subject_location/14939f92-0f8c-4e7d-88bc-90e32bdff8ff.mpga"",""1"":""https://panoptes-uploads.zooniverse.org/subject_location/3d5ded79-da3f-4807-bf00-f202b8891c51.png""}",3,,,2023-07-25 00:01:50 UTC,2023-07-25 00:01:50 UTC
90990103,19171,22318,114777,"{""images"":""Deci44100_CCES_010_4171.png"",""sounds"":""Deci44100_CCES_010_4171.mp3"",""subject_id"":""Deci44100_CCES_010_4171"",""#training_subject"":""0""}","{""0"":""https://panoptes-uploads.zooniverse.org/subject_location/6d5cae61-5d88-4876-8f0d-5e9b2633be2e.mpga"",""1"":""https://panoptes-uploads.zooniverse.org/subject_location/5a017f52-2cb1-4929-8e80-1bb528ffb4bf.png""}",6,,,2023-07-25 00:01:52 UTC,2023-07-25 00:01:52 UTC
90990104,19171,22318,114777,"{""images"":""Deci44100_CCES_010_4179.png"",""sounds"":""Deci44100_CCES_010_4179.mp3"",""subject_id"":""Deci44100_CCES_010_4179"",""#training_subject"":""0""}","{""0"":""https://panoptes-uploads.zooniverse.org/subject_location/eb712aed-8ac2-433a-9b9e-061397aaf12b.mpga"",""1"":""https://panoptes-uploads.zooniverse.org/subject_location/68c80907-4ec5-4188-b470-c7c161eedabd.png""}",4,,,2023-07-25 00:01:53 UTC,2023-07-25 00:01:53 UTC
90990105,19171,22318,114777,"{""images"":""Deci44100_CCES_010_4180.png"",""sounds"":""Deci44100_CCES_010_4180.mp3"",""subject_id"":""Deci44100_CCES_010_4180"",""#training_subject"":""0""}","{""0"":""https://panoptes-uploads.zooniverse.org/subject_location/e765251d-42a9-4575-aa34-1b2aab719aed.mpga"",""1"":""https://panoptes-uploads.zooniverse.org/subject_location/e77c191c-d589-40b5-88c0-135b4daef6d8.png""}",1,,,2023-07-25 00:01:54 UTC,2023-07-25 00:01:54 UTC
90990106,19171,22318,114777,"{""images"":""Deci44100_CCES_010_4182.png"",""sounds"":""Deci44100_CCES_010_4182.mp3"",""subject_id"":""Deci44100_CCES_010_4182"",""#training_subject"":""0""}","{""0"":""https://panoptes-uploads.zooniverse.org/subject_location/f39508a2-efe8-425e-8918-53ecb9efd1df.mpga"",""1"":""https://panoptes-uploads.zooniverse.org/subject_location/312ecbdb-5ddb-4fb2-ae14-a803b150b88a.png""}",3,,,2023-07-25 00:01:55 UTC,2023-07-25 00:01:55 UTC
90990107,19171,22318,114777,"{""images"":""Deci44100_CCES_010_4193.png"",""sounds"":""Deci44100_CCES_010_4193.mp3"",""subject_id"":""Deci44100_CCES_010_4193"",""#training_subject"":""0""}","{""0"":""https://panoptes-uploads.zooniverse.org/subject_location/13bad03c-59b1-4ac4-9790-7b2119fe6a89.mpga"",""1"":""https://panoptes-uploads.zooniverse.org/subject_location/c9875a5c-4bd1-4b18-b075-71e36d295dfd.png""}",2,,,2023-07-25 00:01:57 UTC,2023-07-25 00:01:57 UTC
90990108,19171,22318,114777,"{""images"":""Deci44100_CCES_010_4198.png"",""sounds"":""Deci44100_CCES_010_4198.mp3"",""subject_id"":""Deci44100_CCES_010_4198"",""#training_subject"":""0""}","{""0"":""https://panoptes-uploads.zooniverse.org/subject_location/2e242302-772c-4436-b936-c2ba81876e15.mpga"",""1"":""https://panoptes-uploads.zooniverse.org/subject_location/80bc5397-baad-4ab1-a5f5-7927f393e776.png""}",1,,,2023-07-25 00:01:58 UTC,2023-07-25 00:01:58 UTC
90990109,19171,22318,114777,"{""images"":""Deci44100_CCES_010_4199.png"",""sounds"":""Deci44100_CCES_010_4199.mp3"",""subject_id"":""Deci44100_CCES_010_4199"",""#training_subject"":""0""}","{""0"":""https://panoptes-uploads.zooniverse.org/subject_location/4545f60e-0379-49d4-8dcf-ab9d1af1d106.mpga"",""1"":""https://panoptes-uploads.zooniverse.org/subject_location/84b93429-7751-4b3e-b6d6-0e65acfb201c.png""}",3,,,2023-07-25 00:02:00 UTC,2023-07-25 00:02:00 UTC
90990110,19171,22318,114777,"{""images"":""Deci44100_CCES_010_42.png"",""sounds"":""Deci44100_CCES_010_42.mp3"",""subject_id"":""Deci44100_CCES_010_42"",""#training_subject"":""0""}","{""0"":""https://panoptes-uploads.zooniverse.org/subject_location/b1395887-380a-4658-ace9-f820bea8d988.mpga"",""1"":""https://panoptes-uploads.zooniverse.org/subject_location/712594c3-29e3-48ac-8fab-45f841882cfc.png""}",1,,,2023-07-25 00:02:01 UTC,2023-07-25 00:02:01 UTC
90990111,19171,22318,114777,"{""images"":""Deci44100_CCES_010_4204.png"",""sounds"":""Deci44100_CCES_010_4204.mp3"",""subject_id"":""Deci44100_CCES_010_4204"",""#training_subject"":""0""}","{""0"":""https://panoptes-uploads.zooniverse.org/subject_location/eff50dc8-1505-4567-bc1e-f6effbfed18a.mpga"",""1"":""https://panoptes-uploads.zooniverse.org/subject_location/a1a87836-006f-465a-9b69-ddb45c0fb9e1.png""}",7,,,2023-07-25 00:02:02 UTC,2023-07-25 00:02:02 UTC
90990112,19171,22318,114777,"{""images"":""Deci44100_CCES_010_421.png"",""sounds"":""Deci44100_CCES_010_421.mp3"",""subject_id"":""Deci44100_CCES_010_421"",""#training_subject"":""0""}","{""0"":""https://panoptes-uploads.zooniverse.org/subject_location/af78f58b-58ff-4bec-9292-1bc3afd0e903.mpga"",""1"":""https://panoptes-uploads.zooniverse.org/subject_location/5a240997-207e-4bb8-8fa1-50193074030b.png""}",4,,,2023-07-25 00:02:03 UTC,2023-07-25 00:02:03 UTC
90990113,19171,22318,114777,"{""images"":""Deci44100_CCES_010_4213.png"",""sounds"":""Deci44100_CCES_010_4213.mp3"",""subject_id"":""Deci44100_CCES_010_4213"",""#training_subject"":""0""}","{""0"":""https://panoptes-uploads.zooniverse.org/subject_location/9a32ce47-499c-490d-a1b3-43e6c3966a96.mpga"",""1"":""https://panoptes-uploads.zooniverse.org/subject_location/d5d90fe1-ae92-4f7f-8cff-f82f3da5d485.png""}",3,,,2023-07-25 00:02:05 UTC,2023-07-25 00:02:05 UTC
90990114,19171,22318,114777,"{""images"":""Deci44100_CCES_010_4217.png"",""sounds"":""Deci44100_CCES_010_4217.mp3"",""subject_id"":""Deci44100_CCES_010_4217"",""#training_subject"":""0""}","{""0"":""https://panoptes-uploads.zooniverse.org/subject_location/e6343a90-2986-469d-8181-766e2488c002.mpga"",""1"":""https://panoptes-uploads.zooniverse.org/subject_location/548cb2ce-779b-45d0-b3c8-d4302c1704e1.png""}",3,,,2023-07-25 00:02:06 UTC,2023-07-25 00:02:06 UTC
90990115,19171,22318,114777,"{""images"":""Deci44100_CCES_010_4223.png"",""sounds"":""Deci44100_CCES_010_4223.mp3"",""subject_id"":""Deci44100_CCES_010_4223"",""#training_subject"":""0""}","{""0"":""https://panoptes-uploads.zooniverse.org/subject_location/64925e10-7adc-4845-a43a-98a89e6f4e2e.mpga"",""1"":""https://panoptes-uploads.zooniverse.org/subject_location/df41b84b-99d0-4ece-bd6a-12baebc0d3bd.png""}",2,,,2023-07-25 00:02:09 UTC,2023-07-25 00:02:09 UTC
90990116,19171,22318,114777,"{""images"":""Deci44100_CCES_010_4227.png"",""sounds"":""Deci44100_CCES_010_4227.mp3"",""subject_id"":""Deci44100_CCES_010_4227"",""#training_subject"":""0""}","{""0"":""https://panoptes-uploads.zooniverse.org/subject_location/6af243cc-5816-4764-9ff0-3dc884de81c9.mpga"",""1"":""https://panoptes-uploads.zooniverse.org/subject_location/88ffc99a-5912-4c00-94b9-136e4688a32a.png""}",6,,,2023-07-25 00:02:10 UTC,2023-07-25 00:02:10 UTC
90990117,19171,22318,114777,"{""images"":""Deci44100_CCES_010_4232.png"",""sounds"":""Deci44100_CCES_010_4232.mp3"",""subject_id"":""Deci44100_CCES_010_4232"",""#training_subject"":""0""}","{""0"":""https://panoptes-uploads.zooniverse.org/subject_location/fcf9300c-fd92-4074-b011-71ad4706e879.mpga"",""1"":""https://panoptes-uploads.zooniverse.org/subject_location/0895c7cd-ffb3-4985-9908-e7b63059daea.png""}",2,,,2023-07-25 00:02:11 UTC,2023-07-25 00:02:11 UTC
90990118,19171,22318,114777,"{""images"":""Deci44100_CCES_010_4239.png"",""sounds"":""Deci44100_CCES_010_4239.mp3"",""subject_id"":""Deci44100_CCES_010_4239"",""#training_subject"":""0""}","{""0"":""https://panoptes-uploads.zooniverse.org/subject_location/1cb39f3b-2896-4d95-b1de-df0eebc2c5e4.mpga"",""1"":""https://panoptes-uploads.zooniverse.org/subject_location/14275b68-74f9-4cbe-8fb3-2a57f8fca18e.png""}",5,,,2023-07-25 00:02:12 UTC,2023-07-25 00:02:12 UTC
90990119,19171,22318,114777,"{""images"":""Deci44100_CCES_010_4240.png"",""sounds"":""Deci44100_CCES_010_4240.mp3"",""subject_id"":""Deci44100_CCES_010_4240"",""#training_subject"":""0""}","{""0"":""https://panoptes-uploads.zooniverse.org/subject_location/06eda973-66e4-487e-88d6-269d9b836a16.mpga"",""1"":""https://panoptes-uploads.zooniverse.org/subject_location/231ff6ee-d222-4dd0-b583-03ff1173175a.png""}",5,,,2023-07-25 00:02:14 UTC,2023-07-25 00:02:14 UTC
90990120,19171,22318,114777,"{""images"":""Deci44100_CCES_010_425.png"",""sounds"":""Deci44100_CCES_010_425.mp3"",""subject_id"":""Deci44100_CCES_010_425"",""#training_subject"":""0""}","{""0"":""https://panoptes-uploads.zooniverse.org/subject_location/ee42251b-436c-428b-ac51-5a26ef839d49.mpga"",""1"":""https://panoptes-uploads.zooniverse.org/subject_location/517aeedf-b663-4a9e-94da-09d667d1bf92.png""}",1,,,2023-07-25 00:02:15 UTC,2023-07-25 00:02:15 UTC
90990121,19171,22318,114777,"{""images"":""Deci44100_CCES_010_4251.png"",""sounds"":""Deci44100_CCES_010_4251.mp3"",""subject_id"":""Deci44100_CCES_010_4251"",""#training_subject"":""0""}","{""0"":""https://panoptes-uploads.zooniverse.org/subject_location/507997b1-a2da-4552-b6d2-4a8b995982c6.mpga"",""1"":""https://panoptes-uploads.zooniverse.org/subject_location/2101fa04-afc8-4aad-96e5-4e84ed6ff8dd.png""}",3,,,2023-07-25 00:02:16 UTC,2023-07-25 00:02:16 UTC
90990122,19171,22318,114777,"{""images"":""Deci44100_CCES_010_4254.png"",""sounds"":""Deci44100_CCES_010_4254.mp3"",""subject_id"":""Deci44100_CCES_010_4254"",""#training_subject"":""0""}","{""0"":""https://panoptes-uploads.zooniverse.org/subject_location/13730131-5f87-45df-9dd1-bf1d85c6cb7b.mpga"",""1"":""https://panoptes-uploads.zooniverse.org/subject_location/055e99e3-65d2-4acf-b6df-b02bc47b6a9a.png""}",4,,,2023-07-25 00:02:17 UTC,2023-07-25 00:02:17 UTC
90990123,19171,22318,114777,"{""images"":""Deci44100_CCES_010_4257.png"",""sounds"":""Deci44100_CCES_010_4257.mp3"",""subject_id"":""Deci44100_CCES_010_4257"",""#training_subject"":""0""}","{""0"":""https://panoptes-uploads.zooniverse.org/subject_location/7e0664b7-4559-42e6-82a7-156bc76845d3.mpga"",""1"":""https://panoptes-uploads.zooniverse.org/subject_location/383af8e3-6384-4ce7-a8bb-b6f9da69a39a.png""}",2,,,2023-07-25 00:02:19 UTC,2023-07-25 00:02:19 UTC
90990124,19171,22318,114777,"{""images"":""Deci44100_CCES_010_4261.png"",""sounds"":""Deci44100_CCES_010_4261.mp3"",""subject_id"":""Deci44100_CCES_010_4261"",""#training_subject"":""0""}","{""0"":""https://panoptes-uploads.zooniverse.org/subject_location/ce0a4986-2004-4111-9612-0f3ee357e26a.mpga"",""1"":""https://panoptes-uploads.zooniverse.org/subject_location/80b70ee1-a44d-4d29-9b63-ea8b16db376f.png""}",0,,,2023-07-25 00:02:20 UTC,2023-07-25 00:02:20 UTC
90990125,19171,22318,114777,"{""images"":""Deci44100_CCES_010_4262.png"",""sounds"":""Deci44100_CCES_010_4262.mp3"",""subject_id"":""Deci44100_CCES_010_4262"",""#training_subject"":""0""}","{""0"":""https://panoptes-uploads.zooniverse.org/subject_location/37953924-45f8-470f-b0e1-a7e8d71d6db9.mpga"",""1"":""https://panoptes-uploads.zooniverse.org/subject_location/ea6299b4-5a24-4554-a9b1-acc17bc1a0f3.png""}",5,,,2023-07-25 00:02:21 UTC,2023-07-25 00:02:21 UTC
90990126,19171,22318,114777,"{""images"":""Deci44100_CCES_010_4263.png"",""sounds"":""Deci44100_CCES_010_4263.mp3"",""subject_id"":""Deci44100_CCES_010_4263"",""#training_subject"":""0""}","{""0"":""https://panoptes-uploads.zooniverse.org/subject_location/6c1879f7-3aff-4211-a46d-7a673b72794b.mpga"",""1"":""https://panoptes-uploads.zooniverse.org/subject_location/0c7cde49-3ee3-49c0-b2dd-7519c33bae49.png""}",5,,,2023-07-25 00:02:22 UTC,2023-07-25 00:02:22 UTC
90990127,19171,22318,114777,"{""images"":""Deci44100_CCES_010_4264.png"",""sounds"":""Deci44100_CCES_010_4264.mp3"",""subject_id"":""Deci44100_CCES_010_4264"",""#training_subject"":""0""}","{""0"":""https://panoptes-uploads.zooniverse.org/subject_location/7e0ae80a-e091-4391-b316-a8cecf976464.mpga"",""1"":""https://panoptes-uploads.zooniverse.org/subject_location/81b99501-68ad-4740-a727-2d9e827e9e64.png""}",2,,,2023-07-25 00:02:24 UTC,2023-07-25 00:02:24 UTC
90990128,19171,22318,114777,"{""images"":""Deci44100_CCES_010_4265.png"",""sounds"":""Deci44100_CCES_010_4265.mp3"",""subject_id"":""Deci44100_CCES_010_4265"",""#training_subject"":""0""}","{""0"":""https://panoptes-uploads.zooniverse.org/subject_location/7999aa9f-c45a-424d-8d0c-f11f27ea7ada.mpga"",""1"":""https://panoptes-uploads.zooniverse.org/subject_location/68ba1989-1e4e-48d4-ac51-944265a14144.png""}",7,,,2023-07-25 00:02:25 UTC,2023-07-25 00:02:25 UTC
90990129,19171,22318,114777,"{""images"":""Deci44100_CCES_010_4266.png"",""sounds"":""Deci44100_CCES_010_4266.mp3"",""subject_id"":""Deci44100_CCES_010_4266"",""#training_subject"":""0""}","{""0"":""https://panoptes-uploads.zooniverse.org/subject_location/3ef36b82-0d1c-49b4-9ecc-3936685e0382.mpga"",""1"":""https://panoptes-uploads.zooniverse.org/subject_location/a5a62ea3-6860-4105-bdb8-d476bc0c4309.png""}",5,,,2023-07-25 00:02:26 UTC,2023-07-25 00:02:26 UTC
90990130,19171,22318,114777,"{""images"":""Deci44100_CCES_010_4269.png"",""sounds"":""Deci44100_CCES_010_4269.mp3"",""subject_id"":""Deci44100_CCES_010_4269"",""#training_subject"":""0""}","{""0"":""https://panoptes-uploads.zooniverse.org/subject_location/219749e1-6933-432d-a1fa-46594eff535e.mpga"",""1"":""https://panoptes-uploads.zooniverse.org/subject_location/9bc9a9b7-faf3-42be-8562-11b261c089ca.png""}",3,,,2023-07-25 00:02:27 UTC,2023-07-25 00:02:27 UTC
90990131,19171,22318,114777,"{""images"":""Deci44100_CCES_010_4271.png"",""sounds"":""Deci44100_CCES_010_4271.mp3"",""subject_id"":""Deci44100_CCES_010_4271"",""#training_subject"":""0""}","{""0"":""https://panoptes-uploads.zooniverse.org/subject_location/bf83179d-a7e7-4f96-a4e1-486f7d4ff540.mpga"",""1"":""https://panoptes-uploads.zooniverse.org/subject_location/ddff5bff-051b-463e-841a-a9e68dbeaf52.png""}",2,,,2023-07-25 00:02:28 UTC,2023-07-25 00:02:28 UTC
90990132,19171,22318,114777,"{""images"":""Deci44100_CCES_010_4278.png"",""sounds"":""Deci44100_CCES_010_4278.mp3"",""subject_id"":""Deci44100_CCES_010_4278"",""#training_subject"":""0""}","{""0"":""https://panoptes-uploads.zooniverse.org/subject_location/4d2d841f-26dc-463e-a171-efc1b5fa5de3.mpga"",""1"":""https://panoptes-uploads.zooniverse.org/subject_location/fb59803b-7bb0-4721-b592-a03b1808a192.png""}",1,,,2023-07-25 00:02:29 UTC,2023-07-25 00:02:29 UTC
90990133,19171,22318,114777,"{""images"":""Deci44100_CCES_010_4281.png"",""sounds"":""Deci44100_CCES_010_4281.mp3"",""subject_id"":""Deci44100_CCES_010_4281"",""#training_subject"":""0""}","{""0"":""https://panoptes-uploads.zooniverse.org/subject_location/1a355745-dd9a-4cf4-93c1-4811f7238a05.mpga"",""1"":""https://panoptes-uploads.zooniverse.org/subject_location/2024458d-3563-482b-a7ca-155b16f5c164.png""}",3,,,2023-07-25 00:02:30 UTC,2023-07-25 00:02:30 UTC
90990134,19171,22318,114777,"{""images"":""Deci44100_CCES_010_4285.png"",""sounds"":""Deci44100_CCES_010_4285.mp3"",""subject_id"":""Deci44100_CCES_010_4285"",""#training_subject"":""0""}","{""0"":""https://panoptes-uploads.zooniverse.org/subject_location/7d4ff423-7a65-428b-a1d5-28c6edcb9f6d.mpga"",""1"":""https://panoptes-uploads.zooniverse.org/subject_location/9aed5870-ee56-4428-8a33-f4397e319ce2.png""}",1,,,2023-07-25 00:02:31 UTC,2023-07-25 00:02:31 UTC
90990135,19171,22318,114777,"{""images"":""Deci44100_CCES_010_429.png"",""sounds"":""Deci44100_CCES_010_429.mp3"",""subject_id"":""Deci44100_CCES_010_429"",""#training_subject"":""0""}","{""0"":""https://panoptes-uploads.zooniverse.org/subject_location/f9212b6f-7e98-422f-9f6e-452fd2380d44.mpga"",""1"":""https://panoptes-uploads.zooniverse.org/subject_location/0fcd4d89-6af9-40d3-82dd-79796e461095.png""}",2,,,2023-07-25 00:02:33 UTC,2023-07-25 00:02:33 UTC
90990136,19171,22318,114777,"{""images"":""Deci44100_CCES_010_4292.png"",""sounds"":""Deci44100_CCES_010_4292.mp3"",""subject_id"":""Deci44100_CCES_010_4292"",""#training_subject"":""0""}","{""0"":""https://panoptes-uploads.zooniverse.org/subject_location/25c99e5f-9c60-4372-8790-911aa12db45d.mpga"",""1"":""https://panoptes-uploads.zooniverse.org/subject_location/f841eec8-dd9e-4c25-8c0b-b5cb4ca5c182.png""}",5,,,2023-07-25 00:02:34 UTC,2023-07-25 00:02:34 UTC
90990137,19171,22318,114777,"{""images"":""Deci44100_CCES_010_4295.png"",""sounds"":""Deci44100_CCES_010_4295.mp3"",""subject_id"":""Deci44100_CCES_010_4295"",""#training_subject"":""0""}","{""0"":""https://panoptes-uploads.zooniverse.org/subject_location/da2f759c-055c-4c9c-a86a-f4c03661ffba.mpga"",""1"":""https://panoptes-uploads.zooniverse.org/subject_location/538e8dfd-dc5f-4dcb-b57c-fabb81726b23.png""}",5,,,2023-07-25 00:02:35 UTC,2023-07-25 00:02:35 UTC
90990138,19171,22318,114777,"{""images"":""Deci44100_CCES_010_4296.png"",""sounds"":""Deci44100_CCES_010_4296.mp3"",""subject_id"":""Deci44100_CCES_010_4296"",""#training_subject"":""0""}","{""0"":""https://panoptes-uploads.zooniverse.org/subject_location/fff05630-3880-4121-9eff-39964cbe1e16.mpga"",""1"":""https://panoptes-uploads.zooniverse.org/subject_location/3b3b2778-449a-491d-aaf7-6750f8e5d542.png""}",3,,,2023-07-25 00:02:36 UTC,2023-07-25 00:02:36 UTC
90990139,19171,22318,114777,"{""images"":""Deci44100_CCES_010_4301.png"",""sounds"":""Deci44100_CCES_010_4301.mp3"",""subject_id"":""Deci44100_CCES_010_4301"",""#training_subject"":""0""}","{""0"":""https://panoptes-uploads.zooniverse.org/subject_location/07a7ac46-007e-4b22-ac29-03df1b894356.mpga"",""1"":""https://panoptes-uploads.zooniverse.org/subject_location/e1ab4c46-ea67-465f-bbeb-850bca03cfef.png""}",5,,,2023-07-25 00:02:37 UTC,2023-07-25 00:02:37 UTC
90990140,19171,22318,114777,"{""images"":""Deci44100_CCES_010_4302.png"",""sounds"":""Deci44100_CCES_010_4302.mp3"",""subject_id"":""Deci44100_CCES_010_4302"",""#training_subject"":""0""}","{""0"":""https://panoptes-uploads.zooniverse.org/subject_location/d072c0c5-a140-4aa9-81ba-81581cf55510.mpga"",""1"":""https://panoptes-uploads.zooniverse.org/subject_location/f785ca64-10fe-4139-83d5-352e5aa61672.png""}",3,,,2023-07-25 00:02:38 UTC,2023-07-25 00:02:38 UTC
90990141,19171,22318,114777,"{""images"":""Deci44100_CCES_010_4305.png"",""sounds"":""Deci44100_CCES_010_4305.mp3"",""subject_id"":""Deci44100_CCES_010_4305"",""#training_subject"":""0""}","{""0"":""https://panoptes-uploads.zooniverse.org/subject_location/da7d1d3f-a870-4dd9-a7fa-3a45bd7d8d0e.mpga"",""1"":""https://panoptes-uploads.zooniverse.org/subject_location/f6cae9bc-622f-41fa-9ac0-5353dc107e6f.png""}",2,,,2023-07-25 00:02:40 UTC,2023-07-25 00:02:40 UTC
90990142,19171,22318,114777,"{""images"":""Deci44100_CCES_010_4308.png"",""sounds"":""Deci44100_CCES_010_4308.mp3"",""subject_id"":""Deci44100_CCES_010_4308"",""#training_subject"":""0""}","{""0"":""https://panoptes-uploads.zooniverse.org/subject_location/5d133eb1-5170-4bc2-a770-4276b5946b1e.mpga"",""1"":""https://panoptes-uploads.zooniverse.org/subject_location/63c2d23d-adcc-4ac2-83a1-b056c80db991.png""}",4,,,2023-07-25 00:02:41 UTC,2023-07-25 00:02:41 UTC
90990143,19171,22318,114777,"{""images"":""Deci44100_CCES_010_4313.png"",""sounds"":""Deci44100_CCES_010_4313.mp3"",""subject_id"":""Deci44100_CCES_010_4313"",""#training_subject"":""0""}","{""0"":""https://panoptes-uploads.zooniverse.org/subject_location/7ac45aa1-3e3d-45c5-9e7f-e6fbc368180b.mpga"",""1"":""https://panoptes-uploads.zooniverse.org/subject_location/c234a10a-f4c2-475f-b05e-ab7358b0da97.png""}",2,,,2023-07-25 00:02:42 UTC,2023-07-25 00:02:42 UTC
90990144,19171,22318,114777,"{""images"":""Deci44100_CCES_010_4316.png"",""sounds"":""Deci44100_CCES_010_4316.mp3"",""subject_id"":""Deci44100_CCES_010_4316"",""#training_subject"":""0""}","{""0"":""https://panoptes-uploads.zooniverse.org/subject_location/dfbf4ec7-f492-4945-b23a-7115bbed6336.mpga"",""1"":""https://panoptes-uploads.zooniverse.org/subject_location/c72b118c-8adc-43a7-8d26-71de27d60b96.png""}",4,,,2023-07-25 00:02:43 UTC,2023-07-25 00:02:43 UTC
90990145,19171,22318,114777,"{""images"":""Deci44100_CCES_010_4324.png"",""sounds"":""Deci44100_CCES_010_4324.mp3"",""subject_id"":""Deci44100_CCES_010_4324"",""#training_subject"":""0""}","{""0"":""https://panoptes-uploads.zooniverse.org/subject_location/ac70c100-3b14-409d-b404-3809cccc0dbb.mpga"",""1"":""https://panoptes-uploads.zooniverse.org/subject_location/5f3d2d28-6354-4c75-97d0-a2868c85713f.png""}",4,,,2023-07-25 00:02:44 UTC,2023-07-25 00:02:44 UTC
90990146,19171,22318,114777,"{""images"":""Deci44100_CCES_010_4325.png"",""sounds"":""Deci44100_CCES_010_4325.mp3"",""subject_id"":""Deci44100_CCES_010_4325"",""#training_subject"":""0""}","{""0"":""https://panoptes-uploads.zooniverse.org/subject_location/0775130f-a43a-479b-b357-31f7df98aa84.mpga"",""1"":""https://panoptes-uploads.zooniverse.org/subject_location/de47a06c-bedc-4c1c-8f61-faf9b78a584a.png""}",3,,,2023-07-25 00:02:46 UTC,2023-07-25 00:02:46 UTC
90990147,19171,22318,114777,"{""images"":""Deci44100_CCES_010_4326.png"",""sounds"":""Deci44100_CCES_010_4326.mp3"",""subject_id"":""Deci44100_CCES_010_4326"",""#training_subject"":""0""}","{""0"":""https://panoptes-uploads.zooniverse.org/subject_location/04ff474f-aefb-4dbf-ad34-43989b22c328.mpga"",""1"":""https://panoptes-uploads.zooniverse.org/subject_location/78d87d2f-5555-4ca0-b84a-58381e3d3641.png""}",3,,,2023-07-25 00:02:47 UTC,2023-07-25 00:02:47 UTC
90990148,19171,22318,114777,"{""images"":""Deci44100_CCES_010_4328.png"",""sounds"":""Deci44100_CCES_010_4328.mp3"",""subject_id"":""Deci44100_CCES_010_4328"",""#training_subject"":""0""}","{""0"":""https://panoptes-uploads.zooniverse.org/subject_location/c3fc1f6d-4a06-458c-8343-af66fc872e69.mpga"",""1"":""https://panoptes-uploads.zooniverse.org/subject_location/9e68e194-8c40-4c18-8d24-478de199fc07.png""}",1,,,2023-07-25 00:02:48 UTC,2023-07-25 00:02:48 UTC
90990149,19171,22318,114777,"{""images"":""Deci44100_CCES_010_4331.png"",""sounds"":""Deci44100_CCES_010_4331.mp3"",""subject_id"":""Deci44100_CCES_010_4331"",""#training_subject"":""0""}","{""0"":""https://panoptes-uploads.zooniverse.org/subject_location/88e7c4a8-bc47-4ca7-bbcd-85d68d550bbd.mpga"",""1"":""https://panoptes-uploads.zooniverse.org/subject_location/6cc640a0-29a5-422a-905e-b1b6da2c9640.png""}",3,,,2023-07-25 00:02:50 UTC,2023-07-25 00:02:50 UTC
90990150,19171,22318,114777,"{""images"":""Deci44100_CCES_010_4350.png"",""sounds"":""Deci44100_CCES_010_4350.mp3"",""subject_id"":""Deci44100_CCES_010_4350"",""#training_subject"":""0""}","{""0"":""https://panoptes-uploads.zooniverse.org/subject_location/90c0ddc9-7531-49a1-97f5-851effb585bb.mpga"",""1"":""https://panoptes-uploads.zooniverse.org/subject_location/95c12a3f-7808-42ee-9c4a-9cdb9857917f.png""}",5,,,2023-07-25 00:02:51 UTC,2023-07-25 00:02:51 UTC
90990151,19171,22318,114777,"{""images"":""Deci44100_CCES_010_4351.png"",""sounds"":""Deci44100_CCES_010_4351.mp3"",""subject_id"":""Deci44100_CCES_010_4351"",""#training_subject"":""0""}","{""0"":""https://panoptes-uploads.zooniverse.org/subject_location/3404557b-4d00-4cd6-a9f5-2504800f036d.mpga"",""1"":""https://panoptes-uploads.zooniverse.org/subject_location/8c0d65f1-7c94-488c-b1d2-2d23480e6b76.png""}",5,,,2023-07-25 00:02:52 UTC,2023-07-25 00:02:52 UTC
90990152,19171,22318,114777,"{""images"":""Deci44100_CCES_010_4352.png"",""sounds"":""Deci44100_CCES_010_4352.mp3"",""subject_id"":""Deci44100_CCES_010_4352"",""#training_subject"":""0""}","{""0"":""https://panoptes-uploads.zooniverse.org/subject_location/3ec619b2-8347-443a-aae6-e8e74648aa3c.mpga"",""1"":""https://panoptes-uploads.zooniverse.org/subject_location/1d5dce49-251c-4e61-bf2b-aab313a2a6f5.png""}",2,,,2023-07-25 00:02:53 UTC,2023-07-25 00:02:53 UTC
90990153,19171,22318,114777,"{""images"":""Deci44100_CCES_010_4355.png"",""sounds"":""Deci44100_CCES_010_4355.mp3"",""subject_id"":""Deci44100_CCES_010_4355"",""#training_subject"":""0""}","{""0"":""https://panoptes-uploads.zooniverse.org/subject_location/3522a3cc-324b-4d3c-b3a7-80ff3a0389a5.mpga"",""1"":""https://panoptes-uploads.zooniverse.org/subject_location/f32db803-1030-44c8-b8af-d9579c0a0ab5.png""}",2,,,2023-07-25 00:02:56 UTC,2023-07-25 00:02:56 UTC
90990154,19171,22318,114777,"{""images"":""Deci44100_CCES_010_4363.png"",""sounds"":""Deci44100_CCES_010_4363.mp3"",""subject_id"":""Deci44100_CCES_010_4363"",""#training_subject"":""0""}","{""0"":""https://panoptes-uploads.zooniverse.org/subject_location/c723b482-14ca-4607-800a-5e579a606a5b.mpga"",""1"":""https://panoptes-uploads.zooniverse.org/subject_location/9cdf88b1-4b9c-4beb-bdb9-c2848481a12f.png""}",1,,,2023-07-25 00:02:57 UTC,2023-07-25 00:02:57 UTC
90990155,19171,22318,114777,"{""images"":""Deci44100_CCES_010_4364.png"",""sounds"":""Deci44100_CCES_010_4364.mp3"",""subject_id"":""Deci44100_CCES_010_4364"",""#training_subject"":""0""}","{""0"":""https://panoptes-uploads.zooniverse.org/subject_location/3ecbfa94-8294-4b2d-b183-c37f4cbb9fb5.mpga"",""1"":""https://panoptes-uploads.zooniverse.org/subject_location/e295965b-a548-46eb-982e-dfc888a3e058.png""}",3,,,2023-07-25 00:02:59 UTC,2023-07-25 00:02:59 UTC
90990156,19171,22318,114777,"{""images"":""Deci44100_CCES_010_4376.png"",""sounds"":""Deci44100_CCES_010_4376.mp3"",""subject_id"":""Deci44100_CCES_010_4376"",""#training_subject"":""0""}","{""0"":""https://panoptes-uploads.zooniverse.org/subject_location/ae26ee25-1981-4ee3-a590-9d84816e1f82.mpga"",""1"":""https://panoptes-uploads.zooniverse.org/subject_location/31bf4c01-3bf2-40d2-a962-2af391c6db85.png""}",3,,,2023-07-25 00:02:59 UTC,2023-07-25 00:02:59 UTC
90990157,19171,22318,114777,"{""images"":""Deci44100_CCES_010_4380.png"",""sounds"":""Deci44100_CCES_010_4380.mp3"",""subject_id"":""Deci44100_CCES_010_4380"",""#training_subject"":""0""}","{""0"":""https://panoptes-uploads.zooniverse.org/subject_location/71f9e1c8-aa41-4415-a261-9d46a04d780e.mpga"",""1"":""https://panoptes-uploads.zooniverse.org/subject_location/ec091a58-dd8a-421d-b661-f02467c1d6a7.png""}",0,,,2023-07-25 00:03:01 UTC,2023-07-25 00:03:01 UTC
90990158,19171,22318,114777,"{""images"":""Deci44100_CCES_010_4383.png"",""sounds"":""Deci44100_CCES_010_4383.mp3"",""subject_id"":""Deci44100_CCES_010_4383"",""#training_subject"":""0""}","{""0"":""https://panoptes-uploads.zooniverse.org/subject_location/3c8607fe-4faa-427a-9fcd-d4b6bc169c7e.mpga"",""1"":""https://panoptes-uploads.zooniverse.org/subject_location/98bd6cd1-901a-4ed1-85a3-51ddae01e317.png""}",3,,,2023-07-25 00:03:02 UTC,2023-07-25 00:03:02 UTC
90990159,19171,22318,114777,"{""images"":""Deci44100_CCES_010_442.png"",""sounds"":""Deci44100_CCES_010_442.mp3"",""subject_id"":""Deci44100_CCES_010_442"",""#training_subject"":""0""}","{""0"":""https://panoptes-uploads.zooniverse.org/subject_location/4e93a71d-ca7c-489a-86af-218937970d66.mpga"",""1"":""https://panoptes-uploads.zooniverse.org/subject_location/78ceb6dc-0f3a-4c83-a9bc-76ba6aa17846.png""}",3,,,2023-07-25 00:03:04 UTC,2023-07-25 00:03:04 UTC
90990160,19171,22318,114777,"{""images"":""Deci44100_CCES_010_448.png"",""sounds"":""Deci44100_CCES_010_448.mp3"",""subject_id"":""Deci44100_CCES_010_448"",""#training_subject"":""0""}","{""0"":""https://panoptes-uploads.zooniverse.org/subject_location/55218b7d-1633-45c1-982e-b9af3fa87acc.mpga"",""1"":""https://panoptes-uploads.zooniverse.org/subject_location/8ee0cab0-3d59-409d-9ddc-9e194932b7c0.png""}",2,,,2023-07-25 00:03:05 UTC,2023-07-25 00:03:05 UTC
90990161,19171,22318,114777,"{""images"":""Deci44100_CCES_010_452.png"",""sounds"":""Deci44100_CCES_010_452.mp3"",""subject_id"":""Deci44100_CCES_010_452"",""#training_subject"":""0""}","{""0"":""https://panoptes-uploads.zooniverse.org/subject_location/9ad74422-6c01-489c-a009-6628cbafe0df.mpga"",""1"":""https://panoptes-uploads.zooniverse.org/subject_location/8f2e0804-5845-4096-a97b-74e7b6046383.png""}",6,,,2023-07-25 00:03:07 UTC,2023-07-25 00:03:07 UTC
90990162,19171,22318,114777,"{""images"":""Deci44100_CCES_010_456.png"",""sounds"":""Deci44100_CCES_010_456.mp3"",""subject_id"":""Deci44100_CCES_010_456"",""#training_subject"":""0""}","{""0"":""https://panoptes-uploads.zooniverse.org/subject_location/fa652a50-08a1-49eb-b5f4-a2ca6b4919ad.mpga"",""1"":""https://panoptes-uploads.zooniverse.org/subject_location/b27e1982-b289-4ddd-8119-05d7704cd074.png""}",5,,,2023-07-25 00:03:08 UTC,2023-07-25 00:03:08 UTC
90990163,19171,22318,114777,"{""images"":""Deci44100_CCES_010_458.png"",""sounds"":""Deci44100_CCES_010_458.mp3"",""subject_id"":""Deci44100_CCES_010_458"",""#training_subject"":""0""}","{""0"":""https://panoptes-uploads.zooniverse.org/subject_location/999cb779-9be9-4d25-88e9-e711bf0d33b4.mpga"",""1"":""https://panoptes-uploads.zooniverse.org/subject_location/64893132-8617-45eb-bca3-56f01fb977bc.png""}",1,,,2023-07-25 00:03:10 UTC,2023-07-25 00:03:10 UTC
90990164,19171,22318,114777,"{""images"":""Deci44100_CCES_010_467.png"",""sounds"":""Deci44100_CCES_010_467.mp3"",""subject_id"":""Deci44100_CCES_010_467"",""#training_subject"":""0""}","{""0"":""https://panoptes-uploads.zooniverse.org/subject_location/1e28224e-da3a-4674-8ae3-7e7905c5a68d.mpga"",""1"":""https://panoptes-uploads.zooniverse.org/subject_location/818a416f-b1be-4a77-a75e-63280051d3b1.png""}",2,,,2023-07-25 00:03:11 UTC,2023-07-25 00:03:11 UTC
90990165,19171,22318,114777,"{""images"":""Deci44100_CCES_010_470.png"",""sounds"":""Deci44100_CCES_010_470.mp3"",""subject_id"":""Deci44100_CCES_010_470"",""#training_subject"":""0""}","{""0"":""https://panoptes-uploads.zooniverse.org/subject_location/4277b6d8-b9aa-40df-8f8a-c0bd99556bca.mpga"",""1"":""https://panoptes-uploads.zooniverse.org/subject_location/b116d506-f12d-418b-b6df-3348dbe60524.png""}",3,,,2023-07-25 00:03:12 UTC,2023-07-25 00:03:12 UTC
90990166,19171,22318,114777,"{""images"":""Deci44100_CCES_010_475.png"",""sounds"":""Deci44100_CCES_010_475.mp3"",""subject_id"":""Deci44100_CCES_010_475"",""#training_subject"":""0""}","{""0"":""https://panoptes-uploads.zooniverse.org/subject_location/133e4f7a-38d2-4dd2-a0c6-49ffe6625f3b.mpga"",""1"":""https://panoptes-uploads.zooniverse.org/subject_location/4be821e3-a836-455d-99c6-33f0eb6ccdd8.png""}",3,,,2023-07-25 00:03:13 UTC,2023-07-25 00:03:13 UTC
90990167,19171,22318,114777,"{""images"":""Deci44100_CCES_010_476.png"",""sounds"":""Deci44100_CCES_010_476.mp3"",""subject_id"":""Deci44100_CCES_010_476"",""#training_subject"":""0""}","{""0"":""https://panoptes-uploads.zooniverse.org/subject_location/d113b626-733c-4202-a363-44c9ebe6d731.mpga"",""1"":""https://panoptes-uploads.zooniverse.org/subject_location/51a19b2f-6759-44c4-9239-387c8ff5d30c.png""}",1,,,2023-07-25 00:03:15 UTC,2023-07-25 00:03:15 UTC
90990168,19171,22318,114777,"{""images"":""Deci44100_CCES_010_484.png"",""sounds"":""Deci44100_CCES_010_484.mp3"",""subject_id"":""Deci44100_CCES_010_484"",""#training_subject"":""0""}","{""0"":""https://panoptes-uploads.zooniverse.org/subject_location/533ba573-fb6c-4c30-872c-b3d5cd0cefd5.mpga"",""1"":""https://panoptes-uploads.zooniverse.org/subject_location/470518d2-d5fb-4a6d-9f1e-81c17d28901c.png""}",3,,,2023-07-25 00:03:16 UTC,2023-07-25 00:03:16 UTC
90990169,19171,22318,114777,"{""images"":""Deci44100_CCES_010_49.png"",""sounds"":""Deci44100_CCES_010_49.mp3"",""subject_id"":""Deci44100_CCES_010_49"",""#training_subject"":""0""}","{""0"":""https://panoptes-uploads.zooniverse.org/subject_location/a1597260-6436-4203-9d16-ad2de2a89736.mpga"",""1"":""https://panoptes-uploads.zooniverse.org/subject_location/67fb4fec-ff8a-466f-b424-9ed319f39319.png""}",5,,,2023-07-25 00:03:17 UTC,2023-07-25 00:03:17 UTC
90990170,19171,22318,114777,"{""images"":""Deci44100_CCES_010_499.png"",""sounds"":""Deci44100_CCES_010_499.mp3"",""subject_id"":""Deci44100_CCES_010_499"",""#training_subject"":""0""}","{""0"":""https://panoptes-uploads.zooniverse.org/subject_location/19caccb5-c1d7-4e56-8ca1-6161e4807dc0.mpga"",""1"":""https://panoptes-uploads.zooniverse.org/subject_location/f02d0bee-679e-4293-a05f-534a9256219d.png""}",0,,,2023-07-25 00:03:18 UTC,2023-07-25 00:03:18 UTC
90990171,19171,22318,114777,"{""images"":""Deci44100_CCES_010_501.png"",""sounds"":""Deci44100_CCES_010_501.mp3"",""subject_id"":""Deci44100_CCES_010_501"",""#training_subject"":""0""}","{""0"":""https://panoptes-uploads.zooniverse.org/subject_location/f1c69a09-86da-4f4d-8fef-dac39237b4fd.mpga"",""1"":""https://panoptes-uploads.zooniverse.org/subject_location/33b7e738-5365-4761-9caa-5e8f8c048385.png""}",2,,,2023-07-25 00:03:19 UTC,2023-07-25 00:03:19 UTC
90990172,19171,22318,114777,"{""images"":""Deci44100_CCES_010_509.png"",""sounds"":""Deci44100_CCES_010_509.mp3"",""subject_id"":""Deci44100_CCES_010_509"",""#training_subject"":""0""}","{""0"":""https://panoptes-uploads.zooniverse.org/subject_location/938614ce-d415-40e0-a345-14e317e52702.mpga"",""1"":""https://panoptes-uploads.zooniverse.org/subject_location/a0979ec4-9f79-4635-9178-a9b4e8e514b5.png""}",5,,,2023-07-25 00:03:21 UTC,2023-07-25 00:03:21 UTC
90990173,19171,22318,114777,"{""images"":""Deci44100_CCES_010_510.png"",""sounds"":""Deci44100_CCES_010_510.mp3"",""subject_id"":""Deci44100_CCES_010_510"",""#training_subject"":""0""}","{""0"":""https://panoptes-uploads.zooniverse.org/subject_location/3ac08367-252e-42fc-86c2-49df72059d37.mpga"",""1"":""https://panoptes-uploads.zooniverse.org/subject_location/f027fd2b-5812-4eaa-9985-5ddc87daa940.png""}",3,,,2023-07-25 00:03:22 UTC,2023-07-25 00:03:22 UTC
90990174,19171,22318,114777,"{""images"":""Deci44100_CCES_010_52.png"",""sounds"":""Deci44100_CCES_010_52.mp3"",""subject_id"":""Deci44100_CCES_010_52"",""#training_subject"":""0""}","{""0"":""https://panoptes-uploads.zooniverse.org/subject_location/7b5d0694-f023-4fe8-9c1a-a107a7ad2746.mpga"",""1"":""https://panoptes-uploads.zooniverse.org/subject_location/3fe6761d-eb32-4787-96cd-06651c0cdf54.png""}",2,,,2023-07-25 00:03:23 UTC,2023-07-25 00:03:23 UTC
90990175,19171,22318,114777,"{""images"":""Deci44100_CCES_010_520.png"",""sounds"":""Deci44100_CCES_010_520.mp3"",""subject_id"":""Deci44100_CCES_010_520"",""#training_subject"":""0""}","{""0"":""https://panoptes-uploads.zooniverse.org/subject_location/68e8c28d-03e5-47fa-ab28-7fd9640e5b8b.mpga"",""1"":""https://panoptes-uploads.zooniverse.org/subject_location/d99dce93-dc90-4d10-b6b2-f4936d52910f.png""}",4,,,2023-07-25 00:03:24 UTC,2023-07-25 00:03:24 UTC
90990176,19171,22318,114777,"{""images"":""Deci44100_CCES_010_528.png"",""sounds"":""Deci44100_CCES_010_528.mp3"",""subject_id"":""Deci44100_CCES_010_528"",""#training_subject"":""0""}","{""0"":""https://panoptes-uploads.zooniverse.org/subject_location/d722dc57-3911-4323-bf03-ce743e33aabf.mpga"",""1"":""https://panoptes-uploads.zooniverse.org/subject_location/b48a287c-91ba-4fe1-a42a-2ab5f05f345a.png""}",4,,,2023-07-25 00:03:25 UTC,2023-07-25 00:03:25 UTC
90990177,19171,22318,114777,"{""images"":""Deci44100_CCES_010_534.png"",""sounds"":""Deci44100_CCES_010_534.mp3"",""subject_id"":""Deci44100_CCES_010_534"",""#training_subject"":""0""}","{""0"":""https://panoptes-uploads.zooniverse.org/subject_location/a8fb5e1a-e1f2-4cf9-b42f-0b03c67530ba.mpga"",""1"":""https://panoptes-uploads.zooniverse.org/subject_location/d3750f1f-21b3-4d2f-b148-b2a80f70802f.png""}",1,,,2023-07-25 00:03:26 UTC,2023-07-25 00:03:26 UTC
90990178,19171,22318,114777,"{""images"":""Deci44100_CCES_010_536.png"",""sounds"":""Deci44100_CCES_010_536.mp3"",""subject_id"":""Deci44100_CCES_010_536"",""#training_subject"":""0""}","{""0"":""https://panoptes-uploads.zooniverse.org/subject_location/8a9fa74f-1b24-402d-977f-b962b2f858c8.mpga"",""1"":""https://panoptes-uploads.zooniverse.org/subject_location/cae8d886-fd18-48be-a5c0-665938795ce7.png""}",5,,,2023-07-25 00:03:28 UTC,2023-07-25 00:03:28 UTC
90990179,19171,22318,114777,"{""images"":""Deci44100_CCES_010_538.png"",""sounds"":""Deci44100_CCES_010_538.mp3"",""subject_id"":""Deci44100_CCES_010_538"",""#training_subject"":""0""}","{""0"":""https://panoptes-uploads.zooniverse.org/subject_location/3f7af99a-283e-41ce-9cc9-2b398608a4f4.mpga"",""1"":""https://panoptes-uploads.zooniverse.org/subject_location/0f789718-1923-4221-b7af-41145fe028a0.png""}",2,,,2023-07-25 00:03:29 UTC,2023-07-25 00:03:29 UTC
90990180,19171,22318,114777,"{""images"":""Deci44100_CCES_010_540.png"",""sounds"":""Deci44100_CCES_010_540.mp3"",""subject_id"":""Deci44100_CCES_010_540"",""#training_subject"":""0""}","{""0"":""https://panoptes-uploads.zooniverse.org/subject_location/ab7bbe4e-8235-4845-b0f2-b86ed840ac29.mpga"",""1"":""https://panoptes-uploads.zooniverse.org/subject_location/902cbb2d-4c78-4162-b515-7e534c2cf39a.png""}",2,,,2023-07-25 00:03:30 UTC,2023-07-25 00:03:30 UTC
90990181,19171,22318,114777,"{""images"":""Deci44100_CCES_010_548.png"",""sounds"":""Deci44100_CCES_010_548.mp3"",""subject_id"":""Deci44100_CCES_010_548"",""#training_subject"":""0""}","{""0"":""https://panoptes-uploads.zooniverse.org/subject_location/a0d46af4-1e77-4bd8-94de-70cf6d6f26a7.mpga"",""1"":""https://panoptes-uploads.zooniverse.org/subject_location/69f62290-503f-48fb-ae35-8fd2c629a7c0.png""}",5,,,2023-07-25 00:03:31 UTC,2023-07-25 00:03:31 UTC
90990182,19171,22318,114777,"{""images"":""Deci44100_CCES_010_55.png"",""sounds"":""Deci44100_CCES_010_55.mp3"",""subject_id"":""Deci44100_CCES_010_55"",""#training_subject"":""0""}","{""0"":""https://panoptes-uploads.zooniverse.org/subject_location/96721339-5c60-42d5-bb21-f30fa5763aae.mpga"",""1"":""https://panoptes-uploads.zooniverse.org/subject_location/04913684-7974-4398-be81-fe0769ff9fc8.png""}",3,,,2023-07-25 00:03:33 UTC,2023-07-25 00:03:33 UTC
90990183,19171,22318,114777,"{""images"":""Deci44100_CCES_010_554.png"",""sounds"":""Deci44100_CCES_010_554.mp3"",""subject_id"":""Deci44100_CCES_010_554"",""#training_subject"":""0""}","{""0"":""https://panoptes-uploads.zooniverse.org/subject_location/84aee206-2163-4c8c-99b3-67a2bafe046f.mpga"",""1"":""https://panoptes-uploads.zooniverse.org/subject_location/08671c28-9a7e-48e6-ac21-0a72d1a91ac7.png""}",3,,,2023-07-25 00:03:33 UTC,2023-07-25 00:03:33 UTC
90990184,19171,22318,114777,"{""images"":""Deci44100_CCES_010_555.png"",""sounds"":""Deci44100_CCES_010_555.mp3"",""subject_id"":""Deci44100_CCES_010_555"",""#training_subject"":""0""}","{""0"":""https://panoptes-uploads.zooniverse.org/subject_location/1bae0fa7-cdd7-4cc5-806e-93bb12d5ab7a.mpga"",""1"":""https://panoptes-uploads.zooniverse.org/subject_location/d2da57d5-6919-432c-8e47-bb5d75ee9a0e.png""}",1,,,2023-07-25 00:03:35 UTC,2023-07-25 00:03:35 UTC
90990185,19171,22318,114777,"{""images"":""Deci44100_CCES_010_570.png"",""sounds"":""Deci44100_CCES_010_570.mp3"",""subject_id"":""Deci44100_CCES_010_570"",""#training_subject"":""0""}","{""0"":""https://panoptes-uploads.zooniverse.org/subject_location/2bd1c694-4423-4694-b847-82b5a8b1430c.mpga"",""1"":""https://panoptes-uploads.zooniverse.org/subject_location/30d16664-2106-451e-85cf-cd189000faa2.png""}",3,,,2023-07-25 00:03:36 UTC,2023-07-25 00:03:36 UTC
90990186,19171,22318,114777,"{""images"":""Deci44100_CCES_010_571.png"",""sounds"":""Deci44100_CCES_010_571.mp3"",""subject_id"":""Deci44100_CCES_010_571"",""#training_subject"":""0""}","{""0"":""https://panoptes-uploads.zooniverse.org/subject_location/f1c55069-dd7f-4da2-8c5e-446e11b5039c.mpga"",""1"":""https://panoptes-uploads.zooniverse.org/subject_location/67815715-a8e5-4b52-8960-877cce946094.png""}",4,,,2023-07-25 00:03:37 UTC,2023-07-25 00:03:37 UTC
90990187,19171,22318,114777,"{""images"":""Deci44100_CCES_010_572.png"",""sounds"":""Deci44100_CCES_010_572.mp3"",""subject_id"":""Deci44100_CCES_010_572"",""#training_subject"":""0""}","{""0"":""https://panoptes-uploads.zooniverse.org/subject_location/95738143-6047-40fa-826c-b1cc3f7235c6.mpga"",""1"":""https://panoptes-uploads.zooniverse.org/subject_location/d3984588-dfee-4b54-ba94-62147c8be501.png""}",3,,,2023-07-25 00:03:38 UTC,2023-07-25 00:03:38 UTC
90990188,19171,22318,114777,"{""images"":""Deci44100_CCES_010_574.png"",""sounds"":""Deci44100_CCES_010_574.mp3"",""subject_id"":""Deci44100_CCES_010_574"",""#training_subject"":""0""}","{""0"":""https://panoptes-uploads.zooniverse.org/subject_location/5477bb0d-5bba-4665-be21-ef28fcc49a67.mpga"",""1"":""https://panoptes-uploads.zooniverse.org/subject_location/f50a45ea-63dc-41c4-b22d-e537150e162b.png""}",4,,,2023-07-25 00:03:40 UTC,2023-07-25 00:03:40 UTC
90990189,19171,22318,114777,"{""images"":""Deci44100_CCES_010_575.png"",""sounds"":""Deci44100_CCES_010_575.mp3"",""subject_id"":""Deci44100_CCES_010_575"",""#training_subject"":""0""}","{""0"":""https://panoptes-uploads.zooniverse.org/subject_location/d40e7fa4-1170-463a-a496-8976c4c7047a.mpga"",""1"":""https://panoptes-uploads.zooniverse.org/subject_location/882418c3-376a-4b74-9674-334e886206a5.png""}",5,,,2023-07-25 00:03:41 UTC,2023-07-25 00:03:41 UTC
90990190,19171,22318,114777,"{""images"":""Deci44100_CCES_010_579.png"",""sounds"":""Deci44100_CCES_010_579.mp3"",""subject_id"":""Deci44100_CCES_010_579"",""#training_subject"":""0""}","{""0"":""https://panoptes-uploads.zooniverse.org/subject_location/7cf6339c-3a0a-4f4c-8120-c724a38ff937.mpga"",""1"":""https://panoptes-uploads.zooniverse.org/subject_location/5288d476-0874-48b4-8051-3ccaccaba97c.png""}",3,,,2023-07-25 00:03:42 UTC,2023-07-25 00:03:42 UTC
90990191,19171,22318,114777,"{""images"":""Deci44100_CCES_010_584.png"",""sounds"":""Deci44100_CCES_010_584.mp3"",""subject_id"":""Deci44100_CCES_010_584"",""#training_subject"":""0""}","{""0"":""https://panoptes-uploads.zooniverse.org/subject_location/99ba46dd-0788-4f8e-8b27-eb071cad50bd.mpga"",""1"":""https://panoptes-uploads.zooniverse.org/subject_location/f789f1f4-1168-4a60-a06e-b948c706e323.png""}",2,,,2023-07-25 00:03:43 UTC,2023-07-25 00:03:43 UTC
90990192,19171,22318,114777,"{""images"":""Deci44100_CCES_010_585.png"",""sounds"":""Deci44100_CCES_010_585.mp3"",""subject_id"":""Deci44100_CCES_010_585"",""#training_subject"":""0""}","{""0"":""https://panoptes-uploads.zooniverse.org/subject_location/f12487ec-5838-4461-bb3d-a31e2c48f071.mpga"",""1"":""https://panoptes-uploads.zooniverse.org/subject_location/72c1b3de-2529-4f08-a0bb-acce792d1e9c.png""}",2,,,2023-07-25 00:03:44 UTC,2023-07-25 00:03:44 UTC
90990193,19171,22318,114777,"{""images"":""Deci44100_CCES_010_587.png"",""sounds"":""Deci44100_CCES_010_587.mp3"",""subject_id"":""Deci44100_CCES_010_587"",""#training_subject"":""0""}","{""0"":""https://panoptes-uploads.zooniverse.org/subject_location/c64cae0b-9629-4775-bdee-3176e4103d3d.mpga"",""1"":""https://panoptes-uploads.zooniverse.org/subject_location/b9f724e3-8137-46c9-9e8e-4e74549858fc.png""}",2,,,2023-07-25 00:03:45 UTC,2023-07-25 00:03:45 UTC
90990194,19171,22318,114777,"{""images"":""Deci44100_CCES_010_590.png"",""sounds"":""Deci44100_CCES_010_590.mp3"",""subject_id"":""Deci44100_CCES_010_590"",""#training_subject"":""0""}","{""0"":""https://panoptes-uploads.zooniverse.org/subject_location/11afe83d-e0f8-462d-b75b-ff09110092b8.mpga"",""1"":""https://panoptes-uploads.zooniverse.org/subject_location/ec0605b4-4e59-441d-b7f7-24f4f0f0beff.png""}",3,,,2023-07-25 00:03:47 UTC,2023-07-25 00:03:47 UTC
90990195,19171,22318,114777,"{""images"":""Deci44100_CCES_010_595.png"",""sounds"":""Deci44100_CCES_010_595.mp3"",""subject_id"":""Deci44100_CCES_010_595"",""#training_subject"":""0""}","{""0"":""https://panoptes-uploads.zooniverse.org/subject_location/44191afa-edae-4107-bcb6-b814b2427d4d.mpga"",""1"":""https://panoptes-uploads.zooniverse.org/subject_location/86083652-757e-491b-95fd-4e01ac055c9c.png""}",1,,,2023-07-25 00:03:47 UTC,2023-07-25 00:03:47 UTC
90990196,19171,22318,114777,"{""images"":""Deci44100_CCES_010_600.png"",""sounds"":""Deci44100_CCES_010_600.mp3"",""subject_id"":""Deci44100_CCES_010_600"",""#training_subject"":""0""}","{""0"":""https://panoptes-uploads.zooniverse.org/subject_location/7f5f0579-6585-4cc5-b86b-86e036944da4.mpga"",""1"":""https://panoptes-uploads.zooniverse.org/subject_location/9332f116-1622-45ab-bd98-d86eeea20e52.png""}",4,,,2023-07-25 00:03:49 UTC,2023-07-25 00:03:49 UTC
90990197,19171,22318,114777,"{""images"":""Deci44100_CCES_010_609.png"",""sounds"":""Deci44100_CCES_010_609.mp3"",""subject_id"":""Deci44100_CCES_010_609"",""#training_subject"":""0""}","{""0"":""https://panoptes-uploads.zooniverse.org/subject_location/86627426-5931-4916-8966-fc44a1994a0b.mpga"",""1"":""https://panoptes-uploads.zooniverse.org/subject_location/424f689a-5b08-4fad-8f6b-51a7e9887aac.png""}",2,,,2023-07-25 00:03:50 UTC,2023-07-25 00:03:50 UTC
90990198,19171,22318,114777,"{""images"":""Deci44100_CCES_010_611.png"",""sounds"":""Deci44100_CCES_010_611.mp3"",""subject_id"":""Deci44100_CCES_010_611"",""#training_subject"":""0""}","{""0"":""https://panoptes-uploads.zooniverse.org/subject_location/574aa629-6059-4b9a-8761-051a06a25f1f.mpga"",""1"":""https://panoptes-uploads.zooniverse.org/subject_location/1e71f3e2-b6a2-41c4-9d98-4bf3c5f107c2.png""}",6,,,2023-07-25 00:03:51 UTC,2023-07-25 00:03:51 UTC
90990199,19171,22318,114777,"{""images"":""Deci44100_CCES_010_613.png"",""sounds"":""Deci44100_CCES_010_613.mp3"",""subject_id"":""Deci44100_CCES_010_613"",""#training_subject"":""0""}","{""0"":""https://panoptes-uploads.zooniverse.org/subject_location/740a6588-b026-4820-ac25-8f90f1b8f5d1.mpga"",""1"":""https://panoptes-uploads.zooniverse.org/subject_location/0c07c672-d138-407d-953c-7c9433ac9750.png""}",2,,,2023-07-25 00:03:52 UTC,2023-07-25 00:03:52 UTC
90990200,19171,22318,114777,"{""images"":""Deci44100_CCES_010_620.png"",""sounds"":""Deci44100_CCES_010_620.mp3"",""subject_id"":""Deci44100_CCES_010_620"",""#training_subject"":""0""}","{""0"":""https://panoptes-uploads.zooniverse.org/subject_location/b5f1e105-7ebb-44a2-ad6c-4be1a35a0822.mpga"",""1"":""https://panoptes-uploads.zooniverse.org/subject_location/2c1ed46b-1126-4e01-b7bb-68d15eb2e892.png""}",3,,,2023-07-25 00:03:54 UTC,2023-07-25 00:03:54 UTC
90990201,19171,22318,114777,"{""images"":""Deci44100_CCES_010_622.png"",""sounds"":""Deci44100_CCES_010_622.mp3"",""subject_id"":""Deci44100_CCES_010_622"",""#training_subject"":""0""}","{""0"":""https://panoptes-uploads.zooniverse.org/subject_location/89f34d30-e3ea-48e3-b90b-d7ae1bd30006.mpga"",""1"":""https://panoptes-uploads.zooniverse.org/subject_location/d71e3e4e-eac7-4cbf-9ccd-e9387c53f106.png""}",2,,,2023-07-25 00:03:55 UTC,2023-07-25 00:03:55 UTC
90990202,19171,22318,114777,"{""images"":""Deci44100_CCES_010_628.png"",""sounds"":""Deci44100_CCES_010_628.mp3"",""subject_id"":""Deci44100_CCES_010_628"",""#training_subject"":""0""}","{""0"":""https://panoptes-uploads.zooniverse.org/subject_location/698deb3f-e917-485f-87f4-f33d5e1368f6.mpga"",""1"":""https://panoptes-uploads.zooniverse.org/subject_location/56f4c5d8-fad3-4acc-b9c6-40c1a99b7ab8.png""}",2,,,2023-07-25 00:03:56 UTC,2023-07-25 00:03:56 UTC
90990203,19171,22318,114777,"{""images"":""Deci44100_CCES_010_630.png"",""sounds"":""Deci44100_CCES_010_630.mp3"",""subject_id"":""Deci44100_CCES_010_630"",""#training_subject"":""0""}","{""0"":""https://panoptes-uploads.zooniverse.org/subject_location/b3f3c5ce-09a2-461a-b7d9-c47017b66bb3.mpga"",""1"":""https://panoptes-uploads.zooniverse.org/subject_location/b573f473-4106-461c-8420-4059c11d0f1a.png""}",3,,,2023-07-25 00:03:57 UTC,2023-07-25 00:03:57 UTC
90990204,19171,22318,114777,"{""images"":""Deci44100_CCES_010_633.png"",""sounds"":""Deci44100_CCES_010_633.mp3"",""subject_id"":""Deci44100_CCES_010_633"",""#training_subject"":""0""}","{""0"":""https://panoptes-uploads.zooniverse.org/subject_location/c593f9c3-87ed-4804-80d0-5e0cdf95eb22.mpga"",""1"":""https://panoptes-uploads.zooniverse.org/subject_location/9d81ac63-8d93-481b-acb6-801c3817af60.png""}",3,,,2023-07-25 00:03:58 UTC,2023-07-25 00:03:58 UTC
90990205,19171,22318,114777,"{""images"":""Deci44100_CCES_010_636.png"",""sounds"":""Deci44100_CCES_010_636.mp3"",""subject_id"":""Deci44100_CCES_010_636"",""#training_subject"":""0""}","{""0"":""https://panoptes-uploads.zooniverse.org/subject_location/510f307d-0193-480d-8a20-4ad225a41b4a.mpga"",""1"":""https://panoptes-uploads.zooniverse.org/subject_location/a808f9ec-5b66-40de-a647-a7c0e1c42fd7.png""}",4,,,2023-07-25 00:04:00 UTC,2023-07-25 00:04:00 UTC
90990206,19171,22318,114777,"{""images"":""Deci44100_CCES_010_638.png"",""sounds"":""Deci44100_CCES_010_638.mp3"",""subject_id"":""Deci44100_CCES_010_638"",""#training_subject"":""0""}","{""0"":""https://panoptes-uploads.zooniverse.org/subject_location/5fd03aab-f74f-43cc-874a-2cf734ac43fd.mpga"",""1"":""https://panoptes-uploads.zooniverse.org/subject_location/4c0f7e6e-d74c-41fc-a8a7-3340f3895a44.png""}",5,,,2023-07-25 00:04:01 UTC,2023-07-25 00:04:01 UTC
90990207,19171,22318,114777,"{""images"":""Deci44100_CCES_010_640.png"",""sounds"":""Deci44100_CCES_010_640.mp3"",""subject_id"":""Deci44100_CCES_010_640"",""#training_subject"":""0""}","{""0"":""https://panoptes-uploads.zooniverse.org/subject_location/789de00c-ae8d-4a34-b564-101e23ecdf77.mpga"",""1"":""https://panoptes-uploads.zooniverse.org/subject_location/7efca7e5-2770-471a-8759-10df202a8b93.png""}",3,,,2023-07-25 00:04:02 UTC,2023-07-25 00:04:02 UTC
90990208,19171,22318,114777,"{""images"":""Deci44100_CCES_010_642.png"",""sounds"":""Deci44100_CCES_010_642.mp3"",""subject_id"":""Deci44100_CCES_010_642"",""#training_subject"":""0""}","{""0"":""https://panoptes-uploads.zooniverse.org/subject_location/b282fd42-e78f-4b5c-8aab-a5d2f305fa55.mpga"",""1"":""https://panoptes-uploads.zooniverse.org/subject_location/169a32dc-9122-4530-b95e-a9a1b5e309e2.png""}",2,,,2023-07-25 00:04:03 UTC,2023-07-25 00:04:03 UTC
90990209,19171,22318,114777,"{""images"":""Deci44100_CCES_010_645.png"",""sounds"":""Deci44100_CCES_010_645.mp3"",""subject_id"":""Deci44100_CCES_010_645"",""#training_subject"":""0""}","{""0"":""https://panoptes-uploads.zooniverse.org/subject_location/2e31e584-9514-4ecc-ba47-15930070fde5.mpga"",""1"":""https://panoptes-uploads.zooniverse.org/subject_location/5d31c59b-8129-41fa-909c-ebcc1e2d975b.png""}",4,,,2023-07-25 00:04:05 UTC,2023-07-25 00:04:05 UTC
90990210,19171,22318,114777,"{""images"":""Deci44100_CCES_010_648.png"",""sounds"":""Deci44100_CCES_010_648.mp3"",""subject_id"":""Deci44100_CCES_010_648"",""#training_subject"":""0""}","{""0"":""https://panoptes-uploads.zooniverse.org/subject_location/669f92b3-dddc-47c5-bf6b-2b45495b56b0.mpga"",""1"":""https://panoptes-uploads.zooniverse.org/subject_location/95df7a4b-4f76-41f9-b169-db90383f912d.png""}",4,,,2023-07-25 00:04:06 UTC,2023-07-25 00:04:06 UTC
90990211,19171,22318,114777,"{""images"":""Deci44100_CCES_010_653.png"",""sounds"":""Deci44100_CCES_010_653.mp3"",""subject_id"":""Deci44100_CCES_010_653"",""#training_subject"":""0""}","{""0"":""https://panoptes-uploads.zooniverse.org/subject_location/be9e63a2-e58c-4316-a7e0-da067d6d4c00.mpga"",""1"":""https://panoptes-uploads.zooniverse.org/subject_location/a6bc27c2-2dd5-4673-a730-e854a17b6b9a.png""}",3,,,2023-07-25 00:04:07 UTC,2023-07-25 00:04:07 UTC
90990212,19171,22318,114777,"{""images"":""Deci44100_CCES_010_656.png"",""sounds"":""Deci44100_CCES_010_656.mp3"",""subject_id"":""Deci44100_CCES_010_656"",""#training_subject"":""0""}","{""0"":""https://panoptes-uploads.zooniverse.org/subject_location/ae01e2fa-7c62-4146-8c14-25b59ea0af43.mpga"",""1"":""https://panoptes-uploads.zooniverse.org/subject_location/87f01ecd-043e-4cfc-a53a-ef1df5a5fbc9.png""}",5,,,2023-07-25 00:04:09 UTC,2023-07-25 00:04:09 UTC
90990213,19171,22318,114777,"{""images"":""Deci44100_CCES_010_663.png"",""sounds"":""Deci44100_CCES_010_663.mp3"",""subject_id"":""Deci44100_CCES_010_663"",""#training_subject"":""0""}","{""0"":""https://panoptes-uploads.zooniverse.org/subject_location/e569616b-378d-415f-aced-2e296df5a0f8.mpga"",""1"":""https://panoptes-uploads.zooniverse.org/subject_location/98f758e1-9465-479f-b6d6-56e2992c8c3a.png""}",5,,,2023-07-25 00:04:10 UTC,2023-07-25 00:04:10 UTC
90990214,19171,22318,114777,"{""images"":""Deci44100_CCES_010_664.png"",""sounds"":""Deci44100_CCES_010_664.mp3"",""subject_id"":""Deci44100_CCES_010_664"",""#training_subject"":""0""}","{""0"":""https://panoptes-uploads.zooniverse.org/subject_location/770b0c65-c25c-42a7-bbdd-9d59dbe93b7f.mpga"",""1"":""https://panoptes-uploads.zooniverse.org/subject_location/7a2449f7-b989-4eb4-8f89-fb1af988cdb5.png""}",4,,,2023-07-25 00:04:11 UTC,2023-07-25 00:04:11 UTC
90990215,19171,22318,114777,"{""images"":""Deci44100_CCES_010_667.png"",""sounds"":""Deci44100_CCES_010_667.mp3"",""subject_id"":""Deci44100_CCES_010_667"",""#training_subject"":""0""}","{""0"":""https://panoptes-uploads.zooniverse.org/subject_location/bf684434-a9bf-4113-9a14-fb768b5492f0.mpga"",""1"":""https://panoptes-uploads.zooniverse.org/subject_location/3e392c66-c672-42ca-b653-42894cb621cd.png""}",4,,,2023-07-25 00:04:12 UTC,2023-07-25 00:04:12 UTC
90990216,19171,22318,114777,"{""images"":""Deci44100_CCES_010_669.png"",""sounds"":""Deci44100_CCES_010_669.mp3"",""subject_id"":""Deci44100_CCES_010_669"",""#training_subject"":""0""}","{""0"":""https://panoptes-uploads.zooniverse.org/subject_location/08fc51eb-f693-4f2d-a132-dc6769f9c039.mpga"",""1"":""https://panoptes-uploads.zooniverse.org/subject_location/5196f3ab-913c-4f70-b831-b59312163ca3.png""}",1,,,2023-07-25 00:04:14 UTC,2023-07-25 00:04:14 UTC
90990217,19171,22318,114777,"{""images"":""Deci44100_CCES_010_670.png"",""sounds"":""Deci44100_CCES_010_670.mp3"",""subject_id"":""Deci44100_CCES_010_670"",""#training_subject"":""0""}","{""0"":""https://panoptes-uploads.zooniverse.org/subject_location/bbe10615-8aaf-4e84-ba31-ef575ebb93f2.mpga"",""1"":""https://panoptes-uploads.zooniverse.org/subject_location/03869bb0-03d1-42ba-9b81-5d04b335ae7b.png""}",4,,,2023-07-25 00:04:15 UTC,2023-07-25 00:04:15 UTC
90990218,19171,22318,114777,"{""images"":""Deci44100_CCES_010_673.png"",""sounds"":""Deci44100_CCES_010_673.mp3"",""subject_id"":""Deci44100_CCES_010_673"",""#training_subject"":""0""}","{""0"":""https://panoptes-uploads.zooniverse.org/subject_location/38cd1886-516c-4f89-b433-9ccf603ef53c.mpga"",""1"":""https://panoptes-uploads.zooniverse.org/subject_location/38b0dfed-1a83-4de3-bd69-48694de288a8.png""}",2,,,2023-07-25 00:04:17 UTC,2023-07-25 00:04:17 UTC
90990219,19171,22318,114777,"{""images"":""Deci44100_CCES_010_679.png"",""sounds"":""Deci44100_CCES_010_679.mp3"",""subject_id"":""Deci44100_CCES_010_679"",""#training_subject"":""0""}","{""0"":""https://panoptes-uploads.zooniverse.org/subject_location/a9ece6ae-1215-4c9b-81c7-4bd0c31906b1.mpga"",""1"":""https://panoptes-uploads.zooniverse.org/subject_location/47220826-ea2a-4e13-8cd3-0b1953ac6c78.png""}",7,,,2023-07-25 00:04:18 UTC,2023-07-25 00:04:18 UTC
90990220,19171,22318,114777,"{""images"":""Deci44100_CCES_010_681.png"",""sounds"":""Deci44100_CCES_010_681.mp3"",""subject_id"":""Deci44100_CCES_010_681"",""#training_subject"":""0""}","{""0"":""https://panoptes-uploads.zooniverse.org/subject_location/638dbb2b-256c-43a7-b4db-2c1ea651d27b.mpga"",""1"":""https://panoptes-uploads.zooniverse.org/subject_location/751fbbe6-a97a-482d-b109-3b8955586c13.png""}",2,,,2023-07-25 00:04:19 UTC,2023-07-25 00:04:19 UTC
90990221,19171,22318,114777,"{""images"":""Deci44100_CCES_010_682.png"",""sounds"":""Deci44100_CCES_010_682.mp3"",""subject_id"":""Deci44100_CCES_010_682"",""#training_subject"":""0""}","{""0"":""https://panoptes-uploads.zooniverse.org/subject_location/ddf64c8a-a371-4a16-9345-147f4ea0009c.mpga"",""1"":""https://panoptes-uploads.zooniverse.org/subject_location/a9d3f9c6-8e58-4bc2-9c6f-6d973e8fc680.png""}",2,,,2023-07-25 00:04:20 UTC,2023-07-25 00:04:20 UTC
90990222,19171,22318,114777,"{""images"":""Deci44100_CCES_010_689.png"",""sounds"":""Deci44100_CCES_010_689.mp3"",""subject_id"":""Deci44100_CCES_010_689"",""#training_subject"":""0""}","{""0"":""https://panoptes-uploads.zooniverse.org/subject_location/a6f9f31d-a935-4e1b-b944-747f398f8dfa.mpga"",""1"":""https://panoptes-uploads.zooniverse.org/subject_location/a3227b86-8e0f-4027-9141-e5619bb5473f.png""}",1,,,2023-07-25 00:04:22 UTC,2023-07-25 00:04:22 UTC
90990223,19171,22318,114777,"{""images"":""Deci44100_CCES_010_69.png"",""sounds"":""Deci44100_CCES_010_69.mp3"",""subject_id"":""Deci44100_CCES_010_69"",""#training_subject"":""0""}","{""0"":""https://panoptes-uploads.zooniverse.org/subject_location/9ae7d8cc-8a9c-49b8-b9e1-64b8c6f89a4e.mpga"",""1"":""https://panoptes-uploads.zooniverse.org/subject_location/60815a12-d16c-4638-8308-b510a29e3eaa.png""}",3,,,2023-07-25 00:04:23 UTC,2023-07-25 00:04:23 UTC
90990224,19171,22318,114777,"{""images"":""Deci44100_CCES_010_698.png"",""sounds"":""Deci44100_CCES_010_698.mp3"",""subject_id"":""Deci44100_CCES_010_698"",""#training_subject"":""0""}","{""0"":""https://panoptes-uploads.zooniverse.org/subject_location/1041dab6-cf8f-4471-89f6-b4499bff99e5.mpga"",""1"":""https://panoptes-uploads.zooniverse.org/subject_location/e5e94d9a-259a-46ac-adc6-2d2db9e81dc3.png""}",3,,,2023-07-25 00:04:24 UTC,2023-07-25 00:04:24 UTC
90990225,19171,22318,114777,"{""images"":""Deci44100_CCES_010_7.png"",""sounds"":""Deci44100_CCES_010_7.mp3"",""subject_id"":""Deci44100_CCES_010_7"",""#training_subject"":""0""}","{""0"":""https://panoptes-uploads.zooniverse.org/subject_location/a13d90a7-6fdb-4bbc-ad24-460d5f20c104.mpga"",""1"":""https://panoptes-uploads.zooniverse.org/subject_location/a8f51989-4234-44dd-9d87-15e7d85fa3c1.png""}",4,,,2023-07-25 00:04:25 UTC,2023-07-25 00:04:25 UTC
90990226,19171,22318,114777,"{""images"":""Deci44100_CCES_010_70.png"",""sounds"":""Deci44100_CCES_010_70.mp3"",""subject_id"":""Deci44100_CCES_010_70"",""#training_subject"":""0""}","{""0"":""https://panoptes-uploads.zooniverse.org/subject_location/26491aac-74e5-4a0b-aa3e-d1f897afae55.mpga"",""1"":""https://panoptes-uploads.zooniverse.org/subject_location/cebad2c1-8a13-48c0-90e3-0ae2406a0463.png""}",4,,,2023-07-25 00:04:26 UTC,2023-07-25 00:04:26 UTC
90990227,19171,22318,114777,"{""images"":""Deci44100_CCES_010_700.png"",""sounds"":""Deci44100_CCES_010_700.mp3"",""subject_id"":""Deci44100_CCES_010_700"",""#training_subject"":""0""}","{""0"":""https://panoptes-uploads.zooniverse.org/subject_location/c788b0bf-3b7d-4fe5-b903-82ad4b63d31b.mpga"",""1"":""https://panoptes-uploads.zooniverse.org/subject_location/0823d1b2-a0b6-45ad-a136-4bf5ac849870.png""}",5,,,2023-07-25 00:04:27 UTC,2023-07-25 00:04:27 UTC
90990228,19171,22318,114777,"{""images"":""Deci44100_CCES_010_703.png"",""sounds"":""Deci44100_CCES_010_703.mp3"",""subject_id"":""Deci44100_CCES_010_703"",""#training_subject"":""0""}","{""0"":""https://panoptes-uploads.zooniverse.org/subject_location/51286eb4-9409-4981-930b-9af2a83cdb06.mpga"",""1"":""https://panoptes-uploads.zooniverse.org/subject_location/c29a886b-2650-48d5-b3df-f0c0ecc5eaf7.png""}",2,,,2023-07-25 00:04:29 UTC,2023-07-25 00:04:29 UTC
90990229,19171,22318,114777,"{""images"":""Deci44100_CCES_010_704.png"",""sounds"":""Deci44100_CCES_010_704.mp3"",""subject_id"":""Deci44100_CCES_010_704"",""#training_subject"":""0""}","{""0"":""https://panoptes-uploads.zooniverse.org/subject_location/eca4396e-422f-49a0-b03b-342fa19dd3e7.mpga"",""1"":""https://panoptes-uploads.zooniverse.org/subject_location/ca5874ed-9c5a-477c-9ed6-9196ab595e80.png""}",3,,,2023-07-25 00:04:30 UTC,2023-07-25 00:04:30 UTC
90990230,19171,22318,114777,"{""images"":""Deci44100_CCES_010_709.png"",""sounds"":""Deci44100_CCES_010_709.mp3"",""subject_id"":""Deci44100_CCES_010_709"",""#training_subject"":""0""}","{""0"":""https://panoptes-uploads.zooniverse.org/subject_location/a4299e06-9e9d-4269-b0e0-10e74e236f48.mpga"",""1"":""https://panoptes-uploads.zooniverse.org/subject_location/e75c147c-8df8-4d1c-9b2a-4e452d3292ca.png""}",6,,,2023-07-25 00:04:32 UTC,2023-07-25 00:04:32 UTC
90990231,19171,22318,114777,"{""images"":""Deci44100_CCES_010_723.png"",""sounds"":""Deci44100_CCES_010_723.mp3"",""subject_id"":""Deci44100_CCES_010_723"",""#training_subject"":""0""}","{""0"":""https://panoptes-uploads.zooniverse.org/subject_location/7f712be5-fe49-4d29-a90b-63fc34019d7f.mpga"",""1"":""https://panoptes-uploads.zooniverse.org/subject_location/7f36a214-7937-4cfd-8f68-1e4d3f27aa99.png""}",0,,,2023-07-25 00:04:33 UTC,2023-07-25 00:04:33 UTC
90990232,19171,22318,114777,"{""images"":""Deci44100_CCES_010_733.png"",""sounds"":""Deci44100_CCES_010_733.mp3"",""subject_id"":""Deci44100_CCES_010_733"",""#training_subject"":""0""}","{""0"":""https://panoptes-uploads.zooniverse.org/subject_location/b7564a72-bc18-440f-85b4-d964102c9cdc.mpga"",""1"":""https://panoptes-uploads.zooniverse.org/subject_location/32e410dc-ff8c-48f0-9a0c-cae7e3516e9c.png""}",3,,,2023-07-25 00:04:35 UTC,2023-07-25 00:04:35 UTC
90990233,19171,22318,114777,"{""images"":""Deci44100_CCES_010_736.png"",""sounds"":""Deci44100_CCES_010_736.mp3"",""subject_id"":""Deci44100_CCES_010_736"",""#training_subject"":""0""}","{""0"":""https://panoptes-uploads.zooniverse.org/subject_location/1b633e59-6db2-4aef-8ccc-523be868502f.mpga"",""1"":""https://panoptes-uploads.zooniverse.org/subject_location/6089b909-8395-415e-81a4-3d854ee75d9e.png""}",0,,,2023-07-25 00:04:36 UTC,2023-07-25 00:04:36 UTC
90990234,19171,22318,114777,"{""images"":""Deci44100_CCES_010_74.png"",""sounds"":""Deci44100_CCES_010_74.mp3"",""subject_id"":""Deci44100_CCES_010_74"",""#training_subject"":""0""}","{""0"":""https://panoptes-uploads.zooniverse.org/subject_location/07e484a1-4590-4388-abda-5fb7d75d8000.mpga"",""1"":""https://panoptes-uploads.zooniverse.org/subject_location/dcdfb122-7ef7-43bb-8132-49d3d1d285f8.png""}",4,,,2023-07-25 00:04:37 UTC,2023-07-25 00:04:37 UTC
90990235,19171,22318,114777,"{""images"":""Deci44100_CCES_010_743.png"",""sounds"":""Deci44100_CCES_010_743.mp3"",""subject_id"":""Deci44100_CCES_010_743"",""#training_subject"":""0""}","{""0"":""https://panoptes-uploads.zooniverse.org/subject_location/83be653f-4a10-4e9e-8f26-57e86e7d2067.mpga"",""1"":""https://panoptes-uploads.zooniverse.org/subject_location/e8f66c15-0a74-4ccb-9433-e63ca0fc04ff.png""}",2,,,2023-07-25 00:04:39 UTC,2023-07-25 00:04:39 UTC
90990236,19171,22318,114777,"{""images"":""Deci44100_CCES_010_744.png"",""sounds"":""Deci44100_CCES_010_744.mp3"",""subject_id"":""Deci44100_CCES_010_744"",""#training_subject"":""0""}","{""0"":""https://panoptes-uploads.zooniverse.org/subject_location/8262b764-3f0f-4076-bbd2-409a38b5580f.mpga"",""1"":""https://panoptes-uploads.zooniverse.org/subject_location/c22481f3-96ce-487b-9434-ae4928ff8545.png""}",3,,,2023-07-25 00:04:40 UTC,2023-07-25 00:04:40 UTC
90990237,19171,22318,114777,"{""images"":""Deci44100_CCES_010_745.png"",""sounds"":""Deci44100_CCES_010_745.mp3"",""subject_id"":""Deci44100_CCES_010_745"",""#training_subject"":""0""}","{""0"":""https://panoptes-uploads.zooniverse.org/subject_location/48e4098d-c99c-4419-9768-21a1efad772a.mpga"",""1"":""https://panoptes-uploads.zooniverse.org/subject_location/2e550624-7868-47d3-9666-b1767800c2f9.png""}",1,,,2023-07-25 00:04:41 UTC,2023-07-25 00:04:41 UTC
90990238,19171,22318,114777,"{""images"":""Deci44100_CCES_010_748.png"",""sounds"":""Deci44100_CCES_010_748.mp3"",""subject_id"":""Deci44100_CCES_010_748"",""#training_subject"":""0""}","{""0"":""https://panoptes-uploads.zooniverse.org/subject_location/ecd98bac-0b29-4766-a51c-d38b0d96a96f.mpga"",""1"":""https://panoptes-uploads.zooniverse.org/subject_location/ed6494e1-a754-45b1-97f7-93f34ed60a0d.png""}",3,,,2023-07-25 00:04:42 UTC,2023-07-25 00:04:42 UTC
90990239,19171,22318,114777,"{""images"":""Deci44100_CCES_010_749.png"",""sounds"":""Deci44100_CCES_010_749.mp3"",""subject_id"":""Deci44100_CCES_010_749"",""#training_subject"":""0""}","{""0"":""https://panoptes-uploads.zooniverse.org/subject_location/fab5bc58-f1f4-4583-a5ef-e06e9fa3a411.mpga"",""1"":""https://panoptes-uploads.zooniverse.org/subject_location/8a6ef9f9-1e5f-4728-95f0-7c48a6ed15de.png""}",5,,,2023-07-25 00:04:44 UTC,2023-07-25 00:04:44 UTC
90990240,19171,22318,114777,"{""images"":""Deci44100_CCES_010_750.png"",""sounds"":""Deci44100_CCES_010_750.mp3"",""subject_id"":""Deci44100_CCES_010_750"",""#training_subject"":""0""}","{""0"":""https://panoptes-uploads.zooniverse.org/subject_location/a284caaf-c7de-4693-a861-449716689f2c.mpga"",""1"":""https://panoptes-uploads.zooniverse.org/subject_location/2d3dfe64-0dff-4072-ac7d-aef5fbafe5bf.png""}",0,,,2023-07-25 00:04:45 UTC,2023-07-25 00:04:45 UTC
90990241,19171,22318,114777,"{""images"":""Deci44100_CCES_010_751.png"",""sounds"":""Deci44100_CCES_010_751.mp3"",""subject_id"":""Deci44100_CCES_010_751"",""#training_subject"":""0""}","{""0"":""https://panoptes-uploads.zooniverse.org/subject_location/bd9afd38-77c2-4800-ab08-a420df3e9964.mpga"",""1"":""https://panoptes-uploads.zooniverse.org/subject_location/8144fbca-8487-4740-9afb-23c11b4423f0.png""}",2,,,2023-07-25 00:04:46 UTC,2023-07-25 00:04:46 UTC
90990242,19171,22318,114777,"{""images"":""Deci44100_CCES_010_761.png"",""sounds"":""Deci44100_CCES_010_761.mp3"",""subject_id"":""Deci44100_CCES_010_761"",""#training_subject"":""0""}","{""0"":""https://panoptes-uploads.zooniverse.org/subject_location/f4997809-944c-48dd-a99e-25aae910207c.mpga"",""1"":""https://panoptes-uploads.zooniverse.org/subject_location/0b26f809-421e-4ea2-9c3e-5bbca7d90e02.png""}",2,,,2023-07-25 00:04:47 UTC,2023-07-25 00:04:47 UTC
90990243,19171,22318,114777,"{""images"":""Deci44100_CCES_010_762.png"",""sounds"":""Deci44100_CCES_010_762.mp3"",""subject_id"":""Deci44100_CCES_010_762"",""#training_subject"":""0""}","{""0"":""https://panoptes-uploads.zooniverse.org/subject_location/95821e4f-e631-4499-849c-8f2c903538d1.mpga"",""1"":""https://panoptes-uploads.zooniverse.org/subject_location/30efabd0-70c6-44b7-98f7-1ff0f0393988.png""}",2,,,2023-07-25 00:04:49 UTC,2023-07-25 00:04:49 UTC
90990244,19171,22318,114777,"{""images"":""Deci44100_CCES_010_768.png"",""sounds"":""Deci44100_CCES_010_768.mp3"",""subject_id"":""Deci44100_CCES_010_768"",""#training_subject"":""0""}","{""0"":""https://panoptes-uploads.zooniverse.org/subject_location/6557ce0d-ac93-47f8-b1d1-06d5d0ef9b2e.mpga"",""1"":""https://panoptes-uploads.zooniverse.org/subject_location/ed4993f6-d4f3-4bc2-8df4-5c718bd917d6.png""}",2,,,2023-07-25 00:04:50 UTC,2023-07-25 00:04:50 UTC
90990245,19171,22318,114777,"{""images"":""Deci44100_CCES_010_775.png"",""sounds"":""Deci44100_CCES_010_775.mp3"",""subject_id"":""Deci44100_CCES_010_775"",""#training_subject"":""0""}","{""0"":""https://panoptes-uploads.zooniverse.org/subject_location/8d879780-a13f-42a5-a8fb-11e8a416527a.mpga"",""1"":""https://panoptes-uploads.zooniverse.org/subject_location/4ac60323-7546-4faf-bfa3-46b024aed93e.png""}",1,,,2023-07-25 00:04:51 UTC,2023-07-25 00:04:51 UTC
90990246,19171,22318,114777,"{""images"":""Deci44100_CCES_010_781.png"",""sounds"":""Deci44100_CCES_010_781.mp3"",""subject_id"":""Deci44100_CCES_010_781"",""#training_subject"":""0""}","{""0"":""https://panoptes-uploads.zooniverse.org/subject_location/1de82127-96a6-4cdb-84da-1ac291e560e0.mpga"",""1"":""https://panoptes-uploads.zooniverse.org/subject_location/038063e5-7d97-4e5c-a383-1525663b0819.png""}",3,,,2023-07-25 00:04:52 UTC,2023-07-25 00:04:52 UTC
90990247,19171,22318,114777,"{""images"":""Deci44100_CCES_010_786.png"",""sounds"":""Deci44100_CCES_010_786.mp3"",""subject_id"":""Deci44100_CCES_010_786"",""#training_subject"":""0""}","{""0"":""https://panoptes-uploads.zooniverse.org/subject_location/04bdb2d3-e7c5-457f-8340-ab0c3f4a51e3.mpga"",""1"":""https://panoptes-uploads.zooniverse.org/subject_location/e7c63800-5d5a-4e00-b72f-c6ef26dec4ca.png""}",6,,,2023-07-25 00:04:54 UTC,2023-07-25 00:04:54 UTC
90990248,19171,22318,114777,"{""images"":""Deci44100_CCES_010_790.png"",""sounds"":""Deci44100_CCES_010_790.mp3"",""subject_id"":""Deci44100_CCES_010_790"",""#training_subject"":""0""}","{""0"":""https://panoptes-uploads.zooniverse.org/subject_location/719d1461-a8a9-48fd-b822-810adc87d992.mpga"",""1"":""https://panoptes-uploads.zooniverse.org/subject_location/6dc602c8-28f4-4729-9f20-b59650c6c333.png""}",2,,,2023-07-25 00:04:55 UTC,2023-07-25 00:04:55 UTC
90990249,19171,22318,114777,"{""images"":""Deci44100_CCES_010_796.png"",""sounds"":""Deci44100_CCES_010_796.mp3"",""subject_id"":""Deci44100_CCES_010_796"",""#training_subject"":""0""}","{""0"":""https://panoptes-uploads.zooniverse.org/subject_location/2e935d4a-8d40-42d7-b41b-fa09dd32986e.mpga"",""1"":""https://panoptes-uploads.zooniverse.org/subject_location/92439ec7-f8e7-4fa9-926c-c9786de88ae1.png""}",2,,,2023-07-25 00:04:56 UTC,2023-07-25 00:04:56 UTC
90990250,19171,22318,114777,"{""images"":""Deci44100_CCES_010_802.png"",""sounds"":""Deci44100_CCES_010_802.mp3"",""subject_id"":""Deci44100_CCES_010_802"",""#training_subject"":""0""}","{""0"":""https://panoptes-uploads.zooniverse.org/subject_location/fba2613f-fa82-4ead-833c-78cd15585b7c.mpga"",""1"":""https://panoptes-uploads.zooniverse.org/subject_location/aee525a4-35d4-42f4-be3d-a8e2d9b9d1b7.png""}",4,,,2023-07-25 00:04:57 UTC,2023-07-25 00:04:57 UTC
90990251,19171,22318,114777,"{""images"":""Deci44100_CCES_010_810.png"",""sounds"":""Deci44100_CCES_010_810.mp3"",""subject_id"":""Deci44100_CCES_010_810"",""#training_subject"":""0""}","{""0"":""https://panoptes-uploads.zooniverse.org/subject_location/05dbe6f2-b4df-4e88-a27c-3b3678fea7f9.mpga"",""1"":""https://panoptes-uploads.zooniverse.org/subject_location/945c8161-ee37-423f-9adb-0124f965bc38.png""}",5,,,2023-07-25 00:04:59 UTC,2023-07-25 00:04:59 UTC
90990252,19171,22318,114777,"{""images"":""Deci44100_CCES_010_813.png"",""sounds"":""Deci44100_CCES_010_813.mp3"",""subject_id"":""Deci44100_CCES_010_813"",""#training_subject"":""0""}","{""0"":""https://panoptes-uploads.zooniverse.org/subject_location/bb1a4722-3ecb-44a3-a8d3-df186b292739.mpga"",""1"":""https://panoptes-uploads.zooniverse.org/subject_location/c68ca1ef-ca5e-417a-aca0-66e7aed04c47.png""}",2,,,2023-07-25 00:05:00 UTC,2023-07-25 00:05:00 UTC
90990253,19171,22318,114777,"{""images"":""Deci44100_CCES_010_829.png"",""sounds"":""Deci44100_CCES_010_829.mp3"",""subject_id"":""Deci44100_CCES_010_829"",""#training_subject"":""0""}","{""0"":""https://panoptes-uploads.zooniverse.org/subject_location/85835066-3f67-4acb-9faa-9bf0072ae68b.mpga"",""1"":""https://panoptes-uploads.zooniverse.org/subject_location/3301bbe7-1b19-45fb-bdef-215989461ac7.png""}",1,,,2023-07-25 00:05:02 UTC,2023-07-25 00:05:02 UTC
90990254,19171,22318,114777,"{""images"":""Deci44100_CCES_010_83.png"",""sounds"":""Deci44100_CCES_010_83.mp3"",""subject_id"":""Deci44100_CCES_010_83"",""#training_subject"":""0""}","{""0"":""https://panoptes-uploads.zooniverse.org/subject_location/f7ea0c38-ee75-427e-9a9e-970f6852568d.mpga"",""1"":""https://panoptes-uploads.zooniverse.org/subject_location/3ab0b9a7-587f-4b79-925e-f4aa5cb424ea.png""}",2,,,2023-07-25 00:05:03 UTC,2023-07-25 00:05:03 UTC
90990255,19171,22318,114777,"{""images"":""Deci44100_CCES_010_832.png"",""sounds"":""Deci44100_CCES_010_832.mp3"",""subject_id"":""Deci44100_CCES_010_832"",""#training_subject"":""0""}","{""0"":""https://panoptes-uploads.zooniverse.org/subject_location/e991ad78-c4f2-4d08-ac22-d7856e376f69.mpga"",""1"":""https://panoptes-uploads.zooniverse.org/subject_location/3a6a7fac-f1b8-4332-ac74-5d9bf3992dfc.png""}",5,,,2023-07-25 00:05:05 UTC,2023-07-25 00:05:05 UTC
90990256,19171,22318,114777,"{""images"":""Deci44100_CCES_010_833.png"",""sounds"":""Deci44100_CCES_010_833.mp3"",""subject_id"":""Deci44100_CCES_010_833"",""#training_subject"":""0""}","{""0"":""https://panoptes-uploads.zooniverse.org/subject_location/5f42b8a4-daf6-4209-a7e5-5acec2ff92eb.mpga"",""1"":""https://panoptes-uploads.zooniverse.org/subject_location/72435249-49b6-4fcd-8cef-af324a826074.png""}",1,,,2023-07-25 00:05:06 UTC,2023-07-25 00:05:06 UTC
90990257,19171,22318,114777,"{""images"":""Deci44100_CCES_010_834.png"",""sounds"":""Deci44100_CCES_010_834.mp3"",""subject_id"":""Deci44100_CCES_010_834"",""#training_subject"":""0""}","{""0"":""https://panoptes-uploads.zooniverse.org/subject_location/cfb2ecad-cab9-4971-ac41-4bfcbd6b9d09.mpga"",""1"":""https://panoptes-uploads.zooniverse.org/subject_location/c435aad0-56be-48c3-bec2-81365a73899e.png""}",3,,,2023-07-25 00:05:07 UTC,2023-07-25 00:05:07 UTC
90990258,19171,22318,114777,"{""images"":""Deci44100_CCES_010_838.png"",""sounds"":""Deci44100_CCES_010_838.mp3"",""subject_id"":""Deci44100_CCES_010_838"",""#training_subject"":""0""}","{""0"":""https://panoptes-uploads.zooniverse.org/subject_location/c3a8da47-6702-421d-b052-cb3fba084cd8.mpga"",""1"":""https://panoptes-uploads.zooniverse.org/subject_location/1afbbcc0-7583-4987-84d6-d4345b200a6b.png""}",0,,,2023-07-25 00:05:09 UTC,2023-07-25 00:05:09 UTC
90990259,19171,22318,114777,"{""images"":""Deci44100_CCES_010_839.png"",""sounds"":""Deci44100_CCES_010_839.mp3"",""subject_id"":""Deci44100_CCES_010_839"",""#training_subject"":""0""}","{""0"":""https://panoptes-uploads.zooniverse.org/subject_location/ef62c6d1-2430-4159-89ee-aa192fc5bc14.mpga"",""1"":""https://panoptes-uploads.zooniverse.org/subject_location/57345507-e0c5-4e96-aeb6-ceae59635ba6.png""}",5,,,2023-07-25 00:05:10 UTC,2023-07-25 00:05:10 UTC
90990260,19171,22318,114777,"{""images"":""Deci44100_CCES_010_842.png"",""sounds"":""Deci44100_CCES_010_842.mp3"",""subject_id"":""Deci44100_CCES_010_842"",""#training_subject"":""0""}","{""0"":""https://panoptes-uploads.zooniverse.org/subject_location/c4b3b77d-68d0-4d1f-9e04-0c1425f543e4.mpga"",""1"":""https://panoptes-uploads.zooniverse.org/subject_location/913ca1d8-366e-4922-bfed-66adfa60f66a.png""}",4,,,2023-07-25 00:05:11 UTC,2023-07-25 00:05:11 UTC
90990261,19171,22318,114777,"{""images"":""Deci44100_CCES_010_843.png"",""sounds"":""Deci44100_CCES_010_843.mp3"",""subject_id"":""Deci44100_CCES_010_843"",""#training_subject"":""0""}","{""0"":""https://panoptes-uploads.zooniverse.org/subject_location/2e20fb44-a7bf-49c3-86e2-d8ba630ddce9.mpga"",""1"":""https://panoptes-uploads.zooniverse.org/subject_location/013f63b9-e224-48b5-9862-42cfbd4b7cd0.png""}",3,,,2023-07-25 00:05:13 UTC,2023-07-25 00:05:13 UTC
90990262,19171,22318,114777,"{""images"":""Deci44100_CCES_010_844.png"",""sounds"":""Deci44100_CCES_010_844.mp3"",""subject_id"":""Deci44100_CCES_010_844"",""#training_subject"":""0""}","{""0"":""https://panoptes-uploads.zooniverse.org/subject_location/fff1cfc8-87ca-4aa8-92cf-64b404a89247.mpga"",""1"":""https://panoptes-uploads.zooniverse.org/subject_location/83715b28-2ce7-4a54-b588-c5a25969f7b3.png""}",7,,,2023-07-25 00:05:14 UTC,2023-07-25 00:05:14 UTC
90990263,19171,22318,114777,"{""images"":""Deci44100_CCES_010_849.png"",""sounds"":""Deci44100_CCES_010_849.mp3"",""subject_id"":""Deci44100_CCES_010_849"",""#training_subject"":""0""}","{""0"":""https://panoptes-uploads.zooniverse.org/subject_location/13aa31cc-1fea-4165-9582-8adf07c012f9.mpga"",""1"":""https://panoptes-uploads.zooniverse.org/subject_location/d5553ec8-256c-4eeb-9a87-4a0e65ab704f.png""}",5,,,2023-07-25 00:05:16 UTC,2023-07-25 00:05:16 UTC
90990264,19171,22318,114777,"{""images"":""Deci44100_CCES_010_856.png"",""sounds"":""Deci44100_CCES_010_856.mp3"",""subject_id"":""Deci44100_CCES_010_856"",""#training_subject"":""0""}","{""0"":""https://panoptes-uploads.zooniverse.org/subject_location/80d39844-8f98-4d94-b7ce-d6a933a7488b.mpga"",""1"":""https://panoptes-uploads.zooniverse.org/subject_location/60e93be8-9eab-4a01-9013-2e5ac63e7812.png""}",6,,,2023-07-25 00:05:17 UTC,2023-07-25 00:05:17 UTC
90990265,19171,22318,114777,"{""images"":""Deci44100_CCES_010_865.png"",""sounds"":""Deci44100_CCES_010_865.mp3"",""subject_id"":""Deci44100_CCES_010_865"",""#training_subject"":""0""}","{""0"":""https://panoptes-uploads.zooniverse.org/subject_location/36366758-ddfc-4439-8d8c-ea7a6bd4103a.mpga"",""1"":""https://panoptes-uploads.zooniverse.org/subject_location/7e3c27b6-4c8c-4af2-985d-38635964bb61.png""}",3,,,2023-07-25 00:05:19 UTC,2023-07-25 00:05:19 UTC
90990266,19171,22318,114777,"{""images"":""Deci44100_CCES_010_868.png"",""sounds"":""Deci44100_CCES_010_868.mp3"",""subject_id"":""Deci44100_CCES_010_868"",""#training_subject"":""0""}","{""0"":""https://panoptes-uploads.zooniverse.org/subject_location/833807c9-de9b-48b9-81fc-52de193a4b3f.mpga"",""1"":""https://panoptes-uploads.zooniverse.org/subject_location/b37bea31-6455-4cc3-840f-8a698f4c10d4.png""}",3,,,2023-07-25 00:05:20 UTC,2023-07-25 00:05:20 UTC
90990267,19171,22318,114777,"{""images"":""Deci44100_CCES_010_87.png"",""sounds"":""Deci44100_CCES_010_87.mp3"",""subject_id"":""Deci44100_CCES_010_87"",""#training_subject"":""0""}","{""0"":""https://panoptes-uploads.zooniverse.org/subject_location/28ec3030-2be0-4654-8b12-16e77f5f2a7d.mpga"",""1"":""https://panoptes-uploads.zooniverse.org/subject_location/392d3930-acab-4263-ba5f-3a198ce157e7.png""}",0,,,2023-07-25 00:05:22 UTC,2023-07-25 00:05:22 UTC
90990268,19171,22318,114777,"{""images"":""Deci44100_CCES_010_871.png"",""sounds"":""Deci44100_CCES_010_871.mp3"",""subject_id"":""Deci44100_CCES_010_871"",""#training_subject"":""0""}","{""0"":""https://panoptes-uploads.zooniverse.org/subject_location/8da54273-9bde-4a29-a033-7c109df30ac9.mpga"",""1"":""https://panoptes-uploads.zooniverse.org/subject_location/6ec74e48-eb7f-4993-8f58-02e27b4d2897.png""}",2,,,2023-07-25 00:05:23 UTC,2023-07-25 00:05:23 UTC
90990269,19171,22318,114777,"{""images"":""Deci44100_CCES_010_875.png"",""sounds"":""Deci44100_CCES_010_875.mp3"",""subject_id"":""Deci44100_CCES_010_875"",""#training_subject"":""0""}","{""0"":""https://panoptes-uploads.zooniverse.org/subject_location/183819e2-ddf5-4e8f-9340-387e59cbbfa6.mpga"",""1"":""https://panoptes-uploads.zooniverse.org/subject_location/57e43f94-0104-43ba-be03-358f7f72c536.png""}",3,,,2023-07-25 00:05:24 UTC,2023-07-25 00:05:24 UTC
90990270,19171,22318,114777,"{""images"":""Deci44100_CCES_010_877.png"",""sounds"":""Deci44100_CCES_010_877.mp3"",""subject_id"":""Deci44100_CCES_010_877"",""#training_subject"":""0""}","{""0"":""https://panoptes-uploads.zooniverse.org/subject_location/51654c5e-9d20-4e79-ae6d-12e07c319086.mpga"",""1"":""https://panoptes-uploads.zooniverse.org/subject_location/8cb92183-e08f-4d9d-b6e0-c29090425e8e.png""}",3,,,2023-07-25 00:05:25 UTC,2023-07-25 00:05:25 UTC
90990271,19171,22318,114777,"{""images"":""Deci44100_CCES_010_880.png"",""sounds"":""Deci44100_CCES_010_880.mp3"",""subject_id"":""Deci44100_CCES_010_880"",""#training_subject"":""0""}","{""0"":""https://panoptes-uploads.zooniverse.org/subject_location/7da2b078-351b-4444-894b-6d9a2070015b.mpga"",""1"":""https://panoptes-uploads.zooniverse.org/subject_location/7c25318a-dbef-40c4-a98e-fddf2c6e9cd5.png""}",5,,,2023-07-25 00:05:27 UTC,2023-07-25 00:05:27 UTC
90990272,19171,22318,114777,"{""images"":""Deci44100_CCES_010_882.png"",""sounds"":""Deci44100_CCES_010_882.mp3"",""subject_id"":""Deci44100_CCES_010_882"",""#training_subject"":""0""}","{""0"":""https://panoptes-uploads.zooniverse.org/subject_location/73468991-f0c9-499c-9681-3bd14e85df58.mpga"",""1"":""https://panoptes-uploads.zooniverse.org/subject_location/db633b3c-fd4c-4999-b176-82fe58986de7.png""}",3,,,2023-07-25 00:05:28 UTC,2023-07-25 00:05:28 UTC
90990273,19171,22318,114777,"{""images"":""Deci44100_CCES_010_890.png"",""sounds"":""Deci44100_CCES_010_890.mp3"",""subject_id"":""Deci44100_CCES_010_890"",""#training_subject"":""0""}","{""0"":""https://panoptes-uploads.zooniverse.org/subject_location/4031378c-48ff-4d57-9e5e-241a3e09c8d0.mpga"",""1"":""https://panoptes-uploads.zooniverse.org/subject_location/a78fff78-fc15-4d3c-905f-83f734946553.png""}",3,,,2023-07-25 00:05:30 UTC,2023-07-25 00:05:30 UTC
90990274,19171,22318,114777,"{""images"":""Deci44100_CCES_010_891.png"",""sounds"":""Deci44100_CCES_010_891.mp3"",""subject_id"":""Deci44100_CCES_010_891"",""#training_subject"":""0""}","{""0"":""https://panoptes-uploads.zooniverse.org/subject_location/7d12c94c-f010-4094-a59e-bc0b015fb8b8.mpga"",""1"":""https://panoptes-uploads.zooniverse.org/subject_location/3722b9c7-08dc-4e75-9ff0-7c20d31eea8a.png""}",3,,,2023-07-25 00:05:31 UTC,2023-07-25 00:05:31 UTC
90990275,19171,22318,114777,"{""images"":""Deci44100_CCES_010_90.png"",""sounds"":""Deci44100_CCES_010_90.mp3"",""subject_id"":""Deci44100_CCES_010_90"",""#training_subject"":""0""}","{""0"":""https://panoptes-uploads.zooniverse.org/subject_location/bcf3c6a0-b60a-4ac6-a0f6-47700e2da6a6.mpga"",""1"":""https://panoptes-uploads.zooniverse.org/subject_location/c1c4c61c-8a4a-4720-93a5-51d1965d9882.png""}",7,,,2023-07-25 00:05:32 UTC,2023-07-25 00:05:32 UTC
90990276,19171,22318,114777,"{""images"":""Deci44100_CCES_010_907.png"",""sounds"":""Deci44100_CCES_010_907.mp3"",""subject_id"":""Deci44100_CCES_010_907"",""#training_subject"":""0""}","{""0"":""https://panoptes-uploads.zooniverse.org/subject_location/e86f04b0-9b9e-4f08-ac50-601ad6448f19.mpga"",""1"":""https://panoptes-uploads.zooniverse.org/subject_location/22822ce9-0718-4e0e-8677-7675cc23f922.png""}",3,,,2023-07-25 00:05:33 UTC,2023-07-25 00:05:33 UTC
90990277,19171,22318,114777,"{""images"":""Deci44100_CCES_010_915.png"",""sounds"":""Deci44100_CCES_010_915.mp3"",""subject_id"":""Deci44100_CCES_010_915"",""#training_subject"":""0""}","{""0"":""https://panoptes-uploads.zooniverse.org/subject_location/5b8c3a05-ab7e-4516-984f-cc35761bf52e.mpga"",""1"":""https://panoptes-uploads.zooniverse.org/subject_location/f09f96ef-1cb0-43cd-8621-5197456ab972.png""}",3,,,2023-07-25 00:05:35 UTC,2023-07-25 00:05:35 UTC
90990278,19171,22318,114777,"{""images"":""Deci44100_CCES_010_921.png"",""sounds"":""Deci44100_CCES_010_921.mp3"",""subject_id"":""Deci44100_CCES_010_921"",""#training_subject"":""0""}","{""0"":""https://panoptes-uploads.zooniverse.org/subject_location/faa04f9a-254d-4f4c-bb6e-f526b4d7dcd2.mpga"",""1"":""https://panoptes-uploads.zooniverse.org/subject_location/716a93a8-7685-4930-ae26-bbc1a61e5517.png""}",6,,,2023-07-25 00:05:35 UTC,2023-07-25 00:05:35 UTC
90990279,19171,22318,114777,"{""images"":""Deci44100_CCES_010_927.png"",""sounds"":""Deci44100_CCES_010_927.mp3"",""subject_id"":""Deci44100_CCES_010_927"",""#training_subject"":""0""}","{""0"":""https://panoptes-uploads.zooniverse.org/subject_location/9b967824-969d-4fcd-b1c9-67207b244ce9.mpga"",""1"":""https://panoptes-uploads.zooniverse.org/subject_location/375b36dc-2b9a-45be-a358-58c0642cf1af.png""}",4,,,2023-07-25 00:05:36 UTC,2023-07-25 00:05:36 UTC
90990280,19171,22318,114777,"{""images"":""Deci44100_CCES_010_934.png"",""sounds"":""Deci44100_CCES_010_934.mp3"",""subject_id"":""Deci44100_CCES_010_934"",""#training_subject"":""0""}","{""0"":""https://panoptes-uploads.zooniverse.org/subject_location/660e1756-e061-4830-aff3-604e375f31a5.mpga"",""1"":""https://panoptes-uploads.zooniverse.org/subject_location/59ccdd9a-6bef-4a3a-8141-fc94457307d5.png""}",2,,,2023-07-25 00:05:37 UTC,2023-07-25 00:05:37 UTC
90990281,19171,22318,114777,"{""images"":""Deci44100_CCES_010_938.png"",""sounds"":""Deci44100_CCES_010_938.mp3"",""subject_id"":""Deci44100_CCES_010_938"",""#training_subject"":""0""}","{""0"":""https://panoptes-uploads.zooniverse.org/subject_location/7e93914f-0267-4d70-b7fd-822c0bdf9273.mpga"",""1"":""https://panoptes-uploads.zooniverse.org/subject_location/fd8ac938-cf99-4b99-bc2c-90acee406892.png""}",2,,,2023-07-25 00:05:38 UTC,2023-07-25 00:05:38 UTC
90990282,19171,22318,114777,"{""images"":""Deci44100_CCES_010_939.png"",""sounds"":""Deci44100_CCES_010_939.mp3"",""subject_id"":""Deci44100_CCES_010_939"",""#training_subject"":""0""}","{""0"":""https://panoptes-uploads.zooniverse.org/subject_location/af0f0938-8a42-4dfb-82e7-24146764770c.mpga"",""1"":""https://panoptes-uploads.zooniverse.org/subject_location/8fd90e61-bb3e-48a2-b56b-9dc3d1aefb88.png""}",6,,,2023-07-25 00:05:39 UTC,2023-07-25 00:05:39 UTC
90990283,19171,22318,114777,"{""images"":""Deci44100_CCES_010_942.png"",""sounds"":""Deci44100_CCES_010_942.mp3"",""subject_id"":""Deci44100_CCES_010_942"",""#training_subject"":""0""}","{""0"":""https://panoptes-uploads.zooniverse.org/subject_location/63431476-66ae-47e6-a902-59fb5e539a59.mpga"",""1"":""https://panoptes-uploads.zooniverse.org/subject_location/02821f37-5fa4-4271-885f-6dcca1ae6161.png""}",4,,,2023-07-25 00:05:40 UTC,2023-07-25 00:05:40 UTC
90990284,19171,22318,114777,"{""images"":""Deci44100_CCES_010_943.png"",""sounds"":""Deci44100_CCES_010_943.mp3"",""subject_id"":""Deci44100_CCES_010_943"",""#training_subject"":""0""}","{""0"":""https://panoptes-uploads.zooniverse.org/subject_location/921e0920-0366-41e8-80f5-fab6eee28306.mpga"",""1"":""https://panoptes-uploads.zooniverse.org/subject_location/924a64b6-6d00-4843-a920-bede5c2e0168.png""}",4,,,2023-07-25 00:05:42 UTC,2023-07-25 00:05:42 UTC
90990285,19171,22318,114777,"{""images"":""Deci44100_CCES_010_945.png"",""sounds"":""Deci44100_CCES_010_945.mp3"",""subject_id"":""Deci44100_CCES_010_945"",""#training_subject"":""0""}","{""0"":""https://panoptes-uploads.zooniverse.org/subject_location/ef725b40-1a30-422b-9063-12fe36b97bb0.mpga"",""1"":""https://panoptes-uploads.zooniverse.org/subject_location/3778b4e9-cd47-4496-8b53-b75159823b28.png""}",3,,,2023-07-25 00:05:43 UTC,2023-07-25 00:05:43 UTC
90990286,19171,22318,114777,"{""images"":""Deci44100_CCES_010_947.png"",""sounds"":""Deci44100_CCES_010_947.mp3"",""subject_id"":""Deci44100_CCES_010_947"",""#training_subject"":""0""}","{""0"":""https://panoptes-uploads.zooniverse.org/subject_location/61412d46-cfbd-4104-a7ac-1ad004120739.mpga"",""1"":""https://panoptes-uploads.zooniverse.org/subject_location/809ee71e-31b7-4a59-8275-214a85ca74ae.png""}",5,,,2023-07-25 00:05:44 UTC,2023-07-25 00:05:44 UTC
90990287,19171,22318,114777,"{""images"":""Deci44100_CCES_010_948.png"",""sounds"":""Deci44100_CCES_010_948.mp3"",""subject_id"":""Deci44100_CCES_010_948"",""#training_subject"":""0""}","{""0"":""https://panoptes-uploads.zooniverse.org/subject_location/b9df350c-91b4-45be-b8bb-b1cfe60e89f0.mpga"",""1"":""https://panoptes-uploads.zooniverse.org/subject_location/e6b72726-11b3-4c49-9722-075d96570da6.png""}",2,,,2023-07-25 00:05:46 UTC,2023-07-25 00:05:46 UTC
90990288,19171,22318,114777,"{""images"":""Deci44100_CCES_010_95.png"",""sounds"":""Deci44100_CCES_010_95.mp3"",""subject_id"":""Deci44100_CCES_010_95"",""#training_subject"":""0""}","{""0"":""https://panoptes-uploads.zooniverse.org/subject_location/24ade713-21f1-4b38-976d-2d4a026f6d34.mpga"",""1"":""https://panoptes-uploads.zooniverse.org/subject_location/b7b8da28-4e59-4fd1-83e4-ad642875ee04.png""}",1,,,2023-07-25 00:05:48 UTC,2023-07-25 00:05:48 UTC
90990289,19171,22318,114777,"{""images"":""Deci44100_CCES_010_952.png"",""sounds"":""Deci44100_CCES_010_952.mp3"",""subject_id"":""Deci44100_CCES_010_952"",""#training_subject"":""0""}","{""0"":""https://panoptes-uploads.zooniverse.org/subject_location/95aea479-9f52-452e-9ae0-c6093e7caaae.mpga"",""1"":""https://panoptes-uploads.zooniverse.org/subject_location/878aa0fb-c1f5-4085-a800-ef3de455cefc.png""}",2,,,2023-07-25 00:05:49 UTC,2023-07-25 00:05:49 UTC
90990290,19171,22318,114777,"{""images"":""Deci44100_CCES_010_963.png"",""sounds"":""Deci44100_CCES_010_963.mp3"",""subject_id"":""Deci44100_CCES_010_963"",""#training_subject"":""0""}","{""0"":""https://panoptes-uploads.zooniverse.org/subject_location/0b6d4da6-86db-43ba-961f-c5ddcd66110b.mpga"",""1"":""https://panoptes-uploads.zooniverse.org/subject_location/a5b1e3b0-77cd-41ac-ac32-05034e6620ec.png""}",4,,,2023-07-25 00:05:52 UTC,2023-07-25 00:05:52 UTC
90990291,19171,22318,114777,"{""images"":""Deci44100_CCES_010_967.png"",""sounds"":""Deci44100_CCES_010_967.mp3"",""subject_id"":""Deci44100_CCES_010_967"",""#training_subject"":""0""}","{""0"":""https://panoptes-uploads.zooniverse.org/subject_location/6799c5c3-8908-4d9f-96f9-f54501473271.mpga"",""1"":""https://panoptes-uploads.zooniverse.org/subject_location/28bd78ab-2aef-4d05-90bf-e559a4f31470.png""}",7,,,2023-07-25 00:05:53 UTC,2023-07-25 00:05:53 UTC
90990292,19171,22318,114777,"{""images"":""Deci44100_CCES_010_972.png"",""sounds"":""Deci44100_CCES_010_972.mp3"",""subject_id"":""Deci44100_CCES_010_972"",""#training_subject"":""0""}","{""0"":""https://panoptes-uploads.zooniverse.org/subject_location/fb1dbb51-5b00-4240-9f45-c02fbe9e7557.mpga"",""1"":""https://panoptes-uploads.zooniverse.org/subject_location/cc933e97-becb-4e3e-bed7-a1b933ce1f6f.png""}",2,,,2023-07-25 00:05:55 UTC,2023-07-25 00:05:55 UTC
90990293,19171,22318,114777,"{""images"":""Deci44100_CCES_010_976.png"",""sounds"":""Deci44100_CCES_010_976.mp3"",""subject_id"":""Deci44100_CCES_010_976"",""#training_subject"":""0""}","{""0"":""https://panoptes-uploads.zooniverse.org/subject_location/7fd350c4-da14-44db-9edf-d937c619b40a.mpga"",""1"":""https://panoptes-uploads.zooniverse.org/subject_location/6db80fc3-a082-498b-888a-619cfcc9e8e9.png""}",5,,,2023-07-25 00:05:56 UTC,2023-07-25 00:05:56 UTC
90990294,19171,22318,114777,"{""images"":""Deci44100_CCES_010_977.png"",""sounds"":""Deci44100_CCES_010_977.mp3"",""subject_id"":""Deci44100_CCES_010_977"",""#training_subject"":""0""}","{""0"":""https://panoptes-uploads.zooniverse.org/subject_location/7004f074-8f70-4f7c-a137-b943f3a3585c.mpga"",""1"":""https://panoptes-uploads.zooniverse.org/subject_location/096aee94-a11c-46f6-983b-1997de72927b.png""}",6,,,2023-07-25 00:05:59 UTC,2023-07-25 00:05:59 UTC
90990295,19171,22318,114777,"{""images"":""Deci44100_CCES_010_982.png"",""sounds"":""Deci44100_CCES_010_982.mp3"",""subject_id"":""Deci44100_CCES_010_982"",""#training_subject"":""0""}","{""0"":""https://panoptes-uploads.zooniverse.org/subject_location/8e26409d-afb5-4ec0-b9e8-8a3e128a8bfc.mpga"",""1"":""https://panoptes-uploads.zooniverse.org/subject_location/906be3b6-f0e4-4703-9e14-845f0711f24d.png""}",2,,,2023-07-25 00:05:59 UTC,2023-07-25 00:05:59 UTC
90990296,19171,22318,114777,"{""images"":""Deci44100_CCES_010_983.png"",""sounds"":""Deci44100_CCES_010_983.mp3"",""subject_id"":""Deci44100_CCES_010_983"",""#training_subject"":""0""}","{""0"":""https://panoptes-uploads.zooniverse.org/subject_location/257a353c-4fa1-4a86-a455-85863aee58b1.mpga"",""1"":""https://panoptes-uploads.zooniverse.org/subject_location/f9d872b8-7018-40eb-aee8-42569d07b15a.png""}",4,,,2023-07-25 00:06:01 UTC,2023-07-25 00:06:01 UTC
90990297,19171,22318,114777,"{""images"":""Deci44100_CCES_010_992.png"",""sounds"":""Deci44100_CCES_010_992.mp3"",""subject_id"":""Deci44100_CCES_010_992"",""#training_subject"":""0""}","{""0"":""https://panoptes-uploads.zooniverse.org/subject_location/2fee9066-50fb-401b-96f4-b9b60d78f7a7.mpga"",""1"":""https://panoptes-uploads.zooniverse.org/subject_location/da0c92a4-6872-4cc8-ba92-18b7ca9c8eb5.png""}",1,,,2023-07-25 00:06:02 UTC,2023-07-25 00:06:02 UTC
90990298,19171,22318,114777,"{""images"":""Deci44100_CCES_010_994.png"",""sounds"":""Deci44100_CCES_010_994.mp3"",""subject_id"":""Deci44100_CCES_010_994"",""#training_subject"":""0""}","{""0"":""https://panoptes-uploads.zooniverse.org/subject_location/2d58ebb4-89a2-4cb1-b74a-4ab0f87d3207.mpga"",""1"":""https://panoptes-uploads.zooniverse.org/subject_location/371dfe43-90d4-4471-999b-c38014c57d9a.png""}",3,,,2023-07-25 00:06:04 UTC,2023-07-25 00:06:04 UTC
90990327,19171,22318,114779,"{""images"":""Deci44100_CCES_010_1005.png"",""sounds"":""Deci44100_CCES_010_1005.mp3"",""subject_id"":""Deci44100_CCES_010_1005"",""#feedback_1_id"":""1"",""#training_subject"":""true"",""#feedback_1_answer"":""0"",""#feedback_1_failureMessage"":""Not quite. There is one humpback whale call at the beginning. No ships are present here."",""#feedback_1_successMessage"":""Correct! There is one clear humpback whale call in the first second.""}","{""0"":""https://panoptes-uploads.zooniverse.org/subject_location/64bc2312-c6f3-44d1-861f-e827664535f6.mpga"",""1"":""https://panoptes-uploads.zooniverse.org/subject_location/341f4813-54a8-43c2-a183-f5eaf1b0a6a7.png""}",3,,,2023-07-25 02:08:11 UTC,2023-08-21 14:05:42 UTC
90990328,19171,22318,114779,"{""images"":""Deci44100_CCES_010_102.png"",""sounds"":""Deci44100_CCES_010_102.mp3"",""subject_id"":""Deci44100_CCES_010_102"",""#feedback_1_id"":""1"",""#training_subject"":""true"",""#feedback_1_answer"":""0"",""#feedback_1_failureMessage"":""Not quite. There are a few faint humpback whale calls, but no clear ships."",""#feedback_1_successMessage"":""Correct! There are a few faint humpback whale calls, but no ships.""}","{""0"":""https://panoptes-uploads.zooniverse.org/subject_location/c1c3cfaa-68bf-4772-92dc-67975974598e.mpga"",""1"":""https://panoptes-uploads.zooniverse.org/subject_location/b9ce937f-5656-43f9-9038-81b84860521b.png""}",5,,,2023-07-25 02:08:11 UTC,2023-08-21 14:05:42 UTC
90990329,19171,22318,114779,"{""images"":""Deci44100_CCES_010_1026.png"",""sounds"":""Deci44100_CCES_010_1026.mp3"",""subject_id"":""Deci44100_CCES_010_1026"",""#feedback_1_id"":""1"",""#training_subject"":""true"",""#feedback_1_answer"":""0"",""#feedback_1_failureMessage"":""Not quite. There are a few faint humpback whale calls, but no clear ships."",""#feedback_1_successMessage"":""Correct! There are a few faint humpback whale calls, but no ships.""}","{""0"":""https://panoptes-uploads.zooniverse.org/subject_location/dca108b5-6aa9-4ea2-92b8-10314c601139.mpga"",""1"":""https://panoptes-uploads.zooniverse.org/subject_location/7bcd7cd3-2f7d-4ac7-98ac-cd4abce04688.png""}",3,,,2023-07-25 02:08:12 UTC,2023-08-21 14:05:42 UTC
90990330,19171,22318,114779,"{""images"":""Deci44100_CCES_010_103.png"",""sounds"":""Deci44100_CCES_010_103.mp3"",""subject_id"":""Deci44100_CCES_010_103"",""#feedback_1_id"":""1"",""#training_subject"":""true"",""#feedback_1_answer"":""0"",""#feedback_1_failureMessage"":""Not quite. There are a couple of humpback whale calls in the middle of the clip."",""#feedback_1_successMessage"":""Correct! There are a couple fairly faint humpback whale calls in the middle of the clip.""}","{""0"":""https://panoptes-uploads.zooniverse.org/subject_location/39424da6-fd04-4d01-985f-86696ee8c01f.mpga"",""1"":""https://panoptes-uploads.zooniverse.org/subject_location/e055509a-c57a-4b4b-b405-2c0b95aa2cdb.png""}",3,,,2023-07-25 02:08:12 UTC,2023-08-21 14:05:42 UTC
90990331,19171,22318,114779,"{""images"":""Deci44100_CCES_010_1031.png"",""sounds"":""Deci44100_CCES_010_1031.mp3"",""subject_id"":""Deci44100_CCES_010_1031"",""#feedback_1_id"":""1"",""#training_subject"":""true"",""#feedback_1_answer"":""0"",""#feedback_1_failureMessage"":""Not quite. There are a couple fairly faint humpback whale calls in the first half of the clip."",""#feedback_1_successMessage"":""Correct! There are a couple fairly faint humpback whale calls in the first half of the clip.""}","{""0"":""https://panoptes-uploads.zooniverse.org/subject_location/74655f2b-4634-4019-a4e3-78f686cd73dc.mpga"",""1"":""https://panoptes-uploads.zooniverse.org/subject_location/c20530cb-d8ff-437f-bc3a-dfcb89212b62.png""}",3,,,2023-07-25 02:08:12 UTC,2023-08-21 14:05:41 UTC
90990332,19171,22318,114779,"{""images"":""Deci44100_CCES_010_1033.png"",""sounds"":""Deci44100_CCES_010_1033.mp3"",""subject_id"":""Deci44100_CCES_010_1033"",""#feedback_1_id"":""1"",""#training_subject"":""true"",""#feedback_1_answer"":""0"",""#feedback_1_failureMessage"":""Not quite. There is a faint humpback whale call at the end of the clip."",""#feedback_1_successMessage"":""Correct! There is a faint humpback whale call at the end of the clip.""}","{""0"":""https://panoptes-uploads.zooniverse.org/subject_location/d3692f61-4f1c-4b21-9b05-493e68e524b9.mpga"",""1"":""https://panoptes-uploads.zooniverse.org/subject_location/d39adc42-18f0-4b87-91e0-da940da0ca29.png""}",6,,,2023-07-25 02:08:13 UTC,2023-08-21 14:05:41 UTC
90990333,19171,22318,114779,"{""images"":""Deci44100_CCES_010_1035.png"",""sounds"":""Deci44100_CCES_010_1035.mp3"",""subject_id"":""Deci44100_CCES_010_1035"",""#feedback_1_id"":""1"",""#training_subject"":""true"",""#feedback_1_answer"":""0"",""#feedback_1_failureMessage"":""Not quite. There are a few faint humpback whale calls, but no clear ships."",""#feedback_1_successMessage"":""Correct! There are a few faint humpback whale calls, but no ships.""}","{""0"":""https://panoptes-uploads.zooniverse.org/subject_location/fb4f1d5b-b64c-4525-8e04-b34606a2f00c.mpga"",""1"":""https://panoptes-uploads.zooniverse.org/subject_location/48e2b1cf-1027-4ebd-bd56-0fb1baf674ad.png""}",3,,,2023-07-25 02:08:13 UTC,2023-08-21 14:05:41 UTC
90990334,19171,22318,114779,"{""images"":""Deci44100_CCES_010_1037.png"",""sounds"":""Deci44100_CCES_010_1037.mp3"",""subject_id"":""Deci44100_CCES_010_1037"",""#feedback_1_id"":""1"",""#training_subject"":""true"",""#feedback_1_answer"":""0"",""#feedback_1_failureMessage"":""Not quite. Humpback calls are present below 100 Hz, and the vertical lines (impulses) above 1000 kHz are sperm whale echolocation."",""#feedback_1_successMessage"":""Correct! Humpback calls are present below 1000 Hz, and the vertical lines (impulses) above 1000 kHz are sperm whale echolocation.""}","{""0"":""https://panoptes-uploads.zooniverse.org/subject_location/3ce1aae8-f905-4553-9bae-0322890ef723.mpga"",""1"":""https://panoptes-uploads.zooniverse.org/subject_location/aaf41c15-1c92-4a55-9e2e-2ed960b4d185.png""}",4,,,2023-07-25 02:08:14 UTC,2023-08-21 14:05:40 UTC
90990335,19171,22318,114779,"{""images"":""Deci44100_CCES_010_104.png"",""sounds"":""Deci44100_CCES_010_104.mp3"",""subject_id"":""Deci44100_CCES_010_104"",""#feedback_1_id"":""1"",""#training_subject"":""true"",""#feedback_1_answer"":""0"",""#feedback_1_failureMessage"":""Not quite. Humpback whale calls appear throughout the clip, and there is no ship noise."",""#feedback_1_successMessage"":""Correct! Humpback whale calls appear throughout the clip, and there is no ship noise.""}","{""0"":""https://panoptes-uploads.zooniverse.org/subject_location/1ca65c8b-1e5a-490b-bcf9-26d2c71fd94c.mpga"",""1"":""https://panoptes-uploads.zooniverse.org/subject_location/1332c7a0-f924-49fd-a180-cf22fd312627.png""}",1,,,2023-07-25 02:08:14 UTC,2023-08-21 14:05:40 UTC
90990336,19171,22318,114779,"{""images"":""Deci44100_CCES_010_1041.png"",""sounds"":""Deci44100_CCES_010_1041.mp3"",""subject_id"":""Deci44100_CCES_010_1041"",""#feedback_1_id"":""1"",""#training_subject"":""true"",""#feedback_1_answer"":""0"",""#feedback_1_failureMessage"":""Not quite. Humpback whale calls appear throughout the clip, and there is no low-frequency ship noise. Above 1000 Hz the vertical lines indicate the presence of sperm whale echolocation."",""#feedback_1_successMessage"":""Correct! Humpback whale calls appear throughout the clip, and there is no low-frequency ship noise. Above 1000 Hz the vertical lines indicate the presence of sperm whale echolocation.""}","{""0"":""https://panoptes-uploads.zooniverse.org/subject_location/15130688-7b21-4ba3-be70-b0d5cd0a6365.mpga"",""1"":""https://panoptes-uploads.zooniverse.org/subject_location/2c8a6b1b-d92e-4252-8c3a-f87798844fd6.png""}",2,,,2023-07-25 02:08:15 UTC,2023-08-21 14:05:40 UTC
90990337,19171,22318,114779,"{""images"":""Deci44100_CCES_010_1050.png"",""sounds"":""Deci44100_CCES_010_1050.mp3"",""subject_id"":""Deci44100_CCES_010_1050"",""#feedback_1_id"":""1"",""#training_subject"":""true"",""#feedback_1_answer"":""1"",""#feedback_1_failureMessage"":""Not quite. The horizontal lines and stronger (brighter colors) low frequency noise are a clear signs of a ship."",""#feedback_1_successMessage"":""Correct! The horizontal lines and stronger (brighter colors) low frequency noise are a clear signs of a ship.""}","{""0"":""https://panoptes-uploads.zooniverse.org/subject_location/6953434b-7a19-4a5e-bd82-154c17ef819b.mpga"",""1"":""https://panoptes-uploads.zooniverse.org/subject_location/5fd3d0ea-2444-49dd-b290-0c3bfa020a28.png""}",2,,,2023-07-25 02:08:15 UTC,2023-08-21 14:05:40 UTC
90990338,19171,22318,114779,"{""images"":""Deci44100_CCES_010_108.png"",""sounds"":""Deci44100_CCES_010_108.mp3"",""subject_id"":""Deci44100_CCES_010_108"",""#feedback_1_id"":""1"",""#training_subject"":""true"",""#feedback_1_answer"":""1"",""#feedback_1_failureMessage"":""Not quite. The horizontal lines and stronger (brighter colors) low frequency noise are a clear signs of a ship."",""#feedback_1_successMessage"":""Correct! The horizontal lines and stronger (brighter colors) low frequency noise are a clear signs of a ship.""}","{""0"":""https://panoptes-uploads.zooniverse.org/subject_location/00a29126-0f55-4c4d-b6ba-a4cdddc91204.mpga"",""1"":""https://panoptes-uploads.zooniverse.org/subject_location/4f77e8da-38ae-42cb-a832-08f426846241.png""}",3,,,2023-07-25 02:08:16 UTC,2023-08-21 14:05:39 UTC
90990339,19171,22318,114779,"{""images"":""Deci44100_CCES_010_1098.png"",""sounds"":""Deci44100_CCES_010_1098.mp3"",""subject_id"":""Deci44100_CCES_010_1098"",""#feedback_1_id"":""1"",""#training_subject"":""true"",""#feedback_1_answer"":""1"",""#feedback_1_failureMessage"":""Not quite. The horizontal lines are a clear signs of a ship."",""#feedback_1_successMessage"":""Correct! The horizontal lines are a clear signs of a ship.""}","{""0"":""https://panoptes-uploads.zooniverse.org/subject_location/d9f8976d-565f-4661-80b8-b8f4bf47065d.mpga"",""1"":""https://panoptes-uploads.zooniverse.org/subject_location/0439b267-414a-4c50-8ccf-f4e16b6be73c.png""}",0,,,2023-07-25 02:08:16 UTC,2023-08-21 14:05:39 UTC
90990340,19171,22318,114779,"{""images"":""Deci44100_CCES_010_1099.png"",""sounds"":""Deci44100_CCES_010_1099.mp3"",""subject_id"":""Deci44100_CCES_010_1099"",""#feedback_1_id"":""1"",""#training_subject"":""true"",""#feedback_1_answer"":""1"",""#feedback_1_failureMessage"":""Not quite. The horizontal lines and low humming are a clear signs of a ship."",""#feedback_1_successMessage"":""Correct! The horizontal lines and low humming are a clear signs of a ship.""}","{""0"":""https://panoptes-uploads.zooniverse.org/subject_location/51fb94cb-1c92-47c6-96ba-83581ee8ff60.mpga"",""1"":""https://panoptes-uploads.zooniverse.org/subject_location/ce967e5f-c123-4ace-aa35-c2ae961bb917.png""}",3,,,2023-07-25 02:08:17 UTC,2023-08-21 14:05:39 UTC
90990341,19171,22318,114779,"{""images"":""Deci44100_CCES_010_1125.png"",""sounds"":""Deci44100_CCES_010_1125.mp3"",""subject_id"":""Deci44100_CCES_010_1125"",""#feedback_1_id"":""1"",""#training_subject"":""true"",""#feedback_1_answer"":""1"",""#feedback_1_failureMessage"":""Not quite. The strong horizontal line and low-frequency rumbling are from a ship."",""#feedback_1_successMessage"":""Correct! The strong horizontal line and low-frequency rumbling are from a ship.""}","{""0"":""https://panoptes-uploads.zooniverse.org/subject_location/d900cef9-59c3-440f-aeb4-47e889fe0c73.mpga"",""1"":""https://panoptes-uploads.zooniverse.org/subject_location/e90a327b-46e4-41f2-8a67-cfc3ac95608f.png""}",6,,,2023-07-25 02:08:17 UTC,2023-08-21 14:05:38 UTC
90990342,19171,22318,114779,"{""images"":""Deci44100_CCES_010_1142.png"",""sounds"":""Deci44100_CCES_010_1142.mp3"",""subject_id"":""Deci44100_CCES_010_1142"",""#feedback_1_id"":""1"",""#training_subject"":""true"",""#feedback_1_answer"":""1"",""#feedback_1_failureMessage"":""Not quite. The horizontal lines, low humming, and repetitive impulses are a clear signs of a ship."",""#feedback_1_successMessage"":""Correct! The horizontal lines, low humming, and repetitive impulses are a clear signs of a ship.""}","{""0"":""https://panoptes-uploads.zooniverse.org/subject_location/43ba5ec5-1217-4c46-836e-9de8078d1437.mpga"",""1"":""https://panoptes-uploads.zooniverse.org/subject_location/f72e14d3-295c-47da-8ad3-a1e11d72c052.png""}",2,,,2023-07-25 02:08:18 UTC,2023-08-21 14:05:38 UTC
90990343,19171,22318,114779,"{""images"":""Deci44100_CCES_010_1144.png"",""sounds"":""Deci44100_CCES_010_1144.mp3"",""subject_id"":""Deci44100_CCES_010_1144"",""#feedback_1_id"":""1"",""#training_subject"":""true"",""#feedback_1_answer"":""1"",""#feedback_1_failureMessage"":""Not quite. The horizontal lines, low humming, and repetitive pulses are a clear signs of a ship."",""#feedback_1_successMessage"":""Correct! The horizontal lines, low humming, and repetitive pulses are a clear signs of a ship.""}","{""0"":""https://panoptes-uploads.zooniverse.org/subject_location/b107b8e2-b954-45e1-8af4-8339dc14aebd.mpga"",""1"":""https://panoptes-uploads.zooniverse.org/subject_location/24485da4-e74b-4112-824b-6cfd8e031112.png""}",3,,,2023-07-25 02:08:18 UTC,2023-08-21 14:05:38 UTC
90990344,19171,22318,114779,"{""images"":""Deci44100_CCES_010_1196.png"",""sounds"":""Deci44100_CCES_010_1196.mp3"",""subject_id"":""Deci44100_CCES_010_1196"",""#feedback_1_id"":""1"",""#training_subject"":""true"",""#feedback_1_answer"":""1"",""#feedback_1_failureMessage"":""Not quite. The horizontal lines and stronger (brighter colors) low frequency noise are a clear signs of a ship."",""#feedback_1_successMessage"":""Correct! The horizontal lines and stronger (brighter colors) low frequency noise are a clear signs of a ship.""}","{""0"":""https://panoptes-uploads.zooniverse.org/subject_location/da5fa5aa-1da2-48eb-bc49-a90476e240ca.mpga"",""1"":""https://panoptes-uploads.zooniverse.org/subject_location/b8b056dc-4030-40d3-913b-f86347c7db23.png""}",5,,,2023-07-25 02:08:19 UTC,2023-08-21 14:05:38 UTC
90990345,19171,22318,114779,"{""images"":""Deci44100_CCES_010_1222.png"",""sounds"":""Deci44100_CCES_010_1222.mp3"",""subject_id"":""Deci44100_CCES_010_1222"",""#feedback_1_id"":""1"",""#training_subject"":""true"",""#feedback_1_answer"":""1"",""#feedback_1_failureMessage"":""Not quite. The horizontal lines and stronger (brighter colors) low frequency noise are a clear signs of a ship."",""#feedback_1_successMessage"":""Correct! The horizontal lines and stronger (brighter colors) low frequency noise are a clear signs of a ship.""}","{""0"":""https://panoptes-uploads.zooniverse.org/subject_location/5dc493db-c2c1-4684-afbc-ad0cee9a8be9.mpga"",""1"":""https://panoptes-uploads.zooniverse.org/subject_location/8ef3e586-57a9-4b4b-844a-dde053407787.png""}",3,,,2023-07-25 02:08:19 UTC,2023-08-21 14:05:37 UTC
90990346,19171,22318,114779,"{""images"":""Deci44100_CCES_010_1289.png"",""sounds"":""Deci44100_CCES_010_1289.mp3"",""subject_id"":""Deci44100_CCES_010_1289"",""#feedback_1_id"":""1"",""#training_subject"":""true"",""#feedback_1_answer"":""1"",""#feedback_1_failureMessage"":""Not quite. The horizontal lines are a clear signs of a ship."",""#feedback_1_successMessage"":""Correct! The horizontal lines are a clear signs of a ship.""}","{""0"":""https://panoptes-uploads.zooniverse.org/subject_location/b867fd91-a757-4e26-97a6-2c79f159177e.mpga"",""1"":""https://panoptes-uploads.zooniverse.org/subject_location/99d75ede-3593-44df-a1ca-442acc732669.png""}",1,,,2023-07-25 02:08:20 UTC,2023-08-21 14:05:37 UTC
90990347,19171,22318,114779,"{""images"":""Deci44100_CCES_010_1293.png"",""sounds"":""Deci44100_CCES_010_1293.mp3"",""subject_id"":""Deci44100_CCES_010_1293"",""#feedback_1_id"":""1"",""#training_subject"":""true"",""#feedback_1_answer"":""2"",""#feedback_1_failureMessage"":""Not quite. There are some faint humpback whale calls mixed in with ship noise."",""#feedback_1_successMessage"":""Correct! There are some faint humpback whale calls mixed in with ship noise.""}","{""0"":""https://panoptes-uploads.zooniverse.org/subject_location/215c06d4-096e-41dc-980e-2cd26f4c7c81.mpga"",""1"":""https://panoptes-uploads.zooniverse.org/subject_location/ce3b507d-7f96-4fa1-adee-2bcc1a74da74.png""}",5,,,2023-07-25 02:08:21 UTC,2023-08-21 14:05:37 UTC
90990348,19171,22318,114779,"{""images"":""Deci44100_CCES_010_1306.png"",""sounds"":""Deci44100_CCES_010_1306.mp3"",""subject_id"":""Deci44100_CCES_010_1306"",""#feedback_1_id"":""1"",""#training_subject"":""true"",""#feedback_1_answer"":""2"",""#feedback_1_failureMessage"":""Not quite. There are some faint humpback whale calls mixed in with ship noise."",""#feedback_1_successMessage"":""Correct! There are some faint humpback whale calls mixed in with ship noise.""}","{""0"":""https://panoptes-uploads.zooniverse.org/subject_location/01831e5a-1808-4f68-b3d0-58ae7ff9a756.mpga"",""1"":""https://panoptes-uploads.zooniverse.org/subject_location/4812085f-d890-4346-a184-21e4eb6c6137.png""}",6,,,2023-07-25 02:08:21 UTC,2023-08-21 14:05:36 UTC
90990349,19171,22318,114779,"{""images"":""Deci44100_CCES_010_1318.png"",""sounds"":""Deci44100_CCES_010_1318.mp3"",""subject_id"":""Deci44100_CCES_010_1318"",""#feedback_1_id"":""1"",""#training_subject"":""true"",""#feedback_1_answer"":""2"",""#feedback_1_failureMessage"":""Not quite. There is strong, repetitive ship noise with faint humpback calls below 500 Hz."",""#feedback_1_successMessage"":""Correct! There is strong, repetitive ship noise with faint humpback calls below 500 Hz.""}","{""0"":""https://panoptes-uploads.zooniverse.org/subject_location/edc0ac59-a7b6-4be0-8e98-385a1aa5bf8f.mpga"",""1"":""https://panoptes-uploads.zooniverse.org/subject_location/d4242ecd-7f1d-4a13-9db4-83ceb57ebd23.png""}",3,,,2023-07-25 02:08:22 UTC,2023-08-21 14:05:36 UTC
90990350,19171,22318,114779,"{""images"":""Deci44100_CCES_010_1343.png"",""sounds"":""Deci44100_CCES_010_1343.mp3"",""subject_id"":""Deci44100_CCES_010_1343"",""#feedback_1_id"":""1"",""#training_subject"":""true"",""#feedback_1_answer"":""2"",""#feedback_1_failureMessage"":""Not quite. Humpback whales are calling throughout the clip, and a horizontal line at 250 Hz (low humming) indicates a ship was also present."",""#feedback_1_successMessage"":""Correct! Humpback whales are calling throughout the clip, and a horizontal line at 250 Hz (low humming) indicates a ship was also present.""}","{""0"":""https://panoptes-uploads.zooniverse.org/subject_location/993ec48a-92c8-4494-bc1f-d4881710daec.mpga"",""1"":""https://panoptes-uploads.zooniverse.org/subject_location/ff3a75f3-2fd9-4e44-aba2-88f227d4fec5.png""}",4,,,2023-07-25 02:08:23 UTC,2023-08-21 14:05:36 UTC
90990351,19171,22318,114779,"{""images"":""Deci44100_CCES_010_1349.png"",""sounds"":""Deci44100_CCES_010_1349.mp3"",""subject_id"":""Deci44100_CCES_010_1349"",""#feedback_1_id"":""1"",""#training_subject"":""true"",""#feedback_1_answer"":""2"",""#feedback_1_failureMessage"":""Not quite. Humpback whales are calling throughout the clip, and a clear horizontal line below 200 Hz (low humming) indicates the presence of a ship."",""#feedback_1_successMessage"":""Correct! Humpback whales are calling throughout the clip, and a clear horizontal line below 200 Hz (low humming) indicates the presence of a ship.""}","{""0"":""https://panoptes-uploads.zooniverse.org/subject_location/75bd7c75-323e-49a7-8d66-5a64e7ea74e1.mpga"",""1"":""https://panoptes-uploads.zooniverse.org/subject_location/e904246d-b4bf-497e-ab09-da7a1d3256fc.png""}",6,,,2023-07-25 02:08:24 UTC,2023-08-21 14:05:36 UTC
90990352,19171,22318,114779,"{""images"":""Deci44100_CCES_010_1608.png"",""sounds"":""Deci44100_CCES_010_1608.mp3"",""subject_id"":""Deci44100_CCES_010_1608"",""#feedback_1_id"":""1"",""#training_subject"":""true"",""#feedback_1_answer"":""2"",""#feedback_1_failureMessage"":""Not quite. Humpback whale calls occur throughout the clip. The horizontal line around 900 Hz and low frequency repetitive sounds indicate the presence of a ship."",""#feedback_1_successMessage"":""Correct! Humpback whale calls occur throughout the clip. The horizontal line around 900 Hz and low frequency repetitive sounds indicate the presence of a ship.""}","{""0"":""https://panoptes-uploads.zooniverse.org/subject_location/cbcad626-7717-41d2-8281-7118f9a22304.mpga"",""1"":""https://panoptes-uploads.zooniverse.org/subject_location/d8a1e790-3bad-42b8-adfd-fef553cc0559.png""}",1,,,2023-07-25 02:08:24 UTC,2023-08-21 14:05:35 UTC
90990353,19171,22318,114779,"{""images"":""Deci44100_CCES_010_189.png"",""sounds"":""Deci44100_CCES_010_189.mp3"",""subject_id"":""Deci44100_CCES_010_189"",""#feedback_1_id"":""1"",""#training_subject"":""true"",""#feedback_1_answer"":""2"",""#feedback_1_failureMessage"":""Not quite. The constant horizontal line around 400 Hz indicates a ship, and humpback calls are present between 100-1000 Hz after 10 seconds."",""#feedback_1_successMessage"":""Correct! The constant horizontal line around 400 Hz indicates a ship, and humpback calls are present between 100-1000 Hz after 10 seconds.""}","{""0"":""https://panoptes-uploads.zooniverse.org/subject_location/c1782d44-747a-48df-982c-42b17cd21dce.mpga"",""1"":""https://panoptes-uploads.zooniverse.org/subject_location/1686ba0c-c12c-4c00-b091-dde777e3fc91.png""}",2,,,2023-07-25 02:08:25 UTC,2023-08-21 14:05:35 UTC
90990354,19171,22318,114779,"{""images"":""Deci44100_CCES_010_2383.png"",""sounds"":""Deci44100_CCES_010_2383.mp3"",""subject_id"":""Deci44100_CCES_010_2383"",""#feedback_1_id"":""1"",""#training_subject"":""true"",""#feedback_1_answer"":""2"",""#feedback_1_failureMessage"":""Not quite.  The low-frequency, repetitive noise indicates the presence of a ship. Humpback whales are also calling throughout this clip."",""#feedback_1_successMessage"":""Correct! The low-frequency, repetitive noise indicates the presence of a ship. Humpback whales are also calling throughout this clip.""}","{""0"":""https://panoptes-uploads.zooniverse.org/subject_location/92a86f61-bd6d-412b-ba65-5162251ff57f.mpga"",""1"":""https://panoptes-uploads.zooniverse.org/subject_location/9ebb6589-67c3-4944-ae0e-6f4693c85756.png""}",2,,,2023-07-25 02:08:25 UTC,2023-08-21 14:05:35 UTC
90990355,19171,22318,114779,"{""images"":""Deci44100_CCES_010_2437.png"",""sounds"":""Deci44100_CCES_010_2437.mp3"",""subject_id"":""Deci44100_CCES_010_2437"",""#feedback_1_id"":""1"",""#training_subject"":""true"",""#feedback_1_answer"":""2"",""#feedback_1_failureMessage"":""Not quite. Correct! The low-frequency, repetitive noise indicates the presence of a ship. Humpback whales are also calling throughout this clip."",""#feedback_1_successMessage"":""Correct! The low-frequency, repetitive noise indicates the presence of a ship. Humpback whales are also calling in the first 5 seconds of this clip.""}","{""0"":""https://panoptes-uploads.zooniverse.org/subject_location/0795ceab-4fa9-4f7f-b97b-97b23031e758.mpga"",""1"":""https://panoptes-uploads.zooniverse.org/subject_location/de3a8771-5c0b-46cc-bc5f-ae28acc8b239.png""}",1,,,2023-07-25 02:08:26 UTC,2023-08-21 14:05:34 UTC
90990356,19171,22318,114779,"{""images"":""Deci44100_CCES_010_2516.png"",""sounds"":""Deci44100_CCES_010_2516.mp3"",""subject_id"":""Deci44100_CCES_010_2516"",""#feedback_1_id"":""1"",""#training_subject"":""true"",""#feedback_1_answer"":""2"",""#feedback_1_failureMessage"":""Not quite. The low-frequency bad of noise indicates the presence of a ship. Two clear humpback whale calls are present in the middle of the clip."",""#feedback_1_successMessage"":""Correct! The low-frequency bad of noise indicates the presence of a ship. Two clear humpback whale calls are present in the middle of the clip.""}","{""0"":""https://panoptes-uploads.zooniverse.org/subject_location/45ecc921-44bd-418e-a5ab-780ffeee44a9.mpga"",""1"":""https://panoptes-uploads.zooniverse.org/subject_location/20cad253-10eb-44a1-8090-ef8815f94271.png""}",3,,,2023-07-25 02:08:26 UTC,2023-08-21 14:05:34 UTC
90990357,19171,22318,114779,"{""images"":""Deci44100_CCES_010_2544.png"",""sounds"":""Deci44100_CCES_010_2544.mp3"",""subject_id"":""Deci44100_CCES_010_2544"",""#feedback_1_id"":""1"",""#training_subject"":""true"",""#feedback_1_answer"":""3"",""#feedback_1_failureMessage"":""Not quite. There are no ships or humpback whales here."",""#feedback_1_successMessage"":""Correct! There are no ships or humpback whales here.""}","{""0"":""https://panoptes-uploads.zooniverse.org/subject_location/402201d9-3a8b-4d1f-8291-2f620ced59dc.mpga"",""1"":""https://panoptes-uploads.zooniverse.org/subject_location/37cf3821-dce6-495b-bcb3-9c182e92dd2e.png""}",3,,,2023-07-25 02:08:27 UTC,2023-08-21 14:05:34 UTC
90990358,19171,22318,114779,"{""images"":""Deci44100_CCES_010_2562.png"",""sounds"":""Deci44100_CCES_010_2562.mp3"",""subject_id"":""Deci44100_CCES_010_2562"",""#feedback_1_id"":""1"",""#training_subject"":""true"",""#feedback_1_answer"":""3"",""#feedback_1_failureMessage"":""Not quite! There are no ships or humpback whales here, although it does sound like something may have bounced against the recorder."",""#feedback_1_successMessage"":""Correct! There are no ships or humpback whales here, although it does sound like something may have bounced against the recorder.""}","{""0"":""https://panoptes-uploads.zooniverse.org/subject_location/d5453e43-770b-4310-93d3-909cd6411ccf.mpga"",""1"":""https://panoptes-uploads.zooniverse.org/subject_location/76d54713-aff4-42b5-b7f8-490134104f74.png""}",4,,,2023-07-25 02:08:28 UTC,2023-08-21 14:05:33 UTC
90990359,19171,22318,114779,"{""images"":""Deci44100_CCES_010_3149.png"",""sounds"":""Deci44100_CCES_010_3149.mp3"",""subject_id"":""Deci44100_CCES_010_3149"",""#feedback_1_id"":""1"",""#training_subject"":""true"",""#feedback_1_answer"":""3"",""#feedback_1_failureMessage"":""Not quite. There are no ships or humpback whales here"",""#feedback_1_successMessage"":""Correct! There are no ships or humpback whales here""}","{""0"":""https://panoptes-uploads.zooniverse.org/subject_location/c50b4a18-2789-4928-977e-342f95ac2cca.mpga"",""1"":""https://panoptes-uploads.zooniverse.org/subject_location/011424ea-63db-4f00-88da-d6ec47d71fab.png""}",5,,,2023-07-25 02:08:29 UTC,2023-08-21 14:05:33 UTC
90990360,19171,22318,114779,"{""images"":""Deci44100_CCES_010_3269.png"",""sounds"":""Deci44100_CCES_010_3269.mp3"",""subject_id"":""Deci44100_CCES_010_3269"",""#feedback_1_id"":""1"",""#training_subject"":""true"",""#feedback_1_answer"":""3"",""#feedback_1_failureMessage"":""Not quite. There are no ships or humpback whales here"",""#feedback_1_successMessage"":""Correct! There are no ships or humpback whales here""}","{""0"":""https://panoptes-uploads.zooniverse.org/subject_location/b78a79fb-6b2e-4ac2-8899-2693f5855fc8.mpga"",""1"":""https://panoptes-uploads.zooniverse.org/subject_location/78d9ee45-00f0-49e7-bee9-bccdd2d3f485.png""}",2,,,2023-07-25 02:08:30 UTC,2023-08-21 14:05:33 UTC
90990361,19171,22318,114779,"{""images"":""Deci44100_CCES_010_3893.png"",""sounds"":""Deci44100_CCES_010_3893.mp3"",""subject_id"":""Deci44100_CCES_010_3893"",""#feedback_1_id"":""1"",""#training_subject"":""true"",""#feedback_1_answer"":""3"",""#feedback_1_failureMessage"":""Not quite. There's some intense echolocation activity here, but no humpback whales or ships."",""#feedback_1_successMessage"":""Correct! There's some intense echolocation activity here, but no humpback whales or ships.""}","{""0"":""https://panoptes-uploads.zooniverse.org/subject_location/c79a16e0-3b5d-4ecb-b353-1d56788c5c61.mpga"",""1"":""https://panoptes-uploads.zooniverse.org/subject_location/d250dae4-3a6d-4ed8-a131-e02fcec9cf49.png""}",1,,,2023-07-25 02:08:31 UTC,2023-08-21 14:05:33 UTC
90990362,19171,22318,114779,"{""images"":""Deci44100_CCES_010_3951.png"",""sounds"":""Deci44100_CCES_010_3951.mp3"",""subject_id"":""Deci44100_CCES_010_3951"",""#feedback_1_id"":""1"",""#training_subject"":""true"",""#feedback_1_answer"":""3"",""#feedback_1_failureMessage"":""Not quite. There are no clear ships or humpback whales here."",""#feedback_1_successMessage"":""Correct! There are no clear ships or humpback whales here.""}","{""0"":""https://panoptes-uploads.zooniverse.org/subject_location/b6fdec45-0f4c-4275-af6b-92c8bb1ba6e6.mpga"",""1"":""https://panoptes-uploads.zooniverse.org/subject_location/268af77a-5a28-447d-99a9-385a4fddbd16.png""}",1,,,2023-07-25 02:08:32 UTC,2023-08-21 14:05:32 UTC
90990363,19171,22318,114779,"{""images"":""Deci44100_CCES_010_4070.png"",""sounds"":""Deci44100_CCES_010_4070.mp3"",""subject_id"":""Deci44100_CCES_010_4070"",""#feedback_1_id"":""1"",""#training_subject"":""true"",""#feedback_1_answer"":""3"",""#feedback_1_failureMessage"":""Not quite. There are no clear ships or humpback whales here."",""#feedback_1_successMessage"":""Correct! There are no clear ships or humpback whales here.""}","{""0"":""https://panoptes-uploads.zooniverse.org/subject_location/1010b7d3-5cfb-4307-9d14-3a9993db3cf6.mpga"",""1"":""https://panoptes-uploads.zooniverse.org/subject_location/bee94e28-d286-40fc-b5da-0b8774d04a8c.png""}",2,,,2023-07-25 02:08:32 UTC,2023-08-21 14:05:32 UTC
90990364,19171,22318,114779,"{""images"":""Deci44100_CCES_010_4112.png"",""sounds"":""Deci44100_CCES_010_4112.mp3"",""subject_id"":""Deci44100_CCES_010_4112"",""#feedback_1_id"":""1"",""#training_subject"":""true"",""#feedback_1_answer"":""3"",""#feedback_1_failureMessage"":""Not quite. A faint horizontal line toward the end of the clip may be from a ship, but it's really not clear enough to be sure."",""#feedback_1_successMessage"":""Correct! There are no clear ships or humpback whales here.""}","{""0"":""https://panoptes-uploads.zooniverse.org/subject_location/103327ba-ecd6-4cd8-b423-4b9d2d0ba953.mpga"",""1"":""https://panoptes-uploads.zooniverse.org/subject_location/f3002103-981f-466c-a019-6155f735b5e1.png""}",2,,,2023-07-25 02:08:33 UTC,2023-08-21 14:05:32 UTC
90990365,19171,22318,114779,"{""images"":""Deci44100_CCES_010_4116.png"",""sounds"":""Deci44100_CCES_010_4116.mp3"",""subject_id"":""Deci44100_CCES_010_4116"",""#feedback_1_id"":""1"",""#training_subject"":""true"",""#feedback_1_answer"":""3"",""#feedback_1_failureMessage"":""Not quite. There are no clear ships or humpback whales here."",""#feedback_1_successMessage"":""Correct! There are no clear ships or humpback whales here.""}","{""0"":""https://panoptes-uploads.zooniverse.org/subject_location/497ac37b-5595-4ae6-8451-4053c16304f1.mpga"",""1"":""https://panoptes-uploads.zooniverse.org/subject_location/f8d3d7a4-79ea-47ed-a82d-19fa262dc42c.png""}",2,,,2023-07-25 02:08:34 UTC,2023-08-21 14:05:31 UTC
90990366,19171,22318,114779,"{""images"":""Deci44100_CCES_010_422.png"",""sounds"":""Deci44100_CCES_010_422.mp3"",""subject_id"":""Deci44100_CCES_010_422"",""#feedback_1_id"":""1"",""#training_subject"":""true"",""#feedback_1_answer"":""3"",""#feedback_1_failureMessage"":""Not quite. There are no clear ships or humpback whales here."",""#feedback_1_successMessage"":""Correct! There are no clear ships or humpback whales here.""}","{""0"":""https://panoptes-uploads.zooniverse.org/subject_location/5cef4315-9c94-4d73-b165-dbabbb476ffa.mpga"",""1"":""https://panoptes-uploads.zooniverse.org/subject_location/4701fea2-6725-4021-95eb-14b28e9ef4f6.png""}",4,,,2023-07-25 02:08:35 UTC,2023-08-21 14:05:31 UTC
90990367,19171,22318,114779,"{""images"":""Deci44100_CCES_010_4275.png"",""sounds"":""Deci44100_CCES_010_4275.mp3"",""subject_id"":""Deci44100_CCES_010_4275"",""#feedback_1_id"":""1"",""#training_subject"":""true"",""#feedback_1_answer"":""3"",""#feedback_1_failureMessage"":""Not quite. While the faint horizontal line may indicate a ship, there's no clear ship noise present."",""#feedback_1_successMessage"":""Correct! While the faint horizontal line may indicate a ship, there's no clear ship noise present.""}","{""0"":""https://panoptes-uploads.zooniverse.org/subject_location/9dd313b7-e446-4f9b-976a-79ffba8e4a92.mpga"",""1"":""https://panoptes-uploads.zooniverse.org/subject_location/37d46548-5600-4e1a-a721-91f64fcae923.png""}",1,,,2023-07-25 02:08:36 UTC,2023-08-21 14:05:31 UTC
90990368,19171,22318,114779,"{""images"":""Deci44100_CCES_010_4340.png"",""sounds"":""Deci44100_CCES_010_4340.mp3"",""subject_id"":""Deci44100_CCES_010_4340"",""#feedback_1_id"":""1"",""#training_subject"":""true"",""#feedback_1_answer"":""4"",""#feedback_1_failureMessage"":""This one is not easy! The horizontal line might be from a ship, but without more context even our experts weren't sure."",""#feedback_1_successMessage"":""This one is not easy! The horizontal line might be from a ship, but without more context even our experts weren't sure.""}","{""0"":""https://panoptes-uploads.zooniverse.org/subject_location/d8f1bc82-e131-422a-bf11-870b50655765.mpga"",""1"":""https://panoptes-uploads.zooniverse.org/subject_location/e903f3d0-ac0a-4596-92f5-2426990f7717.png""}",1,,,2023-07-25 02:08:37 UTC,2023-08-21 14:05:30 UTC
90990369,19171,22318,114779,"{""images"":""Deci44100_CCES_010_544.png"",""sounds"":""Deci44100_CCES_010_544.mp3"",""subject_id"":""Deci44100_CCES_010_544"",""#feedback_1_id"":""1"",""#training_subject"":""true"",""#feedback_1_answer"":""4"",""#feedback_1_failureMessage"":""This one is not easy! It sort of looks and sounds like a ship, but without more context even our experts weren't sure."",""#feedback_1_successMessage"":""This one is not easy! It sort of looks and sounds like a ship, but without more context even our experts weren't sure.""}","{""0"":""https://panoptes-uploads.zooniverse.org/subject_location/0d3c46cc-039c-478b-9de3-9756c54548e4.mpga"",""1"":""https://panoptes-uploads.zooniverse.org/subject_location/7029ef0e-6e03-400a-a43d-772ff2c805d6.png""}",2,,,2023-07-25 02:08:38 UTC,2023-08-21 14:05:30 UTC
90990370,19171,22318,114779,"{""images"":""Deci44100_CCES_010_88.png"",""sounds"":""Deci44100_CCES_010_88.mp3"",""subject_id"":""Deci44100_CCES_010_88"",""#feedback_1_id"":""1"",""#training_subject"":""true"",""#feedback_1_answer"":""4"",""#feedback_1_failureMessage"":""This one is not easy! The faint horizontal line might be from a ship, but without more context even our experts weren't sure."",""#feedback_1_successMessage"":""This one is not easy! The faint horizontal line might be from a ship, but without more context even our experts weren't sure.""}","{""0"":""https://panoptes-uploads.zooniverse.org/subject_location/585cfcb4-7cc0-4c31-8b28-712202590e77.mpga"",""1"":""https://panoptes-uploads.zooniverse.org/subject_location/5317576a-98d2-4144-886a-9f50eba20d4b.png""}",6,,,2023-07-25 02:08:39 UTC,2023-08-21 14:05:30 UTC
90990371,19171,22318,114779,"{""images"":""Deci44100_CCES_010_926.png"",""sounds"":""Deci44100_CCES_010_926.mp3"",""subject_id"":""Deci44100_CCES_010_926"",""#feedback_1_id"":""1"",""#training_subject"":""true"",""#feedback_1_answer"":""4"",""#feedback_1_failureMessage"":""We're not sure. The faint horizontal line might be from a ship, but without more context, even our experts weren't sure. This one is not easy!"",""#feedback_1_successMessage"":""We're not sure. The faint horizontal line might be from a ship, but without more context, even our experts weren't sure. This one is not easy!""}","{""0"":""https://panoptes-uploads.zooniverse.org/subject_location/49428040-5a93-4793-a8d0-1f436a98f95e.mpga"",""1"":""https://panoptes-uploads.zooniverse.org/subject_location/e30b0355-e500-4124-b903-e1bcfd7eeede.png""}",4,,,2023-07-25 02:08:40 UTC,2023-08-21 14:05:30 UTC
107507592,19171,,126893,"{""Filename"":""CalCurCeas_001_20240818_0100.png""}","{""0"":""https://panoptes-uploads.zooniverse.org/subject_location/330e3987-d92a-4f0b-bb27-4eacd86d1183.png""}",0,,,2025-03-19 19:47:15 UTC,2025-03-19 19:47:15 UTC
107507593,19171,,126893,"{""Filename"":""CalCurCeas_001_20240818_0000.png""}","{""0"":""https://panoptes-uploads.zooniverse.org/subject_location/ed241e8e-032f-474e-8287-35f98957aaf6.png""}",0,,,2025-03-19 19:47:16 UTC,2025-03-19 19:47:16 UTC
107507594,19171,,126893,"{""Filename"":""CalCurCeas_001_20240817_2300.png""}","{""0"":""https://panoptes-uploads.zooniverse.org/subject_location/a2997c8b-6de0-4f4f-ae28-16b8231c2300.png""}",0,,,2025-03-19 19:47:17 UTC,2025-03-19 19:47:17 UTC
107507595,19171,,126893,"{""Filename"":""CalCurCeas_001_20240817_2200.png""}","{""0"":""https://panoptes-uploads.zooniverse.org/subject_location/347a9a02-9c5b-4ae9-aaec-46a47ed6051d.png""}",0,,,2025-03-19 19:47:17 UTC,2025-03-19 19:47:17 UTC
107507596,19171,,126893,"{""Filename"":""CalCurCeas_001_20240817_2000.png""}","{""0"":""https://panoptes-uploads.zooniverse.org/subject_location/64de8316-43d7-428c-9c0d-884452dcb8ad.png""}",0,,,2025-03-19 19:47:17 UTC,2025-03-19 19:47:17 UTC
107507597,19171,,126893,"{""Filename"":""CalCurCeas_001_20240817_2100.png""}","{""0"":""https://panoptes-uploads.zooniverse.org/subject_location/3dda63b7-72e4-4de6-b169-f6849bfb9dab.png""}",0,,,2025-03-19 19:47:18 UTC,2025-03-19 19:47:18 UTC
107507598,19171,,126893,"{""Filename"":""CalCurCeas_001_20240817_1900.png""}","{""0"":""https://panoptes-uploads.zooniverse.org/subject_location/45d942e3-6ff2-45a4-8257-27a254ae4608.png""}",0,,,2025-03-19 19:47:18 UTC,2025-03-19 19:47:18 UTC
107507795,19171,,126893,"{""Filename"":""CalCurCeas_001_20240823_0200.png""}","{""0"":""https://panoptes-uploads.zooniverse.org/subject_location/73fd2952-c4a4-4417-ba9a-dee0f10df96e.png""}",0,,,2025-03-19 20:00:29 UTC,2025-03-19 20:00:29 UTC
107507796,19171,,126893,"{""Filename"":""CalCurCeas_001_20240820_0900.png""}","{""0"":""https://panoptes-uploads.zooniverse.org/subject_location/522ca7b6-a4a9-451d-bb1c-7d9da0c9e8b1.png""}",0,,,2025-03-19 20:00:30 UTC,2025-03-19 20:00:30 UTC
107507797,19171,,126893,"{""Filename"":""CalCurCeas_001_20240823_0100.png""}","{""0"":""https://panoptes-uploads.zooniverse.org/subject_location/2615af67-afd8-42f9-b142-13f768f88877.png""}",0,,,2025-03-19 20:00:30 UTC,2025-03-19 20:00:30 UTC
107507798,19171,,126893,"{""Filename"":""CalCurCeas_001_20240821_0300.png""}","{""0"":""https://panoptes-uploads.zooniverse.org/subject_location/65d1f2fe-8cca-4177-a040-5b16f4761c9d.png""}",0,,,2025-03-19 20:00:30 UTC,2025-03-19 20:00:30 UTC
107507799,19171,,126893,"{""Filename"":""CalCurCeas_001_20240818_0200.png""}","{""0"":""https://panoptes-uploads.zooniverse.org/subject_location/0cf64cb1-6d0e-49bf-84e0-51fd78cb9dc0.png""}",0,,,2025-03-19 20:00:31 UTC,2025-03-19 20:00:31 UTC
107507800,19171,,126893,"{""Filename"":""CalCurCeas_001_20240818_0100.png""}","{""0"":""https://panoptes-uploads.zooniverse.org/subject_location/c497d6c1-f2dd-42f8-ad3f-362e23dd2e34.png""}",0,,,2025-03-19 20:00:31 UTC,2025-03-19 20:00:31 UTC
107912618,19171,28567,127086,"{""Filename"":""CalCurCeas_023_00241028_0100.png""}","{""0"":""https://panoptes-uploads.zooniverse.org/subject_location/8abe8948-a97a-46b5-a68f-50ca82821840.png""}",5,2025-04-13 09:21:04 UTC,classification_count,2025-04-01 18:00:50 UTC,2025-04-01 18:00:50 UTC
107912619,19171,28567,127086,"{""Filename"":""CalCurCeas_023_00241028_0200.png""}","{""0"":""https://panoptes-uploads.zooniverse.org/subject_location/f7b9f314-c88d-48e3-92c6-fa6a8d325b2e.png""}",5,2025-04-11 23:05:45 UTC,classification_count,2025-04-01 18:00:51 UTC,2025-04-01 18:00:51 UTC
107912620,19171,28567,127086,"{""Filename"":""CalCurCeas_023_00241028_0300.png""}","{""0"":""https://panoptes-uploads.zooniverse.org/subject_location/865e3b54-5921-47dd-a271-8ee2e6fb9aef.png""}",5,2025-04-11 16:17:09 UTC,classification_count,2025-04-01 18:00:51 UTC,2025-04-01 18:00:51 UTC
107912621,19171,28567,127086,"{""Filename"":""CalCurCeas_023_00241028_0400.png""}","{""0"":""https://panoptes-uploads.zooniverse.org/subject_location/b9107032-de98-42dc-a42c-b603a699939b.png""}",5,2025-04-11 04:37:42 UTC,classification_count,2025-04-01 18:00:51 UTC,2025-04-01 18:00:51 UTC
107912622,19171,28567,127086,"{""Filename"":""CalCurCeas_023_00241028_0500.png""}","{""0"":""https://panoptes-uploads.zooniverse.org/subject_location/54e67453-4081-4d3c-9248-becf233a2e04.png""}",5,2025-04-11 20:41:51 UTC,classification_count,2025-04-01 18:00:52 UTC,2025-04-01 18:00:52 UTC
107912623,19171,28567,127086,"{""Filename"":""CalCurCeas_023_00241028_0600.png""}","{""0"":""https://panoptes-uploads.zooniverse.org/subject_location/e6e48dc8-befe-41a4-9c02-5645629c3c43.png""}",5,2025-04-12 04:30:52 UTC,classification_count,2025-04-01 18:00:52 UTC,2025-04-01 18:00:52 UTC
107912624,19171,28567,127086,"{""Filename"":""CalCurCeas_023_00241028_0700.png""}","{""0"":""https://panoptes-uploads.zooniverse.org/subject_location/ea13ebf2-398d-4695-b587-8cbae736fad7.png""}",5,2025-04-11 03:13:18 UTC,classification_count,2025-04-01 18:00:52 UTC,2025-04-01 18:00:52 UTC
107912625,19171,28567,127086,"{""Filename"":""CalCurCeas_023_00241028_0800.png""}","{""0"":""https://panoptes-uploads.zooniverse.org/subject_location/5c0dc05e-d026-490f-b180-81fa25396ee9.png""}",5,2025-04-11 06:48:59 UTC,classification_count,2025-04-01 18:00:53 UTC,2025-04-01 18:00:53 UTC
107912626,19171,28567,127086,"{""Filename"":""CalCurCeas_023_00241028_0900.png""}","{""0"":""https://panoptes-uploads.zooniverse.org/subject_location/582c1254-6675-4fd4-832b-1e4b74ff657a.png""}",5,2025-04-11 16:16:31 UTC,classification_count,2025-04-01 18:00:53 UTC,2025-04-01 18:00:53 UTC
107912627,19171,28567,127086,"{""Filename"":""CalCurCeas_023_00241028_1000.png""}","{""0"":""https://panoptes-uploads.zooniverse.org/subject_location/6063e352-b3f5-46ff-b61c-0ef1adf60500.png""}",6,2025-04-10 22:38:56 UTC,classification_count,2025-04-01 18:00:53 UTC,2025-04-01 18:00:53 UTC
107912628,19171,28567,127086,"{""Filename"":""CalCurCeas_023_00241028_1100.png""}","{""0"":""https://panoptes-uploads.zooniverse.org/subject_location/17b46914-4cb1-4f58-b974-f693bf94782f.png""}",5,2025-04-11 17:28:51 UTC,classification_count,2025-04-01 18:00:54 UTC,2025-04-01 18:00:54 UTC
107912629,19171,28567,127086,"{""Filename"":""CalCurCeas_023_00241028_1200.png""}","{""0"":""https://panoptes-uploads.zooniverse.org/subject_location/64e0b9ea-1051-45b4-a750-344cd15ae402.png""}",6,2025-04-10 22:39:59 UTC,classification_count,2025-04-01 18:00:54 UTC,2025-04-01 18:00:54 UTC
107912630,19171,28567,127086,"{""Filename"":""CalCurCeas_023_00241028_1300.png""}","{""0"":""https://panoptes-uploads.zooniverse.org/subject_location/4bf467c7-5183-440b-a909-a2ed15797725.png""}",5,2025-04-11 20:38:56 UTC,classification_count,2025-04-01 18:00:54 UTC,2025-04-01 18:00:54 UTC
107912631,19171,28567,127086,"{""Filename"":""CalCurCeas_023_00241028_1400.png""}","{""0"":""https://panoptes-uploads.zooniverse.org/subject_location/ffeef2a1-9eb3-4f65-915e-e4ba1ba6f6d6.png""}",5,2025-04-11 02:27:10 UTC,classification_count,2025-04-01 18:00:55 UTC,2025-04-01 18:00:55 UTC
107912632,19171,28567,127086,"{""Filename"":""CalCurCeas_023_00241028_1500.png""}","{""0"":""https://panoptes-uploads.zooniverse.org/subject_location/5cdc02c8-6695-438a-ac68-d98aeb2974f1.png""}",5,2025-04-11 17:32:05 UTC,classification_count,2025-04-01 18:00:55 UTC,2025-04-01 18:00:55 UTC
107912633,19171,28567,127086,"{""Filename"":""CalCurCeas_023_00241028_1600.png""}","{""0"":""https://panoptes-uploads.zooniverse.org/subject_location/054958c9-0d7a-4de9-abef-35536eb81de5.png""}",6,2025-04-10 22:38:09 UTC,classification_count,2025-04-01 18:00:55 UTC,2025-04-01 18:00:55 UTC
107912634,19171,28567,127086,"{""Filename"":""CalCurCeas_023_00241028_1700.png""}","{""0"":""https://panoptes-uploads.zooniverse.org/subject_location/a171e061-5f16-46c9-bb5d-52de2d55c1ae.png""}",5,2025-04-11 23:08:06 UTC,classification_count,2025-04-01 18:00:56 UTC,2025-04-01 18:00:56 UTC
107912635,19171,28567,127086,"{""Filename"":""CalCurCeas_023_00241028_1800.png""}","{""0"":""https://panoptes-uploads.zooniverse.org/subject_location/ebe57c92-9845-4a74-901b-ee2a5ae0545f.png""}",5,2025-04-11 08:51:45 UTC,classification_count,2025-04-01 18:00:56 UTC,2025-04-01 18:00:56 UTC
107912636,19171,28567,127086,"{""Filename"":""CalCurCeas_023_00241028_1900.png""}","{""0"":""https://panoptes-uploads.zooniverse.org/subject_location/64d792ec-3140-4c0e-bca5-20b25f266015.png""}",5,2025-04-10 22:30:57 UTC,classification_count,2025-04-01 18:00:56 UTC,2025-04-01 18:00:56 UTC
107912637,19171,28567,127086,"{""Filename"":""CalCurCeas_023_00241028_2000.png""}","{""0"":""https://panoptes-uploads.zooniverse.org/subject_location/7c91238b-e59a-4fd4-8c6e-e130ef7197dc.png""}",5,2025-04-10 22:42:08 UTC,classification_count,2025-04-01 18:00:57 UTC,2025-04-01 18:00:57 UTC
107912638,19171,28567,127086,"{""Filename"":""CalCurCeas_023_00241028_2100.png""}","{""0"":""https://panoptes-uploads.zooniverse.org/subject_location/7a0b2839-6b50-442d-91c6-b6f0e572315a.png""}",5,2025-04-11 17:28:26 UTC,classification_count,2025-04-01 18:00:57 UTC,2025-04-01 18:00:57 UTC
107912639,19171,28567,127086,"{""Filename"":""CalCurCeas_023_00241028_2200.png""}","{""0"":""https://panoptes-uploads.zooniverse.org/subject_location/c809679f-6cc7-47f0-9db9-e9297f634671.png""}",5,2025-04-11 08:51:38 UTC,classification_count,2025-04-01 18:00:57 UTC,2025-04-01 18:00:57 UTC
107912640,19171,28567,127086,"{""Filename"":""CalCurCeas_023_00241028_2300.png""}","{""0"":""https://panoptes-uploads.zooniverse.org/subject_location/e6e13a98-34ac-487e-86ad-0ab4ca1ca922.png""}",5,2025-04-10 22:31:01 UTC,classification_count,2025-04-01 18:00:58 UTC,2025-04-01 18:00:58 UTC
107912641,19171,28567,127086,"{""Filename"":""CalCurCeas_023_00241029_0000.png""}","{""0"":""https://panoptes-uploads.zooniverse.org/subject_location/49e48589-1c21-4be8-8039-48f3c9d47a70.png""}",5,2025-04-11 16:05:45 UTC,classification_count,2025-04-01 18:00:58 UTC,2025-04-01 18:00:58 UTC
107912642,19171,28567,127086,"{""Filename"":""CalCurCeas_023_00241029_0100.png""}","{""0"":""https://panoptes-uploads.zooniverse.org/subject_location/d124af51-9de2-492e-a90e-9c157b492f9d.png""}",5,2025-04-11 04:37:32 UTC,classification_count,2025-04-01 18:00:58 UTC,2025-04-01 18:00:58 UTC
107912643,19171,28567,127086,"{""Filename"":""CalCurCeas_023_00241029_0200.png""}","{""0"":""https://panoptes-uploads.zooniverse.org/subject_location/f80256fe-099e-4abc-a591-66b51ee386cc.png""}",5,2025-04-12 05:37:17 UTC,classification_count,2025-04-01 18:00:59 UTC,2025-04-01 18:00:59 UTC
107912644,19171,28567,127086,"{""Filename"":""CalCurCeas_023_00241029_0300.png""}","{""0"":""https://panoptes-uploads.zooniverse.org/subject_location/b9ccc45b-8043-4917-880e-2a88bc9c4ca4.png""}",5,2025-04-11 04:35:59 UTC,classification_count,2025-04-01 18:00:59 UTC,2025-04-01 18:00:59 UTC
107912645,19171,28567,127086,"{""Filename"":""CalCurCeas_023_00241029_0400.png""}","{""0"":""https://panoptes-uploads.zooniverse.org/subject_location/a3776acb-b618-4af5-af87-658c529e2cb5.png""}",5,2025-04-11 06:50:52 UTC,classification_count,2025-04-01 18:00:59 UTC,2025-04-01 18:00:59 UTC
107912646,19171,28567,127086,"{""Filename"":""CalCurCeas_023_00241029_0500.png""}","{""0"":""https://panoptes-uploads.zooniverse.org/subject_location/42ec724b-a86d-4cb8-ac8f-598417ed4663.png""}",6,2025-04-10 22:37:19 UTC,classification_count,2025-04-01 18:01:00 UTC,2025-04-01 18:01:00 UTC
107912647,19171,28567,127086,"{""Filename"":""CalCurCeas_023_00241029_0600.png""}","{""0"":""https://panoptes-uploads.zooniverse.org/subject_location/e01950e2-a354-4e29-9d1f-a137e382ff73.png""}",6,2025-04-11 03:20:19 UTC,classification_count,2025-04-01 18:01:00 UTC,2025-04-01 18:01:00 UTC
107912648,19171,28567,127086,"{""Filename"":""CalCurCeas_023_00241029_0700.png""}","{""0"":""https://panoptes-uploads.zooniverse.org/subject_location/60428bb3-048b-45b5-a622-be2fb604fd89.png""}",5,2025-04-12 00:44:16 UTC,classification_count,2025-04-01 18:01:00 UTC,2025-04-01 18:01:00 UTC
107912649,19171,28567,127086,"{""Filename"":""CalCurCeas_023_00241029_0800.png""}","{""0"":""https://panoptes-uploads.zooniverse.org/subject_location/5e0585c5-7865-4e17-bb97-3f7ff39f2d6b.png""}",5,2025-04-11 03:18:18 UTC,classification_count,2025-04-01 18:01:01 UTC,2025-04-01 18:01:01 UTC
107912650,19171,28567,127086,"{""Filename"":""CalCurCeas_023_00241029_0900.png""}","{""0"":""https://panoptes-uploads.zooniverse.org/subject_location/e2382b61-b48f-4950-9d7a-bbfae9b373be.png""}",5,2025-04-10 22:38:32 UTC,classification_count,2025-04-01 18:01:01 UTC,2025-04-01 18:01:01 UTC
107912651,19171,28567,127086,"{""Filename"":""CalCurCeas_023_00241029_1000.png""}","{""0"":""https://panoptes-uploads.zooniverse.org/subject_location/2868bdd8-9a95-43ab-aa18-2b995f803e6c.png""}",5,2025-04-14 16:00:34 UTC,classification_count,2025-04-01 18:01:01 UTC,2025-04-01 18:01:01 UTC
107912652,19171,28567,127086,"{""Filename"":""CalCurCeas_023_00241029_1100.png""}","{""0"":""https://panoptes-uploads.zooniverse.org/subject_location/e089b92a-4adb-4338-9153-a876ade7ca35.png""}",5,2025-04-11 16:14:11 UTC,classification_count,2025-04-01 18:01:02 UTC,2025-04-01 18:01:02 UTC
107912653,19171,28567,127086,"{""Filename"":""CalCurCeas_023_00241029_1200.png""}","{""0"":""https://panoptes-uploads.zooniverse.org/subject_location/f714508c-db67-4fc2-a1d8-ea73331309ce.png""}",5,2025-04-11 03:17:59 UTC,classification_count,2025-04-01 18:01:02 UTC,2025-04-01 18:01:02 UTC
107912654,19171,28567,127086,"{""Filename"":""CalCurCeas_023_00241029_1300.png""}","{""0"":""https://panoptes-uploads.zooniverse.org/subject_location/53aa4db7-0b6d-439e-8420-e581aacea06d.png""}",5,2025-04-11 08:51:59 UTC,classification_count,2025-04-01 18:01:03 UTC,2025-04-01 18:01:03 UTC
107912655,19171,28567,127086,"{""Filename"":""CalCurCeas_023_00241029_1400.png""}","{""0"":""https://panoptes-uploads.zooniverse.org/subject_location/b3438cdc-ad41-4acd-8032-fd3084604c49.png""}",5,2025-04-11 16:18:35 UTC,classification_count,2025-04-01 18:01:04 UTC,2025-04-01 18:01:04 UTC
107912656,19171,28567,127086,"{""Filename"":""CalCurCeas_023_00241029_1500.png""}","{""0"":""https://panoptes-uploads.zooniverse.org/subject_location/722dc968-298a-4d4a-9856-51ae859a07a6.png""}",6,2025-04-10 22:42:04 UTC,classification_count,2025-04-01 18:01:04 UTC,2025-04-01 18:01:04 UTC
107912657,19171,28567,127086,"{""Filename"":""CalCurCeas_023_00241029_1600.png""}","{""0"":""https://panoptes-uploads.zooniverse.org/subject_location/b97d2ec3-bbab-4ae7-8345-92eeaeb5ecc8.png""}",5,2025-04-12 00:43:49 UTC,classification_count,2025-04-01 18:01:04 UTC,2025-04-01 18:01:04 UTC
107912658,19171,28567,127086,"{""Filename"":""CalCurCeas_023_00241029_1700.png""}","{""0"":""https://panoptes-uploads.zooniverse.org/subject_location/3ad576aa-6b72-424a-b8a8-b107ae731504.png""}",6,2025-04-11 16:05:26 UTC,classification_count,2025-04-01 18:01:05 UTC,2025-04-01 18:01:05 UTC
107912659,19171,28567,127086,"{""Filename"":""CalCurCeas_023_00241029_1800.png""}","{""0"":""https://panoptes-uploads.zooniverse.org/subject_location/ec28e19d-76a3-437a-81b3-c84a66cafd68.png""}",5,2025-04-13 09:22:43 UTC,classification_count,2025-04-01 18:01:05 UTC,2025-04-01 18:01:05 UTC
107912660,19171,28567,127086,"{""Filename"":""CalCurCeas_023_00241029_1900.png""}","{""0"":""https://panoptes-uploads.zooniverse.org/subject_location/f1890ed0-5092-47cb-aee1-09a00d8b360e.png""}",5,2025-04-11 02:17:36 UTC,classification_count,2025-04-01 18:01:05 UTC,2025-04-01 18:01:05 UTC
107912661,19171,28567,127086,"{""Filename"":""CalCurCeas_023_00241029_2000.png""}","{""0"":""https://panoptes-uploads.zooniverse.org/subject_location/2c49f717-0236-4490-94da-b7627d24fe0f.png""}",5,2025-04-11 04:37:14 UTC,classification_count,2025-04-01 18:01:06 UTC,2025-04-01 18:01:06 UTC
107912662,19171,28567,127086,"{""Filename"":""CalCurCeas_023_00241029_2100.png""}","{""0"":""https://panoptes-uploads.zooniverse.org/subject_location/2c70df04-d986-4568-b46b-dd9df1392944.png""}",5,2025-04-12 04:31:25 UTC,classification_count,2025-04-01 18:01:06 UTC,2025-04-01 18:01:06 UTC
107912663,19171,28567,127086,"{""Filename"":""CalCurCeas_023_00241029_2200.png""}","{""0"":""https://panoptes-uploads.zooniverse.org/subject_location/9f171010-18c9-4af7-a935-1a55f380a017.png""}",5,2025-04-11 02:19:42 UTC,classification_count,2025-04-01 18:01:06 UTC,2025-04-01 18:01:06 UTC
107912664,19171,28567,127086,"{""Filename"":""CalCurCeas_023_00241029_2300.png""}","{""0"":""https://panoptes-uploads.zooniverse.org/subject_location/68eaea56-0130-47d0-970b-6080dd763494.png""}",5,2025-04-11 03:18:42 UTC,classification_count,2025-04-01 18:01:07 UTC,2025-04-01 18:01:07 UTC
107912665,19171,28567,127086,"{""Filename"":""CalCurCeas_023_00241030_0000.png""}","{""0"":""https://panoptes-uploads.zooniverse.org/subject_location/280fff21-2f03-4c1b-ad43-51fef4f7afdc.png""}",5,2025-04-11 23:08:24 UTC,classification_count,2025-04-01 18:01:07 UTC,2025-04-01 18:01:07 UTC
107912666,19171,28567,127086,"{""Filename"":""CalCurCeas_023_00241030_0100.png""}","{""0"":""https://panoptes-uploads.zooniverse.org/subject_location/2a4ee9d3-e158-48ca-913a-37969c58b001.png""}",5,2025-04-12 00:43:55 UTC,classification_count,2025-04-01 18:01:07 UTC,2025-04-01 18:01:07 UTC
107912667,19171,28567,127086,"{""Filename"":""CalCurCeas_023_00241030_0200.png""}","{""0"":""https://panoptes-uploads.zooniverse.org/subject_location/074dd83a-9967-4a2a-956d-348f5531aed3.png""}",5,2025-04-12 04:31:21 UTC,classification_count,2025-04-01 18:01:08 UTC,2025-04-01 18:01:08 UTC
107912668,19171,28567,127086,"{""Filename"":""CalCurCeas_023_00241030_0300.png""}","{""0"":""https://panoptes-uploads.zooniverse.org/subject_location/1494ffbf-31f0-46a0-8348-4427405c7d95.png""}",6,2025-04-08 23:58:01 UTC,classification_count,2025-04-01 18:01:08 UTC,2025-04-01 18:01:08 UTC
107912669,19171,28567,127086,"{""Filename"":""CalCurCeas_023_00241030_0400.png""}","{""0"":""https://panoptes-uploads.zooniverse.org/subject_location/035336be-d012-4167-867d-b32c1804cfca.png""}",5,2025-04-11 16:08:53 UTC,classification_count,2025-04-01 18:01:08 UTC,2025-04-01 18:01:08 UTC
107912670,19171,28567,127086,"{""Filename"":""CalCurCeas_023_00241030_0500.png""}","{""0"":""https://panoptes-uploads.zooniverse.org/subject_location/6f0102d5-3016-4ec9-9bbe-68f84fb0788f.png""}",5,2025-04-11 08:52:09 UTC,classification_count,2025-04-01 18:01:09 UTC,2025-04-01 18:01:09 UTC
107912671,19171,28567,127086,"{""Filename"":""CalCurCeas_023_00241030_0600.png""}","{""0"":""https://panoptes-uploads.zooniverse.org/subject_location/717e9374-36c5-467e-b709-4e55e1babac9.png""}",5,2025-04-10 05:34:19 UTC,classification_count,2025-04-01 18:01:09 UTC,2025-04-01 18:01:09 UTC
107912672,19171,28567,127086,"{""Filename"":""CalCurCeas_023_00241030_0700.png""}","{""0"":""https://panoptes-uploads.zooniverse.org/subject_location/65ffea3b-b74e-4abd-af65-a4de26deec1b.png""}",6,2025-04-10 22:41:58 UTC,classification_count,2025-04-01 18:01:09 UTC,2025-04-01 18:01:09 UTC
107912673,19171,28567,127086,"{""Filename"":""CalCurCeas_023_00241030_0800.png""}","{""0"":""https://panoptes-uploads.zooniverse.org/subject_location/13e478de-a650-4ae6-bb35-4710a7c7b1ee.png""}",6,2025-04-10 22:42:11 UTC,classification_count,2025-04-01 18:01:10 UTC,2025-04-01 18:01:10 UTC
107912674,19171,28567,127086,"{""Filename"":""CalCurCeas_023_00241030_0900.png""}","{""0"":""https://panoptes-uploads.zooniverse.org/subject_location/faf829b3-998d-4d92-9fe5-62dee6f2139f.png""}",5,2025-04-10 22:30:18 UTC,classification_count,2025-04-01 18:01:10 UTC,2025-04-01 18:01:10 UTC
107912675,19171,28567,127086,"{""Filename"":""CalCurCeas_023_00241030_1000.png""}","{""0"":""https://panoptes-uploads.zooniverse.org/subject_location/08cc81ad-aa45-4591-a1f3-ea1a7b6f5c11.png""}",5,2025-04-10 15:14:05 UTC,classification_count,2025-04-01 18:01:10 UTC,2025-04-01 18:01:10 UTC
107912676,19171,28567,127086,"{""Filename"":""CalCurCeas_023_00241030_1100.png""}","{""0"":""https://panoptes-uploads.zooniverse.org/subject_location/5c6b93c5-b8ce-4085-9f8b-96f5bcca28f3.png""}",6,2025-04-10 22:26:29 UTC,classification_count,2025-04-01 18:01:11 UTC,2025-04-01 18:01:11 UTC
107912677,19171,28567,127086,"{""Filename"":""CalCurCeas_023_00241030_1200.png""}","{""0"":""https://panoptes-uploads.zooniverse.org/subject_location/5f0a2447-e8ce-4a71-8ddd-da947868f4de.png""}",6,2025-04-11 08:51:02 UTC,classification_count,2025-04-01 18:01:11 UTC,2025-04-01 18:01:11 UTC
107912678,19171,28567,127086,"{""Filename"":""CalCurCeas_023_00241030_1300.png""}","{""0"":""https://panoptes-uploads.zooniverse.org/subject_location/aeae3976-83f3-4dbc-8a9b-22d13d15b204.png""}",6,2025-04-10 22:35:32 UTC,classification_count,2025-04-01 18:01:11 UTC,2025-04-01 18:01:11 UTC
107912679,19171,28567,127086,"{""Filename"":""CalCurCeas_023_00241030_1400.png""}","{""0"":""https://panoptes-uploads.zooniverse.org/subject_location/c668d0c5-0f88-45db-bf75-a48d30c9efdf.png""}",6,2025-04-10 22:27:02 UTC,classification_count,2025-04-01 18:01:12 UTC,2025-04-01 18:01:12 UTC
107912680,19171,28567,127086,"{""Filename"":""CalCurCeas_023_00241030_1500.png""}","{""0"":""https://panoptes-uploads.zooniverse.org/subject_location/0023dd7c-f3d0-49c9-b265-a91172eab5c0.png""}",5,2025-04-11 03:10:13 UTC,classification_count,2025-04-01 18:01:12 UTC,2025-04-01 18:01:12 UTC
107912681,19171,28567,127086,"{""Filename"":""CalCurCeas_023_00241030_1600.png""}","{""0"":""https://panoptes-uploads.zooniverse.org/subject_location/da545f17-7699-45d9-8c82-31e49d799988.png""}",5,2025-04-13 09:22:01 UTC,classification_count,2025-04-01 18:01:12 UTC,2025-04-01 18:01:12 UTC
107912682,19171,28567,127086,"{""Filename"":""CalCurCeas_023_00241030_1700.png""}","{""0"":""https://panoptes-uploads.zooniverse.org/subject_location/be313362-066b-483b-a377-8bd54f3d8a91.png""}",5,2025-04-11 08:51:34 UTC,classification_count,2025-04-01 18:01:13 UTC,2025-04-01 18:01:13 UTC
107912683,19171,28567,127086,"{""Filename"":""CalCurCeas_023_00241030_1800.png""}","{""0"":""https://panoptes-uploads.zooniverse.org/subject_location/cc9a87ae-756f-4466-9e60-a4662efd68ae.png""}",5,2025-04-12 00:42:28 UTC,classification_count,2025-04-01 18:01:13 UTC,2025-04-01 18:01:13 UTC
107912684,19171,28567,127086,"{""Filename"":""CalCurCeas_023_00241030_1900.png""}","{""0"":""https://panoptes-uploads.zooniverse.org/subject_location/57a91f72-e7dc-4703-9e0f-b86f6702f22f.png""}",5,2025-04-10 22:31:21 UTC,classification_count,2025-04-01 18:01:13 UTC,2025-04-01 18:01:13 UTC
107912685,19171,28567,127086,"{""Filename"":""CalCurCeas_023_00241030_2000.png""}","{""0"":""https://panoptes-uploads.zooniverse.org/subject_location/03e375fc-d38f-4fe2-b546-55933c1dd317.png""}",5,2025-04-12 05:33:52 UTC,classification_count,2025-04-01 18:01:14 UTC,2025-04-01 18:01:14 UTC
107912686,19171,28567,127086,"{""Filename"":""CalCurCeas_023_00241030_2100.png""}","{""0"":""https://panoptes-uploads.zooniverse.org/subject_location/a0fd2830-1056-4215-a03a-3136947c621c.png""}",5,2025-04-11 16:13:49 UTC,classification_count,2025-04-01 18:01:14 UTC,2025-04-01 18:01:14 UTC
107912687,19171,28567,127086,"{""Filename"":""CalCurCeas_023_00241030_2200.png""}","{""0"":""https://panoptes-uploads.zooniverse.org/subject_location/5b1651fb-c77f-4f7f-89c7-045376c28c49.png""}",5,2025-04-11 02:14:58 UTC,classification_count,2025-04-01 18:01:14 UTC,2025-04-01 18:01:14 UTC
107912688,19171,28567,127086,"{""Filename"":""CalCurCeas_023_00241030_2300.png""}","{""0"":""https://panoptes-uploads.zooniverse.org/subject_location/907c6a52-f13f-4f30-be82-fc2e963d1edb.png""}",5,2025-04-11 08:50:20 UTC,classification_count,2025-04-01 18:01:15 UTC,2025-04-01 18:01:15 UTC
107912689,19171,28567,127086,"{""Filename"":""CalCurCeas_023_00241031_0000.png""}","{""0"":""https://panoptes-uploads.zooniverse.org/subject_location/ba5f7cb4-eb00-415a-a1aa-a5ecffc6d909.png""}",5,2025-04-11 03:12:39 UTC,classification_count,2025-04-01 18:01:15 UTC,2025-04-01 18:01:15 UTC
107912690,19171,28567,127086,"{""Filename"":""CalCurCeas_023_00241031_0100.png""}","{""0"":""https://panoptes-uploads.zooniverse.org/subject_location/d895fa67-4cc1-4c02-8d80-e01821ef96e2.png""}",6,2025-04-11 17:31:20 UTC,classification_count,2025-04-01 18:01:15 UTC,2025-04-01 18:01:15 UTC
107912691,19171,28567,127086,"{""Filename"":""CalCurCeas_023_00241031_0200.png""}","{""0"":""https://panoptes-uploads.zooniverse.org/subject_location/800e03d1-5a2d-49a0-9847-bc2a792dc5b2.png""}",5,2025-04-11 03:16:07 UTC,classification_count,2025-04-01 18:01:16 UTC,2025-04-01 18:01:16 UTC
107912692,19171,28567,127086,"{""Filename"":""CalCurCeas_023_00241031_0300.png""}","{""0"":""https://panoptes-uploads.zooniverse.org/subject_location/47831eb4-df9b-46c4-be33-ab928cd502ff.png""}",5,2025-04-11 23:09:39 UTC,classification_count,2025-04-01 18:01:16 UTC,2025-04-01 18:01:16 UTC
107912693,19171,28567,127086,"{""Filename"":""CalCurCeas_023_00241031_0400.png""}","{""0"":""https://panoptes-uploads.zooniverse.org/subject_location/3dd3bf43-3865-45b8-80d8-9e7a3f255dda.png""}",5,2025-04-11 16:05:11 UTC,classification_count,2025-04-01 18:01:16 UTC,2025-04-01 18:01:16 UTC
107912694,19171,28567,127086,"{""Filename"":""CalCurCeas_023_00241031_0500.png""}","{""0"":""https://panoptes-uploads.zooniverse.org/subject_location/10f00531-d1a9-4848-bf79-7033502fdb98.png""}",5,2025-04-11 15:35:33 UTC,classification_count,2025-04-01 18:01:17 UTC,2025-04-01 18:01:17 UTC
107912695,19171,28567,127086,"{""Filename"":""CalCurCeas_023_00241031_0600.png""}","{""0"":""https://panoptes-uploads.zooniverse.org/subject_location/b984c639-89e4-40ff-8e1b-2037430118dc.png""}",5,2025-04-11 15:29:30 UTC,classification_count,2025-04-01 18:01:17 UTC,2025-04-01 18:01:17 UTC
107912696,19171,28567,127086,"{""Filename"":""CalCurCeas_023_00241031_0700.png""}","{""0"":""https://panoptes-uploads.zooniverse.org/subject_location/ada1197c-ff94-4cc1-8c60-fd416e4b8126.png""}",5,2025-04-11 16:17:17 UTC,classification_count,2025-04-01 18:01:17 UTC,2025-04-01 18:01:17 UTC
107912697,19171,28567,127086,"{""Filename"":""CalCurCeas_023_00241031_0800.png""}","{""0"":""https://panoptes-uploads.zooniverse.org/subject_location/07cfe5c0-6105-4958-bdac-69f9639972b3.png""}",5,2025-04-11 06:50:48 UTC,classification_count,2025-04-01 18:01:18 UTC,2025-04-01 18:01:18 UTC
107912698,19171,28567,127086,"{""Filename"":""CalCurCeas_023_00241031_0900.png""}","{""0"":""https://panoptes-uploads.zooniverse.org/subject_location/2cf9f40b-67d9-4283-84d2-c3bdd7796ccd.png""}",5,2025-04-11 03:20:04 UTC,classification_count,2025-04-01 18:01:18 UTC,2025-04-01 18:01:18 UTC
107912699,19171,28567,127086,"{""Filename"":""CalCurCeas_023_00241031_1000.png""}","{""0"":""https://panoptes-uploads.zooniverse.org/subject_location/8dbff555-ebaa-49d7-8552-d9974192868b.png""}",5,2025-04-11 16:07:53 UTC,classification_count,2025-04-01 18:01:18 UTC,2025-04-01 18:01:18 UTC
107912700,19171,28567,127086,"{""Filename"":""CalCurCeas_023_00241031_1100.png""}","{""0"":""https://panoptes-uploads.zooniverse.org/subject_location/f2b7cd81-899e-40de-889a-74476dc2cc7b.png""}",6,2025-04-10 22:39:13 UTC,classification_count,2025-04-01 18:01:19 UTC,2025-04-01 18:01:19 UTC
107912701,19171,28567,127086,"{""Filename"":""CalCurCeas_023_00241031_1200.png""}","{""0"":""https://panoptes-uploads.zooniverse.org/subject_location/a5ef0de3-0661-4083-9d3a-c981cfa6c243.png""}",6,2025-04-10 22:41:57 UTC,classification_count,2025-04-01 18:01:19 UTC,2025-04-01 18:01:19 UTC
107912702,19171,28567,127086,"{""Filename"":""CalCurCeas_023_00241031_1300.png""}","{""0"":""https://panoptes-uploads.zooniverse.org/subject_location/25f3b187-cfd4-49a7-a215-778e1be75ae8.png""}",5,2025-04-12 03:38:15 UTC,classification_count,2025-04-01 18:01:19 UTC,2025-04-01 18:01:19 UTC
107912703,19171,28567,127086,"{""Filename"":""CalCurCeas_023_00241031_1400.png""}","{""0"":""https://panoptes-uploads.zooniverse.org/subject_location/ca145d82-1544-437a-a7a2-cd6bedfc02e8.png""}",5,2025-04-11 23:09:45 UTC,classification_count,2025-04-01 18:01:19 UTC,2025-04-01 18:01:19 UTC
107912704,19171,28567,127086,"{""Filename"":""CalCurCeas_023_00241031_1500.png""}","{""0"":""https://panoptes-uploads.zooniverse.org/subject_location/84608d0e-c00c-4209-8071-462d5971fc76.png""}",5,2025-04-12 00:43:34 UTC,classification_count,2025-04-01 18:01:20 UTC,2025-04-01 18:01:20 UTC
107912705,19171,28567,127086,"{""Filename"":""CalCurCeas_023_00241031_1600.png""}","{""0"":""https://panoptes-uploads.zooniverse.org/subject_location/edf9a9de-291c-4778-a11a-4cfd6c1dc81f.png""}",5,2025-04-12 00:42:32 UTC,classification_count,2025-04-01 18:01:20 UTC,2025-04-01 18:01:20 UTC
107912706,19171,28567,127086,"{""Filename"":""CalCurCeas_023_00241031_1700.png""}","{""0"":""https://panoptes-uploads.zooniverse.org/subject_location/ac1ae3cc-8425-4f03-a7d0-bd939cca0c14.png""}",5,2025-04-11 15:38:09 UTC,classification_count,2025-04-01 18:01:20 UTC,2025-04-01 18:01:20 UTC
107912707,19171,28567,127086,"{""Filename"":""CalCurCeas_023_00241031_1800.png""}","{""0"":""https://panoptes-uploads.zooniverse.org/subject_location/f6635360-b4cd-41c1-be69-8a29de35779b.png""}",5,2025-04-12 00:42:14 UTC,classification_count,2025-04-01 18:01:21 UTC,2025-04-01 18:01:21 UTC
107912708,19171,28567,127086,"{""Filename"":""CalCurCeas_023_00241031_1900.png""}","{""0"":""https://panoptes-uploads.zooniverse.org/subject_location/0c7d53d9-1126-4239-a5b3-7d598201ab02.png""}",5,2025-04-12 04:31:08 UTC,classification_count,2025-04-01 18:01:21 UTC,2025-04-01 18:01:21 UTC
107912709,19171,28567,127086,"{""Filename"":""CalCurCeas_023_00241031_2000.png""}","{""0"":""https://panoptes-uploads.zooniverse.org/subject_location/582ba1e6-e20a-4e3b-bac6-4f27e5007237.png""}",6,2025-04-11 03:12:50 UTC,classification_count,2025-04-01 18:01:21 UTC,2025-04-01 18:01:21 UTC
107912710,19171,28567,127086,"{""Filename"":""CalCurCeas_023_00241031_2100.png""}","{""0"":""https://panoptes-uploads.zooniverse.org/subject_location/c10f15fe-4253-4b85-8777-ededea329466.png""}",5,2025-04-11 04:37:12 UTC,classification_count,2025-04-01 18:01:22 UTC,2025-04-01 18:01:22 UTC
107912711,19171,28567,127086,"{""Filename"":""CalCurCeas_023_00241031_2200.png""}","{""0"":""https://panoptes-uploads.zooniverse.org/subject_location/e75202bd-6e51-4d56-a1ee-5c4c5369574f.png""}",8,2025-04-10 19:52:32 UTC,classification_count,2025-04-01 18:01:22 UTC,2025-04-01 18:01:22 UTC
107912712,19171,28567,127086,"{""Filename"":""CalCurCeas_023_00241031_2300.png""}","{""0"":""https://panoptes-uploads.zooniverse.org/subject_location/2d74d23d-cc64-4e32-888c-9e20981b2abd.png""}",5,2025-04-10 22:32:13 UTC,classification_count,2025-04-01 18:01:22 UTC,2025-04-01 18:01:22 UTC
107912713,19171,28567,127086,"{""Filename"":""CalCurCeas_023_00241101_0000.png""}","{""0"":""https://panoptes-uploads.zooniverse.org/subject_location/f44700db-d128-4207-a149-5a5c51b018e4.png""}",5,2025-04-11 16:05:51 UTC,classification_count,2025-04-01 18:01:23 UTC,2025-04-01 18:01:23 UTC
107912714,19171,28567,127086,"{""Filename"":""CalCurCeas_023_00241101_0100.png""}","{""0"":""https://panoptes-uploads.zooniverse.org/subject_location/9941b86e-ef70-493f-9973-bd0c594fe934.png""}",6,2025-04-10 22:36:42 UTC,classification_count,2025-04-01 18:01:23 UTC,2025-04-01 18:01:23 UTC
107912715,19171,28567,127086,"{""Filename"":""CalCurCeas_023_00241101_0200.png""}","{""0"":""https://panoptes-uploads.zooniverse.org/subject_location/a0e99180-7dda-492b-b72b-64cc408c27a7.png""}",5,2025-04-11 15:32:28 UTC,classification_count,2025-04-01 18:01:23 UTC,2025-04-01 18:01:23 UTC
107912716,19171,28567,127086,"{""Filename"":""CalCurCeas_023_00241101_0300.png""}","{""0"":""https://panoptes-uploads.zooniverse.org/subject_location/687e8af0-8212-4d7a-9aa3-4702da87b69d.png""}",5,2025-04-11 02:18:03 UTC,classification_count,2025-04-01 18:01:24 UTC,2025-04-01 18:01:24 UTC
107912717,19171,28567,127086,"{""Filename"":""CalCurCeas_023_00241101_0400.png""}","{""0"":""https://panoptes-uploads.zooniverse.org/subject_location/7a4ac7f6-e6a8-4513-883e-72ca8633ebcd.png""}",5,2025-04-10 22:37:47 UTC,classification_count,2025-04-01 18:01:24 UTC,2025-04-01 18:01:24 UTC
107912718,19171,28567,127086,"{""Filename"":""CalCurCeas_023_00241101_0500.png""}","{""0"":""https://panoptes-uploads.zooniverse.org/subject_location/3b857fff-bdeb-4cce-8a12-ef924bc48801.png""}",5,2025-04-11 16:13:37 UTC,classification_count,2025-04-01 18:01:24 UTC,2025-04-01 18:01:24 UTC
107912719,19171,28567,127086,"{""Filename"":""CalCurCeas_023_00241101_0600.png""}","{""0"":""https://panoptes-uploads.zooniverse.org/subject_location/2c3cb0eb-939f-4d58-a5e5-cdf3230c4030.png""}",5,2025-04-11 16:19:41 UTC,classification_count,2025-04-01 18:01:25 UTC,2025-04-01 18:01:25 UTC
107912720,19171,28567,127086,"{""Filename"":""CalCurCeas_023_00241101_0700.png""}","{""0"":""https://panoptes-uploads.zooniverse.org/subject_location/74d4e2a8-81b6-4f97-9edd-123a4a30a1a0.png""}",5,2025-04-10 22:49:50 UTC,classification_count,2025-04-01 18:01:25 UTC,2025-04-01 18:01:25 UTC
107912721,19171,28567,127086,"{""Filename"":""CalCurCeas_023_00241101_0800.png""}","{""0"":""https://panoptes-uploads.zooniverse.org/subject_location/7f4195f5-8cad-4c38-83b7-35e739ca105c.png""}",5,2025-04-10 05:02:02 UTC,classification_count,2025-04-01 18:01:25 UTC,2025-04-01 18:01:25 UTC
107912722,19171,28567,127086,"{""Filename"":""CalCurCeas_023_00241101_0900.png""}","{""0"":""https://panoptes-uploads.zooniverse.org/subject_location/f3f646f6-6f40-4215-b7a6-9e622c49cb52.png""}",5,2025-04-12 05:37:41 UTC,classification_count,2025-04-01 18:01:26 UTC,2025-04-01 18:01:26 UTC
107912723,19171,28567,127086,"{""Filename"":""CalCurCeas_023_00241101_1000.png""}","{""0"":""https://panoptes-uploads.zooniverse.org/subject_location/52b569c6-0747-4760-8e55-41505fddc28d.png""}",5,2025-04-11 16:04:32 UTC,classification_count,2025-04-01 18:01:26 UTC,2025-04-01 18:01:26 UTC
107912724,19171,28567,127086,"{""Filename"":""CalCurCeas_023_00241101_1100.png""}","{""0"":""https://panoptes-uploads.zooniverse.org/subject_location/11010ef2-7f2f-492a-9aec-51b47688c17c.png""}",5,2025-04-11 17:31:29 UTC,classification_count,2025-04-01 18:01:26 UTC,2025-04-01 18:01:26 UTC
107912725,19171,28567,127086,"{""Filename"":""CalCurCeas_023_00241101_1200.png""}","{""0"":""https://panoptes-uploads.zooniverse.org/subject_location/02f17ff1-59b8-424d-96cf-75633e1eedde.png""}",5,2025-04-11 16:16:09 UTC,classification_count,2025-04-01 18:01:27 UTC,2025-04-01 18:01:27 UTC
107912726,19171,28567,127086,"{""Filename"":""CalCurCeas_023_00241101_1300.png""}","{""0"":""https://panoptes-uploads.zooniverse.org/subject_location/a409ee66-8aad-42b2-9093-d570b83bf175.png""}",5,2025-04-11 16:15:49 UTC,classification_count,2025-04-01 18:01:27 UTC,2025-04-01 18:01:27 UTC
107912727,19171,28567,127086,"{""Filename"":""CalCurCeas_023_00241101_1400.png""}","{""0"":""https://panoptes-uploads.zooniverse.org/subject_location/48d17eba-f5cf-4ff7-9e27-fa58e27e17e0.png""}",5,2025-04-11 16:05:01 UTC,classification_count,2025-04-01 18:01:27 UTC,2025-04-01 18:01:27 UTC
107912728,19171,28567,127086,"{""Filename"":""CalCurCeas_023_00241101_1500.png""}","{""0"":""https://panoptes-uploads.zooniverse.org/subject_location/d33ea739-5bf6-4b62-9129-04913d4b4247.png""}",6,2025-04-12 00:44:19 UTC,classification_count,2025-04-01 18:01:28 UTC,2025-04-01 18:01:28 UTC
107912729,19171,28567,127086,"{""Filename"":""CalCurCeas_023_00241101_1600.png""}","{""0"":""https://panoptes-uploads.zooniverse.org/subject_location/55fc5a4b-7fbc-477f-8161-3b1bad80b6c9.png""}",5,2025-04-11 15:30:35 UTC,classification_count,2025-04-01 18:01:28 UTC,2025-04-01 18:01:28 UTC
107912730,19171,28567,127086,"{""Filename"":""CalCurCeas_023_00241101_1700.png""}","{""0"":""https://panoptes-uploads.zooniverse.org/subject_location/f2ba39bb-929e-4e06-ac20-65a18ebbce8e.png""}",5,2025-04-10 22:30:53 UTC,classification_count,2025-04-01 18:01:28 UTC,2025-04-01 18:01:28 UTC
107912731,19171,28567,127086,"{""Filename"":""CalCurCeas_023_00241101_1800.png""}","{""0"":""https://panoptes-uploads.zooniverse.org/subject_location/08a6a5fe-f0aa-453b-87bf-f5835d5cf3c5.png""}",5,2025-04-11 20:41:57 UTC,classification_count,2025-04-01 18:01:29 UTC,2025-04-01 18:01:29 UTC
107912732,19171,28567,127086,"{""Filename"":""CalCurCeas_023_00241101_1900.png""}","{""0"":""https://panoptes-uploads.zooniverse.org/subject_location/41177045-6168-4607-9b38-77353b70c573.png""}",5,2025-04-10 22:36:40 UTC,classification_count,2025-04-01 18:01:29 UTC,2025-04-01 18:01:29 UTC
107912733,19171,28567,127086,"{""Filename"":""CalCurCeas_023_00241101_2000.png""}","{""0"":""https://panoptes-uploads.zooniverse.org/subject_location/96380f19-ddf7-4da5-a729-51fc7e29aa35.png""}",5,2025-04-11 15:31:46 UTC,classification_count,2025-04-01 18:01:30 UTC,2025-04-01 18:01:30 UTC
107912734,19171,28567,127086,"{""Filename"":""CalCurCeas_023_00241101_2100.png""}","{""0"":""https://panoptes-uploads.zooniverse.org/subject_location/dfdcfa7d-9856-4857-88cd-529c4d7952b6.png""}",5,2025-04-11 08:50:35 UTC,classification_count,2025-04-01 18:01:30 UTC,2025-04-01 18:01:30 UTC
107912735,19171,28567,127086,"{""Filename"":""CalCurCeas_023_00241101_2200.png""}","{""0"":""https://panoptes-uploads.zooniverse.org/subject_location/0a828187-cda1-4d0e-aacf-4e39ca30538c.png""}",5,2025-04-11 02:16:42 UTC,classification_count,2025-04-01 18:01:30 UTC,2025-04-01 18:01:30 UTC
107912736,19171,28567,127086,"{""Filename"":""CalCurCeas_023_00241101_2300.png""}","{""0"":""https://panoptes-uploads.zooniverse.org/subject_location/2e3bcfb2-9642-4279-afbf-4347d0fad73e.png""}",5,2025-04-13 09:21:00 UTC,classification_count,2025-04-01 18:01:31 UTC,2025-04-01 18:01:31 UTC
107912737,19171,28567,127086,"{""Filename"":""CalCurCeas_023_00241102_0000.png""}","{""0"":""https://panoptes-uploads.zooniverse.org/subject_location/7d590aa8-6186-482d-8a31-f7693396cb89.png""}",6,2025-04-10 22:39:56 UTC,classification_count,2025-04-01 18:01:31 UTC,2025-04-01 18:01:31 UTC
107912738,19171,28567,127086,"{""Filename"":""CalCurCeas_023_00241102_0100.png""}","{""0"":""https://panoptes-uploads.zooniverse.org/subject_location/312ec63c-40df-41bc-b663-1464781dfa6f.png""}",5,2025-04-12 03:38:30 UTC,classification_count,2025-04-01 18:01:31 UTC,2025-04-01 18:01:31 UTC
107912739,19171,28567,127086,"{""Filename"":""CalCurCeas_023_00241102_0200.png""}","{""0"":""https://panoptes-uploads.zooniverse.org/subject_location/5cf7dc06-560e-46ff-99b8-62ba36f2bf8e.png""}",5,2025-04-11 03:21:36 UTC,classification_count,2025-04-01 18:01:32 UTC,2025-04-01 18:01:32 UTC
107912740,19171,28567,127086,"{""Filename"":""CalCurCeas_023_00241102_0300.png""}","{""0"":""https://panoptes-uploads.zooniverse.org/subject_location/854e5668-7ca7-40a1-84cb-fcee6544e3c3.png""}",5,2025-04-10 19:53:34 UTC,classification_count,2025-04-01 18:01:32 UTC,2025-04-01 18:01:32 UTC
107912741,19171,28567,127086,"{""Filename"":""CalCurCeas_023_00241102_0400.png""}","{""0"":""https://panoptes-uploads.zooniverse.org/subject_location/8515a0ee-6481-4291-8303-e734f81eb0bf.png""}",5,2025-04-11 08:53:48 UTC,classification_count,2025-04-01 18:01:32 UTC,2025-04-01 18:01:32 UTC
107912742,19171,28567,127086,"{""Filename"":""CalCurCeas_023_00241102_0500.png""}","{""0"":""https://panoptes-uploads.zooniverse.org/subject_location/38a3df17-1f6d-4d0d-82ce-e304b1483a3f.png""}",5,2025-04-11 20:35:16 UTC,classification_count,2025-04-01 18:01:33 UTC,2025-04-01 18:01:33 UTC
107912743,19171,28567,127086,"{""Filename"":""CalCurCeas_023_00241102_0600.png""}","{""0"":""https://panoptes-uploads.zooniverse.org/subject_location/7f039259-e6cd-44f7-b28b-27baf6a51270.png""}",5,2025-04-11 17:31:48 UTC,classification_count,2025-04-01 18:01:33 UTC,2025-04-01 18:01:33 UTC
107912744,19171,28567,127086,"{""Filename"":""CalCurCeas_023_00241102_0700.png""}","{""0"":""https://panoptes-uploads.zooniverse.org/subject_location/7e0b77c8-378a-4ea7-9da0-1dfa0d639aa4.png""}",5,2025-04-11 15:39:27 UTC,classification_count,2025-04-01 18:01:33 UTC,2025-04-01 18:01:33 UTC
107912745,19171,28567,127086,"{""Filename"":""CalCurCeas_023_00241102_0800.png""}","{""0"":""https://panoptes-uploads.zooniverse.org/subject_location/681dde15-0b91-43c5-9092-17af2abb8a03.png""}",5,2025-04-11 16:06:55 UTC,classification_count,2025-04-01 18:01:34 UTC,2025-04-01 18:01:34 UTC
107912746,19171,28567,127086,"{""Filename"":""CalCurCeas_023_00241102_0900.png""}","{""0"":""https://panoptes-uploads.zooniverse.org/subject_location/b3f76093-b24f-4b00-ad8d-7ac4e5caae14.png""}",5,2025-04-11 08:53:19 UTC,classification_count,2025-04-01 18:01:34 UTC,2025-04-01 18:01:34 UTC
107912747,19171,28567,127086,"{""Filename"":""CalCurCeas_023_00241102_1000.png""}","{""0"":""https://panoptes-uploads.zooniverse.org/subject_location/59cea8e0-5924-4483-913f-13d5fbf7f652.png""}",5,2025-04-10 22:30:23 UTC,classification_count,2025-04-01 18:01:34 UTC,2025-04-01 18:01:34 UTC
107912748,19171,28567,127086,"{""Filename"":""CalCurCeas_023_00241102_1100.png""}","{""0"":""https://panoptes-uploads.zooniverse.org/subject_location/76bd2266-5856-404f-b87a-31c0ed50f097.png""}",5,2025-04-13 09:22:11 UTC,classification_count,2025-04-01 18:01:35 UTC,2025-04-01 18:01:35 UTC
107912749,19171,28567,127086,"{""Filename"":""CalCurCeas_023_00241102_1200.png""}","{""0"":""https://panoptes-uploads.zooniverse.org/subject_location/a1abe50f-26c7-493e-93ec-5f9da284bb15.png""}",5,2025-04-11 08:53:36 UTC,classification_count,2025-04-01 18:01:35 UTC,2025-04-01 18:01:35 UTC
107912750,19171,28567,127086,"{""Filename"":""CalCurCeas_023_00241102_1300.png""}","{""0"":""https://panoptes-uploads.zooniverse.org/subject_location/fee562e8-62db-414a-a5c6-857ba5d3122c.png""}",5,2025-04-11 20:41:24 UTC,classification_count,2025-04-01 18:01:35 UTC,2025-04-01 18:01:35 UTC
107912751,19171,28567,127086,"{""Filename"":""CalCurCeas_023_00241102_1400.png""}","{""0"":""https://panoptes-uploads.zooniverse.org/subject_location/8a70a377-c0ae-4ca4-ad43-2e809927233a.png""}",5,2025-04-11 17:28:41 UTC,classification_count,2025-04-01 18:01:36 UTC,2025-04-01 18:01:36 UTC
107912752,19171,28567,127086,"{""Filename"":""CalCurCeas_023_00241102_1500.png""}","{""0"":""https://panoptes-uploads.zooniverse.org/subject_location/6f588246-14bb-4a1d-93eb-0a456c8903e2.png""}",5,2025-04-13 09:19:42 UTC,classification_count,2025-04-01 18:01:36 UTC,2025-04-01 18:01:36 UTC
107912753,19171,28567,127086,"{""Filename"":""CalCurCeas_023_00241102_1600.png""}","{""0"":""https://panoptes-uploads.zooniverse.org/subject_location/7ccac415-1107-42ab-a193-de5487085ac7.png""}",5,2025-04-11 16:17:25 UTC,classification_count,2025-04-01 18:01:36 UTC,2025-04-01 18:01:36 UTC
107912754,19171,28567,127086,"{""Filename"":""CalCurCeas_023_00241102_1700.png""}","{""0"":""https://panoptes-uploads.zooniverse.org/subject_location/e892351b-f6be-449c-b524-eebcc6aa2091.png""}",5,2025-04-11 08:51:11 UTC,classification_count,2025-04-01 18:01:37 UTC,2025-04-01 18:01:37 UTC
107912755,19171,28567,127086,"{""Filename"":""CalCurCeas_023_00241102_1800.png""}","{""0"":""https://panoptes-uploads.zooniverse.org/subject_location/f283f3e7-470b-4e8d-ba6a-c411ba163fe1.png""}",5,2025-04-11 20:42:13 UTC,classification_count,2025-04-01 18:01:37 UTC,2025-04-01 18:01:37 UTC
107912756,19171,28567,127086,"{""Filename"":""CalCurCeas_023_00241102_1900.png""}","{""0"":""https://panoptes-uploads.zooniverse.org/subject_location/5fc0a213-bcd9-45e4-b2f3-1911b01f601f.png""}",5,2025-04-10 22:37:59 UTC,classification_count,2025-04-01 18:01:37 UTC,2025-04-01 18:01:37 UTC
107912757,19171,28567,127086,"{""Filename"":""CalCurCeas_023_00241102_2000.png""}","{""0"":""https://panoptes-uploads.zooniverse.org/subject_location/453a60b8-5c2d-4149-b998-0de0dc3f070b.png""}",5,2025-04-11 17:30:37 UTC,classification_count,2025-04-01 18:01:38 UTC,2025-04-01 18:01:38 UTC
107912758,19171,28567,127086,"{""Filename"":""CalCurCeas_023_00241102_2100.png""}","{""0"":""https://panoptes-uploads.zooniverse.org/subject_location/5a93ca74-9601-4a8f-80f4-933c6862a1d4.png""}",5,2025-04-12 05:37:21 UTC,classification_count,2025-04-01 18:01:38 UTC,2025-04-01 18:01:38 UTC
107912759,19171,28567,127086,"{""Filename"":""CalCurCeas_023_00241102_2200.png""}","{""0"":""https://panoptes-uploads.zooniverse.org/subject_location/3c94a074-37b0-46f0-af90-f833042105c0.png""}",5,2025-04-10 22:41:42 UTC,classification_count,2025-04-01 18:01:38 UTC,2025-04-01 18:01:38 UTC
107912760,19171,28567,127086,"{""Filename"":""CalCurCeas_023_00241102_2300.png""}","{""0"":""https://panoptes-uploads.zooniverse.org/subject_location/2d8f2042-2d04-4983-aaed-dbfac9ce4b56.png""}",5,2025-04-12 04:32:00 UTC,classification_count,2025-04-01 18:01:39 UTC,2025-04-01 18:01:39 UTC
107912761,19171,28567,127086,"{""Filename"":""CalCurCeas_023_00241103_0000.png""}","{""0"":""https://panoptes-uploads.zooniverse.org/subject_location/10e3f64d-339f-4e18-8fad-6c4ffc6028aa.png""}",5,2025-04-11 03:18:12 UTC,classification_count,2025-04-01 18:01:39 UTC,2025-04-01 18:01:39 UTC
107912762,19171,28567,127086,"{""Filename"":""CalCurCeas_023_00241103_0100.png""}","{""0"":""https://panoptes-uploads.zooniverse.org/subject_location/8d4aa33f-a743-4cf8-8321-071aa766395b.png""}",5,2025-04-11 20:34:20 UTC,classification_count,2025-04-01 18:01:39 UTC,2025-04-01 18:01:39 UTC
107912763,19171,28567,127086,"{""Filename"":""CalCurCeas_023_00241103_0200.png""}","{""0"":""https://panoptes-uploads.zooniverse.org/subject_location/241e52b5-399a-46f2-9ca4-54e2ded9d668.png""}",5,2025-04-11 03:10:26 UTC,classification_count,2025-04-01 18:01:40 UTC,2025-04-01 18:01:40 UTC
107912764,19171,28567,127086,"{""Filename"":""CalCurCeas_023_00241103_0300.png""}","{""0"":""https://panoptes-uploads.zooniverse.org/subject_location/1e661327-cb55-4ecd-bb95-49ddabd3cef8.png""}",5,2025-04-11 20:34:51 UTC,classification_count,2025-04-01 18:01:40 UTC,2025-04-01 18:01:40 UTC
107912765,19171,28567,127086,"{""Filename"":""CalCurCeas_023_00241103_0400.png""}","{""0"":""https://panoptes-uploads.zooniverse.org/subject_location/83ee0d79-b48c-40ae-9342-10db10ad107d.png""}",5,2025-04-13 09:20:53 UTC,classification_count,2025-04-01 18:01:40 UTC,2025-04-01 18:01:40 UTC
107912766,19171,28567,127086,"{""Filename"":""CalCurCeas_023_00241103_0500.png""}","{""0"":""https://panoptes-uploads.zooniverse.org/subject_location/1d8e8de9-3db9-4a7e-84ff-f1653c6d8f83.png""}",5,2025-04-12 00:44:34 UTC,classification_count,2025-04-01 18:01:41 UTC,2025-04-01 18:01:41 UTC
107912767,19171,28567,127086,"{""Filename"":""CalCurCeas_023_00241103_0600.png""}","{""0"":""https://panoptes-uploads.zooniverse.org/subject_location/a737fbb2-f65b-4c3c-92fe-6934446a5e5c.png""}",5,2025-04-14 16:00:16 UTC,classification_count,2025-04-01 18:01:41 UTC,2025-04-01 18:01:41 UTC
107912768,19171,28567,127086,"{""Filename"":""CalCurCeas_023_00241103_0700.png""}","{""0"":""https://panoptes-uploads.zooniverse.org/subject_location/25a411e9-e70c-413d-bd0b-c8063fae7dd8.png""}",5,2025-04-12 05:35:58 UTC,classification_count,2025-04-01 18:01:41 UTC,2025-04-01 18:01:41 UTC
107912769,19171,28567,127086,"{""Filename"":""CalCurCeas_023_00241103_0800.png""}","{""0"":""https://panoptes-uploads.zooniverse.org/subject_location/8cda2b21-0ab2-4456-a625-273c6b205be5.png""}",5,2025-04-13 09:21:12 UTC,classification_count,2025-04-01 18:01:42 UTC,2025-04-01 18:01:42 UTC
107912770,19171,28567,127086,"{""Filename"":""CalCurCeas_023_00241103_0900.png""}","{""0"":""https://panoptes-uploads.zooniverse.org/subject_location/a6507193-181f-48e9-b88f-280484d697bd.png""}",5,2025-04-11 17:31:10 UTC,classification_count,2025-04-01 18:01:42 UTC,2025-04-01 18:01:42 UTC
107912771,19171,28567,127086,"{""Filename"":""CalCurCeas_023_00241103_1000.png""}","{""0"":""https://panoptes-uploads.zooniverse.org/subject_location/35bec6e5-bd6e-499e-9cfd-fd933ef542d6.png""}",5,2025-04-11 17:30:42 UTC,classification_count,2025-04-01 18:01:42 UTC,2025-04-01 18:01:42 UTC
107912772,19171,28567,127086,"{""Filename"":""CalCurCeas_023_00241103_1100.png""}","{""0"":""https://panoptes-uploads.zooniverse.org/subject_location/4c568d87-fde7-4a76-8512-ae92bfb78026.png""}",5,2025-04-11 16:13:56 UTC,classification_count,2025-04-01 18:01:43 UTC,2025-04-01 18:01:43 UTC
107912773,19171,28567,127086,"{""Filename"":""CalCurCeas_023_00241103_1200.png""}","{""0"":""https://panoptes-uploads.zooniverse.org/subject_location/3fb0cb1c-f2e2-4d1b-90fc-cad2a521d1da.png""}",5,2025-04-11 20:34:15 UTC,classification_count,2025-04-01 18:01:43 UTC,2025-04-01 18:01:43 UTC
107912774,19171,28567,127086,"{""Filename"":""CalCurCeas_023_00241103_1300.png""}","{""0"":""https://panoptes-uploads.zooniverse.org/subject_location/8a5f1e91-c108-410c-bde9-9e56754cecff.png""}",5,2025-04-10 19:54:04 UTC,classification_count,2025-04-01 18:01:43 UTC,2025-04-01 18:01:43 UTC
107912775,19171,28567,127086,"{""Filename"":""CalCurCeas_023_00241103_1400.png""}","{""0"":""https://panoptes-uploads.zooniverse.org/subject_location/391ea56e-69a8-4d57-b798-a29f56b19cfd.png""}",5,2025-04-11 04:37:08 UTC,classification_count,2025-04-01 18:01:44 UTC,2025-04-01 18:01:44 UTC
107912776,19171,28567,127086,"{""Filename"":""CalCurCeas_023_00241103_1500.png""}","{""0"":""https://panoptes-uploads.zooniverse.org/subject_location/f3691a5b-f701-4baf-90c1-acdf267a3659.png""}",5,2025-04-10 22:30:34 UTC,classification_count,2025-04-01 18:01:44 UTC,2025-04-01 18:01:44 UTC
107912777,19171,28567,127086,"{""Filename"":""CalCurCeas_023_00241103_1600.png""}","{""0"":""https://panoptes-uploads.zooniverse.org/subject_location/c33508b8-fcd9-48ab-8ec5-61a17d1a8a97.png""}",5,2025-04-12 00:43:15 UTC,classification_count,2025-04-01 18:01:44 UTC,2025-04-01 18:01:44 UTC
107912778,19171,28567,127086,"{""Filename"":""CalCurCeas_023_00241103_1700.png""}","{""0"":""https://panoptes-uploads.zooniverse.org/subject_location/09d48a3d-5b5f-4a66-8d1a-7c12e120eb29.png""}",5,2025-04-11 15:37:21 UTC,classification_count,2025-04-01 18:01:45 UTC,2025-04-01 18:01:45 UTC
107912779,19171,28567,127086,"{""Filename"":""CalCurCeas_023_00241103_1800.png""}","{""0"":""https://panoptes-uploads.zooniverse.org/subject_location/730d67ac-6dd3-4f73-85ae-bd5f1e90ae9a.png""}",6,2025-04-12 05:35:02 UTC,classification_count,2025-04-01 18:01:45 UTC,2025-04-01 18:01:45 UTC
107912780,19171,28567,127086,"{""Filename"":""CalCurCeas_023_00241103_1900.png""}","{""0"":""https://panoptes-uploads.zooniverse.org/subject_location/d9b3f537-6008-4171-98fb-148d140f7d1e.png""}",5,2025-04-11 08:49:10 UTC,classification_count,2025-04-01 18:01:46 UTC,2025-04-01 18:01:46 UTC
107912781,19171,28567,127086,"{""Filename"":""CalCurCeas_023_00241103_2000.png""}","{""0"":""https://panoptes-uploads.zooniverse.org/subject_location/32ec25b6-befa-4bd8-b634-2e42c6d6e146.png""}",5,2025-04-13 09:19:12 UTC,classification_count,2025-04-01 18:01:47 UTC,2025-04-01 18:01:47 UTC
107912782,19171,28567,127086,"{""Filename"":""CalCurCeas_023_00241103_2100.png""}","{""0"":""https://panoptes-uploads.zooniverse.org/subject_location/39bc4035-35db-464d-ba94-226d511b4142.png""}",5,2025-04-11 06:48:22 UTC,classification_count,2025-04-01 18:01:47 UTC,2025-04-01 18:01:47 UTC
107912783,19171,28567,127086,"{""Filename"":""CalCurCeas_023_00241103_2200.png""}","{""0"":""https://panoptes-uploads.zooniverse.org/subject_location/379c988f-a400-41cd-be3a-1202fd164abc.png""}",5,2025-04-12 05:38:46 UTC,classification_count,2025-04-01 18:01:47 UTC,2025-04-01 18:01:47 UTC
107912784,19171,28567,127086,"{""Filename"":""CalCurCeas_023_00241103_2300.png""}","{""0"":""https://panoptes-uploads.zooniverse.org/subject_location/e73a7f08-3be4-4600-b728-d9eb46f6aa65.png""}",5,2025-04-10 22:37:12 UTC,classification_count,2025-04-01 18:01:48 UTC,2025-04-01 18:01:48 UTC
107912785,19171,28567,127086,"{""Filename"":""CalCurCeas_023_00241104_0000.png""}","{""0"":""https://panoptes-uploads.zooniverse.org/subject_location/22c2f21f-9ca0-426c-9af6-3006d7475383.png""}",5,2025-04-12 00:44:08 UTC,classification_count,2025-04-01 18:01:48 UTC,2025-04-01 18:01:48 UTC
107912786,19171,28567,127086,"{""Filename"":""CalCurCeas_023_00241104_0100.png""}","{""0"":""https://panoptes-uploads.zooniverse.org/subject_location/afc2ec5a-efc2-43c2-9ea9-aad11e68f7eb.png""}",5,2025-04-11 16:12:28 UTC,classification_count,2025-04-01 18:01:48 UTC,2025-04-01 18:01:48 UTC
107912787,19171,28567,127086,"{""Filename"":""CalCurCeas_023_00241104_0200.png""}","{""0"":""https://panoptes-uploads.zooniverse.org/subject_location/5f6bd74e-d919-4bd9-a22b-0ab20d901cae.png""}",5,2025-04-10 22:38:51 UTC,classification_count,2025-04-01 18:01:49 UTC,2025-04-01 18:01:49 UTC
107912788,19171,28567,127086,"{""Filename"":""CalCurCeas_023_00241104_0300.png""}","{""0"":""https://panoptes-uploads.zooniverse.org/subject_location/ce5c0138-005b-49c8-a6c7-73c4a4be67bc.png""}",5,2025-04-12 04:31:34 UTC,classification_count,2025-04-01 18:01:49 UTC,2025-04-01 18:01:49 UTC
107912789,19171,28567,127086,"{""Filename"":""CalCurCeas_023_00241104_0400.png""}","{""0"":""https://panoptes-uploads.zooniverse.org/subject_location/dc704f78-707b-4a83-a335-1f6758fcc0f9.png""}",5,2025-04-10 22:44:05 UTC,classification_count,2025-04-01 18:01:49 UTC,2025-04-01 18:01:49 UTC
107912790,19171,28567,127086,"{""Filename"":""CalCurCeas_023_00241104_0500.png""}","{""0"":""https://panoptes-uploads.zooniverse.org/subject_location/ce41092b-fb08-4244-83df-1af5d762b85e.png""}",5,2025-04-11 16:14:30 UTC,classification_count,2025-04-01 18:01:50 UTC,2025-04-01 18:01:50 UTC
107912791,19171,28567,127086,"{""Filename"":""CalCurCeas_023_00241104_0600.png""}","{""0"":""https://panoptes-uploads.zooniverse.org/subject_location/db40203c-19ab-475f-a31b-eaadd93801c7.png""}",5,2025-04-11 16:19:10 UTC,classification_count,2025-04-01 18:01:50 UTC,2025-04-01 18:01:50 UTC
107912792,19171,28567,127086,"{""Filename"":""CalCurCeas_023_00241104_0700.png""}","{""0"":""https://panoptes-uploads.zooniverse.org/subject_location/0c628e0c-98ed-421c-af26-37b812636dfa.png""}",5,2025-04-10 22:36:06 UTC,classification_count,2025-04-01 18:01:50 UTC,2025-04-01 18:01:50 UTC
107912793,19171,28567,127086,"{""Filename"":""CalCurCeas_023_00241104_0800.png""}","{""0"":""https://panoptes-uploads.zooniverse.org/subject_location/aaf01758-1f36-4b7e-bd72-136d7fb42cb8.png""}",6,2025-04-11 06:48:03 UTC,classification_count,2025-04-01 18:01:51 UTC,2025-04-01 18:01:51 UTC
107912794,19171,28567,127086,"{""Filename"":""CalCurCeas_023_00241104_0900.png""}","{""0"":""https://panoptes-uploads.zooniverse.org/subject_location/70c97db3-f388-4cba-8440-d98bedf6bf87.png""}",5,2025-04-11 23:06:13 UTC,classification_count,2025-04-01 18:01:51 UTC,2025-04-01 18:01:51 UTC
107912795,19171,28567,127086,"{""Filename"":""CalCurCeas_023_00241104_1000.png""}","{""0"":""https://panoptes-uploads.zooniverse.org/subject_location/bfe42b2c-5c66-4298-b82e-1e100edb4f5f.png""}",5,2025-04-10 22:30:49 UTC,classification_count,2025-04-01 18:01:51 UTC,2025-04-01 18:01:51 UTC
107912796,19171,28567,127086,"{""Filename"":""CalCurCeas_023_00241104_1100.png""}","{""0"":""https://panoptes-uploads.zooniverse.org/subject_location/982c7c8e-581f-4040-961d-9b3bf320022e.png""}",5,2025-04-10 19:49:03 UTC,classification_count,2025-04-01 18:01:52 UTC,2025-04-01 18:01:52 UTC
107912797,19171,28567,127086,"{""Filename"":""CalCurCeas_023_00241104_1200.png""}","{""0"":""https://panoptes-uploads.zooniverse.org/subject_location/eb2f4c80-f128-45db-b9c8-783ce424702f.png""}",5,2025-04-12 05:33:40 UTC,classification_count,2025-04-01 18:01:52 UTC,2025-04-01 18:01:52 UTC
107912798,19171,28567,127086,"{""Filename"":""CalCurCeas_023_00241104_1300.png""}","{""0"":""https://panoptes-uploads.zooniverse.org/subject_location/a53d6867-6c09-4399-83fe-3b0a0146b828.png""}",5,2025-04-12 05:31:29 UTC,classification_count,2025-04-01 18:01:52 UTC,2025-04-01 18:01:52 UTC
107912799,19171,28567,127086,"{""Filename"":""CalCurCeas_023_00241104_1400.png""}","{""0"":""https://panoptes-uploads.zooniverse.org/subject_location/1eedb560-46a3-4808-8f5d-0be34ff5b9de.png""}",5,2025-04-10 22:50:31 UTC,classification_count,2025-04-01 18:01:53 UTC,2025-04-01 18:01:53 UTC
107912800,19171,28567,127086,"{""Filename"":""CalCurCeas_023_00241104_1500.png""}","{""0"":""https://panoptes-uploads.zooniverse.org/subject_location/d5ee1fdd-3636-4975-ad8e-87d7af155063.png""}",5,2025-04-11 03:21:05 UTC,classification_count,2025-04-01 18:01:53 UTC,2025-04-01 18:01:53 UTC
107912801,19171,28567,127086,"{""Filename"":""CalCurCeas_023_00241104_1600.png""}","{""0"":""https://panoptes-uploads.zooniverse.org/subject_location/b1be403f-76e0-49c0-aeca-91f0d877966a.png""}",5,2025-04-12 03:38:36 UTC,classification_count,2025-04-01 18:01:53 UTC,2025-04-01 18:01:53 UTC
107912802,19171,28567,127086,"{""Filename"":""CalCurCeas_023_00241104_1700.png""}","{""0"":""https://panoptes-uploads.zooniverse.org/subject_location/fd324a35-5785-4d66-8b31-76a1c11e6830.png""}",5,2025-04-11 15:31:51 UTC,classification_count,2025-04-01 18:01:54 UTC,2025-04-01 18:01:54 UTC
107912803,19171,28567,127086,"{""Filename"":""CalCurCeas_023_00241104_1800.png""}","{""0"":""https://panoptes-uploads.zooniverse.org/subject_location/5a386c1f-7767-436f-8504-17c7d0af0324.png""}",5,2025-04-13 09:22:17 UTC,classification_count,2025-04-01 18:01:54 UTC,2025-04-01 18:01:54 UTC
107912804,19171,28567,127086,"{""Filename"":""CalCurCeas_023_00241104_1900.png""}","{""0"":""https://panoptes-uploads.zooniverse.org/subject_location/9c36ac11-06c5-4d6d-b0e8-866901064d4f.png""}",5,2025-04-12 05:32:57 UTC,classification_count,2025-04-01 18:01:54 UTC,2025-04-01 18:01:54 UTC
107912805,19171,28567,127086,"{""Filename"":""CalCurCeas_023_00241104_2000.png""}","{""0"":""https://panoptes-uploads.zooniverse.org/subject_location/2e71a22d-3c35-469e-bb79-78a01143aaf4.png""}",5,2025-04-11 04:37:06 UTC,classification_count,2025-04-01 18:01:55 UTC,2025-04-01 18:01:55 UTC
107912806,19171,28567,127086,"{""Filename"":""CalCurCeas_023_00241104_2100.png""}","{""0"":""https://panoptes-uploads.zooniverse.org/subject_location/35b8a5a4-a255-4437-8af5-0ce4ee52c89d.png""}",5,2025-04-11 17:30:32 UTC,classification_count,2025-04-01 18:01:55 UTC,2025-04-01 18:01:55 UTC
107912807,19171,28567,127086,"{""Filename"":""CalCurCeas_023_00241104_2200.png""}","{""0"":""https://panoptes-uploads.zooniverse.org/subject_location/2b0b7723-a480-4bbe-9392-4c3b36ef86e7.png""}",5,2025-04-11 08:46:48 UTC,classification_count,2025-04-01 18:01:55 UTC,2025-04-01 18:01:55 UTC
107912808,19171,28567,127086,"{""Filename"":""CalCurCeas_023_00241104_2300.png""}","{""0"":""https://panoptes-uploads.zooniverse.org/subject_location/4ff43795-260a-4e48-b84b-c33a9ec462cd.png""}",5,2025-04-12 05:38:11 UTC,classification_count,2025-04-01 18:01:56 UTC,2025-04-01 18:01:56 UTC
107912809,19171,28567,127086,"{""Filename"":""CalCurCeas_023_00241105_0000.png""}","{""0"":""https://panoptes-uploads.zooniverse.org/subject_location/3ee4bb3c-704f-4d12-8c1a-df7d8713d409.png""}",5,2025-04-11 06:49:44 UTC,classification_count,2025-04-01 18:01:56 UTC,2025-04-01 18:01:56 UTC
107912810,19171,28567,127086,"{""Filename"":""CalCurCeas_023_00241105_0100.png""}","{""0"":""https://panoptes-uploads.zooniverse.org/subject_location/f3e16deb-ba55-4bb5-9958-7510f411bd1c.png""}",5,2025-04-10 22:42:36 UTC,classification_count,2025-04-01 18:01:56 UTC,2025-04-01 18:01:56 UTC
107912811,19171,28567,127086,"{""Filename"":""CalCurCeas_023_00241105_0200.png""}","{""0"":""https://panoptes-uploads.zooniverse.org/subject_location/0ab63021-3c69-41ef-8abe-3716baffeed2.png""}",5,2025-04-11 16:12:17 UTC,classification_count,2025-04-01 18:01:57 UTC,2025-04-01 18:01:57 UTC
107912812,19171,28567,127086,"{""Filename"":""CalCurCeas_023_00241105_0300.png""}","{""0"":""https://panoptes-uploads.zooniverse.org/subject_location/f1ad75d5-17fd-44e5-86fd-32489a441e10.png""}",5,2025-04-10 05:33:59 UTC,classification_count,2025-04-01 18:01:57 UTC,2025-04-01 18:01:57 UTC
107912813,19171,28567,127086,"{""Filename"":""CalCurCeas_023_00241105_0400.png""}","{""0"":""https://panoptes-uploads.zooniverse.org/subject_location/91ffcec0-a63a-4dec-80d6-05da738fc1d3.png""}",5,2025-04-13 09:21:30 UTC,classification_count,2025-04-01 18:01:57 UTC,2025-04-01 18:01:57 UTC
107912814,19171,28567,127086,"{""Filename"":""CalCurCeas_023_00241105_0500.png""}","{""0"":""https://panoptes-uploads.zooniverse.org/subject_location/e764273f-a75a-4e48-bae9-c077d007be0d.png""}",5,2025-04-10 22:27:07 UTC,classification_count,2025-04-01 18:01:58 UTC,2025-04-01 18:01:58 UTC
107912815,19171,28567,127086,"{""Filename"":""CalCurCeas_023_00241105_0600.png""}","{""0"":""https://panoptes-uploads.zooniverse.org/subject_location/224fa494-fe5a-49af-9de6-9fd876643fb9.png""}",5,2025-04-12 05:38:35 UTC,classification_count,2025-04-01 18:01:58 UTC,2025-04-01 18:01:58 UTC
107912816,19171,28567,127086,"{""Filename"":""CalCurCeas_023_00241105_0700.png""}","{""0"":""https://panoptes-uploads.zooniverse.org/subject_location/9868ac4e-7138-457b-bdf1-3407d2f5f840.png""}",5,2025-04-11 20:41:12 UTC,classification_count,2025-04-01 18:01:58 UTC,2025-04-01 18:01:58 UTC
107912817,19171,28567,127086,"{""Filename"":""CalCurCeas_023_00241105_0800.png""}","{""0"":""https://panoptes-uploads.zooniverse.org/subject_location/61b6d532-8687-4879-8167-42ce14a6eafe.png""}",5,2025-04-13 09:22:36 UTC,classification_count,2025-04-01 18:01:59 UTC,2025-04-01 18:01:59 UTC
107912818,19171,28567,127086,"{""Filename"":""CalCurCeas_023_00241105_0900.png""}","{""0"":""https://panoptes-uploads.zooniverse.org/subject_location/08c4df0d-beb3-44b0-ac3b-1e07b5836cd6.png""}",6,2025-04-10 22:32:36 UTC,classification_count,2025-04-01 18:01:59 UTC,2025-04-01 18:01:59 UTC
107912819,19171,28567,127086,"{""Filename"":""CalCurCeas_023_00241105_1000.png""}","{""0"":""https://panoptes-uploads.zooniverse.org/subject_location/4e4d9a59-a281-4686-8fc0-4a1f437c2790.png""}",5,2025-04-11 03:18:28 UTC,classification_count,2025-04-01 18:01:59 UTC,2025-04-01 18:01:59 UTC
107912820,19171,28567,127086,"{""Filename"":""CalCurCeas_023_00241105_1100.png""}","{""0"":""https://panoptes-uploads.zooniverse.org/subject_location/48b88622-00e3-4c87-ac2d-7d521c3e00e2.png""}",5,2025-04-11 03:18:05 UTC,classification_count,2025-04-01 18:02:00 UTC,2025-04-01 18:02:00 UTC
107912821,19171,28567,127086,"{""Filename"":""CalCurCeas_023_00241105_1200.png""}","{""0"":""https://panoptes-uploads.zooniverse.org/subject_location/f66e4ccd-a0d6-40b6-af4f-d86c067deab0.png""}",5,2025-04-11 16:13:57 UTC,classification_count,2025-04-01 18:02:00 UTC,2025-04-01 18:02:00 UTC
107912822,19171,28567,127086,"{""Filename"":""CalCurCeas_023_00241105_1300.png""}","{""0"":""https://panoptes-uploads.zooniverse.org/subject_location/37f3eab9-c0ff-4be0-a0bb-e87394a50c42.png""}",5,2025-04-13 09:19:35 UTC,classification_count,2025-04-01 18:02:00 UTC,2025-04-01 18:02:00 UTC
107912823,19171,28567,127086,"{""Filename"":""CalCurCeas_023_00241105_1400.png""}","{""0"":""https://panoptes-uploads.zooniverse.org/subject_location/246a3dba-530c-4adb-a998-c4242d36b0bb.png""}",5,2025-04-10 22:30:26 UTC,classification_count,2025-04-01 18:02:01 UTC,2025-04-01 18:02:01 UTC
107912824,19171,28567,127086,"{""Filename"":""CalCurCeas_023_00241105_1500.png""}","{""0"":""https://panoptes-uploads.zooniverse.org/subject_location/c022b56a-bf49-4206-a333-1b24d249f03a.png""}",5,2025-04-11 08:51:42 UTC,classification_count,2025-04-01 18:02:01 UTC,2025-04-01 18:02:01 UTC
107912825,19171,28567,127086,"{""Filename"":""CalCurCeas_023_00241105_1600.png""}","{""0"":""https://panoptes-uploads.zooniverse.org/subject_location/c2aa1062-b4de-4858-83e2-6951e764c140.png""}",5,2025-04-11 03:18:22 UTC,classification_count,2025-04-01 18:02:01 UTC,2025-04-01 18:02:01 UTC
107912826,19171,28567,127086,"{""Filename"":""CalCurCeas_023_00241105_1700.png""}","{""0"":""https://panoptes-uploads.zooniverse.org/subject_location/e55fed68-d467-4a01-9826-bf9dfded297b.png""}",5,2025-04-11 02:11:39 UTC,classification_count,2025-04-01 18:02:02 UTC,2025-04-01 18:02:02 UTC
107912827,19171,28567,127086,"{""Filename"":""CalCurCeas_023_00241105_1800.png""}","{""0"":""https://panoptes-uploads.zooniverse.org/subject_location/41808dec-903a-4d79-8333-97a4924c871d.png""}",5,2025-04-11 16:07:58 UTC,classification_count,2025-04-01 18:02:02 UTC,2025-04-01 18:02:02 UTC
107912828,19171,28567,127086,"{""Filename"":""CalCurCeas_023_00241105_1900.png""}","{""0"":""https://panoptes-uploads.zooniverse.org/subject_location/0a13ceef-9511-4f72-944c-f2b50aa437ce.png""}",5,2025-04-10 22:35:55 UTC,classification_count,2025-04-01 18:02:02 UTC,2025-04-01 18:02:02 UTC
107912829,19171,28567,127086,"{""Filename"":""CalCurCeas_023_00241105_2000.png""}","{""0"":""https://panoptes-uploads.zooniverse.org/subject_location/ece9b5a0-db64-4519-a46c-5f47bf71e206.png""}",5,2025-04-12 05:31:44 UTC,classification_count,2025-04-01 18:02:03 UTC,2025-04-01 18:02:03 UTC
107912830,19171,28567,127086,"{""Filename"":""CalCurCeas_023_00241105_2100.png""}","{""0"":""https://panoptes-uploads.zooniverse.org/subject_location/f3238b44-559d-45aa-adce-07b0ef4bdd9e.png""}",5,2025-04-11 16:08:02 UTC,classification_count,2025-04-01 18:02:03 UTC,2025-04-01 18:02:03 UTC
107912831,19171,28567,127086,"{""Filename"":""CalCurCeas_023_00241105_2200.png""}","{""0"":""https://panoptes-uploads.zooniverse.org/subject_location/3bd9c718-b673-4a30-9929-c25c2a8e6a18.png""}",5,2025-04-11 16:05:38 UTC,classification_count,2025-04-01 18:02:03 UTC,2025-04-01 18:02:03 UTC
107912832,19171,28567,127086,"{""Filename"":""CalCurCeas_023_00241105_2300.png""}","{""0"":""https://panoptes-uploads.zooniverse.org/subject_location/83f0925a-d0bc-4abf-904d-e38f11633267.png""}",5,2025-04-12 04:31:04 UTC,classification_count,2025-04-01 18:02:04 UTC,2025-04-01 18:02:04 UTC
107912833,19171,28567,127086,"{""Filename"":""CalCurCeas_023_00241106_0000.png""}","{""0"":""https://panoptes-uploads.zooniverse.org/subject_location/cb43c22d-dcc0-417e-b035-f1c2ea38d697.png""}",5,2025-04-11 20:42:36 UTC,classification_count,2025-04-01 18:02:04 UTC,2025-04-01 18:02:04 UTC
107912834,19171,28567,127086,"{""Filename"":""CalCurCeas_023_00241106_0100.png""}","{""0"":""https://panoptes-uploads.zooniverse.org/subject_location/47fcf34b-ecb3-4892-9cab-bb34a94af04a.png""}",5,2025-04-13 09:20:36 UTC,classification_count,2025-04-01 18:02:04 UTC,2025-04-01 18:02:04 UTC
107912835,19171,28567,127086,"{""Filename"":""CalCurCeas_023_00241106_0200.png""}","{""0"":""https://panoptes-uploads.zooniverse.org/subject_location/fb5d30b6-b9cf-438a-bc58-ec9079d06c70.png""}",5,2025-04-11 16:07:39 UTC,classification_count,2025-04-01 18:02:05 UTC,2025-04-01 18:02:05 UTC
107912836,19171,28567,127086,"{""Filename"":""CalCurCeas_023_00241106_0300.png""}","{""0"":""https://panoptes-uploads.zooniverse.org/subject_location/10c4ec61-5159-44eb-90cb-8341b081541b.png""}",5,2025-04-12 00:40:04 UTC,classification_count,2025-04-01 18:02:05 UTC,2025-04-01 18:02:05 UTC
107912837,19171,28567,127086,"{""Filename"":""CalCurCeas_023_00241106_0400.png""}","{""0"":""https://panoptes-uploads.zooniverse.org/subject_location/c26e91eb-e896-428f-83af-44e0b572a9bf.png""}",6,2025-04-10 22:31:10 UTC,classification_count,2025-04-01 18:02:05 UTC,2025-04-01 18:02:05 UTC
107912838,19171,28567,127086,"{""Filename"":""CalCurCeas_023_00241106_0500.png""}","{""0"":""https://panoptes-uploads.zooniverse.org/subject_location/a2029b29-9966-42f0-87a2-1b80b01c891a.png""}",5,2025-04-11 20:33:46 UTC,classification_count,2025-04-01 18:02:06 UTC,2025-04-01 18:02:06 UTC
107912839,19171,28567,127086,"{""Filename"":""CalCurCeas_023_00241106_0600.png""}","{""0"":""https://panoptes-uploads.zooniverse.org/subject_location/7009cfb1-f628-4ffd-b994-2dd771b483cc.png""}",5,2025-04-11 17:30:50 UTC,classification_count,2025-04-01 18:02:06 UTC,2025-04-01 18:02:06 UTC
107912840,19171,28567,127086,"{""Filename"":""CalCurCeas_023_00241106_0700.png""}","{""0"":""https://panoptes-uploads.zooniverse.org/subject_location/5610d7d6-88e6-4d3d-bfba-b9ad14b078d3.png""}",5,2025-04-11 15:39:19 UTC,classification_count,2025-04-01 18:02:06 UTC,2025-04-01 18:02:06 UTC
107912841,19171,28567,127086,"{""Filename"":""CalCurCeas_023_00241106_0800.png""}","{""0"":""https://panoptes-uploads.zooniverse.org/subject_location/fdb542de-836d-41f6-bdeb-19548c6b3a40.png""}",5,2025-04-12 00:44:03 UTC,classification_count,2025-04-01 18:02:07 UTC,2025-04-01 18:02:07 UTC
107912842,19171,28567,127086,"{""Filename"":""CalCurCeas_023_00241106_0900.png""}","{""0"":""https://panoptes-uploads.zooniverse.org/subject_location/a45e806c-46a8-4ec0-86e5-ba3864f2050f.png""}",5,2025-04-11 16:13:03 UTC,classification_count,2025-04-01 18:02:07 UTC,2025-04-01 18:02:07 UTC
107912843,19171,28567,127086,"{""Filename"":""CalCurCeas_023_00241106_1000.png""}","{""0"":""https://panoptes-uploads.zooniverse.org/subject_location/f747d780-3e7d-4540-a87c-245a12a4509c.png""}",5,2025-04-11 20:34:36 UTC,classification_count,2025-04-01 18:02:07 UTC,2025-04-01 18:02:07 UTC
107912844,19171,28567,127086,"{""Filename"":""CalCurCeas_023_00241106_1100.png""}","{""0"":""https://panoptes-uploads.zooniverse.org/subject_location/8a6bcb63-5357-4681-9516-a49108eb9350.png""}",5,2025-04-11 20:38:34 UTC,classification_count,2025-04-01 18:02:08 UTC,2025-04-01 18:02:08 UTC
107912845,19171,28567,127086,"{""Filename"":""CalCurCeas_023_00241106_1200.png""}","{""0"":""https://panoptes-uploads.zooniverse.org/subject_location/0a236e4f-20ab-4cf5-b40d-6f1c3126a695.png""}",5,2025-04-13 09:21:55 UTC,classification_count,2025-04-01 18:02:08 UTC,2025-04-01 18:02:08 UTC
107912846,19171,28567,127086,"{""Filename"":""CalCurCeas_023_00241106_1300.png""}","{""0"":""https://panoptes-uploads.zooniverse.org/subject_location/59e3f911-b756-4f86-9c46-9ffef9550e4e.png""}",5,2025-04-11 23:07:00 UTC,classification_count,2025-04-01 18:02:09 UTC,2025-04-01 18:02:09 UTC
107912847,19171,28567,127086,"{""Filename"":""CalCurCeas_023_00241106_1400.png""}","{""0"":""https://panoptes-uploads.zooniverse.org/subject_location/e666cfe4-1ac8-4567-8660-c4e7ec32fe8d.png""}",5,2025-04-11 16:16:41 UTC,classification_count,2025-04-01 18:02:09 UTC,2025-04-01 18:02:09 UTC
107912848,19171,28567,127086,"{""Filename"":""CalCurCeas_023_00241106_1500.png""}","{""0"":""https://panoptes-uploads.zooniverse.org/subject_location/6dc64308-1fa9-45b8-88b6-6064007f8f2c.png""}",5,2025-04-11 20:42:24 UTC,classification_count,2025-04-01 18:02:09 UTC,2025-04-01 18:02:09 UTC
107912849,19171,28567,127086,"{""Filename"":""CalCurCeas_023_00241106_1600.png""}","{""0"":""https://panoptes-uploads.zooniverse.org/subject_location/f83105bc-8cdb-4d5b-912d-29b8cc444ec7.png""}",5,2025-04-11 03:07:49 UTC,classification_count,2025-04-01 18:02:10 UTC,2025-04-01 18:02:10 UTC
107912850,19171,28567,127086,"{""Filename"":""CalCurCeas_023_00241106_1700.png""}","{""0"":""https://panoptes-uploads.zooniverse.org/subject_location/a69c5e42-55ad-4bcf-b7e1-73260dafc67e.png""}",5,2025-04-11 16:16:13 UTC,classification_count,2025-04-01 18:02:10 UTC,2025-04-01 18:02:10 UTC
107912851,19171,28567,127086,"{""Filename"":""CalCurCeas_023_00241106_1800.png""}","{""0"":""https://panoptes-uploads.zooniverse.org/subject_location/640cda77-05b8-42ef-9a16-25e1a40bab86.png""}",5,2025-04-11 04:37:01 UTC,classification_count,2025-04-01 18:02:10 UTC,2025-04-01 18:02:10 UTC
107912852,19171,28567,127086,"{""Filename"":""CalCurCeas_023_00241106_1900.png""}","{""0"":""https://panoptes-uploads.zooniverse.org/subject_location/1b498872-1a8c-4704-b63f-74a50cd5c454.png""}",5,2025-04-12 05:34:49 UTC,classification_count,2025-04-01 18:02:10 UTC,2025-04-01 18:02:10 UTC
107912853,19171,28567,127086,"{""Filename"":""CalCurCeas_023_00241106_2000.png""}","{""0"":""https://panoptes-uploads.zooniverse.org/subject_location/4c97b0a7-65c7-4338-9757-ca2870392bdb.png""}",5,2025-04-10 22:46:57 UTC,classification_count,2025-04-01 18:02:11 UTC,2025-04-01 18:02:11 UTC
107912854,19171,28567,127086,"{""Filename"":""CalCurCeas_023_00241106_2100.png""}","{""0"":""https://panoptes-uploads.zooniverse.org/subject_location/884525f6-8bbd-4ffb-a556-acf0228e8be2.png""}",5,2025-04-11 16:11:21 UTC,classification_count,2025-04-01 18:02:11 UTC,2025-04-01 18:02:11 UTC
107912855,19171,28567,127086,"{""Filename"":""CalCurCeas_023_00241106_2200.png""}","{""0"":""https://panoptes-uploads.zooniverse.org/subject_location/de6e55ee-8b83-4c60-b547-31597d3a81db.png""}",5,2025-04-11 02:17:34 UTC,classification_count,2025-04-01 18:02:11 UTC,2025-04-01 18:02:11 UTC
107912856,19171,28567,127086,"{""Filename"":""CalCurCeas_023_00241106_2300.png""}","{""0"":""https://panoptes-uploads.zooniverse.org/subject_location/2fc6a0ab-d5b1-4766-a977-7b7f8c6154cb.png""}",5,2025-04-11 08:50:42 UTC,classification_count,2025-04-01 18:02:12 UTC,2025-04-01 18:02:12 UTC
107912857,19171,28567,127086,"{""Filename"":""CalCurCeas_023_00241107_0000.png""}","{""0"":""https://panoptes-uploads.zooniverse.org/subject_location/47005b13-d4d4-4d7b-9c17-cbffdf24c2c1.png""}",5,2025-04-11 06:50:46 UTC,classification_count,2025-04-01 18:02:12 UTC,2025-04-01 18:02:12 UTC
107912858,19171,28567,127086,"{""Filename"":""CalCurCeas_023_00241107_0100.png""}","{""0"":""https://panoptes-uploads.zooniverse.org/subject_location/79fbb510-bdea-4882-b728-9f3f11864499.png""}",5,2025-04-11 15:31:40 UTC,classification_count,2025-04-01 18:02:12 UTC,2025-04-01 18:02:12 UTC
107912859,19171,28567,127086,"{""Filename"":""CalCurCeas_023_00241107_0200.png""}","{""0"":""https://panoptes-uploads.zooniverse.org/subject_location/083d67f2-d05a-4b49-b390-c7aece9d89df.png""}",5,2025-04-11 02:18:44 UTC,classification_count,2025-04-01 18:02:13 UTC,2025-04-01 18:02:13 UTC
107912860,19171,28567,127086,"{""Filename"":""CalCurCeas_023_00241107_0300.png""}","{""0"":""https://panoptes-uploads.zooniverse.org/subject_location/0d81f990-e381-428f-9a47-a961f3d3b1f4.png""}",6,2025-04-13 09:21:44 UTC,classification_count,2025-04-01 18:02:13 UTC,2025-04-01 18:02:13 UTC
107912861,19171,28567,127086,"{""Filename"":""CalCurCeas_023_00241107_0400.png""}","{""0"":""https://panoptes-uploads.zooniverse.org/subject_location/d648334e-6f59-47c4-81e0-cda431c7142a.png""}",5,2025-04-12 05:33:03 UTC,classification_count,2025-04-01 18:02:13 UTC,2025-04-01 18:02:13 UTC
107912862,19171,28567,127086,"{""Filename"":""CalCurCeas_023_00241107_0500.png""}","{""0"":""https://panoptes-uploads.zooniverse.org/subject_location/35c17a40-03b0-4897-82f6-50d49ba3d468.png""}",5,2025-04-09 09:01:15 UTC,classification_count,2025-04-01 18:02:14 UTC,2025-04-01 18:02:14 UTC
107912863,19171,28567,127086,"{""Filename"":""CalCurCeas_023_00241107_0600.png""}","{""0"":""https://panoptes-uploads.zooniverse.org/subject_location/c2572a6f-b475-4e9e-9a58-af7c572ced8b.png""}",5,2025-04-12 04:30:27 UTC,classification_count,2025-04-01 18:02:14 UTC,2025-04-01 18:02:14 UTC
107912864,19171,28567,127086,"{""Filename"":""CalCurCeas_023_00241107_0700.png""}","{""0"":""https://panoptes-uploads.zooniverse.org/subject_location/02dc4ef0-c186-43ac-83df-79d594a54703.png""}",5,2025-04-11 16:03:42 UTC,classification_count,2025-04-01 18:02:14 UTC,2025-04-01 18:02:14 UTC
107912865,19171,28567,127086,"{""Filename"":""CalCurCeas_023_00241107_0800.png""}","{""0"":""https://panoptes-uploads.zooniverse.org/subject_location/fafe83a8-5a42-4087-9dc3-181b6ad60907.png""}",5,2025-04-11 15:37:12 UTC,classification_count,2025-04-01 18:02:15 UTC,2025-04-01 18:02:15 UTC
107912866,19171,28567,127086,"{""Filename"":""CalCurCeas_023_00241107_0900.png""}","{""0"":""https://panoptes-uploads.zooniverse.org/subject_location/62646113-c88d-4eb9-a785-d5039bf6c482.png""}",5,2025-04-10 22:49:04 UTC,classification_count,2025-04-01 18:02:15 UTC,2025-04-01 18:02:15 UTC
107912867,19171,28567,127086,"{""Filename"":""CalCurCeas_023_00241107_1000.png""}","{""0"":""https://panoptes-uploads.zooniverse.org/subject_location/6856b194-35dd-4bb3-a2b1-4456d0702c3c.png""}",5,2025-04-10 22:28:26 UTC,classification_count,2025-04-01 18:02:15 UTC,2025-04-01 18:02:15 UTC
107912868,19171,28567,127086,"{""Filename"":""CalCurCeas_023_00241107_1100.png""}","{""0"":""https://panoptes-uploads.zooniverse.org/subject_location/4e62513c-0e51-40ae-be29-6c430e2c9081.png""}",5,2025-04-11 16:13:10 UTC,classification_count,2025-04-01 18:02:16 UTC,2025-04-01 18:02:16 UTC
107912869,19171,28567,127086,"{""Filename"":""CalCurCeas_023_00241107_1200.png""}","{""0"":""https://panoptes-uploads.zooniverse.org/subject_location/91e9f274-9b82-477d-a8db-28f7f91e52d4.png""}",5,2025-04-10 22:38:38 UTC,classification_count,2025-04-01 18:02:16 UTC,2025-04-01 18:02:16 UTC
107912870,19171,28567,127086,"{""Filename"":""CalCurCeas_023_00241107_1300.png""}","{""0"":""https://panoptes-uploads.zooniverse.org/subject_location/e7565da1-7ba5-4854-aa02-eb6631f5d9e2.png""}",5,2025-04-11 20:39:06 UTC,classification_count,2025-04-01 18:02:16 UTC,2025-04-01 18:02:16 UTC
107912871,19171,28567,127086,"{""Filename"":""CalCurCeas_023_00241107_1400.png""}","{""0"":""https://panoptes-uploads.zooniverse.org/subject_location/d4483e31-1bfd-4dfb-909d-bb21a11a66fc.png""}",5,2025-04-11 04:37:27 UTC,classification_count,2025-04-01 18:02:17 UTC,2025-04-01 18:02:17 UTC
107912872,19171,28567,127086,"{""Filename"":""CalCurCeas_023_00241107_1500.png""}","{""0"":""https://panoptes-uploads.zooniverse.org/subject_location/5cda141c-d710-42c4-842e-dedc7ea5b835.png""}",5,2025-04-12 04:32:20 UTC,classification_count,2025-04-01 18:02:17 UTC,2025-04-01 18:02:17 UTC
107912873,19171,28567,127086,"{""Filename"":""CalCurCeas_023_00241107_1600.png""}","{""0"":""https://panoptes-uploads.zooniverse.org/subject_location/ea22dc24-b6bd-4a95-b1c8-1420a9fbe6e6.png""}",5,2025-04-11 16:03:55 UTC,classification_count,2025-04-01 18:02:18 UTC,2025-04-01 18:02:18 UTC
107912874,19171,28567,127086,"{""Filename"":""CalCurCeas_023_00241107_1700.png""}","{""0"":""https://panoptes-uploads.zooniverse.org/subject_location/4025c8a5-d2ea-4698-b5c6-c8ab0e3565b4.png""}",5,2025-04-10 22:28:21 UTC,classification_count,2025-04-01 18:02:18 UTC,2025-04-01 18:02:18 UTC
107912875,19171,28567,127086,"{""Filename"":""CalCurCeas_023_00241107_1800.png""}","{""0"":""https://panoptes-uploads.zooniverse.org/subject_location/3ce38141-e290-416b-8a36-a6ede2a674b2.png""}",5,2025-04-12 05:39:32 UTC,classification_count,2025-04-01 18:02:18 UTC,2025-04-01 18:02:18 UTC
107912876,19171,28567,127086,"{""Filename"":""CalCurCeas_023_00241107_1900.png""}","{""0"":""https://panoptes-uploads.zooniverse.org/subject_location/765e1fea-7c53-48de-9a27-9bc93b7fbf3f.png""}",5,2025-04-11 06:48:17 UTC,classification_count,2025-04-01 18:02:19 UTC,2025-04-01 18:02:19 UTC
107912877,19171,28567,127086,"{""Filename"":""CalCurCeas_023_00241107_2000.png""}","{""0"":""https://panoptes-uploads.zooniverse.org/subject_location/95a93210-6883-49c4-9b06-f778a9f69b06.png""}",5,2025-04-10 22:33:12 UTC,classification_count,2025-04-01 18:02:19 UTC,2025-04-01 18:02:19 UTC
107912878,19171,28567,127086,"{""Filename"":""CalCurCeas_023_00241107_2100.png""}","{""0"":""https://panoptes-uploads.zooniverse.org/subject_location/2070b889-e503-41b5-8f23-4a6cbc11e6b9.png""}",7,2025-04-10 22:31:02 UTC,classification_count,2025-04-01 18:02:19 UTC,2025-04-01 18:02:19 UTC
107912879,19171,28567,127086,"{""Filename"":""CalCurCeas_023_00241107_2200.png""}","{""0"":""https://panoptes-uploads.zooniverse.org/subject_location/4cf6ced7-6e8c-4d20-96ea-64c8db8a5cb0.png""}",5,2025-04-11 23:07:44 UTC,classification_count,2025-04-01 18:02:20 UTC,2025-04-01 18:02:20 UTC
107912880,19171,28567,127086,"{""Filename"":""CalCurCeas_023_00241107_2300.png""}","{""0"":""https://panoptes-uploads.zooniverse.org/subject_location/57a237df-3758-4a43-bfb8-e82856c445d9.png""}",5,2025-04-11 04:38:01 UTC,classification_count,2025-04-01 18:02:20 UTC,2025-04-01 18:02:20 UTC
107912881,19171,28567,127086,"{""Filename"":""CalCurCeas_023_00241108_0000.png""}","{""0"":""https://panoptes-uploads.zooniverse.org/subject_location/d3a36330-c932-4f54-b2f9-35538cfdaa82.png""}",5,2025-04-11 08:49:06 UTC,classification_count,2025-04-01 18:02:21 UTC,2025-04-01 18:02:21 UTC
107912882,19171,28567,127086,"{""Filename"":""CalCurCeas_023_00241108_0100.png""}","{""0"":""https://panoptes-uploads.zooniverse.org/subject_location/aaf9a1b4-306a-4041-8894-e4d1a0259eb6.png""}",5,2025-04-10 22:38:16 UTC,classification_count,2025-04-01 18:02:21 UTC,2025-04-01 18:02:21 UTC
107912883,19171,28567,127086,"{""Filename"":""CalCurCeas_023_00241108_0200.png""}","{""0"":""https://panoptes-uploads.zooniverse.org/subject_location/bbad0483-1124-461b-b977-55102a87e6ec.png""}",6,2025-04-10 22:42:33 UTC,classification_count,2025-04-01 18:02:22 UTC,2025-04-01 18:02:22 UTC
107912884,19171,28567,127086,"{""Filename"":""CalCurCeas_023_00241108_0300.png""}","{""0"":""https://panoptes-uploads.zooniverse.org/subject_location/490849bc-cd3c-4493-9179-cdc7a2130634.png""}",5,2025-04-11 16:03:24 UTC,classification_count,2025-04-01 18:02:22 UTC,2025-04-01 18:02:22 UTC
107912885,19171,28567,127086,"{""Filename"":""CalCurCeas_023_00241108_0400.png""}","{""0"":""https://panoptes-uploads.zooniverse.org/subject_location/00fa28f1-17f2-4913-8fa7-284e94ad56f2.png""}",5,2025-04-12 04:31:49 UTC,classification_count,2025-04-01 18:02:22 UTC,2025-04-01 18:02:22 UTC
107912886,19171,28567,127086,"{""Filename"":""CalCurCeas_023_00241108_0500.png""}","{""0"":""https://panoptes-uploads.zooniverse.org/subject_location/3e43bd6c-5981-4d7e-9290-fba1be6b1140.png""}",5,2025-04-11 15:38:25 UTC,classification_count,2025-04-01 18:02:23 UTC,2025-04-01 18:02:23 UTC
107912887,19171,28567,127086,"{""Filename"":""CalCurCeas_023_00241108_0600.png""}","{""0"":""https://panoptes-uploads.zooniverse.org/subject_location/61c0d470-7e09-4719-97ec-03e34360347e.png""}",5,2025-04-11 02:14:34 UTC,classification_count,2025-04-01 18:02:23 UTC,2025-04-01 18:02:23 UTC
107912888,19171,28567,127086,"{""Filename"":""CalCurCeas_023_00241108_0700.png""}","{""0"":""https://panoptes-uploads.zooniverse.org/subject_location/ebba52c1-2709-4655-9f5e-06fff3f2c3a0.png""}",5,2025-04-11 02:26:51 UTC,classification_count,2025-04-01 18:02:23 UTC,2025-04-01 18:02:23 UTC
107912889,19171,28567,127086,"{""Filename"":""CalCurCeas_023_00241108_0800.png""}","{""0"":""https://panoptes-uploads.zooniverse.org/subject_location/d718cb77-6c13-4fd8-b91d-28e68f29c974.png""}",5,2025-04-11 04:37:30 UTC,classification_count,2025-04-01 18:02:24 UTC,2025-04-01 18:02:24 UTC
107912890,19171,28567,127086,"{""Filename"":""CalCurCeas_023_00241108_0900.png""}","{""0"":""https://panoptes-uploads.zooniverse.org/subject_location/505c4984-f631-461d-ba06-3f37f116e1e5.png""}",5,2025-04-11 03:19:49 UTC,classification_count,2025-04-01 18:02:24 UTC,2025-04-01 18:02:24 UTC
107912891,19171,28567,127086,"{""Filename"":""CalCurCeas_023_00241108_1000.png""}","{""0"":""https://panoptes-uploads.zooniverse.org/subject_location/2da0e0b7-a4e0-4f11-9303-02ccd6fe3483.png""}",5,2025-04-10 22:47:42 UTC,classification_count,2025-04-01 18:02:24 UTC,2025-04-01 18:02:24 UTC
107912892,19171,28567,127086,"{""Filename"":""CalCurCeas_023_00241108_1100.png""}","{""0"":""https://panoptes-uploads.zooniverse.org/subject_location/6f9c4352-2175-4266-a4c2-16cdedb6bdda.png""}",5,2025-04-11 03:13:28 UTC,classification_count,2025-04-01 18:02:25 UTC,2025-04-01 18:02:25 UTC
107912893,19171,28567,127086,"{""Filename"":""CalCurCeas_023_00241108_1200.png""}","{""0"":""https://panoptes-uploads.zooniverse.org/subject_location/28e5b9e5-94cb-43c0-98c3-91226f06dd2a.png""}",5,2025-04-12 04:30:43 UTC,classification_count,2025-04-01 18:02:25 UTC,2025-04-01 18:02:25 UTC
107912894,19171,28567,127086,"{""Filename"":""CalCurCeas_023_00241108_1300.png""}","{""0"":""https://panoptes-uploads.zooniverse.org/subject_location/66600286-73fb-4117-86e4-d4abef87c442.png""}",5,2025-04-11 08:48:43 UTC,classification_count,2025-04-01 18:02:25 UTC,2025-04-01 18:02:25 UTC
107912895,19171,28567,127086,"{""Filename"":""CalCurCeas_023_00241108_1400.png""}","{""0"":""https://panoptes-uploads.zooniverse.org/subject_location/a958f0b0-acce-4c61-89ed-f3330e5d065d.png""}",5,2025-04-10 22:37:17 UTC,classification_count,2025-04-01 18:02:26 UTC,2025-04-01 18:02:26 UTC
107912896,19171,28567,127086,"{""Filename"":""CalCurCeas_023_00241108_1500.png""}","{""0"":""https://panoptes-uploads.zooniverse.org/subject_location/2b35422d-f2d0-47af-a00c-b36727eef957.png""}",5,2025-04-11 06:46:25 UTC,classification_count,2025-04-01 18:02:26 UTC,2025-04-01 18:02:26 UTC
107912897,19171,28567,127086,"{""Filename"":""CalCurCeas_023_00241108_1600.png""}","{""0"":""https://panoptes-uploads.zooniverse.org/subject_location/b91ce9a3-4ffe-40cf-a5dd-5de6a3d90583.png""}",5,2025-04-11 16:11:37 UTC,classification_count,2025-04-01 18:02:26 UTC,2025-04-01 18:02:26 UTC
107912898,19171,28567,127086,"{""Filename"":""CalCurCeas_023_00241108_1700.png""}","{""0"":""https://panoptes-uploads.zooniverse.org/subject_location/d63e9f63-9cf0-4ed4-968f-14e0e774bc49.png""}",5,2025-04-11 02:20:10 UTC,classification_count,2025-04-01 18:02:27 UTC,2025-04-01 18:02:27 UTC
107912899,19171,28567,127086,"{""Filename"":""CalCurCeas_023_00241108_1800.png""}","{""0"":""https://panoptes-uploads.zooniverse.org/subject_location/50f7c6ae-c8b4-44cc-a2d4-3b1f8ae88e1c.png""}",5,2025-04-10 22:37:27 UTC,classification_count,2025-04-01 18:02:27 UTC,2025-04-01 18:02:27 UTC
107912900,19171,28567,127086,"{""Filename"":""CalCurCeas_023_00241108_1900.png""}","{""0"":""https://panoptes-uploads.zooniverse.org/subject_location/21f9e3b2-50e8-4a6f-aa17-143092cce864.png""}",5,2025-04-11 17:28:04 UTC,classification_count,2025-04-01 18:02:27 UTC,2025-04-01 18:02:27 UTC
107912901,19171,28567,127086,"{""Filename"":""CalCurCeas_023_00241108_2000.png""}","{""0"":""https://panoptes-uploads.zooniverse.org/subject_location/9d8f382c-63e5-4d6b-84bc-c1150069955a.png""}",5,2025-04-11 04:36:57 UTC,classification_count,2025-04-01 18:02:28 UTC,2025-04-01 18:02:28 UTC
107912902,19171,28567,127086,"{""Filename"":""CalCurCeas_023_00241108_2100.png""}","{""0"":""https://panoptes-uploads.zooniverse.org/subject_location/36fc426d-c0c3-4347-bdd5-f95bcaf45693.png""}",5,2025-04-11 03:12:01 UTC,classification_count,2025-04-01 18:02:28 UTC,2025-04-01 18:02:28 UTC
107912903,19171,28567,127086,"{""Filename"":""CalCurCeas_023_00241108_2200.png""}","{""0"":""https://panoptes-uploads.zooniverse.org/subject_location/4c1b8553-b4e4-4db5-ade1-3b51cd7334b6.png""}",5,2025-04-10 22:38:22 UTC,classification_count,2025-04-01 18:02:28 UTC,2025-04-01 18:02:28 UTC
107912904,19171,28567,127086,"{""Filename"":""CalCurCeas_023_00241108_2300.png""}","{""0"":""https://panoptes-uploads.zooniverse.org/subject_location/1692d6c5-6b3b-4081-a2fb-6faefec8cdac.png""}",5,2025-04-10 22:36:18 UTC,classification_count,2025-04-01 18:02:29 UTC,2025-04-01 18:02:29 UTC
107912905,19171,28567,127086,"{""Filename"":""CalCurCeas_023_00241109_0000.png""}","{""0"":""https://panoptes-uploads.zooniverse.org/subject_location/6353c71e-6e7f-42ed-8b67-6b54b3b774ad.png""}",5,2025-04-11 02:14:39 UTC,classification_count,2025-04-01 18:02:29 UTC,2025-04-01 18:02:29 UTC
107912906,19171,28567,127086,"{""Filename"":""CalCurCeas_023_00241109_0100.png""}","{""0"":""https://panoptes-uploads.zooniverse.org/subject_location/711fd1dc-62d7-4f18-9d3d-4716c86d11f3.png""}",5,2025-04-11 03:16:37 UTC,classification_count,2025-04-01 18:02:29 UTC,2025-04-01 18:02:29 UTC
107912907,19171,28567,127086,"{""Filename"":""CalCurCeas_023_00241109_0200.png""}","{""0"":""https://panoptes-uploads.zooniverse.org/subject_location/3bb03b35-3fb2-458a-b2fd-1cac14893989.png""}",5,2025-04-12 05:37:30 UTC,classification_count,2025-04-01 18:02:29 UTC,2025-04-01 18:02:29 UTC
107912908,19171,28567,127086,"{""Filename"":""CalCurCeas_023_00241109_0300.png""}","{""0"":""https://panoptes-uploads.zooniverse.org/subject_location/76b5dc91-b40b-4be9-b716-e17129cebcb7.png""}",5,2025-04-11 16:13:29 UTC,classification_count,2025-04-01 18:02:30 UTC,2025-04-01 18:02:30 UTC
107912909,19171,28567,127086,"{""Filename"":""CalCurCeas_023_00241109_0400.png""}","{""0"":""https://panoptes-uploads.zooniverse.org/subject_location/31026578-64e6-48c1-b388-9174918e0de7.png""}",5,2025-04-12 00:43:11 UTC,classification_count,2025-04-01 18:02:30 UTC,2025-04-01 18:02:30 UTC
107912910,19171,28567,127086,"{""Filename"":""CalCurCeas_023_00241109_0500.png""}","{""0"":""https://panoptes-uploads.zooniverse.org/subject_location/900a74eb-9c80-47c5-8f9d-b8639998054c.png""}",5,2025-04-10 22:30:56 UTC,classification_count,2025-04-01 18:02:30 UTC,2025-04-01 18:02:30 UTC
107912911,19171,28567,127086,"{""Filename"":""CalCurCeas_023_00241109_0600.png""}","{""0"":""https://panoptes-uploads.zooniverse.org/subject_location/157297b8-2ecc-45f0-b12e-121b240f4797.png""}",5,2025-04-11 16:07:06 UTC,classification_count,2025-04-01 18:02:31 UTC,2025-04-01 18:02:31 UTC
107912912,19171,28567,127086,"{""Filename"":""CalCurCeas_023_00241109_0700.png""}","{""0"":""https://panoptes-uploads.zooniverse.org/subject_location/62835c2b-8854-41b2-a5d1-46483fa3a87d.png""}",5,2025-04-10 22:41:51 UTC,classification_count,2025-04-01 18:02:31 UTC,2025-04-01 18:02:31 UTC
107912913,19171,28567,127086,"{""Filename"":""CalCurCeas_023_00241109_0800.png""}","{""0"":""https://panoptes-uploads.zooniverse.org/subject_location/c5a4af2d-e5ee-48a0-9260-955e9ecfbc49.png""}",5,2025-04-11 20:42:06 UTC,classification_count,2025-04-01 18:02:31 UTC,2025-04-01 18:02:31 UTC
107912914,19171,28567,127086,"{""Filename"":""CalCurCeas_023_00241109_0900.png""}","{""0"":""https://panoptes-uploads.zooniverse.org/subject_location/739b6537-3989-4e5d-98e3-4042169d6faf.png""}",5,2025-04-12 05:33:34 UTC,classification_count,2025-04-01 18:02:32 UTC,2025-04-01 18:02:32 UTC
107912915,19171,28567,127086,"{""Filename"":""CalCurCeas_023_00241109_1000.png""}","{""0"":""https://panoptes-uploads.zooniverse.org/subject_location/b8b3b8a7-2836-4988-a806-613a1e3dd198.png""}",5,2025-04-11 16:07:29 UTC,classification_count,2025-04-01 18:02:32 UTC,2025-04-01 18:02:32 UTC
107912916,19171,28567,127086,"{""Filename"":""CalCurCeas_023_00241109_1100.png""}","{""0"":""https://panoptes-uploads.zooniverse.org/subject_location/89580983-b776-4e72-b130-2592d4159520.png""}",5,2025-04-10 22:37:39 UTC,classification_count,2025-04-01 18:02:33 UTC,2025-04-01 18:02:33 UTC
107912917,19171,28567,127086,"{""Filename"":""CalCurCeas_023_00241109_1200.png""}","{""0"":""https://panoptes-uploads.zooniverse.org/subject_location/1f1996bc-0d05-4f42-a064-d90a49aae2ee.png""}",5,2025-04-11 16:04:18 UTC,classification_count,2025-04-01 18:02:33 UTC,2025-04-01 18:02:33 UTC
107912918,19171,28567,127086,"{""Filename"":""CalCurCeas_023_00241109_1300.png""}","{""0"":""https://panoptes-uploads.zooniverse.org/subject_location/e70bf6c0-041d-4fd6-ab93-1a68e361906d.png""}",5,2025-04-11 23:09:21 UTC,classification_count,2025-04-01 18:02:33 UTC,2025-04-01 18:02:33 UTC
107912919,19171,28567,127086,"{""Filename"":""CalCurCeas_023_00241109_1400.png""}","{""0"":""https://panoptes-uploads.zooniverse.org/subject_location/1bab3b38-be7b-44a0-b509-6567df2331e2.png""}",5,2025-04-11 04:40:36 UTC,classification_count,2025-04-01 18:02:34 UTC,2025-04-01 18:02:34 UTC
107912920,19171,28567,127086,"{""Filename"":""CalCurCeas_023_00241109_1500.png""}","{""0"":""https://panoptes-uploads.zooniverse.org/subject_location/35e6f083-0434-4988-ba62-ee99d157b4d4.png""}",5,2025-04-10 04:58:55 UTC,classification_count,2025-04-01 18:02:34 UTC,2025-04-01 18:02:34 UTC
107912921,19171,28567,127086,"{""Filename"":""CalCurCeas_023_00241109_1600.png""}","{""0"":""https://panoptes-uploads.zooniverse.org/subject_location/197240af-7043-4b19-a093-885ab6adb693.png""}",5,2025-04-12 04:31:29 UTC,classification_count,2025-04-01 18:02:34 UTC,2025-04-01 18:02:34 UTC
107912922,19171,28567,127086,"{""Filename"":""CalCurCeas_023_00241109_1700.png""}","{""0"":""https://panoptes-uploads.zooniverse.org/subject_location/29159aff-1475-4625-936e-c43f6e52e409.png""}",5,2025-04-11 16:15:38 UTC,classification_count,2025-04-01 18:02:35 UTC,2025-04-01 18:02:35 UTC
107912923,19171,28567,127086,"{""Filename"":""CalCurCeas_023_00241109_1800.png""}","{""0"":""https://panoptes-uploads.zooniverse.org/subject_location/24a3068a-6a66-47c3-9d08-d6dd50cd8ff2.png""}",5,2025-04-10 22:34:02 UTC,classification_count,2025-04-01 18:02:35 UTC,2025-04-01 18:02:35 UTC
107912924,19171,28567,127086,"{""Filename"":""CalCurCeas_023_00241109_1900.png""}","{""0"":""https://panoptes-uploads.zooniverse.org/subject_location/8f7a646c-f4cb-4810-ad36-fd64ce2f4cda.png""}",5,2025-04-10 22:37:06 UTC,classification_count,2025-04-01 18:02:35 UTC,2025-04-01 18:02:35 UTC
107912925,19171,28567,127086,"{""Filename"":""CalCurCeas_023_00241109_2000.png""}","{""0"":""https://panoptes-uploads.zooniverse.org/subject_location/0b1035a3-5cb9-4f2f-a3d8-7a1778cae10c.png""}",6,2025-04-11 20:41:34 UTC,classification_count,2025-04-01 18:02:36 UTC,2025-04-01 18:02:36 UTC
107912926,19171,28567,127086,"{""Filename"":""CalCurCeas_023_00241109_2100.png""}","{""0"":""https://panoptes-uploads.zooniverse.org/subject_location/a0795d90-b0ab-4290-9474-a9f1492ce26c.png""}",5,2025-04-11 15:38:41 UTC,classification_count,2025-04-01 18:02:36 UTC,2025-04-01 18:02:36 UTC
107912927,19171,28567,127086,"{""Filename"":""CalCurCeas_023_00241109_2200.png""}","{""0"":""https://panoptes-uploads.zooniverse.org/subject_location/4390522e-5131-4519-bdec-a9e96914c2e7.png""}",5,2025-04-10 22:36:27 UTC,classification_count,2025-04-01 18:02:36 UTC,2025-04-01 18:02:36 UTC
107912928,19171,28567,127086,"{""Filename"":""CalCurCeas_023_00241109_2300.png""}","{""0"":""https://panoptes-uploads.zooniverse.org/subject_location/7130ef20-23cd-4a1b-8342-28722830dd7b.png""}",5,2025-04-11 06:47:36 UTC,classification_count,2025-04-01 18:02:37 UTC,2025-04-01 18:02:37 UTC
107912929,19171,28567,127086,"{""Filename"":""CalCurCeas_023_00241110_0000.png""}","{""0"":""https://panoptes-uploads.zooniverse.org/subject_location/ed9f8b2a-fc9b-47a9-bf0c-2d384dbcff37.png""}",5,2025-04-11 16:11:51 UTC,classification_count,2025-04-01 18:02:37 UTC,2025-04-01 18:02:37 UTC
107912930,19171,28567,127086,"{""Filename"":""CalCurCeas_023_00241110_0100.png""}","{""0"":""https://panoptes-uploads.zooniverse.org/subject_location/674d457e-7591-4059-a953-ccf0a27c2d91.png""}",5,2025-04-11 17:31:38 UTC,classification_count,2025-04-01 18:02:37 UTC,2025-04-01 18:02:37 UTC
107912931,19171,28567,127086,"{""Filename"":""CalCurCeas_023_00241110_0200.png""}","{""0"":""https://panoptes-uploads.zooniverse.org/subject_location/771854bc-4933-4307-a863-e663286ae31e.png""}",5,2025-04-11 15:36:50 UTC,classification_count,2025-04-01 18:02:38 UTC,2025-04-01 18:02:38 UTC
107912932,19171,28567,127086,"{""Filename"":""CalCurCeas_023_00241110_0300.png""}","{""0"":""https://panoptes-uploads.zooniverse.org/subject_location/a6830a78-e61c-45a0-905b-2f892a8f26a1.png""}",6,2025-04-10 22:35:54 UTC,classification_count,2025-04-01 18:02:38 UTC,2025-04-01 18:02:38 UTC
107912933,19171,28567,127086,"{""Filename"":""CalCurCeas_023_00241110_0400.png""}","{""0"":""https://panoptes-uploads.zooniverse.org/subject_location/f93a008b-74b7-4d57-a444-ac4220463760.png""}",5,2025-04-11 04:40:39 UTC,classification_count,2025-04-01 18:02:38 UTC,2025-04-01 18:02:38 UTC
107912934,19171,28567,127086,"{""Filename"":""CalCurCeas_023_00241110_0500.png""}","{""0"":""https://panoptes-uploads.zooniverse.org/subject_location/a6acf1bc-90ea-4d1a-a595-22fca477c4c9.png""}",5,2025-04-11 23:09:05 UTC,classification_count,2025-04-01 18:02:39 UTC,2025-04-01 18:02:39 UTC
107912935,19171,28567,127086,"{""Filename"":""CalCurCeas_023_00241110_0600.png""}","{""0"":""https://panoptes-uploads.zooniverse.org/subject_location/3be67661-358e-475d-a01c-fcd7b95f5bb3.png""}",5,2025-04-11 03:10:50 UTC,classification_count,2025-04-01 18:02:39 UTC,2025-04-01 18:02:39 UTC
107912936,19171,28567,127086,"{""Filename"":""CalCurCeas_023_00241110_0700.png""}","{""0"":""https://panoptes-uploads.zooniverse.org/subject_location/4f667a9b-9516-4791-85a9-0fb572aa8f1d.png""}",5,2025-04-11 08:53:00 UTC,classification_count,2025-04-01 18:02:39 UTC,2025-04-01 18:02:39 UTC
107912937,19171,28567,127086,"{""Filename"":""CalCurCeas_023_00241110_0800.png""}","{""0"":""https://panoptes-uploads.zooniverse.org/subject_location/e1d65f36-32be-482a-a951-64b5d94febdd.png""}",5,2025-04-11 16:19:01 UTC,classification_count,2025-04-01 18:02:40 UTC,2025-04-01 18:02:40 UTC
107912938,19171,28567,127086,"{""Filename"":""CalCurCeas_023_00241110_0900.png""}","{""0"":""https://panoptes-uploads.zooniverse.org/subject_location/002ffae7-d6c6-4f31-984d-9cc5a89a90c2.png""}",6,2025-04-10 22:35:57 UTC,classification_count,2025-04-01 18:02:40 UTC,2025-04-01 18:02:40 UTC
107912939,19171,28567,127086,"{""Filename"":""CalCurCeas_023_00241110_1000.png""}","{""0"":""https://panoptes-uploads.zooniverse.org/subject_location/ef40fee3-3a6c-42d8-8893-246a310d3805.png""}",5,2025-04-11 04:37:22 UTC,classification_count,2025-04-01 18:02:40 UTC,2025-04-01 18:02:40 UTC
107912940,19171,28567,127086,"{""Filename"":""CalCurCeas_023_00241110_1100.png""}","{""0"":""https://panoptes-uploads.zooniverse.org/subject_location/9f2d8ae4-fa42-4a8d-925f-2a7af9d19e5e.png""}",5,2025-04-11 08:53:41 UTC,classification_count,2025-04-01 18:02:41 UTC,2025-04-01 18:02:41 UTC
107912941,19171,28567,127086,"{""Filename"":""CalCurCeas_023_00241110_1200.png""}","{""0"":""https://panoptes-uploads.zooniverse.org/subject_location/b01188c7-bc2a-4344-ab65-d6a373f6b3a5.png""}",5,2025-04-12 00:39:00 UTC,classification_count,2025-04-01 18:02:41 UTC,2025-04-01 18:02:41 UTC
107912942,19171,28567,127086,"{""Filename"":""CalCurCeas_023_00241110_1300.png""}","{""0"":""https://panoptes-uploads.zooniverse.org/subject_location/cd22a706-4738-49cc-983d-5b0b562fb48d.png""}",5,2025-04-11 08:51:20 UTC,classification_count,2025-04-01 18:02:42 UTC,2025-04-01 18:02:42 UTC
107912943,19171,28567,127086,"{""Filename"":""CalCurCeas_023_00241110_1400.png""}","{""0"":""https://panoptes-uploads.zooniverse.org/subject_location/62377b9c-db8d-46eb-baec-2c87f6c79bd9.png""}",5,2025-04-11 06:48:40 UTC,classification_count,2025-04-01 18:02:42 UTC,2025-04-01 18:02:42 UTC
107912944,19171,28567,127086,"{""Filename"":""CalCurCeas_023_00241110_1500.png""}","{""0"":""https://panoptes-uploads.zooniverse.org/subject_location/ecdf803e-5b5c-4455-a9b4-2af7af16c29f.png""}",5,2025-04-12 05:34:39 UTC,classification_count,2025-04-01 18:02:42 UTC,2025-04-01 18:02:42 UTC
107912945,19171,28567,127086,"{""Filename"":""CalCurCeas_023_00241110_1600.png""}","{""0"":""https://panoptes-uploads.zooniverse.org/subject_location/5039f657-95c1-41fc-8136-7b7033f4a645.png""}",5,2025-04-11 23:06:03 UTC,classification_count,2025-04-01 18:02:43 UTC,2025-04-01 18:02:43 UTC
107912946,19171,28567,127086,"{""Filename"":""CalCurCeas_023_00241110_1700.png""}","{""0"":""https://panoptes-uploads.zooniverse.org/subject_location/71e81612-11bc-4a6c-9fd0-8aceea80f2f0.png""}",5,2025-04-11 04:37:48 UTC,classification_count,2025-04-01 18:02:43 UTC,2025-04-01 18:02:43 UTC
107912947,19171,28567,127086,"{""Filename"":""CalCurCeas_023_00241110_1800.png""}","{""0"":""https://panoptes-uploads.zooniverse.org/subject_location/46726ff2-1325-466e-90b9-41d158c9fc99.png""}",5,2025-04-11 04:37:38 UTC,classification_count,2025-04-01 18:02:43 UTC,2025-04-01 18:02:43 UTC
107912948,19171,28567,127086,"{""Filename"":""CalCurCeas_023_00241110_1900.png""}","{""0"":""https://panoptes-uploads.zooniverse.org/subject_location/b304c52f-efee-41de-828c-6fba3677de1c.png""}",5,2025-04-11 03:06:33 UTC,classification_count,2025-04-01 18:02:44 UTC,2025-04-01 18:02:44 UTC
107912949,19171,28567,127086,"{""Filename"":""CalCurCeas_023_00241110_2000.png""}","{""0"":""https://panoptes-uploads.zooniverse.org/subject_location/b7c9a2f7-6a87-4a80-a562-65ef4a00949b.png""}",5,2025-04-10 22:37:00 UTC,classification_count,2025-04-01 18:02:44 UTC,2025-04-01 18:02:44 UTC
107912950,19171,28567,127086,"{""Filename"":""CalCurCeas_023_00241110_2100.png""}","{""0"":""https://panoptes-uploads.zooniverse.org/subject_location/ee43e78d-4c4c-4de4-ac8e-c5528ea253b5.png""}",5,2025-04-11 03:17:14 UTC,classification_count,2025-04-01 18:02:44 UTC,2025-04-01 18:02:44 UTC
107912951,19171,28567,127086,"{""Filename"":""CalCurCeas_023_00241110_2200.png""}","{""0"":""https://panoptes-uploads.zooniverse.org/subject_location/20038017-fc82-4090-9f36-2fe2e871e38b.png""}",5,2025-04-11 04:37:53 UTC,classification_count,2025-04-01 18:02:45 UTC,2025-04-01 18:02:45 UTC
107912952,19171,28567,127086,"{""Filename"":""CalCurCeas_023_00241110_2300.png""}","{""0"":""https://panoptes-uploads.zooniverse.org/subject_location/65bfb858-9172-434d-8a82-dd5b5298ff79.png""}",5,2025-04-11 16:12:55 UTC,classification_count,2025-04-01 18:02:45 UTC,2025-04-01 18:02:45 UTC
107912953,19171,28567,127086,"{""Filename"":""CalCurCeas_023_00241111_0000.png""}","{""0"":""https://panoptes-uploads.zooniverse.org/subject_location/74d23913-f934-4bb8-a70b-03c38ba39460.png""}",5,2025-04-12 00:39:28 UTC,classification_count,2025-04-01 18:02:45 UTC,2025-04-01 18:02:45 UTC
107912954,19171,28567,127086,"{""Filename"":""CalCurCeas_023_00241111_0100.png""}","{""0"":""https://panoptes-uploads.zooniverse.org/subject_location/c08f4240-0fb5-489f-a6a5-18569f1bbbfe.png""}",5,2025-04-11 20:37:13 UTC,classification_count,2025-04-01 18:02:46 UTC,2025-04-01 18:02:46 UTC
107912955,19171,28567,127086,"{""Filename"":""CalCurCeas_023_00241111_0200.png""}","{""0"":""https://panoptes-uploads.zooniverse.org/subject_location/161c4689-a0e2-4faf-a6b2-a7d122771755.png""}",5,2025-04-12 00:42:23 UTC,classification_count,2025-04-01 18:02:46 UTC,2025-04-01 18:02:46 UTC
107912956,19171,28567,127086,"{""Filename"":""CalCurCeas_023_00241111_0300.png""}","{""0"":""https://panoptes-uploads.zooniverse.org/subject_location/4c94856b-a904-4c7e-b857-b00ac8bfe3af.png""}",5,2025-04-11 23:08:43 UTC,classification_count,2025-04-01 18:02:46 UTC,2025-04-01 18:02:46 UTC
107912957,19171,28567,127086,"{""Filename"":""CalCurCeas_023_00241111_0400.png""}","{""0"":""https://panoptes-uploads.zooniverse.org/subject_location/ebd24f7d-77b0-4ea4-9a4f-e664c1e60f47.png""}",5,2025-04-10 22:38:05 UTC,classification_count,2025-04-01 18:02:47 UTC,2025-04-01 18:02:47 UTC
107912958,19171,28567,127086,"{""Filename"":""CalCurCeas_023_00241028_0000.png""}","{""0"":""https://panoptes-uploads.zooniverse.org/subject_location/1b292637-6594-404b-996e-459b55579acb.png""}",5,2025-04-12 05:38:27 UTC,classification_count,2025-04-01 18:02:47 UTC,2025-04-01 18:02:47 UTC
108159878,19171,,127426,"{""Filename"":""CalCurCeas_024_00241111_0300.png""}","{""0"":""https://panoptes-uploads.zooniverse.org/subject_location/9edb012a-e64c-429e-b949-d79441e71fc5.png""}",0,,,2025-04-15 19:01:58 UTC,2025-04-15 19:01:58 UTC
108159879,19171,,127426,"{""Filename"":""CalCurCeas_024_00241111_0400.png""}","{""0"":""https://panoptes-uploads.zooniverse.org/subject_location/dee70d5d-fa35-44f7-9043-e06298b4ad63.png""}",0,,,2025-04-15 19:02:01 UTC,2025-04-15 19:02:01 UTC
108159880,19171,,127426,"{""Filename"":""CalCurCeas_024_00241111_0500.png""}","{""0"":""https://panoptes-uploads.zooniverse.org/subject_location/e729c624-6182-4463-807c-98c70682e439.png""}",0,,,2025-04-15 19:02:02 UTC,2025-04-15 19:02:02 UTC
108159881,19171,,127426,"{""Filename"":""CalCurCeas_024_00241111_0600.png""}","{""0"":""https://panoptes-uploads.zooniverse.org/subject_location/ef9a3834-776a-4ae8-bc25-059e57b898be.png""}",0,,,2025-04-15 19:02:03 UTC,2025-04-15 19:02:03 UTC
108159882,19171,,127426,"{""Filename"":""CalCurCeas_024_00241111_0700.png""}","{""0"":""https://panoptes-uploads.zooniverse.org/subject_location/997e5071-6241-4437-82ea-954c711ad36a.png""}",0,,,2025-04-15 19:02:03 UTC,2025-04-15 19:02:03 UTC
108159883,19171,,127426,"{""Filename"":""CalCurCeas_024_00241111_0800.png""}","{""0"":""https://panoptes-uploads.zooniverse.org/subject_location/99a3ee6a-88ae-4f4f-a7d6-0bd17a29f504.png""}",0,,,2025-04-15 19:02:04 UTC,2025-04-15 19:02:04 UTC
108159884,19171,,127426,"{""Filename"":""CalCurCeas_024_00241111_0900.png""}","{""0"":""https://panoptes-uploads.zooniverse.org/subject_location/5718735a-3d48-4a4b-bccb-515970a0258b.png""}",0,,,2025-04-15 19:02:04 UTC,2025-04-15 19:02:04 UTC
108159885,19171,,127426,"{""Filename"":""CalCurCeas_024_00241111_1000.png""}","{""0"":""https://panoptes-uploads.zooniverse.org/subject_location/f80294a5-f438-4776-a552-75c49da57f5d.png""}",0,,,2025-04-15 19:02:05 UTC,2025-04-15 19:02:05 UTC
108159886,19171,,127426,"{""Filename"":""CalCurCeas_024_00241111_1100.png""}","{""0"":""https://panoptes-uploads.zooniverse.org/subject_location/ce730d17-4b0c-49a7-a394-fdd55ec5e52f.png""}",0,,,2025-04-15 19:02:06 UTC,2025-04-15 19:02:06 UTC
108159887,19171,,127426,"{""Filename"":""CalCurCeas_024_00241111_1200.png""}","{""0"":""https://panoptes-uploads.zooniverse.org/subject_location/a9aaee59-70f7-4fef-a5aa-9a126c3d976b.png""}",0,,,2025-04-15 19:02:06 UTC,2025-04-15 19:02:06 UTC
108159888,19171,,127426,"{""Filename"":""CalCurCeas_024_00241111_1300.png""}","{""0"":""https://panoptes-uploads.zooniverse.org/subject_location/8d88b80a-5983-4608-b757-651abd727659.png""}",0,,,2025-04-15 19:02:07 UTC,2025-04-15 19:02:07 UTC
108159889,19171,,127426,"{""Filename"":""CalCurCeas_024_00241111_1400.png""}","{""0"":""https://panoptes-uploads.zooniverse.org/subject_location/69eac6ee-cd8e-4659-9032-6e5701856503.png""}",0,,,2025-04-15 19:02:07 UTC,2025-04-15 19:02:07 UTC
108159890,19171,,127426,"{""Filename"":""CalCurCeas_024_00241111_1500.png""}","{""0"":""https://panoptes-uploads.zooniverse.org/subject_location/2934c304-290a-4929-92aa-117badbba79a.png""}",0,,,2025-04-15 19:02:08 UTC,2025-04-15 19:02:08 UTC
108159891,19171,,127426,"{""Filename"":""CalCurCeas_024_00241111_1600.png""}","{""0"":""https://panoptes-uploads.zooniverse.org/subject_location/bd2feb19-568a-40e6-a178-8cf121151fe6.png""}",0,,,2025-04-15 19:02:08 UTC,2025-04-15 19:02:08 UTC
108159892,19171,,127426,"{""Filename"":""CalCurCeas_024_00241111_1700.png""}","{""0"":""https://panoptes-uploads.zooniverse.org/subject_location/f3080e4d-7de7-4da7-be64-3d2ce892dc07.png""}",0,,,2025-04-15 19:02:08 UTC,2025-04-15 19:02:08 UTC
108159893,19171,,127426,"{""Filename"":""CalCurCeas_024_00241111_1800.png""}","{""0"":""https://panoptes-uploads.zooniverse.org/subject_location/aea21da3-bcd8-43a2-a3f0-1c0064a96904.png""}",0,,,2025-04-15 19:02:09 UTC,2025-04-15 19:02:09 UTC
108159894,19171,,127426,"{""Filename"":""CalCurCeas_024_00241111_1900.png""}","{""0"":""https://panoptes-uploads.zooniverse.org/subject_location/6ce8b5eb-031a-4c4a-b0bf-259a499f213f.png""}",0,,,2025-04-15 19:02:09 UTC,2025-04-15 19:02:09 UTC
108159895,19171,,127426,"{""Filename"":""CalCurCeas_024_00241111_2000.png""}","{""0"":""https://panoptes-uploads.zooniverse.org/subject_location/412418eb-2ba1-49f6-8c5f-c8b86f6a18b7.png""}",0,,,2025-04-15 19:02:10 UTC,2025-04-15 19:02:10 UTC
108159896,19171,,127426,"{""Filename"":""CalCurCeas_024_00241111_2100.png""}","{""0"":""https://panoptes-uploads.zooniverse.org/subject_location/63e79497-d7f8-4d8d-9531-3579da13f5fd.png""}",0,,,2025-04-15 19:02:10 UTC,2025-04-15 19:02:10 UTC
108159897,19171,,127426,"{""Filename"":""CalCurCeas_024_00241111_2200.png""}","{""0"":""https://panoptes-uploads.zooniverse.org/subject_location/ef45603d-e483-442b-a00f-e2d06f64418f.png""}",0,,,2025-04-15 19:02:11 UTC,2025-04-15 19:02:11 UTC
108159898,19171,,127426,"{""Filename"":""CalCurCeas_024_00241111_2300.png""}","{""0"":""https://panoptes-uploads.zooniverse.org/subject_location/ea9243f9-b374-4e01-a950-52e91c98816c.png""}",0,,,2025-04-15 19:02:11 UTC,2025-04-15 19:02:11 UTC
108159899,19171,,127426,"{""Filename"":""CalCurCeas_024_00241112_0000.png""}","{""0"":""https://panoptes-uploads.zooniverse.org/subject_location/16d06051-d9ab-4857-8df8-25802c3d9fd9.png""}",0,,,2025-04-15 19:02:12 UTC,2025-04-15 19:02:12 UTC
108159900,19171,,127426,"{""Filename"":""CalCurCeas_024_00241112_0100.png""}","{""0"":""https://panoptes-uploads.zooniverse.org/subject_location/00493bf2-6f24-4c92-a397-bf571f8c2095.png""}",0,,,2025-04-15 19:02:12 UTC,2025-04-15 19:02:12 UTC
108159901,19171,,127426,"{""Filename"":""CalCurCeas_024_00241112_0200.png""}","{""0"":""https://panoptes-uploads.zooniverse.org/subject_location/da6640db-9c0a-4346-81fd-97df1b9b71a0.png""}",0,,,2025-04-15 19:02:13 UTC,2025-04-15 19:02:13 UTC
108159902,19171,,127426,"{""Filename"":""CalCurCeas_024_00241112_0300.png""}","{""0"":""https://panoptes-uploads.zooniverse.org/subject_location/20d79d5f-06c0-4e98-bae4-c6dcc2fd3c1d.png""}",0,,,2025-04-15 19:02:13 UTC,2025-04-15 19:02:13 UTC
108159903,19171,,127426,"{""Filename"":""CalCurCeas_024_00241112_0400.png""}","{""0"":""https://panoptes-uploads.zooniverse.org/subject_location/7e5116da-8568-44a2-83cc-1bba2c1400bf.png""}",0,,,2025-04-15 19:02:14 UTC,2025-04-15 19:02:14 UTC
108159904,19171,,127426,"{""Filename"":""CalCurCeas_024_00241112_0500.png""}","{""0"":""https://panoptes-uploads.zooniverse.org/subject_location/f20b89e6-6901-45e6-9fb3-544f38d7492c.png""}",0,,,2025-04-15 19:02:14 UTC,2025-04-15 19:02:14 UTC
108159905,19171,,127426,"{""Filename"":""CalCurCeas_024_00241112_0600.png""}","{""0"":""https://panoptes-uploads.zooniverse.org/subject_location/e4741ea0-cb57-4ebf-83aa-098c87affe63.png""}",0,,,2025-04-15 19:02:15 UTC,2025-04-15 19:02:15 UTC
108159906,19171,,127426,"{""Filename"":""CalCurCeas_024_00241112_0700.png""}","{""0"":""https://panoptes-uploads.zooniverse.org/subject_location/1445fba8-d1a8-4d5a-9e38-4544e7c79a0a.png""}",0,,,2025-04-15 19:02:15 UTC,2025-04-15 19:02:15 UTC
108159907,19171,,127426,"{""Filename"":""CalCurCeas_024_00241112_0800.png""}","{""0"":""https://panoptes-uploads.zooniverse.org/subject_location/230ff20b-5e4c-4935-9ae1-c53e313567ba.png""}",0,,,2025-04-15 19:02:16 UTC,2025-04-15 19:02:16 UTC
108159908,19171,,127426,"{""Filename"":""CalCurCeas_024_00241112_0900.png""}","{""0"":""https://panoptes-uploads.zooniverse.org/subject_location/32c68fc4-19de-447c-8721-af37924ea875.png""}",0,,,2025-04-15 19:02:16 UTC,2025-04-15 19:02:16 UTC
108159909,19171,,127426,"{""Filename"":""CalCurCeas_024_00241112_1000.png""}","{""0"":""https://panoptes-uploads.zooniverse.org/subject_location/1d409b7a-8125-4a6c-866b-bd9b1affbecf.png""}",0,,,2025-04-15 19:02:17 UTC,2025-04-15 19:02:17 UTC
108159910,19171,,127426,"{""Filename"":""CalCurCeas_024_00241112_1100.png""}","{""0"":""https://panoptes-uploads.zooniverse.org/subject_location/496f27a9-5011-479f-9f96-b56d242d179a.png""}",0,,,2025-04-15 19:02:17 UTC,2025-04-15 19:02:17 UTC
108159911,19171,,127426,"{""Filename"":""CalCurCeas_024_00241112_1200.png""}","{""0"":""https://panoptes-uploads.zooniverse.org/subject_location/bbca3f45-7244-41f3-ab47-7b5c0c9bc728.png""}",0,,,2025-04-15 19:02:18 UTC,2025-04-15 19:02:18 UTC
108159912,19171,,127426,"{""Filename"":""CalCurCeas_024_00241112_1300.png""}","{""0"":""https://panoptes-uploads.zooniverse.org/subject_location/7d2d0878-fa8e-4c24-8b62-2232661b628c.png""}",0,,,2025-04-15 19:02:19 UTC,2025-04-15 19:02:19 UTC
108159913,19171,,127426,"{""Filename"":""CalCurCeas_024_00241112_1400.png""}","{""0"":""https://panoptes-uploads.zooniverse.org/subject_location/f6487fa1-3072-4614-8157-021fff603f37.png""}",0,,,2025-04-15 19:02:19 UTC,2025-04-15 19:02:19 UTC
108159914,19171,,127426,"{""Filename"":""CalCurCeas_024_00241112_1500.png""}","{""0"":""https://panoptes-uploads.zooniverse.org/subject_location/767c9546-36af-47e3-ab1a-142fc4d79057.png""}",0,,,2025-04-15 19:02:20 UTC,2025-04-15 19:02:20 UTC
108159915,19171,,127426,"{""Filename"":""CalCurCeas_024_00241112_1600.png""}","{""0"":""https://panoptes-uploads.zooniverse.org/subject_location/41e3d45a-9526-431b-970e-3b53946d0e98.png""}",0,,,2025-04-15 19:02:20 UTC,2025-04-15 19:02:20 UTC
108159916,19171,,127426,"{""Filename"":""CalCurCeas_024_00241112_1700.png""}","{""0"":""https://panoptes-uploads.zooniverse.org/subject_location/b4108e4a-8eed-4fe0-b8d7-fce2d2a3f729.png""}",0,,,2025-04-15 19:02:21 UTC,2025-04-15 19:02:21 UTC
108159917,19171,,127426,"{""Filename"":""CalCurCeas_024_00241112_1800.png""}","{""0"":""https://panoptes-uploads.zooniverse.org/subject_location/a023d9b0-1e55-4b7c-abf1-b9be63c5c230.png""}",0,,,2025-04-15 19:02:22 UTC,2025-04-15 19:02:22 UTC
108159918,19171,,127426,"{""Filename"":""CalCurCeas_024_00241112_1900.png""}","{""0"":""https://panoptes-uploads.zooniverse.org/subject_location/145d23d8-36bc-4014-9417-a42c1b75522a.png""}",0,,,2025-04-15 19:02:22 UTC,2025-04-15 19:02:22 UTC
108159919,19171,,127426,"{""Filename"":""CalCurCeas_024_00241112_2000.png""}","{""0"":""https://panoptes-uploads.zooniverse.org/subject_location/bc333a4e-668a-4a91-98c2-b2ab0cab5a73.png""}",0,,,2025-04-15 19:02:23 UTC,2025-04-15 19:02:23 UTC
108159920,19171,,127426,"{""Filename"":""CalCurCeas_024_00241112_2100.png""}","{""0"":""https://panoptes-uploads.zooniverse.org/subject_location/041dbe01-4153-4b4f-a128-8cfdb1119963.png""}",0,,,2025-04-15 19:02:23 UTC,2025-04-15 19:02:23 UTC
108159921,19171,,127426,"{""Filename"":""CalCurCeas_024_00241112_2200.png""}","{""0"":""https://panoptes-uploads.zooniverse.org/subject_location/26f4a758-b121-41fb-8430-279d9ca94e9c.png""}",0,,,2025-04-15 19:02:23 UTC,2025-04-15 19:02:23 UTC
108159922,19171,,127426,"{""Filename"":""CalCurCeas_024_00241112_2300.png""}","{""0"":""https://panoptes-uploads.zooniverse.org/subject_location/08ca76a0-66f3-4503-9b76-a40fae685027.png""}",0,,,2025-04-15 19:02:24 UTC,2025-04-15 19:02:24 UTC
108159923,19171,,127426,"{""Filename"":""CalCurCeas_024_00241113_0000.png""}","{""0"":""https://panoptes-uploads.zooniverse.org/subject_location/62639392-36d3-4403-8f0f-e27bce8a83f8.png""}",0,,,2025-04-15 19:02:24 UTC,2025-04-15 19:02:24 UTC
108159924,19171,,127426,"{""Filename"":""CalCurCeas_024_00241113_0100.png""}","{""0"":""https://panoptes-uploads.zooniverse.org/subject_location/0fcccc7b-35e3-4df4-a9e9-63d09546721d.png""}",0,,,2025-04-15 19:02:24 UTC,2025-04-15 19:02:24 UTC
108159925,19171,,127426,"{""Filename"":""CalCurCeas_024_00241113_0200.png""}","{""0"":""https://panoptes-uploads.zooniverse.org/subject_location/2824283f-f93f-403f-bc91-c105cfe7d5ee.png""}",0,,,2025-04-15 19:02:25 UTC,2025-04-15 19:02:25 UTC
108159926,19171,,127426,"{""Filename"":""CalCurCeas_024_00241113_0300.png""}","{""0"":""https://panoptes-uploads.zooniverse.org/subject_location/5e5f4bd5-b79e-41d3-92d4-43c1fd9f3b22.png""}",0,,,2025-04-15 19:02:25 UTC,2025-04-15 19:02:25 UTC
108159927,19171,,127426,"{""Filename"":""CalCurCeas_024_00241113_0400.png""}","{""0"":""https://panoptes-uploads.zooniverse.org/subject_location/e1ed658c-275b-4f26-8a73-5091417c5bf1.png""}",0,,,2025-04-15 19:02:25 UTC,2025-04-15 19:02:25 UTC
108159928,19171,,127426,"{""Filename"":""CalCurCeas_024_00241113_0500.png""}","{""0"":""https://panoptes-uploads.zooniverse.org/subject_location/79a2012c-8f33-4ef4-8f6c-931038bf0a3f.png""}",0,,,2025-04-15 19:02:26 UTC,2025-04-15 19:02:26 UTC
108159929,19171,,127426,"{""Filename"":""CalCurCeas_024_00241113_0600.png""}","{""0"":""https://panoptes-uploads.zooniverse.org/subject_location/5e4aaa52-e608-4cd6-8cae-7ba3feac6e4e.png""}",0,,,2025-04-15 19:02:26 UTC,2025-04-15 19:02:26 UTC
108159930,19171,,127426,"{""Filename"":""CalCurCeas_024_00241113_0700.png""}","{""0"":""https://panoptes-uploads.zooniverse.org/subject_location/9ff19853-4977-4e8f-ba06-c1918a684ecd.png""}",0,,,2025-04-15 19:02:27 UTC,2025-04-15 19:02:27 UTC
108159931,19171,,127426,"{""Filename"":""CalCurCeas_024_00241113_0800.png""}","{""0"":""https://panoptes-uploads.zooniverse.org/subject_location/7e9655f2-18b0-4f78-a22b-348084ffbb14.png""}",0,,,2025-04-15 19:02:27 UTC,2025-04-15 19:02:27 UTC
108159932,19171,,127426,"{""Filename"":""CalCurCeas_024_00241113_0900.png""}","{""0"":""https://panoptes-uploads.zooniverse.org/subject_location/159b89ff-f751-4b54-82f2-e86ce7af0491.png""}",0,,,2025-04-15 19:02:27 UTC,2025-04-15 19:02:27 UTC
108159933,19171,,127426,"{""Filename"":""CalCurCeas_024_00241113_1000.png""}","{""0"":""https://panoptes-uploads.zooniverse.org/subject_location/d733641d-8fd4-4922-a230-8eb124409e0b.png""}",0,,,2025-04-15 19:02:28 UTC,2025-04-15 19:02:28 UTC
108159934,19171,,127426,"{""Filename"":""CalCurCeas_024_00241113_1100.png""}","{""0"":""https://panoptes-uploads.zooniverse.org/subject_location/9aef2f3c-c3fa-45f8-8f64-da280649b0e8.png""}",0,,,2025-04-15 19:02:28 UTC,2025-04-15 19:02:28 UTC
108159935,19171,,127426,"{""Filename"":""CalCurCeas_024_00241113_1200.png""}","{""0"":""https://panoptes-uploads.zooniverse.org/subject_location/d0c3ba03-1264-4f09-b65c-d9d2a69a0bfb.png""}",0,,,2025-04-15 19:02:29 UTC,2025-04-15 19:02:29 UTC
108159936,19171,,127426,"{""Filename"":""CalCurCeas_024_00241113_1300.png""}","{""0"":""https://panoptes-uploads.zooniverse.org/subject_location/e8728731-0248-441c-95b3-cdefdbf44d35.png""}",0,,,2025-04-15 19:02:29 UTC,2025-04-15 19:02:29 UTC
108159937,19171,,127426,"{""Filename"":""CalCurCeas_024_00241113_1400.png""}","{""0"":""https://panoptes-uploads.zooniverse.org/subject_location/e18d06f3-6314-41dd-8f90-1b12f506d17d.png""}",0,,,2025-04-15 19:02:29 UTC,2025-04-15 19:02:29 UTC
108159938,19171,,127426,"{""Filename"":""CalCurCeas_024_00241113_1500.png""}","{""0"":""https://panoptes-uploads.zooniverse.org/subject_location/8a3584ed-434a-4f18-a0c2-eaa60fcba305.png""}",0,,,2025-04-15 19:02:30 UTC,2025-04-15 19:02:30 UTC
108159939,19171,,127426,"{""Filename"":""CalCurCeas_024_00241113_1600.png""}","{""0"":""https://panoptes-uploads.zooniverse.org/subject_location/4de176ec-ed55-4391-bdfc-b71fc65954ee.png""}",0,,,2025-04-15 19:02:30 UTC,2025-04-15 19:02:30 UTC
108159940,19171,,127426,"{""Filename"":""CalCurCeas_024_00241113_1700.png""}","{""0"":""https://panoptes-uploads.zooniverse.org/subject_location/789da47b-39af-4bf2-a1ef-78a32e62d6d5.png""}",0,,,2025-04-15 19:02:30 UTC,2025-04-15 19:02:30 UTC
108159941,19171,,127426,"{""Filename"":""CalCurCeas_024_00241113_1800.png""}","{""0"":""https://panoptes-uploads.zooniverse.org/subject_location/58f6d630-26df-4cc6-a521-2fa5e95ac693.png""}",0,,,2025-04-15 19:02:31 UTC,2025-04-15 19:02:31 UTC
108159942,19171,,127426,"{""Filename"":""CalCurCeas_024_00241113_1900.png""}","{""0"":""https://panoptes-uploads.zooniverse.org/subject_location/371ec0d6-4de3-468a-883e-0a3765842f44.png""}",0,,,2025-04-15 19:02:31 UTC,2025-04-15 19:02:31 UTC
108159943,19171,,127426,"{""Filename"":""CalCurCeas_024_00241113_2000.png""}","{""0"":""https://panoptes-uploads.zooniverse.org/subject_location/88e8916e-2c74-42c3-9768-7c3a1177fe10.png""}",0,,,2025-04-15 19:02:31 UTC,2025-04-15 19:02:31 UTC
108159944,19171,,127426,"{""Filename"":""CalCurCeas_024_00241113_2100.png""}","{""0"":""https://panoptes-uploads.zooniverse.org/subject_location/485b2f00-82ea-4e3e-bd76-aebcf3990960.png""}",0,,,2025-04-15 19:02:32 UTC,2025-04-15 19:02:32 UTC
108159945,19171,,127426,"{""Filename"":""CalCurCeas_024_00241113_2200.png""}","{""0"":""https://panoptes-uploads.zooniverse.org/subject_location/039ee3ba-39e7-4c7d-8ba8-15cf4e50ec52.png""}",0,,,2025-04-15 19:02:32 UTC,2025-04-15 19:02:32 UTC
108159946,19171,,127426,"{""Filename"":""CalCurCeas_024_00241113_2300.png""}","{""0"":""https://panoptes-uploads.zooniverse.org/subject_location/68de2b02-8d7e-4f4e-b8ac-fda9520c07eb.png""}",0,,,2025-04-15 19:02:32 UTC,2025-04-15 19:02:32 UTC
108159947,19171,,127426,"{""Filename"":""CalCurCeas_024_00241114_0000.png""}","{""0"":""https://panoptes-uploads.zooniverse.org/subject_location/95b65bc7-b048-494a-88ab-027db508de19.png""}",0,,,2025-04-15 19:02:32 UTC,2025-04-15 19:02:32 UTC
108159948,19171,,127426,"{""Filename"":""CalCurCeas_024_00241114_0100.png""}","{""0"":""https://panoptes-uploads.zooniverse.org/subject_location/12622742-f0cd-46ce-9245-91f836576e2e.png""}",0,,,2025-04-15 19:02:33 UTC,2025-04-15 19:02:33 UTC
108159949,19171,,127426,"{""Filename"":""CalCurCeas_024_00241114_0200.png""}","{""0"":""https://panoptes-uploads.zooniverse.org/subject_location/39f46ae0-8d2c-415b-9318-a72da8fcc6aa.png""}",0,,,2025-04-15 19:02:33 UTC,2025-04-15 19:02:33 UTC
108159950,19171,,127426,"{""Filename"":""CalCurCeas_024_00241114_0300.png""}","{""0"":""https://panoptes-uploads.zooniverse.org/subject_location/3c26ab38-bd71-4af1-9c19-61ae532cf274.png""}",0,,,2025-04-15 19:02:33 UTC,2025-04-15 19:02:33 UTC
108159951,19171,,127426,"{""Filename"":""CalCurCeas_024_00241114_0400.png""}","{""0"":""https://panoptes-uploads.zooniverse.org/subject_location/f5cdc929-6153-4f5b-b435-5dc0c62fb829.png""}",0,,,2025-04-15 19:02:34 UTC,2025-04-15 19:02:34 UTC
108159952,19171,,127426,"{""Filename"":""CalCurCeas_024_00241114_0500.png""}","{""0"":""https://panoptes-uploads.zooniverse.org/subject_location/00d35f63-ec40-4823-a0eb-4331137f1f1e.png""}",0,,,2025-04-15 19:02:34 UTC,2025-04-15 19:02:34 UTC
108159953,19171,,127426,"{""Filename"":""CalCurCeas_024_00241114_0600.png""}","{""0"":""https://panoptes-uploads.zooniverse.org/subject_location/db39a949-4aff-4abe-a855-a8736ce8bfa4.png""}",0,,,2025-04-15 19:02:35 UTC,2025-04-15 19:02:35 UTC
108159954,19171,,127426,"{""Filename"":""CalCurCeas_024_00241114_0700.png""}","{""0"":""https://panoptes-uploads.zooniverse.org/subject_location/8b662dbf-5e88-41e8-9a68-333fde7bb8fe.png""}",0,,,2025-04-15 19:02:35 UTC,2025-04-15 19:02:35 UTC
108159955,19171,,127426,"{""Filename"":""CalCurCeas_024_00241114_0800.png""}","{""0"":""https://panoptes-uploads.zooniverse.org/subject_location/baf94593-c253-47aa-88b2-9a91efba7849.png""}",0,,,2025-04-15 19:02:35 UTC,2025-04-15 19:02:35 UTC
108159956,19171,,127426,"{""Filename"":""CalCurCeas_024_00241114_0900.png""}","{""0"":""https://panoptes-uploads.zooniverse.org/subject_location/980f0c40-be79-4d71-932e-d534aad4bcd9.png""}",0,,,2025-04-15 19:02:36 UTC,2025-04-15 19:02:36 UTC
108159957,19171,,127426,"{""Filename"":""CalCurCeas_024_00241114_1000.png""}","{""0"":""https://panoptes-uploads.zooniverse.org/subject_location/ff92de2f-5bae-4318-adbc-d700a897c51b.png""}",0,,,2025-04-15 19:02:36 UTC,2025-04-15 19:02:36 UTC
108159958,19171,,127426,"{""Filename"":""CalCurCeas_024_00241114_1100.png""}","{""0"":""https://panoptes-uploads.zooniverse.org/subject_location/63c67382-5606-4094-a8be-8eb1a85d628e.png""}",0,,,2025-04-15 19:02:36 UTC,2025-04-15 19:02:36 UTC
108159959,19171,,127426,"{""Filename"":""CalCurCeas_024_00241114_1200.png""}","{""0"":""https://panoptes-uploads.zooniverse.org/subject_location/9dd6efd0-4f4b-4cc7-b3d9-eec51bcd8a85.png""}",0,,,2025-04-15 19:02:36 UTC,2025-04-15 19:02:36 UTC
108159960,19171,,127426,"{""Filename"":""CalCurCeas_024_00241114_1300.png""}","{""0"":""https://panoptes-uploads.zooniverse.org/subject_location/63f872f9-fc1c-4b65-a96e-49606aca66d5.png""}",0,,,2025-04-15 19:02:37 UTC,2025-04-15 19:02:37 UTC
108159961,19171,,127426,"{""Filename"":""CalCurCeas_024_00241114_1400.png""}","{""0"":""https://panoptes-uploads.zooniverse.org/subject_location/8e11e9a3-5e25-40bc-8b9a-5748beb713e9.png""}",0,,,2025-04-15 19:02:37 UTC,2025-04-15 19:02:37 UTC
108159962,19171,,127426,"{""Filename"":""CalCurCeas_024_00241114_1500.png""}","{""0"":""https://panoptes-uploads.zooniverse.org/subject_location/49d60380-6eec-4e2d-b3af-bb0f326c0ba1.png""}",0,,,2025-04-15 19:02:37 UTC,2025-04-15 19:02:37 UTC
108159963,19171,,127426,"{""Filename"":""CalCurCeas_024_00241114_1600.png""}","{""0"":""https://panoptes-uploads.zooniverse.org/subject_location/710e4bed-24f1-4357-b5f8-c6f741f5933f.png""}",0,,,2025-04-15 19:02:38 UTC,2025-04-15 19:02:38 UTC
108159964,19171,,127426,"{""Filename"":""CalCurCeas_024_00241114_1700.png""}","{""0"":""https://panoptes-uploads.zooniverse.org/subject_location/9b72e2dd-2f21-49aa-960c-aeca9e9e1d25.png""}",0,,,2025-04-15 19:02:38 UTC,2025-04-15 19:02:38 UTC
108159965,19171,,127426,"{""Filename"":""CalCurCeas_024_00241114_1800.png""}","{""0"":""https://panoptes-uploads.zooniverse.org/subject_location/436ee179-fc76-49e5-9920-10ff8d2a18b2.png""}",0,,,2025-04-15 19:02:38 UTC,2025-04-15 19:02:38 UTC
108159966,19171,,127426,"{""Filename"":""CalCurCeas_024_00241114_1900.png""}","{""0"":""https://panoptes-uploads.zooniverse.org/subject_location/4c38ec9b-e28a-4e3c-aa95-4b75ef902fec.png""}",0,,,2025-04-15 19:02:39 UTC,2025-04-15 19:02:39 UTC
108159967,19171,,127426,"{""Filename"":""CalCurCeas_024_00241114_2000.png""}","{""0"":""https://panoptes-uploads.zooniverse.org/subject_location/5a9c287f-c684-411a-94a4-7a8175eac271.png""}",0,,,2025-04-15 19:02:39 UTC,2025-04-15 19:02:39 UTC
108159968,19171,,127426,"{""Filename"":""CalCurCeas_024_00241114_2100.png""}","{""0"":""https://panoptes-uploads.zooniverse.org/subject_location/20f9d652-b32e-41f7-a054-4fe91a9b8aa4.png""}",0,,,2025-04-15 19:02:40 UTC,2025-04-15 19:02:40 UTC
108159969,19171,,127426,"{""Filename"":""CalCurCeas_024_00241114_2200.png""}","{""0"":""https://panoptes-uploads.zooniverse.org/subject_location/816580df-6717-437c-b37c-babbf763a49d.png""}",0,,,2025-04-15 19:02:40 UTC,2025-04-15 19:02:40 UTC
108159970,19171,,127426,"{""Filename"":""CalCurCeas_024_00241114_2300.png""}","{""0"":""https://panoptes-uploads.zooniverse.org/subject_location/20af7e8b-77d5-44c1-a747-b69861bd143c.png""}",0,,,2025-04-15 19:02:40 UTC,2025-04-15 19:02:40 UTC
108159971,19171,,127426,"{""Filename"":""CalCurCeas_024_00241115_0000.png""}","{""0"":""https://panoptes-uploads.zooniverse.org/subject_location/8db225bb-88e8-4411-9444-eafdb79142c5.png""}",0,,,2025-04-15 19:02:41 UTC,2025-04-15 19:02:41 UTC
108159972,19171,,127426,"{""Filename"":""CalCurCeas_024_00241115_0100.png""}","{""0"":""https://panoptes-uploads.zooniverse.org/subject_location/39a20fe4-95e2-49d2-a09d-90f855baa80d.png""}",0,,,2025-04-15 19:02:41 UTC,2025-04-15 19:02:41 UTC
108159973,19171,,127426,"{""Filename"":""CalCurCeas_024_00241115_0200.png""}","{""0"":""https://panoptes-uploads.zooniverse.org/subject_location/b43f9fde-1c73-443f-9b42-66ba0642c533.png""}",0,,,2025-04-15 19:02:41 UTC,2025-04-15 19:02:41 UTC
108159974,19171,,127426,"{""Filename"":""CalCurCeas_024_00241115_0300.png""}","{""0"":""https://panoptes-uploads.zooniverse.org/subject_location/2b74016f-36b2-4445-a35e-d940f6adf580.png""}",0,,,2025-04-15 19:02:42 UTC,2025-04-15 19:02:42 UTC
108159975,19171,,127426,"{""Filename"":""CalCurCeas_024_00241115_0400.png""}","{""0"":""https://panoptes-uploads.zooniverse.org/subject_location/370c6445-0361-4ab6-94e8-c219171b0f46.png""}",0,,,2025-04-15 19:02:42 UTC,2025-04-15 19:02:42 UTC
108159976,19171,,127426,"{""Filename"":""CalCurCeas_024_00241115_0500.png""}","{""0"":""https://panoptes-uploads.zooniverse.org/subject_location/1c101c72-ebec-4875-bb8a-89151ce7d519.png""}",0,,,2025-04-15 19:02:43 UTC,2025-04-15 19:02:43 UTC
108159977,19171,,127426,"{""Filename"":""CalCurCeas_024_00241115_0600.png""}","{""0"":""https://panoptes-uploads.zooniverse.org/subject_location/d2062f70-5d8e-4a4e-8fa7-975501d739da.png""}",0,,,2025-04-15 19:02:43 UTC,2025-04-15 19:02:43 UTC
108159978,19171,,127426,"{""Filename"":""CalCurCeas_024_00241115_0700.png""}","{""0"":""https://panoptes-uploads.zooniverse.org/subject_location/cd838637-5aee-4ded-ab89-935654a3371f.png""}",0,,,2025-04-15 19:02:43 UTC,2025-04-15 19:02:43 UTC
108159979,19171,,127426,"{""Filename"":""CalCurCeas_024_00241115_0800.png""}","{""0"":""https://panoptes-uploads.zooniverse.org/subject_location/0e73494f-8958-47ac-bc53-241ab9daf4be.png""}",0,,,2025-04-15 19:02:44 UTC,2025-04-15 19:02:44 UTC
108159980,19171,,127426,"{""Filename"":""CalCurCeas_024_00241115_0900.png""}","{""0"":""https://panoptes-uploads.zooniverse.org/subject_location/6b3c489e-ca20-4016-8f42-1fca4f4e8d45.png""}",0,,,2025-04-15 19:02:44 UTC,2025-04-15 19:02:44 UTC
108159981,19171,,127426,"{""Filename"":""CalCurCeas_024_00241115_1000.png""}","{""0"":""https://panoptes-uploads.zooniverse.org/subject_location/245fbdfe-5ec6-46c3-a3d3-c5e0d3ad6d7a.png""}",0,,,2025-04-15 19:02:44 UTC,2025-04-15 19:02:44 UTC
108159982,19171,,127426,"{""Filename"":""CalCurCeas_024_00241115_1100.png""}","{""0"":""https://panoptes-uploads.zooniverse.org/subject_location/b8cd3335-957d-4641-9af2-0e1cab971926.png""}",0,,,2025-04-15 19:02:45 UTC,2025-04-15 19:02:45 UTC
108159983,19171,,127426,"{""Filename"":""CalCurCeas_024_00241115_1200.png""}","{""0"":""https://panoptes-uploads.zooniverse.org/subject_location/a552d943-ffb8-4336-921b-698e403b5584.png""}",0,,,2025-04-15 19:02:45 UTC,2025-04-15 19:02:45 UTC
108159984,19171,,127426,"{""Filename"":""CalCurCeas_024_00241115_1300.png""}","{""0"":""https://panoptes-uploads.zooniverse.org/subject_location/790fb887-eab7-4714-95be-2a0486ddfb8c.png""}",0,,,2025-04-15 19:02:45 UTC,2025-04-15 19:02:45 UTC
108159985,19171,,127426,"{""Filename"":""CalCurCeas_024_00241115_1400.png""}","{""0"":""https://panoptes-uploads.zooniverse.org/subject_location/5f460e72-d224-4c31-a87b-efb4e005a98e.png""}",0,,,2025-04-15 19:02:46 UTC,2025-04-15 19:02:46 UTC
108159986,19171,,127426,"{""Filename"":""CalCurCeas_024_00241115_1500.png""}","{""0"":""https://panoptes-uploads.zooniverse.org/subject_location/fe577e5d-7891-4196-b63d-5a2f32b90c33.png""}",0,,,2025-04-15 19:02:46 UTC,2025-04-15 19:02:46 UTC
108159987,19171,,127426,"{""Filename"":""CalCurCeas_024_00241115_1600.png""}","{""0"":""https://panoptes-uploads.zooniverse.org/subject_location/6b4ae280-6f6f-43c3-8303-11ca3fb95688.png""}",0,,,2025-04-15 19:02:46 UTC,2025-04-15 19:02:46 UTC
108159988,19171,,127426,"{""Filename"":""CalCurCeas_024_00241115_1700.png""}","{""0"":""https://panoptes-uploads.zooniverse.org/subject_location/166099e4-6a03-4485-a55f-300e3bf0fdca.png""}",0,,,2025-04-15 19:02:47 UTC,2025-04-15 19:02:47 UTC
108159989,19171,,127426,"{""Filename"":""CalCurCeas_024_00241115_1800.png""}","{""0"":""https://panoptes-uploads.zooniverse.org/subject_location/836a0db5-ed34-438e-a44f-8ebdfed15617.png""}",0,,,2025-04-15 19:02:47 UTC,2025-04-15 19:02:47 UTC
108159990,19171,,127426,"{""Filename"":""CalCurCeas_024_00241115_1900.png""}","{""0"":""https://panoptes-uploads.zooniverse.org/subject_location/350048fa-2f5a-45be-8aec-82bf80364054.png""}",0,,,2025-04-15 19:02:47 UTC,2025-04-15 19:02:47 UTC
108159991,19171,,127426,"{""Filename"":""CalCurCeas_024_00241115_2000.png""}","{""0"":""https://panoptes-uploads.zooniverse.org/subject_location/8813cc77-3bca-46ec-b5fe-d852395eaf50.png""}",0,,,2025-04-15 19:02:48 UTC,2025-04-15 19:02:48 UTC
108159992,19171,,127426,"{""Filename"":""CalCurCeas_024_00241115_2100.png""}","{""0"":""https://panoptes-uploads.zooniverse.org/subject_location/98cb3570-e211-45d9-86a8-8c7e000a1ca2.png""}",0,,,2025-04-15 19:02:48 UTC,2025-04-15 19:02:48 UTC
108159993,19171,,127426,"{""Filename"":""CalCurCeas_024_00241115_2200.png""}","{""0"":""https://panoptes-uploads.zooniverse.org/subject_location/95a3b7e8-ee34-44d4-a7b3-2296faa1e8db.png""}",0,,,2025-04-15 19:02:48 UTC,2025-04-15 19:02:48 UTC
108159994,19171,,127426,"{""Filename"":""CalCurCeas_024_00241115_2300.png""}","{""0"":""https://panoptes-uploads.zooniverse.org/subject_location/d279f8b0-5b5d-4a53-8820-37f5b7f5a979.png""}",0,,,2025-04-15 19:02:49 UTC,2025-04-15 19:02:49 UTC
108159995,19171,,127426,"{""Filename"":""CalCurCeas_024_00241116_0000.png""}","{""0"":""https://panoptes-uploads.zooniverse.org/subject_location/2c1576d2-a518-4b99-a878-c96406eaebc1.png""}",0,,,2025-04-15 19:02:49 UTC,2025-04-15 19:02:49 UTC
108159996,19171,,127426,"{""Filename"":""CalCurCeas_024_00241116_0100.png""}","{""0"":""https://panoptes-uploads.zooniverse.org/subject_location/99efd2f7-0a91-4c9f-bc3c-3f1db8e005fd.png""}",0,,,2025-04-15 19:02:49 UTC,2025-04-15 19:02:49 UTC
108159997,19171,,127426,"{""Filename"":""CalCurCeas_024_00241116_0200.png""}","{""0"":""https://panoptes-uploads.zooniverse.org/subject_location/e0a08fd2-4b69-47b8-b9a0-556a9ae0dd7f.png""}",0,,,2025-04-15 19:02:50 UTC,2025-04-15 19:02:50 UTC
108159998,19171,,127426,"{""Filename"":""CalCurCeas_024_00241116_0300.png""}","{""0"":""https://panoptes-uploads.zooniverse.org/subject_location/ac456cc6-5f5d-48b0-b990-064859651d64.png""}",0,,,2025-04-15 19:02:50 UTC,2025-04-15 19:02:50 UTC
108159999,19171,,127426,"{""Filename"":""CalCurCeas_024_00241116_0400.png""}","{""0"":""https://panoptes-uploads.zooniverse.org/subject_location/9921bd86-5059-4e04-98f7-ef485ed1977b.png""}",0,,,2025-04-15 19:02:50 UTC,2025-04-15 19:02:50 UTC
108160000,19171,,127426,"{""Filename"":""CalCurCeas_024_00241116_0500.png""}","{""0"":""https://panoptes-uploads.zooniverse.org/subject_location/0d32a82c-0cab-4744-aec6-639afd4cb11f.png""}",0,,,2025-04-15 19:02:51 UTC,2025-04-15 19:02:51 UTC
108160001,19171,,127426,"{""Filename"":""CalCurCeas_024_00241116_0600.png""}","{""0"":""https://panoptes-uploads.zooniverse.org/subject_location/999e08f3-8891-4eba-970b-1ec9e985c5e4.png""}",0,,,2025-04-15 19:02:51 UTC,2025-04-15 19:02:51 UTC
108160002,19171,,127426,"{""Filename"":""CalCurCeas_024_00241116_0700.png""}","{""0"":""https://panoptes-uploads.zooniverse.org/subject_location/5ded390b-074a-43f0-9fb0-016ef2871964.png""}",0,,,2025-04-15 19:02:51 UTC,2025-04-15 19:02:51 UTC
108160003,19171,,127426,"{""Filename"":""CalCurCeas_024_00241116_0800.png""}","{""0"":""https://panoptes-uploads.zooniverse.org/subject_location/cd23a710-0a83-4dac-b316-25a535ffa3fb.png""}",0,,,2025-04-15 19:02:52 UTC,2025-04-15 19:02:52 UTC
108160004,19171,,127426,"{""Filename"":""CalCurCeas_024_00241116_0900.png""}","{""0"":""https://panoptes-uploads.zooniverse.org/subject_location/5aa7f4cb-73e7-4584-93e2-09ce56e4a0ac.png""}",0,,,2025-04-15 19:02:52 UTC,2025-04-15 19:02:52 UTC
108160005,19171,,127426,"{""Filename"":""CalCurCeas_024_00241116_1000.png""}","{""0"":""https://panoptes-uploads.zooniverse.org/subject_location/aff1ad4f-63df-4666-9aeb-ccd15b1a713f.png""}",0,,,2025-04-15 19:02:52 UTC,2025-04-15 19:02:52 UTC
108160006,19171,,127426,"{""Filename"":""CalCurCeas_024_00241116_1100.png""}","{""0"":""https://panoptes-uploads.zooniverse.org/subject_location/6f47fbb1-253f-46e8-9e42-c4bfe92d9c7c.png""}",0,,,2025-04-15 19:02:53 UTC,2025-04-15 19:02:53 UTC
108160007,19171,,127426,"{""Filename"":""CalCurCeas_024_00241116_1200.png""}","{""0"":""https://panoptes-uploads.zooniverse.org/subject_location/401946c5-d991-45db-a90d-59bcfde8fe45.png""}",0,,,2025-04-15 19:02:53 UTC,2025-04-15 19:02:53 UTC
108160008,19171,,127426,"{""Filename"":""CalCurCeas_024_00241116_1300.png""}","{""0"":""https://panoptes-uploads.zooniverse.org/subject_location/cef9dfb0-04ff-45f9-a90c-57f376d7825b.png""}",0,,,2025-04-15 19:02:53 UTC,2025-04-15 19:02:53 UTC
108160009,19171,,127426,"{""Filename"":""CalCurCeas_024_00241116_1400.png""}","{""0"":""https://panoptes-uploads.zooniverse.org/subject_location/e1e4676b-2767-4636-a87d-c4f93fd2cdd0.png""}",0,,,2025-04-15 19:02:54 UTC,2025-04-15 19:02:54 UTC
108160010,19171,,127426,"{""Filename"":""CalCurCeas_024_00241116_1500.png""}","{""0"":""https://panoptes-uploads.zooniverse.org/subject_location/679b09e0-460c-4f7d-840d-22e1cd6201a5.png""}",0,,,2025-04-15 19:02:54 UTC,2025-04-15 19:02:54 UTC
108160011,19171,,127426,"{""Filename"":""CalCurCeas_024_00241116_1600.png""}","{""0"":""https://panoptes-uploads.zooniverse.org/subject_location/035ea41d-2bf8-4c36-a382-cdfc387c5baf.png""}",0,,,2025-04-15 19:02:54 UTC,2025-04-15 19:02:54 UTC
108160012,19171,,127426,"{""Filename"":""CalCurCeas_024_00241116_1700.png""}","{""0"":""https://panoptes-uploads.zooniverse.org/subject_location/05e631fd-34fd-4acf-a8a1-818e94dc8243.png""}",0,,,2025-04-15 19:02:55 UTC,2025-04-15 19:02:55 UTC
108160013,19171,,127426,"{""Filename"":""CalCurCeas_024_00241116_1800.png""}","{""0"":""https://panoptes-uploads.zooniverse.org/subject_location/a5ad7c54-ea79-437d-850a-e0817191607f.png""}",0,,,2025-04-15 19:02:55 UTC,2025-04-15 19:02:55 UTC
108160014,19171,,127426,"{""Filename"":""CalCurCeas_024_00241116_1900.png""}","{""0"":""https://panoptes-uploads.zooniverse.org/subject_location/d371a933-4edc-4425-952d-d204bbccce29.png""}",0,,,2025-04-15 19:02:55 UTC,2025-04-15 19:02:55 UTC
108160015,19171,,127426,"{""Filename"":""CalCurCeas_024_00241116_2000.png""}","{""0"":""https://panoptes-uploads.zooniverse.org/subject_location/a3ed508d-2b38-4ad2-83cd-bb6a981e66d4.png""}",0,,,2025-04-15 19:02:56 UTC,2025-04-15 19:02:56 UTC
108160016,19171,,127426,"{""Filename"":""CalCurCeas_024_00241116_2100.png""}","{""0"":""https://panoptes-uploads.zooniverse.org/subject_location/a1284155-9671-46ac-ac96-d229a35511a2.png""}",0,,,2025-04-15 19:02:56 UTC,2025-04-15 19:02:56 UTC
108160017,19171,,127426,"{""Filename"":""CalCurCeas_024_00241116_2200.png""}","{""0"":""https://panoptes-uploads.zooniverse.org/subject_location/b0d1b8e9-1759-4206-97e6-193d4f71fd56.png""}",0,,,2025-04-15 19:02:56 UTC,2025-04-15 19:02:56 UTC
108160018,19171,,127426,"{""Filename"":""CalCurCeas_024_00241116_2300.png""}","{""0"":""https://panoptes-uploads.zooniverse.org/subject_location/24bf8a1b-6aac-40f2-83d5-0c1feee6fabb.png""}",0,,,2025-04-15 19:02:57 UTC,2025-04-15 19:02:57 UTC
108160019,19171,,127426,"{""Filename"":""CalCurCeas_024_00241117_0000.png""}","{""0"":""https://panoptes-uploads.zooniverse.org/subject_location/4eebda3c-459b-4d5e-8203-671ac8cb655c.png""}",0,,,2025-04-15 19:02:57 UTC,2025-04-15 19:02:57 UTC
108160020,19171,,127426,"{""Filename"":""CalCurCeas_024_00241117_0100.png""}","{""0"":""https://panoptes-uploads.zooniverse.org/subject_location/880f4d82-d2ea-4a3a-b1a5-dbcf5bc02ee5.png""}",0,,,2025-04-15 19:02:57 UTC,2025-04-15 19:02:57 UTC
108160021,19171,,127426,"{""Filename"":""CalCurCeas_024_00241117_0200.png""}","{""0"":""https://panoptes-uploads.zooniverse.org/subject_location/e401eebf-df13-4caa-af33-f0b0197245fa.png""}",0,,,2025-04-15 19:02:58 UTC,2025-04-15 19:02:58 UTC
108160022,19171,,127426,"{""Filename"":""CalCurCeas_024_00241117_0300.png""}","{""0"":""https://panoptes-uploads.zooniverse.org/subject_location/d8798ba0-a786-49de-8b2c-45baabc80937.png""}",0,,,2025-04-15 19:02:58 UTC,2025-04-15 19:02:58 UTC
108160023,19171,,127426,"{""Filename"":""CalCurCeas_024_00241117_0400.png""}","{""0"":""https://panoptes-uploads.zooniverse.org/subject_location/3b25ef51-7013-468f-8331-a6ed5767856f.png""}",0,,,2025-04-15 19:02:58 UTC,2025-04-15 19:02:58 UTC
108160024,19171,,127426,"{""Filename"":""CalCurCeas_024_00241117_0500.png""}","{""0"":""https://panoptes-uploads.zooniverse.org/subject_location/9d900fff-5cc5-41c5-9efe-b889a2f748ce.png""}",0,,,2025-04-15 19:02:59 UTC,2025-04-15 19:02:59 UTC
108160025,19171,,127426,"{""Filename"":""CalCurCeas_024_00241117_0600.png""}","{""0"":""https://panoptes-uploads.zooniverse.org/subject_location/1af6df31-12cd-4aa6-8a57-205a0f3065db.png""}",0,,,2025-04-15 19:02:59 UTC,2025-04-15 19:02:59 UTC
108160026,19171,,127426,"{""Filename"":""CalCurCeas_024_00241117_0700.png""}","{""0"":""https://panoptes-uploads.zooniverse.org/subject_location/d07464f8-e6f2-480a-aadd-9a9d7b4d6016.png""}",0,,,2025-04-15 19:02:59 UTC,2025-04-15 19:02:59 UTC
108160027,19171,,127426,"{""Filename"":""CalCurCeas_024_00241117_0800.png""}","{""0"":""https://panoptes-uploads.zooniverse.org/subject_location/3a485538-5b8f-4bf7-aa31-120015b2eeae.png""}",0,,,2025-04-15 19:03:00 UTC,2025-04-15 19:03:00 UTC
108160028,19171,,127426,"{""Filename"":""CalCurCeas_024_00241117_0900.png""}","{""0"":""https://panoptes-uploads.zooniverse.org/subject_location/14098579-ed42-4125-8fff-209b888cab82.png""}",0,,,2025-04-15 19:03:00 UTC,2025-04-15 19:03:00 UTC
108160029,19171,,127426,"{""Filename"":""CalCurCeas_024_00241117_1000.png""}","{""0"":""https://panoptes-uploads.zooniverse.org/subject_location/5a28e5bd-600a-4a1d-8873-6d690481a6e3.png""}",0,,,2025-04-15 19:03:00 UTC,2025-04-15 19:03:00 UTC
108160030,19171,,127426,"{""Filename"":""CalCurCeas_024_00241117_1100.png""}","{""0"":""https://panoptes-uploads.zooniverse.org/subject_location/30f78950-3c9d-4177-a9c1-5718bb01f754.png""}",0,,,2025-04-15 19:03:01 UTC,2025-04-15 19:03:01 UTC
108160031,19171,,127426,"{""Filename"":""CalCurCeas_024_00241117_1200.png""}","{""0"":""https://panoptes-uploads.zooniverse.org/subject_location/aa3ae96a-139c-4355-a0c7-905c596023a7.png""}",0,,,2025-04-15 19:03:01 UTC,2025-04-15 19:03:01 UTC
108160032,19171,,127426,"{""Filename"":""CalCurCeas_024_00241117_1300.png""}","{""0"":""https://panoptes-uploads.zooniverse.org/subject_location/ffe976a7-5a98-44f7-9c26-66b3294ee205.png""}",0,,,2025-04-15 19:03:01 UTC,2025-04-15 19:03:01 UTC
108160033,19171,,127426,"{""Filename"":""CalCurCeas_024_00241117_1400.png""}","{""0"":""https://panoptes-uploads.zooniverse.org/subject_location/d3d91b73-83b6-494d-bf80-263640e4c43f.png""}",0,,,2025-04-15 19:03:02 UTC,2025-04-15 19:03:02 UTC
108160034,19171,,127426,"{""Filename"":""CalCurCeas_024_00241117_1500.png""}","{""0"":""https://panoptes-uploads.zooniverse.org/subject_location/0766bd34-b074-47cb-bea6-6ccfc2029f9d.png""}",0,,,2025-04-15 19:03:02 UTC,2025-04-15 19:03:02 UTC
108160035,19171,,127426,"{""Filename"":""CalCurCeas_024_00241117_1600.png""}","{""0"":""https://panoptes-uploads.zooniverse.org/subject_location/86b9aafc-29b6-4bdd-90dc-f4665161b918.png""}",0,,,2025-04-15 19:03:02 UTC,2025-04-15 19:03:02 UTC
108160036,19171,,127426,"{""Filename"":""CalCurCeas_024_00241117_1700.png""}","{""0"":""https://panoptes-uploads.zooniverse.org/subject_location/2ba76a7a-513b-4c3f-a7a5-7678ca4fa93e.png""}",0,,,2025-04-15 19:03:03 UTC,2025-04-15 19:03:03 UTC
108160037,19171,,127426,"{""Filename"":""CalCurCeas_024_00241117_1800.png""}","{""0"":""https://panoptes-uploads.zooniverse.org/subject_location/85902724-5ae0-43ea-8289-77790d76bfe9.png""}",0,,,2025-04-15 19:03:03 UTC,2025-04-15 19:03:03 UTC
108160038,19171,,127426,"{""Filename"":""CalCurCeas_024_00241117_1900.png""}","{""0"":""https://panoptes-uploads.zooniverse.org/subject_location/06947248-25f2-48ff-a5e6-f8b28d6e7a66.png""}",0,,,2025-04-15 19:03:03 UTC,2025-04-15 19:03:03 UTC
108160039,19171,,127426,"{""Filename"":""CalCurCeas_024_00241117_2000.png""}","{""0"":""https://panoptes-uploads.zooniverse.org/subject_location/791c70e3-d41c-42f5-88e6-3c856a925e91.png""}",0,,,2025-04-15 19:03:04 UTC,2025-04-15 19:03:04 UTC
108160040,19171,,127426,"{""Filename"":""CalCurCeas_024_00241117_2100.png""}","{""0"":""https://panoptes-uploads.zooniverse.org/subject_location/921ac378-1dee-4e4b-8e19-213b5b1106f2.png""}",0,,,2025-04-15 19:03:04 UTC,2025-04-15 19:03:04 UTC
108160041,19171,,127426,"{""Filename"":""CalCurCeas_024_00241117_2200.png""}","{""0"":""https://panoptes-uploads.zooniverse.org/subject_location/73e8f150-842b-4cad-bf44-40f502b8addd.png""}",0,,,2025-04-15 19:03:04 UTC,2025-04-15 19:03:04 UTC
108160042,19171,,127426,"{""Filename"":""CalCurCeas_024_00241117_2300.png""}","{""0"":""https://panoptes-uploads.zooniverse.org/subject_location/9f24cfd1-7ef9-47b5-a801-53ab596c6c40.png""}",0,,,2025-04-15 19:03:05 UTC,2025-04-15 19:03:05 UTC
108160043,19171,,127426,"{""Filename"":""CalCurCeas_024_00241118_0000.png""}","{""0"":""https://panoptes-uploads.zooniverse.org/subject_location/efba9385-fc3b-4e6c-bdf4-e6fc2f51ace5.png""}",0,,,2025-04-15 19:03:05 UTC,2025-04-15 19:03:05 UTC
108160044,19171,,127426,"{""Filename"":""CalCurCeas_024_00241118_0100.png""}","{""0"":""https://panoptes-uploads.zooniverse.org/subject_location/9c01cda1-df85-4a2b-8570-0906377342b9.png""}",0,,,2025-04-15 19:03:05 UTC,2025-04-15 19:03:05 UTC
108160045,19171,,127426,"{""Filename"":""CalCurCeas_024_00241118_0200.png""}","{""0"":""https://panoptes-uploads.zooniverse.org/subject_location/b22fba29-4121-42f0-9ce7-b96fe6effe70.png""}",0,,,2025-04-15 19:03:06 UTC,2025-04-15 19:03:06 UTC
108160046,19171,,127426,"{""Filename"":""CalCurCeas_024_00241118_0300.png""}","{""0"":""https://panoptes-uploads.zooniverse.org/subject_location/8722f6f2-350b-44a0-9043-62ad658bdb4b.png""}",0,,,2025-04-15 19:03:06 UTC,2025-04-15 19:03:06 UTC
108160047,19171,,127426,"{""Filename"":""CalCurCeas_024_00241118_0400.png""}","{""0"":""https://panoptes-uploads.zooniverse.org/subject_location/275c3916-fc08-433f-b263-76ef667fd010.png""}",0,,,2025-04-15 19:03:06 UTC,2025-04-15 19:03:06 UTC
108160048,19171,,127426,"{""Filename"":""CalCurCeas_024_00241118_0500.png""}","{""0"":""https://panoptes-uploads.zooniverse.org/subject_location/1333cd25-7a57-48ad-9c2b-159d53177069.png""}",0,,,2025-04-15 19:03:07 UTC,2025-04-15 19:03:07 UTC
108160049,19171,,127426,"{""Filename"":""CalCurCeas_024_00241118_0600.png""}","{""0"":""https://panoptes-uploads.zooniverse.org/subject_location/758f2a38-e4c0-434b-ada2-d951250106de.png""}",0,,,2025-04-15 19:03:07 UTC,2025-04-15 19:03:07 UTC
108160050,19171,,127426,"{""Filename"":""CalCurCeas_024_00241118_0700.png""}","{""0"":""https://panoptes-uploads.zooniverse.org/subject_location/1ac65d91-7198-4d15-b1ab-1a552fed505a.png""}",0,,,2025-04-15 19:03:07 UTC,2025-04-15 19:03:07 UTC
108160051,19171,,127426,"{""Filename"":""CalCurCeas_024_00241118_0800.png""}","{""0"":""https://panoptes-uploads.zooniverse.org/subject_location/725ffe0b-f45a-4421-8b31-4e7af2b4b9bb.png""}",0,,,2025-04-15 19:03:08 UTC,2025-04-15 19:03:08 UTC
108160052,19171,,127426,"{""Filename"":""CalCurCeas_024_00241118_0900.png""}","{""0"":""https://panoptes-uploads.zooniverse.org/subject_location/15cd3dc4-8339-4d8f-b401-ad218f3da924.png""}",0,,,2025-04-15 19:03:08 UTC,2025-04-15 19:03:08 UTC
108160053,19171,,127426,"{""Filename"":""CalCurCeas_024_00241118_1000.png""}","{""0"":""https://panoptes-uploads.zooniverse.org/subject_location/5d4699a7-99c1-4147-a3d3-a877f083aea2.png""}",0,,,2025-04-15 19:03:08 UTC,2025-04-15 19:03:08 UTC
108160054,19171,,127426,"{""Filename"":""CalCurCeas_024_00241118_1100.png""}","{""0"":""https://panoptes-uploads.zooniverse.org/subject_location/43814d41-41a5-4a56-b635-60ee09d284fd.png""}",0,,,2025-04-15 19:03:09 UTC,2025-04-15 19:03:09 UTC
108160055,19171,,127426,"{""Filename"":""CalCurCeas_024_00241118_1200.png""}","{""0"":""https://panoptes-uploads.zooniverse.org/subject_location/e9154129-25d4-4ecb-a2ac-2ab4aaa0e558.png""}",0,,,2025-04-15 19:03:09 UTC,2025-04-15 19:03:09 UTC
108160056,19171,,127426,"{""Filename"":""CalCurCeas_024_00241118_1300.png""}","{""0"":""https://panoptes-uploads.zooniverse.org/subject_location/c94c7aa5-6e25-4a5a-af05-fd524fa14ba7.png""}",0,,,2025-04-15 19:03:09 UTC,2025-04-15 19:03:09 UTC
108160057,19171,,127426,"{""Filename"":""CalCurCeas_024_00241118_1400.png""}","{""0"":""https://panoptes-uploads.zooniverse.org/subject_location/aecd7974-0a48-4395-99d2-379f892e46c6.png""}",0,,,2025-04-15 19:03:10 UTC,2025-04-15 19:03:10 UTC
108160058,19171,,127426,"{""Filename"":""CalCurCeas_024_00241118_1500.png""}","{""0"":""https://panoptes-uploads.zooniverse.org/subject_location/8f766c03-1e63-4b56-900f-93ba3396ac04.png""}",0,,,2025-04-15 19:03:10 UTC,2025-04-15 19:03:10 UTC
108160059,19171,,127426,"{""Filename"":""CalCurCeas_024_00241118_1600.png""}","{""0"":""https://panoptes-uploads.zooniverse.org/subject_location/346894fb-04e0-4f9f-a7fc-9c38b6cc2d08.png""}",0,,,2025-04-15 19:03:10 UTC,2025-04-15 19:03:10 UTC
108160060,19171,,127426,"{""Filename"":""CalCurCeas_024_00241118_1700.png""}","{""0"":""https://panoptes-uploads.zooniverse.org/subject_location/a064b9a9-db89-4191-a79b-745a95ef4442.png""}",0,,,2025-04-15 19:03:11 UTC,2025-04-15 19:03:11 UTC
108160061,19171,,127426,"{""Filename"":""CalCurCeas_024_00241118_1800.png""}","{""0"":""https://panoptes-uploads.zooniverse.org/subject_location/98a4b875-86a6-44d3-84e0-e9a907747567.png""}",0,,,2025-04-15 19:03:11 UTC,2025-04-15 19:03:11 UTC
108160062,19171,,127426,"{""Filename"":""CalCurCeas_024_00241118_1900.png""}","{""0"":""https://panoptes-uploads.zooniverse.org/subject_location/5342f61f-8169-43cd-a3a2-dd16fc335a7b.png""}",0,,,2025-04-15 19:03:11 UTC,2025-04-15 19:03:11 UTC
108160063,19171,,127426,"{""Filename"":""CalCurCeas_024_00241118_2000.png""}","{""0"":""https://panoptes-uploads.zooniverse.org/subject_location/07e91f54-0df8-4a2c-9eb6-d0b3f9cfc0d2.png""}",0,,,2025-04-15 19:03:12 UTC,2025-04-15 19:03:12 UTC
108160064,19171,,127426,"{""Filename"":""CalCurCeas_024_00241118_2100.png""}","{""0"":""https://panoptes-uploads.zooniverse.org/subject_location/77cc8709-efe1-4db3-b9c9-f0ed9a169afb.png""}",0,,,2025-04-15 19:03:12 UTC,2025-04-15 19:03:12 UTC
108160065,19171,,127426,"{""Filename"":""CalCurCeas_024_00241118_2200.png""}","{""0"":""https://panoptes-uploads.zooniverse.org/subject_location/adc51f5a-eaaa-4821-af8e-d75aec480d3a.png""}",0,,,2025-04-15 19:03:12 UTC,2025-04-15 19:03:12 UTC
108160066,19171,,127426,"{""Filename"":""CalCurCeas_024_00241118_2300.png""}","{""0"":""https://panoptes-uploads.zooniverse.org/subject_location/e5f562ed-9916-408d-80ee-a91ade0f65b8.png""}",0,,,2025-04-15 19:03:13 UTC,2025-04-15 19:03:13 UTC
108160067,19171,,127426,"{""Filename"":""CalCurCeas_024_00241119_0000.png""}","{""0"":""https://panoptes-uploads.zooniverse.org/subject_location/a9648521-10e5-42a1-a7fb-39280e29dceb.png""}",0,,,2025-04-15 19:03:13 UTC,2025-04-15 19:03:13 UTC
108160068,19171,,127426,"{""Filename"":""CalCurCeas_024_00241119_0100.png""}","{""0"":""https://panoptes-uploads.zooniverse.org/subject_location/5164652f-7507-4e86-9297-26d70046e3bb.png""}",0,,,2025-04-15 19:03:13 UTC,2025-04-15 19:03:13 UTC
108160069,19171,,127426,"{""Filename"":""CalCurCeas_024_00241119_0200.png""}","{""0"":""https://panoptes-uploads.zooniverse.org/subject_location/2d6681b6-6039-4d21-8f6d-ec335c4b0ee2.png""}",0,,,2025-04-15 19:03:14 UTC,2025-04-15 19:03:14 UTC
108160070,19171,,127426,"{""Filename"":""CalCurCeas_024_00241119_0300.png""}","{""0"":""https://panoptes-uploads.zooniverse.org/subject_location/e0daa895-7c67-41fd-a7f8-b2c4ea4633ba.png""}",0,,,2025-04-15 19:03:14 UTC,2025-04-15 19:03:14 UTC
108160071,19171,,127426,"{""Filename"":""CalCurCeas_024_00241119_0400.png""}","{""0"":""https://panoptes-uploads.zooniverse.org/subject_location/b70b523a-e00c-4d26-92d6-58e8b8c919d5.png""}",0,,,2025-04-15 19:03:14 UTC,2025-04-15 19:03:14 UTC
108160072,19171,,127426,"{""Filename"":""CalCurCeas_024_00241119_0500.png""}","{""0"":""https://panoptes-uploads.zooniverse.org/subject_location/ace6db94-08bf-43d4-a3ab-a760d4a77714.png""}",0,,,2025-04-15 19:03:15 UTC,2025-04-15 19:03:15 UTC
108160073,19171,,127426,"{""Filename"":""CalCurCeas_024_00241119_0600.png""}","{""0"":""https://panoptes-uploads.zooniverse.org/subject_location/456dde8a-3822-40b3-b5dd-b63c66453511.png""}",0,,,2025-04-15 19:03:15 UTC,2025-04-15 19:03:15 UTC
108160074,19171,,127426,"{""Filename"":""CalCurCeas_024_00241119_0700.png""}","{""0"":""https://panoptes-uploads.zooniverse.org/subject_location/51d818ae-94be-4285-a84f-d7533d79a6a1.png""}",0,,,2025-04-15 19:03:15 UTC,2025-04-15 19:03:15 UTC
108160075,19171,,127426,"{""Filename"":""CalCurCeas_024_00241119_0800.png""}","{""0"":""https://panoptes-uploads.zooniverse.org/subject_location/a9dd3a84-35ad-48a9-b9f9-90b97ef61450.png""}",0,,,2025-04-15 19:03:16 UTC,2025-04-15 19:03:16 UTC
108160076,19171,,127426,"{""Filename"":""CalCurCeas_024_00241119_0900.png""}","{""0"":""https://panoptes-uploads.zooniverse.org/subject_location/83882a8b-e6d4-4336-b37b-dd8b06b93dd0.png""}",0,,,2025-04-15 19:03:16 UTC,2025-04-15 19:03:16 UTC
108160077,19171,,127426,"{""Filename"":""CalCurCeas_024_00241119_1000.png""}","{""0"":""https://panoptes-uploads.zooniverse.org/subject_location/bc85b399-8002-4aa4-a630-1f3e102991d6.png""}",0,,,2025-04-15 19:03:16 UTC,2025-04-15 19:03:16 UTC
108160078,19171,,127426,"{""Filename"":""CalCurCeas_024_00241119_1100.png""}","{""0"":""https://panoptes-uploads.zooniverse.org/subject_location/28457e51-b625-4de2-845b-5f53aa026604.png""}",0,,,2025-04-15 19:03:17 UTC,2025-04-15 19:03:17 UTC
108160079,19171,,127426,"{""Filename"":""CalCurCeas_024_00241119_1200.png""}","{""0"":""https://panoptes-uploads.zooniverse.org/subject_location/897b11db-6083-4780-9ac4-812750aab13a.png""}",0,,,2025-04-15 19:03:17 UTC,2025-04-15 19:03:17 UTC
108160080,19171,,127426,"{""Filename"":""CalCurCeas_024_00241119_1300.png""}","{""0"":""https://panoptes-uploads.zooniverse.org/subject_location/df0e060f-3ca6-4f8f-a773-0e005c4d07f8.png""}",0,,,2025-04-15 19:03:17 UTC,2025-04-15 19:03:17 UTC
108160081,19171,,127426,"{""Filename"":""CalCurCeas_024_00241119_1400.png""}","{""0"":""https://panoptes-uploads.zooniverse.org/subject_location/f040188a-2c67-417b-974c-75f8ac1915d9.png""}",0,,,2025-04-15 19:03:18 UTC,2025-04-15 19:03:18 UTC
108160082,19171,,127426,"{""Filename"":""CalCurCeas_024_00241119_1500.png""}","{""0"":""https://panoptes-uploads.zooniverse.org/subject_location/66bf1dc3-b24d-49cd-93f2-27b25ef1f026.png""}",0,,,2025-04-15 19:03:18 UTC,2025-04-15 19:03:18 UTC
108160083,19171,,127426,"{""Filename"":""CalCurCeas_024_00241119_1600.png""}","{""0"":""https://panoptes-uploads.zooniverse.org/subject_location/28a8bf70-98b2-4e2e-90d1-8c55e1723cf4.png""}",0,,,2025-04-15 19:03:18 UTC,2025-04-15 19:03:18 UTC
108160084,19171,,127426,"{""Filename"":""CalCurCeas_024_00241119_1700.png""}","{""0"":""https://panoptes-uploads.zooniverse.org/subject_location/feb873dc-0d8f-48b1-a65e-689652143d00.png""}",0,,,2025-04-15 19:03:19 UTC,2025-04-15 19:03:19 UTC
108160085,19171,,127426,"{""Filename"":""CalCurCeas_024_00241119_1800.png""}","{""0"":""https://panoptes-uploads.zooniverse.org/subject_location/5d91bb97-b70a-4c34-9397-0b96ad55c22f.png""}",0,,,2025-04-15 19:03:19 UTC,2025-04-15 19:03:19 UTC
108160086,19171,,127426,"{""Filename"":""CalCurCeas_024_00241119_1900.png""}","{""0"":""https://panoptes-uploads.zooniverse.org/subject_location/e7af90e4-1fac-4a73-8c4b-5a68b6bad274.png""}",0,,,2025-04-15 19:03:19 UTC,2025-04-15 19:03:19 UTC
108160087,19171,,127426,"{""Filename"":""CalCurCeas_024_00241119_2000.png""}","{""0"":""https://panoptes-uploads.zooniverse.org/subject_location/67cbfa72-8395-4e4d-904d-438544e0f121.png""}",0,,,2025-04-15 19:03:20 UTC,2025-04-15 19:03:20 UTC
108160088,19171,,127426,"{""Filename"":""CalCurCeas_024_00241119_2100.png""}","{""0"":""https://panoptes-uploads.zooniverse.org/subject_location/15ffa121-5af8-4b49-af40-91ccd9b906c3.png""}",0,,,2025-04-15 19:03:20 UTC,2025-04-15 19:03:20 UTC
108160089,19171,,127426,"{""Filename"":""CalCurCeas_024_00241119_2200.png""}","{""0"":""https://panoptes-uploads.zooniverse.org/subject_location/b37f1957-45c4-427b-a62d-272c0317f6ec.png""}",0,,,2025-04-15 19:03:20 UTC,2025-04-15 19:03:20 UTC
108160090,19171,,127426,"{""Filename"":""CalCurCeas_024_00241119_2300.png""}","{""0"":""https://panoptes-uploads.zooniverse.org/subject_location/5e29e929-b96a-458e-b804-50c629d8fe97.png""}",0,,,2025-04-15 19:03:21 UTC,2025-04-15 19:03:21 UTC
108160091,19171,,127426,"{""Filename"":""CalCurCeas_024_00241120_0000.png""}","{""0"":""https://panoptes-uploads.zooniverse.org/subject_location/c05580b5-5844-47e3-8ade-7e8d1247c017.png""}",0,,,2025-04-15 19:03:21 UTC,2025-04-15 19:03:21 UTC
108160092,19171,,127426,"{""Filename"":""CalCurCeas_024_00241120_0100.png""}","{""0"":""https://panoptes-uploads.zooniverse.org/subject_location/b9ab7663-0b69-4802-bd56-5be09537a4d2.png""}",0,,,2025-04-15 19:03:21 UTC,2025-04-15 19:03:21 UTC
108160093,19171,,127426,"{""Filename"":""CalCurCeas_024_00241120_0200.png""}","{""0"":""https://panoptes-uploads.zooniverse.org/subject_location/c6bb37be-7824-44ea-8b29-c9ed98a569e7.png""}",0,,,2025-04-15 19:03:22 UTC,2025-04-15 19:03:22 UTC
108160094,19171,,127426,"{""Filename"":""CalCurCeas_024_00241120_0300.png""}","{""0"":""https://panoptes-uploads.zooniverse.org/subject_location/ad7167b2-340c-4c7d-a286-37302e2f5aa0.png""}",0,,,2025-04-15 19:03:22 UTC,2025-04-15 19:03:22 UTC
108160095,19171,,127426,"{""Filename"":""CalCurCeas_024_00241120_0400.png""}","{""0"":""https://panoptes-uploads.zooniverse.org/subject_location/3fc9ec34-3791-459d-9c6b-ae855a215c4f.png""}",0,,,2025-04-15 19:03:22 UTC,2025-04-15 19:03:22 UTC
108160096,19171,,127426,"{""Filename"":""CalCurCeas_024_00241120_0500.png""}","{""0"":""https://panoptes-uploads.zooniverse.org/subject_location/b973ac00-ca3f-4573-903c-fce4f283ae40.png""}",0,,,2025-04-15 19:03:23 UTC,2025-04-15 19:03:23 UTC
108160097,19171,,127426,"{""Filename"":""CalCurCeas_024_00241120_0600.png""}","{""0"":""https://panoptes-uploads.zooniverse.org/subject_location/3e38308c-2061-4469-8e0e-958cb705554b.png""}",0,,,2025-04-15 19:03:23 UTC,2025-04-15 19:03:23 UTC
108160098,19171,,127426,"{""Filename"":""CalCurCeas_024_00241120_0700.png""}","{""0"":""https://panoptes-uploads.zooniverse.org/subject_location/3c61964e-4bfb-441a-ad29-7a790ff3a35c.png""}",0,,,2025-04-15 19:03:23 UTC,2025-04-15 19:03:23 UTC
108160099,19171,,127426,"{""Filename"":""CalCurCeas_024_00241120_0800.png""}","{""0"":""https://panoptes-uploads.zooniverse.org/subject_location/818a2f2b-7103-49b6-8060-dc794ea8f841.png""}",0,,,2025-04-15 19:03:24 UTC,2025-04-15 19:03:24 UTC
108160100,19171,,127426,"{""Filename"":""CalCurCeas_024_00241120_0900.png""}","{""0"":""https://panoptes-uploads.zooniverse.org/subject_location/e40797b6-f4ee-434d-a90a-9675622efca0.png""}",0,,,2025-04-15 19:03:24 UTC,2025-04-15 19:03:24 UTC
108160101,19171,,127426,"{""Filename"":""CalCurCeas_024_00241120_1000.png""}","{""0"":""https://panoptes-uploads.zooniverse.org/subject_location/1b425b00-f73c-4a34-acd6-2a014e238520.png""}",0,,,2025-04-15 19:03:24 UTC,2025-04-15 19:03:24 UTC
108160102,19171,,127426,"{""Filename"":""CalCurCeas_024_00241120_1100.png""}","{""0"":""https://panoptes-uploads.zooniverse.org/subject_location/874bedd4-1ba1-4b73-b212-dd39232d4332.png""}",0,,,2025-04-15 19:03:25 UTC,2025-04-15 19:03:25 UTC
108160103,19171,,127426,"{""Filename"":""CalCurCeas_024_00241120_1200.png""}","{""0"":""https://panoptes-uploads.zooniverse.org/subject_location/c1468241-d1df-4232-8074-7bef938094c0.png""}",0,,,2025-04-15 19:03:25 UTC,2025-04-15 19:03:25 UTC
108160104,19171,,127426,"{""Filename"":""CalCurCeas_024_00241120_1300.png""}","{""0"":""https://panoptes-uploads.zooniverse.org/subject_location/116cc0b2-73db-4944-943c-ea19e5670a0c.png""}",0,,,2025-04-15 19:03:25 UTC,2025-04-15 19:03:25 UTC
108160105,19171,,127426,"{""Filename"":""CalCurCeas_024_00241120_1400.png""}","{""0"":""https://panoptes-uploads.zooniverse.org/subject_location/6aa69e8c-f159-4b7f-b76c-c820d36aeaf6.png""}",0,,,2025-04-15 19:03:26 UTC,2025-04-15 19:03:26 UTC
108160106,19171,,127426,"{""Filename"":""CalCurCeas_024_00241120_1500.png""}","{""0"":""https://panoptes-uploads.zooniverse.org/subject_location/e95e2b86-43f9-41ee-927f-c1763231c548.png""}",0,,,2025-04-15 19:03:26 UTC,2025-04-15 19:03:26 UTC
108160107,19171,,127426,"{""Filename"":""CalCurCeas_024_00241120_1600.png""}","{""0"":""https://panoptes-uploads.zooniverse.org/subject_location/bdfac746-2129-4716-8fa0-819774996090.png""}",0,,,2025-04-15 19:03:26 UTC,2025-04-15 19:03:26 UTC
108160108,19171,,127426,"{""Filename"":""CalCurCeas_024_00241120_1700.png""}","{""0"":""https://panoptes-uploads.zooniverse.org/subject_location/cbd510d3-7335-414c-8673-0de5eca2c4db.png""}",0,,,2025-04-15 19:03:27 UTC,2025-04-15 19:03:27 UTC
108160109,19171,,127426,"{""Filename"":""CalCurCeas_024_00241120_1800.png""}","{""0"":""https://panoptes-uploads.zooniverse.org/subject_location/08f12eb4-85be-4057-b923-7fb1b529e01d.png""}",0,,,2025-04-15 19:03:27 UTC,2025-04-15 19:03:27 UTC
108160110,19171,,127426,"{""Filename"":""CalCurCeas_024_00241120_1900.png""}","{""0"":""https://panoptes-uploads.zooniverse.org/subject_location/2591b0bf-ccd8-4823-846a-812d7a452221.png""}",0,,,2025-04-15 19:03:27 UTC,2025-04-15 19:03:27 UTC
108160111,19171,,127426,"{""Filename"":""CalCurCeas_024_00241120_2000.png""}","{""0"":""https://panoptes-uploads.zooniverse.org/subject_location/def0b389-1403-4a26-8178-8a066b98bcb9.png""}",0,,,2025-04-15 19:03:28 UTC,2025-04-15 19:03:28 UTC
108160112,19171,,127426,"{""Filename"":""CalCurCeas_024_00241120_2100.png""}","{""0"":""https://panoptes-uploads.zooniverse.org/subject_location/dc395686-d7dc-458f-bb60-178762abe430.png""}",0,,,2025-04-15 19:03:28 UTC,2025-04-15 19:03:28 UTC
108160113,19171,,127426,"{""Filename"":""CalCurCeas_024_00241120_2200.png""}","{""0"":""https://panoptes-uploads.zooniverse.org/subject_location/5898d3b6-b81e-419c-9d4e-8c509f973a35.png""}",0,,,2025-04-15 19:03:28 UTC,2025-04-15 19:03:28 UTC
108160114,19171,,127426,"{""Filename"":""CalCurCeas_024_00241120_2300.png""}","{""0"":""https://panoptes-uploads.zooniverse.org/subject_location/336450cb-6a42-4061-8328-2d856829b079.png""}",0,,,2025-04-15 19:03:29 UTC,2025-04-15 19:03:29 UTC
108160115,19171,,127426,"{""Filename"":""CalCurCeas_024_00241121_0000.png""}","{""0"":""https://panoptes-uploads.zooniverse.org/subject_location/ce3c9e64-b45a-4d2b-9ece-eefb98584ab5.png""}",0,,,2025-04-15 19:03:29 UTC,2025-04-15 19:03:29 UTC
108160116,19171,,127426,"{""Filename"":""CalCurCeas_024_00241121_0100.png""}","{""0"":""https://panoptes-uploads.zooniverse.org/subject_location/6001a9aa-0851-49e3-b31b-5ada1472cbda.png""}",0,,,2025-04-15 19:03:29 UTC,2025-04-15 19:03:29 UTC
108160117,19171,,127426,"{""Filename"":""CalCurCeas_024_00241121_0200.png""}","{""0"":""https://panoptes-uploads.zooniverse.org/subject_location/2b4cc5ec-42fd-4866-b208-0b4ddaf08126.png""}",0,,,2025-04-15 19:03:30 UTC,2025-04-15 19:03:30 UTC
108160118,19171,,127426,"{""Filename"":""CalCurCeas_024_00241121_0300.png""}","{""0"":""https://panoptes-uploads.zooniverse.org/subject_location/eebc896c-07b6-4055-bcb9-4521ba8af68a.png""}",0,,,2025-04-15 19:03:30 UTC,2025-04-15 19:03:30 UTC
108160119,19171,,127426,"{""Filename"":""CalCurCeas_024_00241121_0400.png""}","{""0"":""https://panoptes-uploads.zooniverse.org/subject_location/3e51859c-2764-4e4b-84d0-fee0c4030330.png""}",0,,,2025-04-15 19:03:30 UTC,2025-04-15 19:03:30 UTC
108160120,19171,,127426,"{""Filename"":""CalCurCeas_024_00241121_0500.png""}","{""0"":""https://panoptes-uploads.zooniverse.org/subject_location/9b6f8530-c9f6-4b4c-9425-e5a0bd74e522.png""}",0,,,2025-04-15 19:03:31 UTC,2025-04-15 19:03:31 UTC
108160121,19171,,127426,"{""Filename"":""CalCurCeas_024_00241121_0600.png""}","{""0"":""https://panoptes-uploads.zooniverse.org/subject_location/2eb996a2-f4ee-4b8b-9889-e9db4e234215.png""}",0,,,2025-04-15 19:03:31 UTC,2025-04-15 19:03:31 UTC
108160122,19171,,127426,"{""Filename"":""CalCurCeas_024_00241121_0700.png""}","{""0"":""https://panoptes-uploads.zooniverse.org/subject_location/f177e779-c59b-46b5-80b5-50792bbe5905.png""}",0,,,2025-04-15 19:03:31 UTC,2025-04-15 19:03:31 UTC
108160123,19171,,127426,"{""Filename"":""CalCurCeas_024_00241121_0800.png""}","{""0"":""https://panoptes-uploads.zooniverse.org/subject_location/741e1611-be82-4eb5-a2c8-bac116338bd5.png""}",0,,,2025-04-15 19:03:32 UTC,2025-04-15 19:03:32 UTC
108160124,19171,,127426,"{""Filename"":""CalCurCeas_024_00241121_0900.png""}","{""0"":""https://panoptes-uploads.zooniverse.org/subject_location/c03b4e84-cee3-4d7a-8396-72b540b3b29d.png""}",0,,,2025-04-15 19:03:32 UTC,2025-04-15 19:03:32 UTC
108160125,19171,,127426,"{""Filename"":""CalCurCeas_024_00241121_1000.png""}","{""0"":""https://panoptes-uploads.zooniverse.org/subject_location/4e37588b-b50a-462c-b83e-53d320409426.png""}",0,,,2025-04-15 19:03:33 UTC,2025-04-15 19:03:33 UTC
108160126,19171,,127426,"{""Filename"":""CalCurCeas_024_00241121_1100.png""}","{""0"":""https://panoptes-uploads.zooniverse.org/subject_location/b2a6af24-1bf8-4f4d-b1db-2ca3a82f0b87.png""}",0,,,2025-04-15 19:03:33 UTC,2025-04-15 19:03:33 UTC
108160127,19171,,127426,"{""Filename"":""CalCurCeas_024_00241121_1200.png""}","{""0"":""https://panoptes-uploads.zooniverse.org/subject_location/8665fef6-c0d0-4205-8dc5-3c46694c34f1.png""}",0,,,2025-04-15 19:03:33 UTC,2025-04-15 19:03:33 UTC
108160128,19171,,127426,"{""Filename"":""CalCurCeas_024_00241121_1300.png""}","{""0"":""https://panoptes-uploads.zooniverse.org/subject_location/6b2d0230-3bcc-471b-977d-5b2fe8b82086.png""}",0,,,2025-04-15 19:03:34 UTC,2025-04-15 19:03:34 UTC
108160129,19171,,127426,"{""Filename"":""CalCurCeas_024_00241121_1400.png""}","{""0"":""https://panoptes-uploads.zooniverse.org/subject_location/c67b9795-ea15-461e-a86d-c2f4710955b1.png""}",0,,,2025-04-15 19:03:34 UTC,2025-04-15 19:03:34 UTC
108160130,19171,,127426,"{""Filename"":""CalCurCeas_024_00241121_1500.png""}","{""0"":""https://panoptes-uploads.zooniverse.org/subject_location/beba1978-9670-46d1-a29f-9c2fd82fd4fa.png""}",0,,,2025-04-15 19:03:35 UTC,2025-04-15 19:03:35 UTC
108160131,19171,,127426,"{""Filename"":""CalCurCeas_024_00241121_1600.png""}","{""0"":""https://panoptes-uploads.zooniverse.org/subject_location/76e713e5-17ac-4953-982d-8ec7faf36e42.png""}",0,,,2025-04-15 19:03:35 UTC,2025-04-15 19:03:35 UTC
108160132,19171,,127426,"{""Filename"":""CalCurCeas_024_00241121_1700.png""}","{""0"":""https://panoptes-uploads.zooniverse.org/subject_location/9e06d26e-a3ec-4a88-8e03-e6260e8ed83f.png""}",0,,,2025-04-15 19:03:35 UTC,2025-04-15 19:03:35 UTC
108160133,19171,,127426,"{""Filename"":""CalCurCeas_024_00241121_1800.png""}","{""0"":""https://panoptes-uploads.zooniverse.org/subject_location/780e8315-88f8-428f-b73a-a5b1a7ace0bf.png""}",0,,,2025-04-15 19:03:36 UTC,2025-04-15 19:03:36 UTC
108160134,19171,,127426,"{""Filename"":""CalCurCeas_024_00241121_1900.png""}","{""0"":""https://panoptes-uploads.zooniverse.org/subject_location/0ec561ad-9abc-41b9-aa57-b50e847c76e9.png""}",0,,,2025-04-15 19:03:36 UTC,2025-04-15 19:03:36 UTC
108160135,19171,,127426,"{""Filename"":""CalCurCeas_024_00241121_2000.png""}","{""0"":""https://panoptes-uploads.zooniverse.org/subject_location/db96e4dc-5015-4782-b274-6835b2170685.png""}",0,,,2025-04-15 19:03:36 UTC,2025-04-15 19:03:36 UTC
108160136,19171,,127426,"{""Filename"":""CalCurCeas_024_00241121_2100.png""}","{""0"":""https://panoptes-uploads.zooniverse.org/subject_location/677945e2-5c21-45c1-b425-a618af43b116.png""}",0,,,2025-04-15 19:03:37 UTC,2025-04-15 19:03:37 UTC
108160137,19171,,127426,"{""Filename"":""CalCurCeas_024_00241121_2200.png""}","{""0"":""https://panoptes-uploads.zooniverse.org/subject_location/80a80896-3c99-4eba-ad81-110daf7c7557.png""}",0,,,2025-04-15 19:03:37 UTC,2025-04-15 19:03:37 UTC
108160138,19171,,127426,"{""Filename"":""CalCurCeas_024_00241121_2300.png""}","{""0"":""https://panoptes-uploads.zooniverse.org/subject_location/b6709434-b978-4938-b5b9-f4e7f3402a23.png""}",0,,,2025-04-15 19:03:37 UTC,2025-04-15 19:03:37 UTC
108160139,19171,,127426,"{""Filename"":""CalCurCeas_024_00241122_0000.png""}","{""0"":""https://panoptes-uploads.zooniverse.org/subject_location/08b9584b-458c-4475-b5b0-7594a4992c8c.png""}",0,,,2025-04-15 19:03:38 UTC,2025-04-15 19:03:38 UTC
108160140,19171,,127426,"{""Filename"":""CalCurCeas_024_00241122_0100.png""}","{""0"":""https://panoptes-uploads.zooniverse.org/subject_location/b5fcbec1-cd59-43b3-8989-4fb2b262e2c2.png""}",0,,,2025-04-15 19:03:38 UTC,2025-04-15 19:03:38 UTC
108160141,19171,,127426,"{""Filename"":""CalCurCeas_024_00241122_0200.png""}","{""0"":""https://panoptes-uploads.zooniverse.org/subject_location/a40361bc-391c-4b81-b86b-786a3dedc3a3.png""}",0,,,2025-04-15 19:03:38 UTC,2025-04-15 19:03:38 UTC
108160142,19171,,127426,"{""Filename"":""CalCurCeas_024_00241122_0300.png""}","{""0"":""https://panoptes-uploads.zooniverse.org/subject_location/f60de3a8-8925-4a3d-b553-a953880fd5b7.png""}",0,,,2025-04-15 19:03:39 UTC,2025-04-15 19:03:39 UTC
108160143,19171,,127426,"{""Filename"":""CalCurCeas_024_00241122_0400.png""}","{""0"":""https://panoptes-uploads.zooniverse.org/subject_location/376883ff-263b-476d-901e-c3266b16682f.png""}",0,,,2025-04-15 19:03:39 UTC,2025-04-15 19:03:39 UTC
108160144,19171,,127426,"{""Filename"":""CalCurCeas_024_00241122_0500.png""}","{""0"":""https://panoptes-uploads.zooniverse.org/subject_location/16b3325d-1b42-408b-bea0-6d9c2c292826.png""}",0,,,2025-04-15 19:03:39 UTC,2025-04-15 19:03:39 UTC
108160145,19171,,127426,"{""Filename"":""CalCurCeas_024_00241122_0600.png""}","{""0"":""https://panoptes-uploads.zooniverse.org/subject_location/08ccd0ca-aeff-4e40-849b-3167c971b39a.png""}",0,,,2025-04-15 19:03:40 UTC,2025-04-15 19:03:40 UTC
108160146,19171,,127426,"{""Filename"":""CalCurCeas_024_00241122_0700.png""}","{""0"":""https://panoptes-uploads.zooniverse.org/subject_location/920ac4dc-f596-4143-a1a8-f5725d5e81de.png""}",0,,,2025-04-15 19:03:40 UTC,2025-04-15 19:03:40 UTC
108160147,19171,,127426,"{""Filename"":""CalCurCeas_024_00241122_0800.png""}","{""0"":""https://panoptes-uploads.zooniverse.org/subject_location/4ec6ba6f-b0f6-408b-9aa3-071a01d1f1ef.png""}",0,,,2025-04-15 19:03:41 UTC,2025-04-15 19:03:41 UTC
108160148,19171,,127426,"{""Filename"":""CalCurCeas_024_00241122_0900.png""}","{""0"":""https://panoptes-uploads.zooniverse.org/subject_location/b53695e6-c6d8-43f7-96a3-016a304b8c3f.png""}",0,,,2025-04-15 19:03:41 UTC,2025-04-15 19:03:41 UTC
108160149,19171,,127426,"{""Filename"":""CalCurCeas_024_00241122_1000.png""}","{""0"":""https://panoptes-uploads.zooniverse.org/subject_location/b886bd38-d98b-463b-ae21-543a72fa3d17.png""}",0,,,2025-04-15 19:03:41 UTC,2025-04-15 19:03:41 UTC
108160150,19171,,127426,"{""Filename"":""CalCurCeas_024_00241122_1100.png""}","{""0"":""https://panoptes-uploads.zooniverse.org/subject_location/c4aeb20a-75e0-4866-9844-57beb34f8519.png""}",0,,,2025-04-15 19:03:42 UTC,2025-04-15 19:03:42 UTC
108160151,19171,,127426,"{""Filename"":""CalCurCeas_024_00241122_1200.png""}","{""0"":""https://panoptes-uploads.zooniverse.org/subject_location/f79967a8-2930-40ff-b956-ace1ac628e43.png""}",0,,,2025-04-15 19:03:42 UTC,2025-04-15 19:03:42 UTC
108160152,19171,,127426,"{""Filename"":""CalCurCeas_024_00241122_1300.png""}","{""0"":""https://panoptes-uploads.zooniverse.org/subject_location/f2ec93fe-1b0a-4095-9477-81600088f3ad.png""}",0,,,2025-04-15 19:03:42 UTC,2025-04-15 19:03:42 UTC
108160153,19171,,127426,"{""Filename"":""CalCurCeas_024_00241122_1400.png""}","{""0"":""https://panoptes-uploads.zooniverse.org/subject_location/3d23244a-49a0-4f33-a357-b2f75fe2fa65.png""}",0,,,2025-04-15 19:03:43 UTC,2025-04-15 19:03:43 UTC
108160154,19171,,127426,"{""Filename"":""CalCurCeas_024_00241122_1500.png""}","{""0"":""https://panoptes-uploads.zooniverse.org/subject_location/c7e1325f-461c-43b3-a42b-6303965dca2b.png""}",0,,,2025-04-15 19:03:43 UTC,2025-04-15 19:03:43 UTC
108160155,19171,,127426,"{""Filename"":""CalCurCeas_024_00241122_1600.png""}","{""0"":""https://panoptes-uploads.zooniverse.org/subject_location/99d6a1ee-4e0d-4016-a20b-93b71196bf98.png""}",0,,,2025-04-15 19:03:43 UTC,2025-04-15 19:03:43 UTC
108160156,19171,,127426,"{""Filename"":""CalCurCeas_024_00241122_1700.png""}","{""0"":""https://panoptes-uploads.zooniverse.org/subject_location/742a8bbd-a8e7-4ec4-a390-56e90dc98176.png""}",0,,,2025-04-15 19:03:44 UTC,2025-04-15 19:03:44 UTC
108160157,19171,,127426,"{""Filename"":""CalCurCeas_024_00241122_1800.png""}","{""0"":""https://panoptes-uploads.zooniverse.org/subject_location/f3f2ecc5-6ac8-4ca6-8416-5344912811a2.png""}",0,,,2025-04-15 19:03:44 UTC,2025-04-15 19:03:44 UTC
108160158,19171,,127426,"{""Filename"":""CalCurCeas_024_00241122_1900.png""}","{""0"":""https://panoptes-uploads.zooniverse.org/subject_location/d2ef13b8-e9e6-44fe-94de-93ac3bdba908.png""}",0,,,2025-04-15 19:03:44 UTC,2025-04-15 19:03:44 UTC
108160159,19171,,127426,"{""Filename"":""CalCurCeas_024_00241122_2000.png""}","{""0"":""https://panoptes-uploads.zooniverse.org/subject_location/7a5152f0-0c8e-43af-bb24-d243c841853b.png""}",0,,,2025-04-15 19:03:45 UTC,2025-04-15 19:03:45 UTC
108160160,19171,,127426,"{""Filename"":""CalCurCeas_024_00241122_2100.png""}","{""0"":""https://panoptes-uploads.zooniverse.org/subject_location/f5d6a178-602e-4338-9b60-7571d494d3b1.png""}",0,,,2025-04-15 19:03:45 UTC,2025-04-15 19:03:45 UTC
108160161,19171,,127426,"{""Filename"":""CalCurCeas_024_00241122_2200.png""}","{""0"":""https://panoptes-uploads.zooniverse.org/subject_location/5f8f1123-b78b-48e7-929a-f4bc57ce13a7.png""}",0,,,2025-04-15 19:03:45 UTC,2025-04-15 19:03:45 UTC
108160162,19171,,127426,"{""Filename"":""CalCurCeas_024_00241122_2300.png""}","{""0"":""https://panoptes-uploads.zooniverse.org/subject_location/d3071d55-1276-4603-8c4d-b00b0d9099cd.png""}",0,,,2025-04-15 19:03:46 UTC,2025-04-15 19:03:46 UTC
108160163,19171,,127426,"{""Filename"":""CalCurCeas_024_00241123_0000.png""}","{""0"":""https://panoptes-uploads.zooniverse.org/subject_location/2b616850-bb73-4247-bb2e-36b86d52cd81.png""}",0,,,2025-04-15 19:03:46 UTC,2025-04-15 19:03:46 UTC
108160164,19171,,127426,"{""Filename"":""CalCurCeas_024_00241123_0100.png""}","{""0"":""https://panoptes-uploads.zooniverse.org/subject_location/920e2622-752f-49df-83e3-7a5cac293d85.png""}",0,,,2025-04-15 19:03:46 UTC,2025-04-15 19:03:46 UTC
108160165,19171,,127426,"{""Filename"":""CalCurCeas_024_00241123_0200.png""}","{""0"":""https://panoptes-uploads.zooniverse.org/subject_location/f1407930-d864-432c-8f3b-70107316bac9.png""}",0,,,2025-04-15 19:03:46 UTC,2025-04-15 19:03:46 UTC
108160166,19171,,127426,"{""Filename"":""CalCurCeas_024_00241123_0300.png""}","{""0"":""https://panoptes-uploads.zooniverse.org/subject_location/425b8785-1f2e-4844-b540-06fab81d8b23.png""}",0,,,2025-04-15 19:03:47 UTC,2025-04-15 19:03:47 UTC
108160167,19171,,127426,"{""Filename"":""CalCurCeas_024_00241123_0400.png""}","{""0"":""https://panoptes-uploads.zooniverse.org/subject_location/805e2f55-e13e-4e06-95a0-2c287bfba3d6.png""}",0,,,2025-04-15 19:03:47 UTC,2025-04-15 19:03:47 UTC
108160168,19171,,127426,"{""Filename"":""CalCurCeas_024_00241123_0500.png""}","{""0"":""https://panoptes-uploads.zooniverse.org/subject_location/978754da-95ea-4423-a035-0a4a3852be86.png""}",0,,,2025-04-15 19:03:48 UTC,2025-04-15 19:03:48 UTC
108160169,19171,,127426,"{""Filename"":""CalCurCeas_024_00241123_0600.png""}","{""0"":""https://panoptes-uploads.zooniverse.org/subject_location/838caf85-2c42-4c8c-952a-c0482f9bc8e8.png""}",0,,,2025-04-15 19:03:48 UTC,2025-04-15 19:03:48 UTC
108160170,19171,,127426,"{""Filename"":""CalCurCeas_024_00241123_0700.png""}","{""0"":""https://panoptes-uploads.zooniverse.org/subject_location/c1b0463b-80a5-42ea-97d7-4c658d779d1a.png""}",0,,,2025-04-15 19:03:48 UTC,2025-04-15 19:03:48 UTC
108160171,19171,,127426,"{""Filename"":""CalCurCeas_024_00241123_0800.png""}","{""0"":""https://panoptes-uploads.zooniverse.org/subject_location/32a4a911-ddf5-4223-931f-c5a44bbce6c9.png""}",0,,,2025-04-15 19:03:49 UTC,2025-04-15 19:03:49 UTC
108160172,19171,,127426,"{""Filename"":""CalCurCeas_024_00241123_0900.png""}","{""0"":""https://panoptes-uploads.zooniverse.org/subject_location/5de2bbd4-0856-4ff9-b3a1-bc10e4f8e69c.png""}",0,,,2025-04-15 19:03:49 UTC,2025-04-15 19:03:49 UTC
108160173,19171,,127426,"{""Filename"":""CalCurCeas_024_00241123_1000.png""}","{""0"":""https://panoptes-uploads.zooniverse.org/subject_location/c7fd214c-f3e8-4bff-977c-c7d0d5e6e4f0.png""}",0,,,2025-04-15 19:03:49 UTC,2025-04-15 19:03:49 UTC
108160174,19171,,127426,"{""Filename"":""CalCurCeas_024_00241123_1100.png""}","{""0"":""https://panoptes-uploads.zooniverse.org/subject_location/dd759438-3ad5-4671-8400-67a9c26c37b7.png""}",0,,,2025-04-15 19:03:50 UTC,2025-04-15 19:03:50 UTC
108160175,19171,,127426,"{""Filename"":""CalCurCeas_024_00241123_1200.png""}","{""0"":""https://panoptes-uploads.zooniverse.org/subject_location/db7fbc15-7bdf-4466-956f-a0f6f349a070.png""}",0,,,2025-04-15 19:03:50 UTC,2025-04-15 19:03:50 UTC
108160176,19171,,127426,"{""Filename"":""CalCurCeas_024_00241123_1300.png""}","{""0"":""https://panoptes-uploads.zooniverse.org/subject_location/9f198e05-de58-44e1-98f5-1e380842f509.png""}",0,,,2025-04-15 19:03:50 UTC,2025-04-15 19:03:50 UTC
108160177,19171,,127426,"{""Filename"":""CalCurCeas_024_00241123_1400.png""}","{""0"":""https://panoptes-uploads.zooniverse.org/subject_location/f1d2962d-cd0e-4303-82f1-165fdd1bac72.png""}",0,,,2025-04-15 19:03:51 UTC,2025-04-15 19:03:51 UTC
108160178,19171,,127426,"{""Filename"":""CalCurCeas_024_00241123_1500.png""}","{""0"":""https://panoptes-uploads.zooniverse.org/subject_location/3f5a53ec-0f41-46b1-b783-d4cd5139817b.png""}",0,,,2025-04-15 19:03:51 UTC,2025-04-15 19:03:51 UTC
108160179,19171,,127426,"{""Filename"":""CalCurCeas_024_00241123_1600.png""}","{""0"":""https://panoptes-uploads.zooniverse.org/subject_location/e7d34b43-d234-4233-bc62-de67c5d39bc4.png""}",0,,,2025-04-15 19:03:51 UTC,2025-04-15 19:03:51 UTC
108160180,19171,,127426,"{""Filename"":""CalCurCeas_024_00241123_1700.png""}","{""0"":""https://panoptes-uploads.zooniverse.org/subject_location/e04de0cb-f07b-4182-9dc4-eb76f0b35e9d.png""}",0,,,2025-04-15 19:03:52 UTC,2025-04-15 19:03:52 UTC
108160181,19171,,127426,"{""Filename"":""CalCurCeas_024_00241123_1800.png""}","{""0"":""https://panoptes-uploads.zooniverse.org/subject_location/90f3eacc-5e7d-42af-a7ee-db72f1a7d77e.png""}",0,,,2025-04-15 19:03:52 UTC,2025-04-15 19:03:52 UTC
108160182,19171,,127426,"{""Filename"":""CalCurCeas_024_00241123_1900.png""}","{""0"":""https://panoptes-uploads.zooniverse.org/subject_location/34eb44d2-86d2-4a5d-9106-1c98a81455ff.png""}",0,,,2025-04-15 19:03:52 UTC,2025-04-15 19:03:52 UTC
108160183,19171,,127426,"{""Filename"":""CalCurCeas_024_00241123_2000.png""}","{""0"":""https://panoptes-uploads.zooniverse.org/subject_location/532fda0f-67f9-474a-8687-954ef2a92309.png""}",0,,,2025-04-15 19:03:53 UTC,2025-04-15 19:03:53 UTC
108160184,19171,,127426,"{""Filename"":""CalCurCeas_024_00241123_2100.png""}","{""0"":""https://panoptes-uploads.zooniverse.org/subject_location/a6a53d6d-78c6-429e-b548-1eca9bb9d815.png""}",0,,,2025-04-15 19:03:53 UTC,2025-04-15 19:03:53 UTC
108160185,19171,,127426,"{""Filename"":""CalCurCeas_024_00241123_2200.png""}","{""0"":""https://panoptes-uploads.zooniverse.org/subject_location/c5f7c05d-f696-4eaa-b8c4-00e0a7814a69.png""}",0,,,2025-04-15 19:03:53 UTC,2025-04-15 19:03:53 UTC
108160186,19171,,127426,"{""Filename"":""CalCurCeas_024_00241123_2300.png""}","{""0"":""https://panoptes-uploads.zooniverse.org/subject_location/9131cec0-2cda-4d8f-843f-c198504bc39e.png""}",0,,,2025-04-15 19:03:54 UTC,2025-04-15 19:03:54 UTC
108160187,19171,,127426,"{""Filename"":""CalCurCeas_024_00241124_0000.png""}","{""0"":""https://panoptes-uploads.zooniverse.org/subject_location/5b9c3180-664a-4479-a7dd-fe9c291e44ef.png""}",0,,,2025-04-15 19:03:54 UTC,2025-04-15 19:03:54 UTC
108160188,19171,,127426,"{""Filename"":""CalCurCeas_024_00241124_0100.png""}","{""0"":""https://panoptes-uploads.zooniverse.org/subject_location/b0cec373-dfc8-4eb0-8bad-9dcf72323bb8.png""}",0,,,2025-04-15 19:03:54 UTC,2025-04-15 19:03:54 UTC
108160189,19171,,127426,"{""Filename"":""CalCurCeas_024_00241124_0200.png""}","{""0"":""https://panoptes-uploads.zooniverse.org/subject_location/d786f829-595c-42be-871d-af42c5f4c7dc.png""}",0,,,2025-04-15 19:03:55 UTC,2025-04-15 19:03:55 UTC
108160190,19171,,127426,"{""Filename"":""CalCurCeas_024_00241124_0300.png""}","{""0"":""https://panoptes-uploads.zooniverse.org/subject_location/d64bfdf2-85d4-40c5-a289-2b18c760a713.png""}",0,,,2025-04-15 19:03:56 UTC,2025-04-15 19:03:56 UTC
108160191,19171,,127426,"{""Filename"":""CalCurCeas_024_00241124_0400.png""}","{""0"":""https://panoptes-uploads.zooniverse.org/subject_location/ada6e4b3-413f-4262-9f8e-4c0877bbb3a1.png""}",0,,,2025-04-15 19:03:56 UTC,2025-04-15 19:03:56 UTC
108160192,19171,,127426,"{""Filename"":""CalCurCeas_024_00241124_0500.png""}","{""0"":""https://panoptes-uploads.zooniverse.org/subject_location/17ead0fa-bcce-4f95-b643-d24614f7a5a0.png""}",0,,,2025-04-15 19:03:56 UTC,2025-04-15 19:03:56 UTC
108160193,19171,,127426,"{""Filename"":""CalCurCeas_024_00241124_0600.png""}","{""0"":""https://panoptes-uploads.zooniverse.org/subject_location/4b3ea8df-0a3f-43b1-9f0e-211bbe5b8245.png""}",0,,,2025-04-15 19:03:57 UTC,2025-04-15 19:03:57 UTC
108160194,19171,,127426,"{""Filename"":""CalCurCeas_024_00241124_0700.png""}","{""0"":""https://panoptes-uploads.zooniverse.org/subject_location/da31eae1-e91c-40e1-a68b-e76a702ed195.png""}",0,,,2025-04-15 19:03:57 UTC,2025-04-15 19:03:57 UTC
108160195,19171,,127426,"{""Filename"":""CalCurCeas_024_00241124_0800.png""}","{""0"":""https://panoptes-uploads.zooniverse.org/subject_location/fc8180f5-0602-49e9-b01a-7179c83011d3.png""}",0,,,2025-04-15 19:03:57 UTC,2025-04-15 19:03:57 UTC
108160196,19171,,127426,"{""Filename"":""CalCurCeas_024_00241124_0900.png""}","{""0"":""https://panoptes-uploads.zooniverse.org/subject_location/f001bbd2-35e9-4ac7-b8b0-c701871b4ab3.png""}",0,,,2025-04-15 19:03:58 UTC,2025-04-15 19:03:58 UTC
108160197,19171,,127426,"{""Filename"":""CalCurCeas_024_00241124_1000.png""}","{""0"":""https://panoptes-uploads.zooniverse.org/subject_location/0349de1d-4ede-431b-a982-28bf02b7fe35.png""}",0,,,2025-04-15 19:03:58 UTC,2025-04-15 19:03:58 UTC
108160198,19171,,127426,"{""Filename"":""CalCurCeas_024_00241124_1100.png""}","{""0"":""https://panoptes-uploads.zooniverse.org/subject_location/54d6748c-b1da-4a69-80ab-3c9cf0b9e525.png""}",0,,,2025-04-15 19:03:58 UTC,2025-04-15 19:03:58 UTC
108160199,19171,,127426,"{""Filename"":""CalCurCeas_024_00241124_1200.png""}","{""0"":""https://panoptes-uploads.zooniverse.org/subject_location/1a830bbf-8464-4de4-84a1-10ccede879fb.png""}",0,,,2025-04-15 19:03:59 UTC,2025-04-15 19:03:59 UTC
108160200,19171,,127426,"{""Filename"":""CalCurCeas_024_00241124_1300.png""}","{""0"":""https://panoptes-uploads.zooniverse.org/subject_location/6950e778-9507-461e-bb97-cb1073d7c346.png""}",0,,,2025-04-15 19:03:59 UTC,2025-04-15 19:03:59 UTC
108160201,19171,,127426,"{""Filename"":""CalCurCeas_024_00241124_1400.png""}","{""0"":""https://panoptes-uploads.zooniverse.org/subject_location/6693567a-ff4d-4c6c-a164-b85e7b836900.png""}",0,,,2025-04-15 19:03:59 UTC,2025-04-15 19:03:59 UTC
108160202,19171,,127426,"{""Filename"":""CalCurCeas_024_00241111_0200.png""}","{""0"":""https://panoptes-uploads.zooniverse.org/subject_location/66a106f2-23b3-433f-af1f-0709c6cb1f1c.png""}",0,,,2025-04-15 19:03:59 UTC,2025-04-15 19:03:59 UTC
