classification_id,user_name,user_id,workflow_id,task,created_at,subject_id,extractor,data.no-i-don-t-see-any-dolphin-echolocation-here,data.aggregation_version,data.yes-dolphin-echolocation-is-present,data.no-there-are-no-spectral-bands-present,data.yes-i-see-spectral-bands,data.None,data.i-m-not-sure
627356122,AnneListens,1882787.0,28567,T0,2025-04-01 17:53:57 UTC,107507598,question_extractor,1.0,5.2.0,,,,,
627356122,AnneListens,1882787.0,28567,T1,2025-04-01 17:53:57 UTC,107507598,question_extractor,,5.2.0,,,,,
627356337,AnneListens,1882787.0,28567,T0,2025-04-01 17:54:39 UTC,107507796,question_extractor,,5.2.0,1.0,,,,
627356337,AnneListens,1882787.0,28567,T1,2025-04-01 17:54:39 UTC,107507796,question_extractor,,5.2.0,,1.0,,,
627356411,AnneListens,1882787.0,28567,T0,2025-04-01 17:54:52 UTC,107507799,question_extractor,1.0,5.2.0,,,,,
627356411,AnneListens,1882787.0,28567,T1,2025-04-01 17:54:52 UTC,107507799,question_extractor,,5.2.0,,,,,
627356674,AnneListens,1882787.0,28567,T0,2025-04-01 17:55:43 UTC,107507798,question_extractor,,5.2.0,1.0,,,,
627356674,AnneListens,1882787.0,28567,T1,2025-04-01 17:55:43 UTC,107507798,question_extractor,,5.2.0,,1.0,,,
627356740,AnneListens,1882787.0,28567,T0,2025-04-01 17:55:59 UTC,107507592,question_extractor,1.0,5.2.0,,,,,
627356740,AnneListens,1882787.0,28567,T1,2025-04-01 17:55:59 UTC,107507592,question_extractor,,5.2.0,,,,,
627356800,AnneListens,1882787.0,28567,T0,2025-04-01 17:56:13 UTC,107507800,question_extractor,1.0,5.2.0,,,,,
627356800,AnneListens,1882787.0,28567,T1,2025-04-01 17:56:13 UTC,107507800,question_extractor,,5.2.0,,,,,
627356849,AnneListens,1882787.0,28567,T0,2025-04-01 17:56:24 UTC,107507595,question_extractor,1.0,5.2.0,,,,,
627356849,AnneListens,1882787.0,28567,T1,2025-04-01 17:56:24 UTC,107507595,question_extractor,,5.2.0,,,,,
627368864,AnneListens,1882787.0,28567,T0,2025-04-01 18:35:56 UTC,107507594,question_extractor,1.0,5.2.0,,,,,
627368864,AnneListens,1882787.0,28567,T1,2025-04-01 18:35:56 UTC,107507594,question_extractor,,5.2.0,,,,,
627450189,ejohnston8,2835326.0,28567,T0,2025-04-02 00:18:16 UTC,107507799,question_extractor,1.0,5.2.0,,,,,
627450189,ejohnston8,2835326.0,28567,T1,2025-04-02 00:18:16 UTC,107507799,question_extractor,,5.2.0,,,,,
627450308,ejohnston8,2835326.0,28567,T0,2025-04-02 00:19:15 UTC,107507595,question_extractor,,5.2.0,1.0,,,,
627450308,ejohnston8,2835326.0,28567,T1,2025-04-02 00:19:15 UTC,107507595,question_extractor,,5.2.0,,,1.0,,
627450517,ejohnston8,2835326.0,28567,T0,2025-04-02 00:20:34 UTC,107507800,question_extractor,,5.2.0,1.0,,,,
627450517,ejohnston8,2835326.0,28567,T1,2025-04-02 00:20:34 UTC,107507800,question_extractor,,5.2.0,,,,1.0,
627452024,ejohnston8,2835326.0,28567,T0,2025-04-02 00:25:10 UTC,107507598,question_extractor,,5.2.0,1.0,,,,
627452024,ejohnston8,2835326.0,28567,T1,2025-04-02 00:25:10 UTC,107507598,question_extractor,,5.2.0,,,1.0,,
627452147,ejohnston8,2835326.0,28567,T0,2025-04-02 00:25:28 UTC,107507594,question_extractor,,5.2.0,1.0,,,,
627452147,ejohnston8,2835326.0,28567,T1,2025-04-02 00:25:28 UTC,107507594,question_extractor,,5.2.0,,,1.0,,
627452180,ejohnston8,2835326.0,28567,T0,2025-04-02 00:25:33 UTC,107507795,question_extractor,1.0,5.2.0,,,,,
627452180,ejohnston8,2835326.0,28567,T1,2025-04-02 00:25:33 UTC,107507795,question_extractor,,5.2.0,,,,,
627452219,ejohnston8,2835326.0,28567,T0,2025-04-02 00:25:39 UTC,107507798,question_extractor,,5.2.0,1.0,,,,
627452219,ejohnston8,2835326.0,28567,T1,2025-04-02 00:25:39 UTC,107507798,question_extractor,,5.2.0,,1.0,,,
627454909,ejohnston8,2835326.0,28567,T0,2025-04-02 00:35:46 UTC,107507796,question_extractor,,5.2.0,1.0,,,,
627454909,ejohnston8,2835326.0,28567,T1,2025-04-02 00:35:46 UTC,107507796,question_extractor,,5.2.0,,1.0,,,
627455072,ejohnston8,2835326.0,28567,T0,2025-04-02 00:36:44 UTC,107507596,question_extractor,1.0,5.2.0,,,,,
627455072,ejohnston8,2835326.0,28567,T1,2025-04-02 00:36:44 UTC,107507596,question_extractor,,5.2.0,,,,,
627455420,ejohnston8,2835326.0,28567,T0,2025-04-02 00:38:54 UTC,107507592,question_extractor,1.0,5.2.0,,,,,
627455420,ejohnston8,2835326.0,28567,T1,2025-04-02 00:38:54 UTC,107507592,question_extractor,,5.2.0,,,,,
627455435,ejohnston8,2835326.0,28567,T0,2025-04-02 00:38:59 UTC,107507593,question_extractor,1.0,5.2.0,,,,,
627455435,ejohnston8,2835326.0,28567,T1,2025-04-02 00:38:59 UTC,107507593,question_extractor,,5.2.0,,,,,
627455462,ejohnston8,2835326.0,28567,T0,2025-04-02 00:39:04 UTC,107507597,question_extractor,1.0,5.2.0,,,,,
627455462,ejohnston8,2835326.0,28567,T1,2025-04-02 00:39:04 UTC,107507597,question_extractor,,5.2.0,,,,,
627455552,ejohnston8,2835326.0,28567,T0,2025-04-02 00:39:22 UTC,107507797,question_extractor,,5.2.0,1.0,,,,
627455552,ejohnston8,2835326.0,28567,T1,2025-04-02 00:39:22 UTC,107507797,question_extractor,,5.2.0,,,1.0,,
627455908,ejohnston8,2835326.0,28567,T0,2025-04-02 00:40:43 UTC,107507595,question_extractor,1.0,5.2.0,,,,,
627455908,ejohnston8,2835326.0,28567,T1,2025-04-02 00:40:43 UTC,107507595,question_extractor,,5.2.0,,,,,
627455926,ejohnston8,2835326.0,28567,T0,2025-04-02 00:40:49 UTC,107507799,question_extractor,1.0,5.2.0,,,,,
627455926,ejohnston8,2835326.0,28567,T1,2025-04-02 00:40:49 UTC,107507799,question_extractor,,5.2.0,,,,,
627455932,ejohnston8,2835326.0,28567,T0,2025-04-02 00:40:52 UTC,107507593,question_extractor,1.0,5.2.0,,,,,
627455932,ejohnston8,2835326.0,28567,T1,2025-04-02 00:40:52 UTC,107507593,question_extractor,,5.2.0,,,,,
627455951,ejohnston8,2835326.0,28567,T0,2025-04-02 00:41:00 UTC,107507795,question_extractor,,5.2.0,1.0,,,,
627455951,ejohnston8,2835326.0,28567,T1,2025-04-02 00:41:00 UTC,107507795,question_extractor,,5.2.0,,,1.0,,
627456052,ejohnston8,2835326.0,28567,T0,2025-04-02 00:41:22 UTC,107507596,question_extractor,,5.2.0,1.0,,,,
627456052,ejohnston8,2835326.0,28567,T1,2025-04-02 00:41:22 UTC,107507596,question_extractor,,5.2.0,,1.0,,,
627456086,ejohnston8,2835326.0,28567,T0,2025-04-02 00:41:30 UTC,107507796,question_extractor,,5.2.0,1.0,,,,
627456086,ejohnston8,2835326.0,28567,T1,2025-04-02 00:41:30 UTC,107507796,question_extractor,,5.2.0,,1.0,,,
627456901,ejohnston8,2835326.0,28567,T0,2025-04-02 00:46:25 UTC,107507594,question_extractor,,5.2.0,1.0,,,,
627456901,ejohnston8,2835326.0,28567,T1,2025-04-02 00:46:25 UTC,107507594,question_extractor,,5.2.0,,1.0,,,
627456909,ejohnston8,2835326.0,28567,T0,2025-04-02 00:46:28 UTC,107507593,question_extractor,1.0,5.2.0,,,,,
627456909,ejohnston8,2835326.0,28567,T1,2025-04-02 00:46:28 UTC,107507593,question_extractor,,5.2.0,,,,,
627457100,ejohnston8,2835326.0,28567,T0,2025-04-02 00:47:52 UTC,107507598,question_extractor,,5.2.0,1.0,,,,
627457100,ejohnston8,2835326.0,28567,T1,2025-04-02 00:47:52 UTC,107507598,question_extractor,,5.2.0,,1.0,,,
627457149,ejohnston8,2835326.0,28567,T0,2025-04-02 00:48:07 UTC,107507797,question_extractor,,5.2.0,1.0,,,,
627457149,ejohnston8,2835326.0,28567,T1,2025-04-02 00:48:07 UTC,107507797,question_extractor,,5.2.0,,,1.0,,
627457169,ejohnston8,2835326.0,28567,T0,2025-04-02 00:48:15 UTC,107507798,question_extractor,,5.2.0,1.0,,,,
627457169,ejohnston8,2835326.0,28567,T1,2025-04-02 00:48:15 UTC,107507798,question_extractor,,5.2.0,,1.0,,,
627457181,ejohnston8,2835326.0,28567,T0,2025-04-02 00:48:20 UTC,107507592,question_extractor,1.0,5.2.0,,,,,
627457181,ejohnston8,2835326.0,28567,T1,2025-04-02 00:48:20 UTC,107507592,question_extractor,,5.2.0,,,,,
627457206,ejohnston8,2835326.0,28567,T0,2025-04-02 00:48:28 UTC,107507795,question_extractor,,5.2.0,1.0,,,,
627457206,ejohnston8,2835326.0,28567,T1,2025-04-02 00:48:28 UTC,107507795,question_extractor,,5.2.0,,,1.0,,
627457238,ejohnston8,2835326.0,28567,T0,2025-04-02 00:48:37 UTC,107507796,question_extractor,,5.2.0,1.0,,,,
627457238,ejohnston8,2835326.0,28567,T1,2025-04-02 00:48:37 UTC,107507796,question_extractor,,5.2.0,,1.0,,,
627457243,ejohnston8,2835326.0,28567,T0,2025-04-02 00:48:40 UTC,107507799,question_extractor,1.0,5.2.0,,,,,
627457243,ejohnston8,2835326.0,28567,T1,2025-04-02 00:48:40 UTC,107507799,question_extractor,,5.2.0,,,,,
627457258,ejohnston8,2835326.0,28567,T0,2025-04-02 00:48:45 UTC,107507595,question_extractor,1.0,5.2.0,,,,,
627457258,ejohnston8,2835326.0,28567,T1,2025-04-02 00:48:45 UTC,107507595,question_extractor,,5.2.0,,,,,
627457280,ejohnston8,2835326.0,28567,T0,2025-04-02 00:48:52 UTC,107507597,question_extractor,1.0,5.2.0,,,,,
627457280,ejohnston8,2835326.0,28567,T1,2025-04-02 00:48:52 UTC,107507597,question_extractor,,5.2.0,,,,,
627457289,ejohnston8,2835326.0,28567,T0,2025-04-02 00:48:56 UTC,107507799,question_extractor,1.0,5.2.0,,,,,
627457289,ejohnston8,2835326.0,28567,T1,2025-04-02 00:48:56 UTC,107507799,question_extractor,,5.2.0,,,,,
627457292,ejohnston8,2835326.0,28567,T0,2025-04-02 00:48:59 UTC,107507593,question_extractor,1.0,5.2.0,,,,,
627457292,ejohnston8,2835326.0,28567,T1,2025-04-02 00:48:59 UTC,107507593,question_extractor,,5.2.0,,,,,
627457307,ejohnston8,2835326.0,28567,T0,2025-04-02 00:49:04 UTC,107507800,question_extractor,1.0,5.2.0,,,,,
627457307,ejohnston8,2835326.0,28567,T1,2025-04-02 00:49:04 UTC,107507800,question_extractor,,5.2.0,,,,,
627457322,ejohnston8,2835326.0,28567,T0,2025-04-02 00:49:09 UTC,107507596,question_extractor,1.0,5.2.0,,,,,
627457322,ejohnston8,2835326.0,28567,T1,2025-04-02 00:49:09 UTC,107507596,question_extractor,,5.2.0,,,,,
627457402,ejohnston8,2835326.0,28567,T0,2025-04-02 00:49:44 UTC,107507799,question_extractor,1.0,5.2.0,,,,,
627457402,ejohnston8,2835326.0,28567,T1,2025-04-02 00:49:44 UTC,107507799,question_extractor,,5.2.0,,,,,
627457409,ejohnston8,2835326.0,28567,T0,2025-04-02 00:49:47 UTC,107507596,question_extractor,1.0,5.2.0,,,,,
627457409,ejohnston8,2835326.0,28567,T1,2025-04-02 00:49:47 UTC,107507596,question_extractor,,5.2.0,,,,,
627457424,ejohnston8,2835326.0,28567,T0,2025-04-02 00:49:54 UTC,107507796,question_extractor,,5.2.0,1.0,,,,
627457424,ejohnston8,2835326.0,28567,T1,2025-04-02 00:49:54 UTC,107507796,question_extractor,,5.2.0,,1.0,,,
627457439,ejohnston8,2835326.0,28567,T0,2025-04-02 00:49:59 UTC,107507800,question_extractor,1.0,5.2.0,,,,,
627457439,ejohnston8,2835326.0,28567,T1,2025-04-02 00:49:59 UTC,107507800,question_extractor,,5.2.0,,,,,
627457463,ejohnston8,2835326.0,28567,T0,2025-04-02 00:50:06 UTC,107507797,question_extractor,,5.2.0,1.0,,,,
627457463,ejohnston8,2835326.0,28567,T1,2025-04-02 00:50:06 UTC,107507797,question_extractor,,5.2.0,,,1.0,,
627457515,ejohnston8,2835326.0,28567,T0,2025-04-02 00:50:25 UTC,107507798,question_extractor,,5.2.0,1.0,,,,
627457515,ejohnston8,2835326.0,28567,T1,2025-04-02 00:50:25 UTC,107507798,question_extractor,,5.2.0,,1.0,,,
627457527,ejohnston8,2835326.0,28567,T0,2025-04-02 00:50:32 UTC,107507795,question_extractor,1.0,5.2.0,,,,,
627457527,ejohnston8,2835326.0,28567,T1,2025-04-02 00:50:32 UTC,107507795,question_extractor,,5.2.0,,,,,
627457534,ejohnston8,2835326.0,28567,T0,2025-04-02 00:50:34 UTC,107507595,question_extractor,1.0,5.2.0,,,,,
627457534,ejohnston8,2835326.0,28567,T1,2025-04-02 00:50:34 UTC,107507595,question_extractor,,5.2.0,,,,,
627457544,ejohnston8,2835326.0,28567,T0,2025-04-02 00:50:37 UTC,107507594,question_extractor,1.0,5.2.0,,,,,
627457544,ejohnston8,2835326.0,28567,T1,2025-04-02 00:50:37 UTC,107507594,question_extractor,,5.2.0,,,,,
627457554,ejohnston8,2835326.0,28567,T0,2025-04-02 00:50:39 UTC,107507597,question_extractor,1.0,5.2.0,,,,,
627457554,ejohnston8,2835326.0,28567,T1,2025-04-02 00:50:39 UTC,107507597,question_extractor,,5.2.0,,,,,
627457572,ejohnston8,2835326.0,28567,T0,2025-04-02 00:50:43 UTC,107507595,question_extractor,1.0,5.2.0,,,,,
627457572,ejohnston8,2835326.0,28567,T1,2025-04-02 00:50:43 UTC,107507595,question_extractor,,5.2.0,,,,,
627457584,ejohnston8,2835326.0,28567,T0,2025-04-02 00:50:48 UTC,107507798,question_extractor,,5.2.0,1.0,,,,
627457584,ejohnston8,2835326.0,28567,T1,2025-04-02 00:50:48 UTC,107507798,question_extractor,,5.2.0,,1.0,,,
627457589,ejohnston8,2835326.0,28567,T0,2025-04-02 00:50:51 UTC,107507592,question_extractor,1.0,5.2.0,,,,,
627457589,ejohnston8,2835326.0,28567,T1,2025-04-02 00:50:51 UTC,107507592,question_extractor,,5.2.0,,,,,
627457790,ejohnston8,2835326.0,28567,T0,2025-04-02 00:51:52 UTC,107507797,question_extractor,,5.2.0,1.0,,,,
627457790,ejohnston8,2835326.0,28567,T1,2025-04-02 00:51:52 UTC,107507797,question_extractor,,5.2.0,,,1.0,,
627457806,ejohnston8,2835326.0,28567,T0,2025-04-02 00:51:56 UTC,107507596,question_extractor,,5.2.0,1.0,,,,
627457806,ejohnston8,2835326.0,28567,T1,2025-04-02 00:51:56 UTC,107507596,question_extractor,,5.2.0,,,,1.0,
627457812,ejohnston8,2835326.0,28567,T0,2025-04-02 00:51:59 UTC,107507796,question_extractor,,5.2.0,1.0,,,,
627457812,ejohnston8,2835326.0,28567,T1,2025-04-02 00:51:59 UTC,107507796,question_extractor,,5.2.0,,,,1.0,
627457831,ejohnston8,2835326.0,28567,T0,2025-04-02 00:52:04 UTC,107507597,question_extractor,,5.2.0,1.0,,,,
627457831,ejohnston8,2835326.0,28567,T1,2025-04-02 00:52:04 UTC,107507597,question_extractor,,5.2.0,,,,1.0,
627457878,ejohnston8,2835326.0,28567,T0,2025-04-02 00:52:19 UTC,107507598,question_extractor,1.0,5.2.0,,,,,
627457878,ejohnston8,2835326.0,28567,T1,2025-04-02 00:52:19 UTC,107507598,question_extractor,,5.2.0,,,,,
627457890,ejohnston8,2835326.0,28567,T0,2025-04-02 00:52:22 UTC,107507798,question_extractor,1.0,5.2.0,,,,,
627457890,ejohnston8,2835326.0,28567,T1,2025-04-02 00:52:22 UTC,107507798,question_extractor,,5.2.0,,,,,
627457911,ejohnston8,2835326.0,28567,T0,2025-04-02 00:52:28 UTC,107507595,question_extractor,,5.2.0,1.0,,,,
627457911,ejohnston8,2835326.0,28567,T1,2025-04-02 00:52:28 UTC,107507595,question_extractor,,5.2.0,,,,1.0,
627457961,ejohnston8,2835326.0,28567,T0,2025-04-02 00:52:47 UTC,107507799,question_extractor,,5.2.0,1.0,,,,
627457961,ejohnston8,2835326.0,28567,T1,2025-04-02 00:52:47 UTC,107507799,question_extractor,,5.2.0,,,1.0,,
627458178,ejohnston8,2835326.0,28567,T0,2025-04-02 00:54:13 UTC,107507800,question_extractor,,5.2.0,1.0,,,,
627458178,ejohnston8,2835326.0,28567,T1,2025-04-02 00:54:13 UTC,107507800,question_extractor,,5.2.0,,,1.0,,
627685481,ejohnston8,2835326.0,28567,T0,2025-04-02 21:36:26 UTC,107507797,question_extractor,1.0,5.2.0,,,,,
627685481,ejohnston8,2835326.0,28567,T1,2025-04-02 21:36:26 UTC,107507797,question_extractor,,5.2.0,,,,,
627705184,ejohnston8,2835326.0,28567,T0,2025-04-02 23:24:29 UTC,107507597,question_extractor,1.0,5.2.0,,,,,
627705184,ejohnston8,2835326.0,28567,T1,2025-04-02 23:24:29 UTC,107507597,question_extractor,,5.2.0,,,,,
627961300,SarahShiers,2849214.0,28567,T0,2025-04-03 20:54:53 UTC,107912625,question_extractor,,5.2.0,1.0,,,,
627961300,SarahShiers,2849214.0,28567,T1,2025-04-03 20:54:53 UTC,107912625,question_extractor,,5.2.0,,1.0,,,
627961399,SarahShiers,2849214.0,28567,T0,2025-04-03 20:55:09 UTC,107912885,question_extractor,,5.2.0,1.0,,,,
627961399,SarahShiers,2849214.0,28567,T1,2025-04-03 20:55:09 UTC,107912885,question_extractor,,5.2.0,,1.0,,,
627961453,SarahShiers,2849214.0,28567,T0,2025-04-03 20:55:21 UTC,107912794,question_extractor,,5.2.0,1.0,,,,
627961453,SarahShiers,2849214.0,28567,T1,2025-04-03 20:55:21 UTC,107912794,question_extractor,,5.2.0,,1.0,,,
627961507,SarahShiers,2849214.0,28567,T0,2025-04-03 20:55:32 UTC,107912745,question_extractor,,5.2.0,1.0,,,,
627961507,SarahShiers,2849214.0,28567,T1,2025-04-03 20:55:32 UTC,107912745,question_extractor,,5.2.0,,1.0,,,
627961619,SarahShiers,2849214.0,28567,T0,2025-04-03 20:55:58 UTC,107912683,question_extractor,,5.2.0,1.0,,,,
627961619,SarahShiers,2849214.0,28567,T1,2025-04-03 20:55:58 UTC,107912683,question_extractor,,5.2.0,,1.0,,,
627961673,SarahShiers,2849214.0,28567,T0,2025-04-03 20:56:09 UTC,107912839,question_extractor,,5.2.0,1.0,,,,
627961673,SarahShiers,2849214.0,28567,T1,2025-04-03 20:56:09 UTC,107912839,question_extractor,,5.2.0,,1.0,,,
627964765,SarahShiers,2849214.0,28567,T0,2025-04-03 21:05:59 UTC,107912952,question_extractor,,5.2.0,1.0,,,,
627964765,SarahShiers,2849214.0,28567,T1,2025-04-03 21:05:59 UTC,107912952,question_extractor,,5.2.0,,1.0,,,
627964813,SarahShiers,2849214.0,28567,T0,2025-04-03 21:06:08 UTC,107912866,question_extractor,,5.2.0,1.0,,,,
627964813,SarahShiers,2849214.0,28567,T1,2025-04-03 21:06:08 UTC,107912866,question_extractor,,5.2.0,,1.0,,,
627964865,SarahShiers,2849214.0,28567,T0,2025-04-03 21:06:18 UTC,107912650,question_extractor,,5.2.0,1.0,,,,
627964865,SarahShiers,2849214.0,28567,T1,2025-04-03 21:06:18 UTC,107912650,question_extractor,,5.2.0,,1.0,,,
627964937,SarahShiers,2849214.0,28567,T0,2025-04-03 21:06:33 UTC,107912812,question_extractor,1.0,5.2.0,,,,,
627964937,SarahShiers,2849214.0,28567,T1,2025-04-03 21:06:33 UTC,107912812,question_extractor,,5.2.0,,,,,
627964988,SarahShiers,2849214.0,28567,T0,2025-04-03 21:06:43 UTC,107912743,question_extractor,,5.2.0,1.0,,,,
627964988,SarahShiers,2849214.0,28567,T1,2025-04-03 21:06:43 UTC,107912743,question_extractor,,5.2.0,,1.0,,,
627965026,SarahShiers,2849214.0,28567,T0,2025-04-03 21:06:51 UTC,107912876,question_extractor,1.0,5.2.0,,,,,
627965026,SarahShiers,2849214.0,28567,T1,2025-04-03 21:06:51 UTC,107912876,question_extractor,,5.2.0,,,,,
627965079,SarahShiers,2849214.0,28567,T0,2025-04-03 21:07:01 UTC,107912938,question_extractor,,5.2.0,1.0,,,,
627965079,SarahShiers,2849214.0,28567,T1,2025-04-03 21:07:01 UTC,107912938,question_extractor,,5.2.0,,1.0,,,
627965119,SarahShiers,2849214.0,28567,T0,2025-04-03 21:07:10 UTC,107912695,question_extractor,,5.2.0,1.0,,,,
627965119,SarahShiers,2849214.0,28567,T1,2025-04-03 21:07:10 UTC,107912695,question_extractor,,5.2.0,,1.0,,,
627965165,SarahShiers,2849214.0,28567,T0,2025-04-03 21:07:19 UTC,107912953,question_extractor,,5.2.0,1.0,,,,
627965165,SarahShiers,2849214.0,28567,T1,2025-04-03 21:07:19 UTC,107912953,question_extractor,,5.2.0,,1.0,,,
627966177,SarahShiers,2849214.0,28567,T0,2025-04-03 21:10:37 UTC,107912810,question_extractor,,5.2.0,1.0,,,,
627966177,SarahShiers,2849214.0,28567,T1,2025-04-03 21:10:37 UTC,107912810,question_extractor,,5.2.0,,1.0,,,
627966264,SarahShiers,2849214.0,28567,T0,2025-04-03 21:10:59 UTC,107912902,question_extractor,,5.2.0,1.0,,,,
627966264,SarahShiers,2849214.0,28567,T1,2025-04-03 21:10:59 UTC,107912902,question_extractor,,5.2.0,,1.0,,,
627966315,SarahShiers,2849214.0,28567,T0,2025-04-03 21:11:11 UTC,107912718,question_extractor,,5.2.0,1.0,,,,
627966315,SarahShiers,2849214.0,28567,T1,2025-04-03 21:11:11 UTC,107912718,question_extractor,,5.2.0,,1.0,,,
627966322,SarahShiers,2849214.0,28567,T0,2025-04-03 21:11:15 UTC,107912659,question_extractor,1.0,5.2.0,,,,,
627966322,SarahShiers,2849214.0,28567,T1,2025-04-03 21:11:15 UTC,107912659,question_extractor,,5.2.0,,,,,
627966454,SarahShiers,2849214.0,28567,T0,2025-04-03 21:11:44 UTC,107912652,question_extractor,,5.2.0,1.0,,,,
627966454,SarahShiers,2849214.0,28567,T1,2025-04-03 21:11:44 UTC,107912652,question_extractor,,5.2.0,,1.0,,,
627966486,SarahShiers,2849214.0,28567,T0,2025-04-03 21:11:53 UTC,107912676,question_extractor,,5.2.0,1.0,,,,
627966486,SarahShiers,2849214.0,28567,T1,2025-04-03 21:11:53 UTC,107912676,question_extractor,,5.2.0,,1.0,,,
627966559,SarahShiers,2849214.0,28567,T0,2025-04-03 21:12:09 UTC,107912669,question_extractor,,5.2.0,1.0,,,,
627966559,SarahShiers,2849214.0,28567,T1,2025-04-03 21:12:09 UTC,107912669,question_extractor,,5.2.0,,1.0,,,
627966597,SarahShiers,2849214.0,28567,T0,2025-04-03 21:12:17 UTC,107912861,question_extractor,,5.2.0,1.0,,,,
627966597,SarahShiers,2849214.0,28567,T1,2025-04-03 21:12:17 UTC,107912861,question_extractor,,5.2.0,,1.0,,,
627966631,SarahShiers,2849214.0,28567,T0,2025-04-03 21:12:24 UTC,107912740,question_extractor,,5.2.0,1.0,,,,
627966631,SarahShiers,2849214.0,28567,T1,2025-04-03 21:12:24 UTC,107912740,question_extractor,,5.2.0,,1.0,,,
627966669,SarahShiers,2849214.0,28567,T0,2025-04-03 21:12:31 UTC,107912648,question_extractor,1.0,5.2.0,,,,,
627966669,SarahShiers,2849214.0,28567,T1,2025-04-03 21:12:31 UTC,107912648,question_extractor,,5.2.0,,,,,
627966721,SarahShiers,2849214.0,28567,T0,2025-04-03 21:12:40 UTC,107912649,question_extractor,,5.2.0,1.0,,,,
627966721,SarahShiers,2849214.0,28567,T1,2025-04-03 21:12:40 UTC,107912649,question_extractor,,5.2.0,,1.0,,,
627966753,SarahShiers,2849214.0,28567,T0,2025-04-03 21:12:47 UTC,107912840,question_extractor,,5.2.0,1.0,,,,
627966753,SarahShiers,2849214.0,28567,T1,2025-04-03 21:12:47 UTC,107912840,question_extractor,,5.2.0,,1.0,,,
627966816,SarahShiers,2849214.0,28567,T0,2025-04-03 21:13:01 UTC,107912847,question_extractor,1.0,5.2.0,,,,,
627966816,SarahShiers,2849214.0,28567,T1,2025-04-03 21:13:01 UTC,107912847,question_extractor,,5.2.0,,,,,
627966863,SarahShiers,2849214.0,28567,T0,2025-04-03 21:13:12 UTC,107912622,question_extractor,,5.2.0,1.0,,,,
627966863,SarahShiers,2849214.0,28567,T1,2025-04-03 21:13:12 UTC,107912622,question_extractor,,5.2.0,,1.0,,,
627966881,SarahShiers,2849214.0,28567,T0,2025-04-03 21:13:15 UTC,107912769,question_extractor,1.0,5.2.0,,,,,
627966881,SarahShiers,2849214.0,28567,T1,2025-04-03 21:13:15 UTC,107912769,question_extractor,,5.2.0,,,,,
627966907,SarahShiers,2849214.0,28567,T0,2025-04-03 21:13:23 UTC,107912796,question_extractor,,5.2.0,1.0,,,,
627966907,SarahShiers,2849214.0,28567,T1,2025-04-03 21:13:23 UTC,107912796,question_extractor,,5.2.0,,,,1.0,
627967587,SarahShiers,2849214.0,28567,T0,2025-04-03 21:15:41 UTC,107912697,question_extractor,,5.2.0,1.0,,,,
627967587,SarahShiers,2849214.0,28567,T1,2025-04-03 21:15:41 UTC,107912697,question_extractor,,5.2.0,,1.0,,,
627967669,SarahShiers,2849214.0,28567,T0,2025-04-03 21:15:55 UTC,107912823,question_extractor,,5.2.0,1.0,,,,
627967669,SarahShiers,2849214.0,28567,T1,2025-04-03 21:15:55 UTC,107912823,question_extractor,,5.2.0,,1.0,,,
627967687,SarahShiers,2849214.0,28567,T0,2025-04-03 21:15:58 UTC,107912727,question_extractor,1.0,5.2.0,,,,,
627967687,SarahShiers,2849214.0,28567,T1,2025-04-03 21:15:58 UTC,107912727,question_extractor,,5.2.0,,,,,
627967740,SarahShiers,2849214.0,28567,T0,2025-04-03 21:16:09 UTC,107912623,question_extractor,,5.2.0,1.0,,,,
627967740,SarahShiers,2849214.0,28567,T1,2025-04-03 21:16:09 UTC,107912623,question_extractor,,5.2.0,,1.0,,,
627967783,SarahShiers,2849214.0,28567,T0,2025-04-03 21:16:16 UTC,107912929,question_extractor,,5.2.0,1.0,,,,
627967783,SarahShiers,2849214.0,28567,T1,2025-04-03 21:16:16 UTC,107912929,question_extractor,,5.2.0,,1.0,,,
627967806,SarahShiers,2849214.0,28567,T0,2025-04-03 21:16:22 UTC,107912855,question_extractor,1.0,5.2.0,,,,,
627967806,SarahShiers,2849214.0,28567,T1,2025-04-03 21:16:22 UTC,107912855,question_extractor,,5.2.0,,,,,
627967839,SarahShiers,2849214.0,28567,T0,2025-04-03 21:16:29 UTC,107912805,question_extractor,,5.2.0,1.0,,,,
627967839,SarahShiers,2849214.0,28567,T1,2025-04-03 21:16:29 UTC,107912805,question_extractor,,5.2.0,,1.0,,,
627967877,SarahShiers,2849214.0,28567,T0,2025-04-03 21:16:37 UTC,107912664,question_extractor,,5.2.0,1.0,,,,
627967877,SarahShiers,2849214.0,28567,T1,2025-04-03 21:16:37 UTC,107912664,question_extractor,,5.2.0,,1.0,,,
627968260,SarahShiers,2849214.0,28567,T0,2025-04-03 21:17:57 UTC,107912948,question_extractor,,5.2.0,1.0,,,,
627968260,SarahShiers,2849214.0,28567,T1,2025-04-03 21:17:57 UTC,107912948,question_extractor,,5.2.0,,1.0,,,
627968282,SarahShiers,2849214.0,28567,T0,2025-04-03 21:18:03 UTC,107912838,question_extractor,1.0,5.2.0,,,,,
627968282,SarahShiers,2849214.0,28567,T1,2025-04-03 21:18:03 UTC,107912838,question_extractor,,5.2.0,,,,,
627968339,SarahShiers,2849214.0,28567,T0,2025-04-03 21:18:15 UTC,107912757,question_extractor,,5.2.0,1.0,,,,
627968339,SarahShiers,2849214.0,28567,T1,2025-04-03 21:18:15 UTC,107912757,question_extractor,,5.2.0,,1.0,,,
627968368,SarahShiers,2849214.0,28567,T0,2025-04-03 21:18:18 UTC,107912770,question_extractor,1.0,5.2.0,,,,,
627968368,SarahShiers,2849214.0,28567,T1,2025-04-03 21:18:18 UTC,107912770,question_extractor,,5.2.0,,,,,
627968553,SarahShiers,2849214.0,28567,T0,2025-04-03 21:19:00 UTC,107912747,question_extractor,,5.2.0,1.0,,,,
627968553,SarahShiers,2849214.0,28567,T1,2025-04-03 21:19:00 UTC,107912747,question_extractor,,5.2.0,,1.0,,,
627968587,SarahShiers,2849214.0,28567,T0,2025-04-03 21:19:07 UTC,107912797,question_extractor,,5.2.0,1.0,,,,
627968587,SarahShiers,2849214.0,28567,T1,2025-04-03 21:19:07 UTC,107912797,question_extractor,,5.2.0,,1.0,,,
627968619,SarahShiers,2849214.0,28567,T0,2025-04-03 21:19:15 UTC,107912759,question_extractor,,5.2.0,1.0,,,,
627968619,SarahShiers,2849214.0,28567,T1,2025-04-03 21:19:15 UTC,107912759,question_extractor,,5.2.0,,1.0,,,
627968640,SarahShiers,2849214.0,28567,T0,2025-04-03 21:19:19 UTC,107912824,question_extractor,1.0,5.2.0,,,,,
627968640,SarahShiers,2849214.0,28567,T1,2025-04-03 21:19:19 UTC,107912824,question_extractor,,5.2.0,,,,,
627969106,SarahShiers,2849214.0,28567,T0,2025-04-03 21:21:05 UTC,107912931,question_extractor,,5.2.0,1.0,,,,
627969106,SarahShiers,2849214.0,28567,T1,2025-04-03 21:21:05 UTC,107912931,question_extractor,,5.2.0,,1.0,,,
627969128,SarahShiers,2849214.0,28567,T0,2025-04-03 21:21:09 UTC,107912661,question_extractor,1.0,5.2.0,,,,,
627969128,SarahShiers,2849214.0,28567,T1,2025-04-03 21:21:09 UTC,107912661,question_extractor,,5.2.0,,,,,
627969353,SarahShiers,2849214.0,28567,T0,2025-04-03 21:22:05 UTC,107912690,question_extractor,,5.2.0,1.0,,,,
627969353,SarahShiers,2849214.0,28567,T1,2025-04-03 21:22:05 UTC,107912690,question_extractor,,5.2.0,,1.0,,,
627969394,SarahShiers,2849214.0,28567,T0,2025-04-03 21:22:12 UTC,107912701,question_extractor,,5.2.0,1.0,,,,
627969394,SarahShiers,2849214.0,28567,T1,2025-04-03 21:22:12 UTC,107912701,question_extractor,,5.2.0,,1.0,,,
627969416,SarahShiers,2849214.0,28567,T0,2025-04-03 21:22:16 UTC,107912801,question_extractor,1.0,5.2.0,,,,,
627969416,SarahShiers,2849214.0,28567,T1,2025-04-03 21:22:16 UTC,107912801,question_extractor,,5.2.0,,,,,
627969454,SarahShiers,2849214.0,28567,T0,2025-04-03 21:22:23 UTC,107912685,question_extractor,,5.2.0,1.0,,,,
627969454,SarahShiers,2849214.0,28567,T1,2025-04-03 21:22:23 UTC,107912685,question_extractor,,5.2.0,,1.0,,,
627969490,SarahShiers,2849214.0,28567,T0,2025-04-03 21:22:30 UTC,107912699,question_extractor,,5.2.0,1.0,,,,
627969490,SarahShiers,2849214.0,28567,T1,2025-04-03 21:22:30 UTC,107912699,question_extractor,,5.2.0,,1.0,,,
627969676,SarahShiers,2849214.0,28567,T0,2025-04-03 21:22:59 UTC,107912817,question_extractor,,5.2.0,1.0,,,,
627969676,SarahShiers,2849214.0,28567,T1,2025-04-03 21:22:59 UTC,107912817,question_extractor,,5.2.0,,1.0,,,
627969717,SarahShiers,2849214.0,28567,T0,2025-04-03 21:23:05 UTC,107912815,question_extractor,1.0,5.2.0,,,,,
627969717,SarahShiers,2849214.0,28567,T1,2025-04-03 21:23:05 UTC,107912815,question_extractor,,5.2.0,,,,,
627969740,SarahShiers,2849214.0,28567,T0,2025-04-03 21:23:09 UTC,107912619,question_extractor,1.0,5.2.0,,,,,
627969740,SarahShiers,2849214.0,28567,T1,2025-04-03 21:23:09 UTC,107912619,question_extractor,,5.2.0,,,,,
627969781,SarahShiers,2849214.0,28567,T0,2025-04-03 21:23:16 UTC,107912920,question_extractor,,5.2.0,1.0,,,,
627969781,SarahShiers,2849214.0,28567,T1,2025-04-03 21:23:16 UTC,107912920,question_extractor,,5.2.0,,1.0,,,
627969818,SarahShiers,2849214.0,28567,T0,2025-04-03 21:23:23 UTC,107912700,question_extractor,,5.2.0,1.0,,,,
627969818,SarahShiers,2849214.0,28567,T1,2025-04-03 21:23:23 UTC,107912700,question_extractor,,5.2.0,,1.0,,,
627969942,SarahShiers,2849214.0,28567,T0,2025-04-03 21:23:47 UTC,107912750,question_extractor,,5.2.0,1.0,,,,
627969942,SarahShiers,2849214.0,28567,T1,2025-04-03 21:23:47 UTC,107912750,question_extractor,,5.2.0,,1.0,,,
627969967,SarahShiers,2849214.0,28567,T0,2025-04-03 21:23:51 UTC,107912737,question_extractor,1.0,5.2.0,,,,,
627969967,SarahShiers,2849214.0,28567,T1,2025-04-03 21:23:51 UTC,107912737,question_extractor,,5.2.0,,,,,
627970017,SarahShiers,2849214.0,28567,T0,2025-04-03 21:24:00 UTC,107912925,question_extractor,1.0,5.2.0,,,,,
627970017,SarahShiers,2849214.0,28567,T1,2025-04-03 21:24:00 UTC,107912925,question_extractor,,5.2.0,,,,,
627970072,SarahShiers,2849214.0,28567,T0,2025-04-03 21:24:07 UTC,107912912,question_extractor,,5.2.0,1.0,,,,
627970072,SarahShiers,2849214.0,28567,T1,2025-04-03 21:24:07 UTC,107912912,question_extractor,,5.2.0,,1.0,,,
627970777,SarahShiers,2849214.0,28567,T0,2025-04-03 21:26:11 UTC,107912791,question_extractor,,5.2.0,1.0,,,,
627970777,SarahShiers,2849214.0,28567,T1,2025-04-03 21:26:11 UTC,107912791,question_extractor,,5.2.0,,1.0,,,
627970805,SarahShiers,2849214.0,28567,T0,2025-04-03 21:26:16 UTC,107912694,question_extractor,,5.2.0,1.0,,,,
627970805,SarahShiers,2849214.0,28567,T1,2025-04-03 21:26:16 UTC,107912694,question_extractor,,5.2.0,,1.0,,,
627970839,SarahShiers,2849214.0,28567,T0,2025-04-03 21:26:23 UTC,107912864,question_extractor,,5.2.0,1.0,,,,
627970839,SarahShiers,2849214.0,28567,T1,2025-04-03 21:26:23 UTC,107912864,question_extractor,,5.2.0,,1.0,,,
627970914,SarahShiers,2849214.0,28567,T0,2025-04-03 21:26:37 UTC,107912865,question_extractor,,5.2.0,1.0,,,,
627970914,SarahShiers,2849214.0,28567,T1,2025-04-03 21:26:37 UTC,107912865,question_extractor,,5.2.0,,1.0,,,
627970932,SarahShiers,2849214.0,28567,T0,2025-04-03 21:26:40 UTC,107912870,question_extractor,1.0,5.2.0,,,,,
627970932,SarahShiers,2849214.0,28567,T1,2025-04-03 21:26:40 UTC,107912870,question_extractor,,5.2.0,,,,,
627970966,SarahShiers,2849214.0,28567,T0,2025-04-03 21:26:46 UTC,107912836,question_extractor,,5.2.0,1.0,,,,
627970966,SarahShiers,2849214.0,28567,T1,2025-04-03 21:26:46 UTC,107912836,question_extractor,,5.2.0,,1.0,,,
627970993,SarahShiers,2849214.0,28567,T0,2025-04-03 21:26:50 UTC,107912860,question_extractor,1.0,5.2.0,,,,,
627970993,SarahShiers,2849214.0,28567,T1,2025-04-03 21:26:50 UTC,107912860,question_extractor,,5.2.0,,,,,
627971020,SarahShiers,2849214.0,28567,T0,2025-04-03 21:26:54 UTC,107912634,question_extractor,1.0,5.2.0,,,,,
627971020,SarahShiers,2849214.0,28567,T1,2025-04-03 21:26:54 UTC,107912634,question_extractor,,5.2.0,,,,,
627971071,SarahShiers,2849214.0,28567,T0,2025-04-03 21:27:02 UTC,107912940,question_extractor,,5.2.0,1.0,,,,
627971071,SarahShiers,2849214.0,28567,T1,2025-04-03 21:27:02 UTC,107912940,question_extractor,,5.2.0,,1.0,,,
627971129,SarahShiers,2849214.0,28567,T0,2025-04-03 21:27:12 UTC,107912626,question_extractor,,5.2.0,1.0,,,,
627971129,SarahShiers,2849214.0,28567,T1,2025-04-03 21:27:12 UTC,107912626,question_extractor,,5.2.0,,1.0,,,
627971167,SarahShiers,2849214.0,28567,T0,2025-04-03 21:27:17 UTC,107912638,question_extractor,,5.2.0,1.0,,,,
627971167,SarahShiers,2849214.0,28567,T1,2025-04-03 21:27:17 UTC,107912638,question_extractor,,5.2.0,,1.0,,,
627971190,SarahShiers,2849214.0,28567,T0,2025-04-03 21:27:21 UTC,107912674,question_extractor,1.0,5.2.0,,,,,
627971190,SarahShiers,2849214.0,28567,T1,2025-04-03 21:27:21 UTC,107912674,question_extractor,,5.2.0,,,,,
627971204,SarahShiers,2849214.0,28567,T0,2025-04-03 21:27:24 UTC,107912849,question_extractor,1.0,5.2.0,,,,,
627971204,SarahShiers,2849214.0,28567,T1,2025-04-03 21:27:24 UTC,107912849,question_extractor,,5.2.0,,,,,
627971225,SarahShiers,2849214.0,28567,T0,2025-04-03 21:27:28 UTC,107912730,question_extractor,1.0,5.2.0,,,,,
627971225,SarahShiers,2849214.0,28567,T1,2025-04-03 21:27:28 UTC,107912730,question_extractor,,5.2.0,,,,,
627971264,SarahShiers,2849214.0,28567,T0,2025-04-03 21:27:34 UTC,107912756,question_extractor,,5.2.0,1.0,,,,
627971264,SarahShiers,2849214.0,28567,T1,2025-04-03 21:27:34 UTC,107912756,question_extractor,,5.2.0,,1.0,,,
627971326,SarahShiers,2849214.0,28567,T0,2025-04-03 21:27:43 UTC,107912758,question_extractor,,5.2.0,1.0,,,,
627971326,SarahShiers,2849214.0,28567,T1,2025-04-03 21:27:43 UTC,107912758,question_extractor,,5.2.0,,1.0,,,
627971366,SarahShiers,2849214.0,28567,T0,2025-04-03 21:27:50 UTC,107912665,question_extractor,,5.2.0,1.0,,,,
627971366,SarahShiers,2849214.0,28567,T1,2025-04-03 21:27:50 UTC,107912665,question_extractor,,5.2.0,,1.0,,,
627971388,SarahShiers,2849214.0,28567,T0,2025-04-03 21:27:54 UTC,107912803,question_extractor,1.0,5.2.0,,,,,
627971388,SarahShiers,2849214.0,28567,T1,2025-04-03 21:27:54 UTC,107912803,question_extractor,,5.2.0,,,,,
627971412,SarahShiers,2849214.0,28567,T0,2025-04-03 21:27:57 UTC,107912704,question_extractor,1.0,5.2.0,,,,,
627971412,SarahShiers,2849214.0,28567,T1,2025-04-03 21:27:57 UTC,107912704,question_extractor,,5.2.0,,,,,
627971461,SarahShiers,2849214.0,28567,T0,2025-04-03 21:28:07 UTC,107912628,question_extractor,,5.2.0,1.0,,,,
627971461,SarahShiers,2849214.0,28567,T1,2025-04-03 21:28:07 UTC,107912628,question_extractor,,5.2.0,,1.0,,,
627971477,SarahShiers,2849214.0,28567,T0,2025-04-03 21:28:10 UTC,107912850,question_extractor,1.0,5.2.0,,,,,
627971477,SarahShiers,2849214.0,28567,T1,2025-04-03 21:28:10 UTC,107912850,question_extractor,,5.2.0,,,,,
627971500,SarahShiers,2849214.0,28567,T0,2025-04-03 21:28:13 UTC,107912658,question_extractor,1.0,5.2.0,,,,,
627971500,SarahShiers,2849214.0,28567,T1,2025-04-03 21:28:13 UTC,107912658,question_extractor,,5.2.0,,,,,
627971522,SarahShiers,2849214.0,28567,T0,2025-04-03 21:28:17 UTC,107912851,question_extractor,1.0,5.2.0,,,,,
627971522,SarahShiers,2849214.0,28567,T1,2025-04-03 21:28:17 UTC,107912851,question_extractor,,5.2.0,,,,,
627971542,SarahShiers,2849214.0,28567,T0,2025-04-03 21:28:20 UTC,107912831,question_extractor,1.0,5.2.0,,,,,
627971542,SarahShiers,2849214.0,28567,T1,2025-04-03 21:28:20 UTC,107912831,question_extractor,,5.2.0,,,,,
627971565,SarahShiers,2849214.0,28567,T0,2025-04-03 21:28:23 UTC,107912837,question_extractor,1.0,5.2.0,,,,,
627971565,SarahShiers,2849214.0,28567,T1,2025-04-03 21:28:23 UTC,107912837,question_extractor,,5.2.0,,,,,
627971605,SarahShiers,2849214.0,28567,T0,2025-04-03 21:28:30 UTC,107912919,question_extractor,,5.2.0,1.0,,,,
627971605,SarahShiers,2849214.0,28567,T1,2025-04-03 21:28:30 UTC,107912919,question_extractor,,5.2.0,,1.0,,,
627971674,SarahShiers,2849214.0,28567,T0,2025-04-03 21:28:41 UTC,107912858,question_extractor,1.0,5.2.0,,,,,
627971674,SarahShiers,2849214.0,28567,T1,2025-04-03 21:28:41 UTC,107912858,question_extractor,,5.2.0,,,,,
627971897,SarahShiers,2849214.0,28567,T0,2025-04-03 21:29:17 UTC,107912949,question_extractor,,5.2.0,1.0,,,,
627971897,SarahShiers,2849214.0,28567,T1,2025-04-03 21:29:17 UTC,107912949,question_extractor,,5.2.0,,1.0,,,
627971945,SarahShiers,2849214.0,28567,T0,2025-04-03 21:29:27 UTC,107912715,question_extractor,,5.2.0,1.0,,,,
627971945,SarahShiers,2849214.0,28567,T1,2025-04-03 21:29:27 UTC,107912715,question_extractor,,5.2.0,,1.0,,,
627971960,SarahShiers,2849214.0,28567,T0,2025-04-03 21:29:31 UTC,107912781,question_extractor,1.0,5.2.0,,,,,
627971960,SarahShiers,2849214.0,28567,T1,2025-04-03 21:29:31 UTC,107912781,question_extractor,,5.2.0,,,,,
627971993,SarahShiers,2849214.0,28567,T0,2025-04-03 21:29:35 UTC,107912779,question_extractor,1.0,5.2.0,,,,,
627971993,SarahShiers,2849214.0,28567,T1,2025-04-03 21:29:35 UTC,107912779,question_extractor,,5.2.0,,,,,
627972020,SarahShiers,2849214.0,28567,T0,2025-04-03 21:29:41 UTC,107912739,question_extractor,,5.2.0,1.0,,,,
627972020,SarahShiers,2849214.0,28567,T1,2025-04-03 21:29:41 UTC,107912739,question_extractor,,5.2.0,,1.0,,,
627972053,SarahShiers,2849214.0,28567,T0,2025-04-03 21:29:49 UTC,107912825,question_extractor,,5.2.0,1.0,,,,
627972053,SarahShiers,2849214.0,28567,T1,2025-04-03 21:29:49 UTC,107912825,question_extractor,,5.2.0,,1.0,,,
627972105,SarahShiers,2849214.0,28567,T0,2025-04-03 21:29:58 UTC,107912842,question_extractor,,5.2.0,1.0,,,,
627972105,SarahShiers,2849214.0,28567,T1,2025-04-03 21:29:58 UTC,107912842,question_extractor,,5.2.0,,1.0,,,
627972162,SarahShiers,2849214.0,28567,T0,2025-04-03 21:30:06 UTC,107912868,question_extractor,,5.2.0,1.0,,,,
627972162,SarahShiers,2849214.0,28567,T1,2025-04-03 21:30:06 UTC,107912868,question_extractor,,5.2.0,,1.0,,,
627972212,SarahShiers,2849214.0,28567,T0,2025-04-03 21:30:15 UTC,107912889,question_extractor,,5.2.0,1.0,,,,
627972212,SarahShiers,2849214.0,28567,T1,2025-04-03 21:30:15 UTC,107912889,question_extractor,,5.2.0,,1.0,,,
627972247,SarahShiers,2849214.0,28567,T0,2025-04-03 21:30:18 UTC,107912874,question_extractor,1.0,5.2.0,,,,,
627972247,SarahShiers,2849214.0,28567,T1,2025-04-03 21:30:18 UTC,107912874,question_extractor,,5.2.0,,,,,
627972260,SarahShiers,2849214.0,28567,T0,2025-04-03 21:30:22 UTC,107912636,question_extractor,1.0,5.2.0,,,,,
627972260,SarahShiers,2849214.0,28567,T1,2025-04-03 21:30:22 UTC,107912636,question_extractor,,5.2.0,,,,,
627972326,SarahShiers,2849214.0,28567,T0,2025-04-03 21:30:33 UTC,107912872,question_extractor,,5.2.0,1.0,,,,
627972326,SarahShiers,2849214.0,28567,T1,2025-04-03 21:30:33 UTC,107912872,question_extractor,,5.2.0,,1.0,,,
627972362,SarahShiers,2849214.0,28567,T0,2025-04-03 21:30:37 UTC,107912943,question_extractor,,5.2.0,1.0,,,,
627972362,SarahShiers,2849214.0,28567,T1,2025-04-03 21:30:37 UTC,107912943,question_extractor,,5.2.0,,1.0,,,
627972408,SarahShiers,2849214.0,28567,T0,2025-04-03 21:30:40 UTC,107912778,question_extractor,1.0,5.2.0,,,,,
627972408,SarahShiers,2849214.0,28567,T1,2025-04-03 21:30:40 UTC,107912778,question_extractor,,5.2.0,,,,,
627972438,SarahShiers,2849214.0,28567,T0,2025-04-03 21:30:45 UTC,107912916,question_extractor,,5.2.0,1.0,,,,
627972438,SarahShiers,2849214.0,28567,T1,2025-04-03 21:30:45 UTC,107912916,question_extractor,,5.2.0,,1.0,,,
627972463,SarahShiers,2849214.0,28567,T0,2025-04-03 21:30:51 UTC,107912859,question_extractor,,5.2.0,1.0,,,,
627972463,SarahShiers,2849214.0,28567,T1,2025-04-03 21:30:51 UTC,107912859,question_extractor,,5.2.0,,1.0,,,
627972495,SarahShiers,2849214.0,28567,T0,2025-04-03 21:30:56 UTC,107912709,question_extractor,1.0,5.2.0,,,,,
627972495,SarahShiers,2849214.0,28567,T1,2025-04-03 21:30:56 UTC,107912709,question_extractor,,5.2.0,,,,,
627973487,SarahShiers,2849214.0,28567,T0,2025-04-03 21:33:54 UTC,107912722,question_extractor,,5.2.0,1.0,,,,
627973487,SarahShiers,2849214.0,28567,T1,2025-04-03 21:33:54 UTC,107912722,question_extractor,,5.2.0,,1.0,,,
627973566,SarahShiers,2849214.0,28567,T0,2025-04-03 21:34:12 UTC,107912913,question_extractor,,5.2.0,1.0,,,,
627973566,SarahShiers,2849214.0,28567,T1,2025-04-03 21:34:12 UTC,107912913,question_extractor,,5.2.0,,1.0,,,
627973582,SarahShiers,2849214.0,28567,T0,2025-04-03 21:34:15 UTC,107912713,question_extractor,1.0,5.2.0,,,,,
627973582,SarahShiers,2849214.0,28567,T1,2025-04-03 21:34:15 UTC,107912713,question_extractor,,5.2.0,,,,,
627973623,SarahShiers,2849214.0,28567,T0,2025-04-03 21:34:22 UTC,107912891,question_extractor,,5.2.0,1.0,,,,
627973623,SarahShiers,2849214.0,28567,T1,2025-04-03 21:34:22 UTC,107912891,question_extractor,,5.2.0,,1.0,,,
627973664,SarahShiers,2849214.0,28567,T0,2025-04-03 21:34:29 UTC,107912915,question_extractor,,5.2.0,1.0,,,,
627973664,SarahShiers,2849214.0,28567,T1,2025-04-03 21:34:29 UTC,107912915,question_extractor,,5.2.0,,1.0,,,
627973689,SarahShiers,2849214.0,28567,T0,2025-04-03 21:34:34 UTC,107912878,question_extractor,1.0,5.2.0,,,,,
627973689,SarahShiers,2849214.0,28567,T1,2025-04-03 21:34:34 UTC,107912878,question_extractor,,5.2.0,,,,,
627973767,SarahShiers,2849214.0,28567,T0,2025-04-03 21:34:46 UTC,107912703,question_extractor,1.0,5.2.0,,,,,
627973767,SarahShiers,2849214.0,28567,T1,2025-04-03 21:34:46 UTC,107912703,question_extractor,,5.2.0,,,,,
627973798,SarahShiers,2849214.0,28567,T0,2025-04-03 21:34:53 UTC,107912879,question_extractor,,5.2.0,1.0,,,,
627973798,SarahShiers,2849214.0,28567,T1,2025-04-03 21:34:53 UTC,107912879,question_extractor,,5.2.0,,1.0,,,
627973866,SarahShiers,2849214.0,28567,T0,2025-04-03 21:35:05 UTC,107912853,question_extractor,,5.2.0,1.0,,,,
627973866,SarahShiers,2849214.0,28567,T1,2025-04-03 21:35:05 UTC,107912853,question_extractor,,5.2.0,,1.0,,,
627973906,SarahShiers,2849214.0,28567,T0,2025-04-03 21:35:13 UTC,107912934,question_extractor,,5.2.0,1.0,,,,
627973906,SarahShiers,2849214.0,28567,T1,2025-04-03 21:35:13 UTC,107912934,question_extractor,,5.2.0,,1.0,,,
627973930,SarahShiers,2849214.0,28567,T0,2025-04-03 21:35:18 UTC,107912905,question_extractor,1.0,5.2.0,,,,,
627973930,SarahShiers,2849214.0,28567,T1,2025-04-03 21:35:18 UTC,107912905,question_extractor,,5.2.0,,,,,
627973988,SarahShiers,2849214.0,28567,T0,2025-04-03 21:35:26 UTC,107912742,question_extractor,,5.2.0,1.0,,,,
627973988,SarahShiers,2849214.0,28567,T1,2025-04-03 21:35:26 UTC,107912742,question_extractor,,5.2.0,,1.0,,,
627974033,SarahShiers,2849214.0,28567,T0,2025-04-03 21:35:32 UTC,107912646,question_extractor,,5.2.0,1.0,,,,
627974033,SarahShiers,2849214.0,28567,T1,2025-04-03 21:35:32 UTC,107912646,question_extractor,,5.2.0,,1.0,,,
627974066,SarahShiers,2849214.0,28567,T0,2025-04-03 21:35:38 UTC,107912755,question_extractor,,5.2.0,1.0,,,,
627974066,SarahShiers,2849214.0,28567,T1,2025-04-03 21:35:38 UTC,107912755,question_extractor,,5.2.0,,1.0,,,
627974103,SarahShiers,2849214.0,28567,T0,2025-04-03 21:35:44 UTC,107912910,question_extractor,,5.2.0,1.0,,,,
627974103,SarahShiers,2849214.0,28567,T1,2025-04-03 21:35:44 UTC,107912910,question_extractor,,5.2.0,,1.0,,,
627974152,SarahShiers,2849214.0,28567,T0,2025-04-03 21:35:52 UTC,107912716,question_extractor,,5.2.0,1.0,,,,
627974152,SarahShiers,2849214.0,28567,T1,2025-04-03 21:35:52 UTC,107912716,question_extractor,,5.2.0,,1.0,,,
627974228,SarahShiers,2849214.0,28567,T0,2025-04-03 21:36:02 UTC,107912673,question_extractor,1.0,5.2.0,,,,,
627974228,SarahShiers,2849214.0,28567,T1,2025-04-03 21:36:02 UTC,107912673,question_extractor,,5.2.0,,,,,
627974247,SarahShiers,2849214.0,28567,T0,2025-04-03 21:36:05 UTC,107912826,question_extractor,1.0,5.2.0,,,,,
627974247,SarahShiers,2849214.0,28567,T1,2025-04-03 21:36:05 UTC,107912826,question_extractor,,5.2.0,,,,,
627974264,SarahShiers,2849214.0,28567,T0,2025-04-03 21:36:08 UTC,107912639,question_extractor,1.0,5.2.0,,,,,
627974264,SarahShiers,2849214.0,28567,T1,2025-04-03 21:36:08 UTC,107912639,question_extractor,,5.2.0,,,,,
627974327,SarahShiers,2849214.0,28567,T0,2025-04-03 21:36:19 UTC,107912807,question_extractor,,5.2.0,1.0,,,,
627974327,SarahShiers,2849214.0,28567,T1,2025-04-03 21:36:19 UTC,107912807,question_extractor,,5.2.0,,1.0,,,
627974372,SarahShiers,2849214.0,28567,T0,2025-04-03 21:36:26 UTC,107912930,question_extractor,,5.2.0,1.0,,,,
627974372,SarahShiers,2849214.0,28567,T1,2025-04-03 21:36:26 UTC,107912930,question_extractor,,5.2.0,,1.0,,,
627974387,SarahShiers,2849214.0,28567,T0,2025-04-03 21:36:29 UTC,107912708,question_extractor,1.0,5.2.0,,,,,
627974387,SarahShiers,2849214.0,28567,T1,2025-04-03 21:36:29 UTC,107912708,question_extractor,,5.2.0,,,,,
627974406,SarahShiers,2849214.0,28567,T0,2025-04-03 21:36:32 UTC,107912732,question_extractor,1.0,5.2.0,,,,,
627974406,SarahShiers,2849214.0,28567,T1,2025-04-03 21:36:32 UTC,107912732,question_extractor,,5.2.0,,,,,
627974473,SarahShiers,2849214.0,28567,T0,2025-04-03 21:36:38 UTC,107912723,question_extractor,,5.2.0,1.0,,,,
627974473,SarahShiers,2849214.0,28567,T1,2025-04-03 21:36:38 UTC,107912723,question_extractor,,5.2.0,,1.0,,,
627974642,SarahShiers,2849214.0,28567,T0,2025-04-03 21:37:06 UTC,107912903,question_extractor,,5.2.0,1.0,,,,
627974642,SarahShiers,2849214.0,28567,T1,2025-04-03 21:37:06 UTC,107912903,question_extractor,,5.2.0,,1.0,,,
627974659,SarahShiers,2849214.0,28567,T0,2025-04-03 21:37:08 UTC,107912660,question_extractor,1.0,5.2.0,,,,,
627974659,SarahShiers,2849214.0,28567,T1,2025-04-03 21:37:08 UTC,107912660,question_extractor,,5.2.0,,,,,
627974714,SarahShiers,2849214.0,28567,T0,2025-04-03 21:37:15 UTC,107912867,question_extractor,,5.2.0,1.0,,,,
627974714,SarahShiers,2849214.0,28567,T1,2025-04-03 21:37:15 UTC,107912867,question_extractor,,5.2.0,,1.0,,,
627975446,SarahShiers,2849214.0,28567,T0,2025-04-03 21:39:19 UTC,107912630,question_extractor,,5.2.0,1.0,,,,
627975446,SarahShiers,2849214.0,28567,T1,2025-04-03 21:39:19 UTC,107912630,question_extractor,,5.2.0,,1.0,,,
627975489,SarahShiers,2849214.0,28567,T0,2025-04-03 21:39:23 UTC,107912772,question_extractor,1.0,5.2.0,,,,,
627975489,SarahShiers,2849214.0,28567,T1,2025-04-03 21:39:23 UTC,107912772,question_extractor,,5.2.0,,,,,
627975537,SarahShiers,2849214.0,28567,T0,2025-04-03 21:39:29 UTC,107912835,question_extractor,,5.2.0,1.0,,,,
627975537,SarahShiers,2849214.0,28567,T1,2025-04-03 21:39:29 UTC,107912835,question_extractor,,5.2.0,,1.0,,,
627975563,SarahShiers,2849214.0,28567,T0,2025-04-03 21:39:32 UTC,107912873,question_extractor,1.0,5.2.0,,,,,
627975563,SarahShiers,2849214.0,28567,T1,2025-04-03 21:39:32 UTC,107912873,question_extractor,,5.2.0,,,,,
627975617,SarahShiers,2849214.0,28567,T0,2025-04-03 21:39:42 UTC,107912945,question_extractor,,5.2.0,1.0,,,,
627975617,SarahShiers,2849214.0,28567,T1,2025-04-03 21:39:42 UTC,107912945,question_extractor,,5.2.0,,1.0,,,
627975663,SarahShiers,2849214.0,28567,T0,2025-04-03 21:39:50 UTC,107912684,question_extractor,,5.2.0,1.0,,,,
627975663,SarahShiers,2849214.0,28567,T1,2025-04-03 21:39:50 UTC,107912684,question_extractor,,5.2.0,,1.0,,,
627975686,SarahShiers,2849214.0,28567,T0,2025-04-03 21:39:54 UTC,107912799,question_extractor,1.0,5.2.0,,,,,
627975686,SarahShiers,2849214.0,28567,T1,2025-04-03 21:39:54 UTC,107912799,question_extractor,,5.2.0,,,,,
627975718,SarahShiers,2849214.0,28567,T0,2025-04-03 21:39:59 UTC,107912900,question_extractor,,5.2.0,1.0,,,,
627975718,SarahShiers,2849214.0,28567,T1,2025-04-03 21:39:59 UTC,107912900,question_extractor,,5.2.0,,1.0,,,
627975746,SarahShiers,2849214.0,28567,T0,2025-04-03 21:40:05 UTC,107912927,question_extractor,,5.2.0,1.0,,,,
627975746,SarahShiers,2849214.0,28567,T1,2025-04-03 21:40:05 UTC,107912927,question_extractor,,5.2.0,,1.0,,,
627975779,SarahShiers,2849214.0,28567,T0,2025-04-03 21:40:10 UTC,107912892,question_extractor,,5.2.0,1.0,,,,
627975779,SarahShiers,2849214.0,28567,T1,2025-04-03 21:40:10 UTC,107912892,question_extractor,,5.2.0,,1.0,,,
627975796,SarahShiers,2849214.0,28567,T0,2025-04-03 21:40:14 UTC,107912921,question_extractor,1.0,5.2.0,,,,,
627975796,SarahShiers,2849214.0,28567,T1,2025-04-03 21:40:14 UTC,107912921,question_extractor,,5.2.0,,,,,
627975831,SarahShiers,2849214.0,28567,T0,2025-04-03 21:40:20 UTC,107912880,question_extractor,,5.2.0,1.0,,,,
627975831,SarahShiers,2849214.0,28567,T1,2025-04-03 21:40:20 UTC,107912880,question_extractor,,5.2.0,,1.0,,,
627975847,SarahShiers,2849214.0,28567,T0,2025-04-03 21:40:23 UTC,107912899,question_extractor,1.0,5.2.0,,,,,
627975847,SarahShiers,2849214.0,28567,T1,2025-04-03 21:40:23 UTC,107912899,question_extractor,,5.2.0,,,,,
627975877,SarahShiers,2849214.0,28567,T0,2025-04-03 21:40:29 UTC,107912844,question_extractor,,5.2.0,1.0,,,,
627975877,SarahShiers,2849214.0,28567,T1,2025-04-03 21:40:29 UTC,107912844,question_extractor,,5.2.0,,1.0,,,
627975900,SarahShiers,2849214.0,28567,T0,2025-04-03 21:40:33 UTC,107912761,question_extractor,1.0,5.2.0,,,,,
627975900,SarahShiers,2849214.0,28567,T1,2025-04-03 21:40:33 UTC,107912761,question_extractor,,5.2.0,,,,,
627975946,SarahShiers,2849214.0,28567,T0,2025-04-03 21:40:41 UTC,107912725,question_extractor,,5.2.0,1.0,,,,
627975946,SarahShiers,2849214.0,28567,T1,2025-04-03 21:40:41 UTC,107912725,question_extractor,,5.2.0,,1.0,,,
627975975,SarahShiers,2849214.0,28567,T0,2025-04-03 21:40:46 UTC,107912854,question_extractor,,5.2.0,1.0,,,,
627975975,SarahShiers,2849214.0,28567,T1,2025-04-03 21:40:46 UTC,107912854,question_extractor,,5.2.0,,1.0,,,
627976046,SarahShiers,2849214.0,28567,T0,2025-04-03 21:40:56 UTC,107912822,question_extractor,,5.2.0,1.0,,,,
627976046,SarahShiers,2849214.0,28567,T1,2025-04-03 21:40:56 UTC,107912822,question_extractor,,5.2.0,,1.0,,,
627976072,SarahShiers,2849214.0,28567,T0,2025-04-03 21:40:59 UTC,107912682,question_extractor,1.0,5.2.0,,,,,
627976072,SarahShiers,2849214.0,28567,T1,2025-04-03 21:40:59 UTC,107912682,question_extractor,,5.2.0,,,,,
627976096,SarahShiers,2849214.0,28567,T0,2025-04-03 21:41:02 UTC,107912780,question_extractor,1.0,5.2.0,,,,,
627976096,SarahShiers,2849214.0,28567,T1,2025-04-03 21:41:02 UTC,107912780,question_extractor,,5.2.0,,,,,
627976144,SarahShiers,2849214.0,28567,T0,2025-04-03 21:41:09 UTC,107912787,question_extractor,,5.2.0,1.0,,,,
627976144,SarahShiers,2849214.0,28567,T1,2025-04-03 21:41:09 UTC,107912787,question_extractor,,5.2.0,,1.0,,,
627976167,SarahShiers,2849214.0,28567,T0,2025-04-03 21:41:12 UTC,107912773,question_extractor,1.0,5.2.0,,,,,
627976167,SarahShiers,2849214.0,28567,T1,2025-04-03 21:41:12 UTC,107912773,question_extractor,,5.2.0,,,,,
627976231,SarahShiers,2849214.0,28567,T0,2025-04-03 21:41:22 UTC,107912671,question_extractor,,5.2.0,1.0,,,,
627976231,SarahShiers,2849214.0,28567,T1,2025-04-03 21:41:22 UTC,107912671,question_extractor,,5.2.0,,1.0,,,
627976276,SarahShiers,2849214.0,28567,T0,2025-04-03 21:41:28 UTC,107912783,question_extractor,,5.2.0,1.0,,,,
627976276,SarahShiers,2849214.0,28567,T1,2025-04-03 21:41:28 UTC,107912783,question_extractor,,5.2.0,,1.0,,,
627976333,SarahShiers,2849214.0,28567,T0,2025-04-03 21:41:38 UTC,107912908,question_extractor,,5.2.0,1.0,,,,
627976333,SarahShiers,2849214.0,28567,T1,2025-04-03 21:41:38 UTC,107912908,question_extractor,,5.2.0,,1.0,,,
627976380,SarahShiers,2849214.0,28567,T0,2025-04-03 21:41:46 UTC,107912808,question_extractor,,5.2.0,1.0,,,,
627976380,SarahShiers,2849214.0,28567,T1,2025-04-03 21:41:46 UTC,107912808,question_extractor,,5.2.0,,1.0,,,
627976432,SarahShiers,2849214.0,28567,T0,2025-04-03 21:41:55 UTC,107912901,question_extractor,,5.2.0,1.0,,,,
627976432,SarahShiers,2849214.0,28567,T1,2025-04-03 21:41:55 UTC,107912901,question_extractor,,5.2.0,,1.0,,,
627976462,SarahShiers,2849214.0,28567,T0,2025-04-03 21:41:58 UTC,107912832,question_extractor,1.0,5.2.0,,,,,
627976462,SarahShiers,2849214.0,28567,T1,2025-04-03 21:41:58 UTC,107912832,question_extractor,,5.2.0,,,,,
627976485,SarahShiers,2849214.0,28567,T0,2025-04-03 21:42:02 UTC,107912829,question_extractor,1.0,5.2.0,,,,,
627976485,SarahShiers,2849214.0,28567,T1,2025-04-03 21:42:02 UTC,107912829,question_extractor,,5.2.0,,,,,
627976638,SarahShiers,2849214.0,28567,T0,2025-04-03 21:42:25 UTC,107912792,question_extractor,,5.2.0,1.0,,,,
627976638,SarahShiers,2849214.0,28567,T1,2025-04-03 21:42:25 UTC,107912792,question_extractor,,5.2.0,,1.0,,,
627976696,SarahShiers,2849214.0,28567,T0,2025-04-03 21:42:35 UTC,107912933,question_extractor,,5.2.0,1.0,,,,
627976696,SarahShiers,2849214.0,28567,T1,2025-04-03 21:42:35 UTC,107912933,question_extractor,,5.2.0,,1.0,,,
627976718,SarahShiers,2849214.0,28567,T0,2025-04-03 21:42:38 UTC,107912763,question_extractor,1.0,5.2.0,,,,,
627976718,SarahShiers,2849214.0,28567,T1,2025-04-03 21:42:38 UTC,107912763,question_extractor,,5.2.0,,,,,
627976737,SarahShiers,2849214.0,28567,T0,2025-04-03 21:42:41 UTC,107912641,question_extractor,1.0,5.2.0,,,,,
627976737,SarahShiers,2849214.0,28567,T1,2025-04-03 21:42:41 UTC,107912641,question_extractor,,5.2.0,,,,,
627976790,SarahShiers,2849214.0,28567,T0,2025-04-03 21:42:50 UTC,107912624,question_extractor,,5.2.0,1.0,,,,
627976790,SarahShiers,2849214.0,28567,T1,2025-04-03 21:42:50 UTC,107912624,question_extractor,,5.2.0,,1.0,,,
627976830,SarahShiers,2849214.0,28567,T0,2025-04-03 21:42:57 UTC,107912894,question_extractor,,5.2.0,1.0,,,,
627976830,SarahShiers,2849214.0,28567,T1,2025-04-03 21:42:57 UTC,107912894,question_extractor,,5.2.0,,1.0,,,
627976858,SarahShiers,2849214.0,28567,T0,2025-04-03 21:43:01 UTC,107912731,question_extractor,1.0,5.2.0,,,,,
627976858,SarahShiers,2849214.0,28567,T1,2025-04-03 21:43:01 UTC,107912731,question_extractor,,5.2.0,,,,,
627976897,SarahShiers,2849214.0,28567,T0,2025-04-03 21:43:09 UTC,107912644,question_extractor,,5.2.0,1.0,,,,
627976897,SarahShiers,2849214.0,28567,T1,2025-04-03 21:43:09 UTC,107912644,question_extractor,,5.2.0,,1.0,,,
627976926,SarahShiers,2849214.0,28567,T0,2025-04-03 21:43:14 UTC,107912657,question_extractor,,5.2.0,1.0,,,,
627976926,SarahShiers,2849214.0,28567,T1,2025-04-03 21:43:14 UTC,107912657,question_extractor,,5.2.0,,1.0,,,
627976961,SarahShiers,2849214.0,28567,T0,2025-04-03 21:43:20 UTC,107912642,question_extractor,,5.2.0,1.0,,,,
627976961,SarahShiers,2849214.0,28567,T1,2025-04-03 21:43:20 UTC,107912642,question_extractor,,5.2.0,,1.0,,,
627976993,SarahShiers,2849214.0,28567,T0,2025-04-03 21:43:26 UTC,107912795,question_extractor,1.0,5.2.0,,,,,
627976993,SarahShiers,2849214.0,28567,T1,2025-04-03 21:43:26 UTC,107912795,question_extractor,,5.2.0,,,,,
627977027,SarahShiers,2849214.0,28567,T0,2025-04-03 21:43:31 UTC,107912897,question_extractor,1.0,5.2.0,,,,,
627977027,SarahShiers,2849214.0,28567,T1,2025-04-03 21:43:31 UTC,107912897,question_extractor,,5.2.0,,,,,
627977093,SarahShiers,2849214.0,28567,T0,2025-04-03 21:43:42 UTC,107912689,question_extractor,,5.2.0,1.0,,,,
627977093,SarahShiers,2849214.0,28567,T1,2025-04-03 21:43:42 UTC,107912689,question_extractor,,5.2.0,,1.0,,,
627977375,SarahShiers,2849214.0,28567,T0,2025-04-03 21:44:32 UTC,107912821,question_extractor,,5.2.0,1.0,,,,
627977375,SarahShiers,2849214.0,28567,T1,2025-04-03 21:44:32 UTC,107912821,question_extractor,,5.2.0,,,1.0,,
627977420,SarahShiers,2849214.0,28567,T0,2025-04-03 21:44:39 UTC,107912721,question_extractor,,5.2.0,1.0,,,,
627977420,SarahShiers,2849214.0,28567,T1,2025-04-03 21:44:39 UTC,107912721,question_extractor,,5.2.0,,1.0,,,
627977720,SarahShiers,2849214.0,28567,T0,2025-04-03 21:45:42 UTC,107912918,question_extractor,,5.2.0,1.0,,,,
627977720,SarahShiers,2849214.0,28567,T1,2025-04-03 21:45:42 UTC,107912918,question_extractor,,5.2.0,,1.0,,,
627977738,SarahShiers,2849214.0,28567,T0,2025-04-03 21:45:45 UTC,107912782,question_extractor,1.0,5.2.0,,,,,
627977738,SarahShiers,2849214.0,28567,T1,2025-04-03 21:45:45 UTC,107912782,question_extractor,,5.2.0,,,,,
627977763,SarahShiers,2849214.0,28567,T0,2025-04-03 21:45:52 UTC,107912833,question_extractor,,5.2.0,1.0,,,,
627977763,SarahShiers,2849214.0,28567,T1,2025-04-03 21:45:52 UTC,107912833,question_extractor,,5.2.0,,1.0,,,
627977794,SarahShiers,2849214.0,28567,T0,2025-04-03 21:45:58 UTC,107912955,question_extractor,,5.2.0,1.0,,,,
627977794,SarahShiers,2849214.0,28567,T1,2025-04-03 21:45:58 UTC,107912955,question_extractor,,5.2.0,,1.0,,,
627977928,SarahShiers,2849214.0,28567,T0,2025-04-03 21:46:28 UTC,107912654,question_extractor,,5.2.0,1.0,,,,
627977928,SarahShiers,2849214.0,28567,T1,2025-04-03 21:46:28 UTC,107912654,question_extractor,,5.2.0,,1.0,,,
627977950,SarahShiers,2849214.0,28567,T0,2025-04-03 21:46:33 UTC,107912774,question_extractor,,5.2.0,1.0,,,,
627977950,SarahShiers,2849214.0,28567,T1,2025-04-03 21:46:33 UTC,107912774,question_extractor,,5.2.0,,1.0,,,
627977980,SarahShiers,2849214.0,28567,T0,2025-04-03 21:46:40 UTC,107912896,question_extractor,,5.2.0,1.0,,,,
627977980,SarahShiers,2849214.0,28567,T1,2025-04-03 21:46:40 UTC,107912896,question_extractor,,5.2.0,,1.0,,,
627978008,SarahShiers,2849214.0,28567,T0,2025-04-03 21:46:47 UTC,107912764,question_extractor,,5.2.0,1.0,,,,
627978008,SarahShiers,2849214.0,28567,T1,2025-04-03 21:46:47 UTC,107912764,question_extractor,,5.2.0,,1.0,,,
627978021,SarahShiers,2849214.0,28567,T0,2025-04-03 21:46:52 UTC,107912693,question_extractor,1.0,5.2.0,,,,,
627978021,SarahShiers,2849214.0,28567,T1,2025-04-03 21:46:52 UTC,107912693,question_extractor,,5.2.0,,,,,
627978057,SarahShiers,2849214.0,28567,T0,2025-04-03 21:46:59 UTC,107912692,question_extractor,,5.2.0,1.0,,,,
627978057,SarahShiers,2849214.0,28567,T1,2025-04-03 21:46:59 UTC,107912692,question_extractor,,5.2.0,,1.0,,,
627978090,SarahShiers,2849214.0,28567,T0,2025-04-03 21:47:06 UTC,107912911,question_extractor,,5.2.0,1.0,,,,
627978090,SarahShiers,2849214.0,28567,T1,2025-04-03 21:47:06 UTC,107912911,question_extractor,,5.2.0,,1.0,,,
627978112,SarahShiers,2849214.0,28567,T0,2025-04-03 21:47:10 UTC,107912662,question_extractor,1.0,5.2.0,,,,,
627978112,SarahShiers,2849214.0,28567,T1,2025-04-03 21:47:10 UTC,107912662,question_extractor,,5.2.0,,,,,
627978140,SarahShiers,2849214.0,28567,T0,2025-04-03 21:47:16 UTC,107912717,question_extractor,,5.2.0,1.0,,,,
627978140,SarahShiers,2849214.0,28567,T1,2025-04-03 21:47:16 UTC,107912717,question_extractor,,5.2.0,,1.0,,,
627978176,SarahShiers,2849214.0,28567,T0,2025-04-03 21:47:22 UTC,107912845,question_extractor,,5.2.0,1.0,,,,
627978176,SarahShiers,2849214.0,28567,T1,2025-04-03 21:47:22 UTC,107912845,question_extractor,,5.2.0,,1.0,,,
627978193,SarahShiers,2849214.0,28567,T0,2025-04-03 21:47:26 UTC,107912800,question_extractor,1.0,5.2.0,,,,,
627978193,SarahShiers,2849214.0,28567,T1,2025-04-03 21:47:26 UTC,107912800,question_extractor,,5.2.0,,,,,
627978208,SarahShiers,2849214.0,28567,T0,2025-04-03 21:47:31 UTC,107912667,question_extractor,,5.2.0,1.0,,,,
627978208,SarahShiers,2849214.0,28567,T1,2025-04-03 21:47:31 UTC,107912667,question_extractor,,5.2.0,,1.0,,,
627978233,SarahShiers,2849214.0,28567,T0,2025-04-03 21:47:36 UTC,107912746,question_extractor,,5.2.0,1.0,,,,
627978233,SarahShiers,2849214.0,28567,T1,2025-04-03 21:47:36 UTC,107912746,question_extractor,,5.2.0,,1.0,,,
627978246,SarahShiers,2849214.0,28567,T0,2025-04-03 21:47:40 UTC,107912877,question_extractor,,5.2.0,1.0,,,,
627978246,SarahShiers,2849214.0,28567,T1,2025-04-03 21:47:40 UTC,107912877,question_extractor,,5.2.0,,1.0,,,
627978258,SarahShiers,2849214.0,28567,T0,2025-04-03 21:47:45 UTC,107912922,question_extractor,1.0,5.2.0,,,,,
627978258,SarahShiers,2849214.0,28567,T1,2025-04-03 21:47:45 UTC,107912922,question_extractor,,5.2.0,,,,,
627978369,SarahShiers,2849214.0,28567,T0,2025-04-03 21:48:14 UTC,107912691,question_extractor,,5.2.0,1.0,,,,
627978369,SarahShiers,2849214.0,28567,T1,2025-04-03 21:48:14 UTC,107912691,question_extractor,,5.2.0,,1.0,,,
627978372,SarahShiers,2849214.0,28567,T0,2025-04-03 21:48:17 UTC,107912875,question_extractor,1.0,5.2.0,,,,,
627978372,SarahShiers,2849214.0,28567,T1,2025-04-03 21:48:17 UTC,107912875,question_extractor,,5.2.0,,,,,
627978385,SarahShiers,2849214.0,28567,T0,2025-04-03 21:48:22 UTC,107912946,question_extractor,1.0,5.2.0,,,,,
627978385,SarahShiers,2849214.0,28567,T1,2025-04-03 21:48:22 UTC,107912946,question_extractor,,5.2.0,,,,,
627978419,SarahShiers,2849214.0,28567,T0,2025-04-03 21:48:35 UTC,107912954,question_extractor,,5.2.0,1.0,,,,
627978419,SarahShiers,2849214.0,28567,T1,2025-04-03 21:48:35 UTC,107912954,question_extractor,,5.2.0,,1.0,,,
627978440,SarahShiers,2849214.0,28567,T0,2025-04-03 21:48:39 UTC,107912898,question_extractor,1.0,5.2.0,,,,,
627978440,SarahShiers,2849214.0,28567,T1,2025-04-03 21:48:39 UTC,107912898,question_extractor,,5.2.0,,,,,
627978486,SarahShiers,2849214.0,28567,T0,2025-04-03 21:48:48 UTC,107912788,question_extractor,1.0,5.2.0,,,,,
627978486,SarahShiers,2849214.0,28567,T1,2025-04-03 21:48:48 UTC,107912788,question_extractor,,5.2.0,,,,,
627978503,SarahShiers,2849214.0,28567,T0,2025-04-03 21:48:53 UTC,107912629,question_extractor,,5.2.0,1.0,,,,
627978503,SarahShiers,2849214.0,28567,T1,2025-04-03 21:48:53 UTC,107912629,question_extractor,,5.2.0,,1.0,,,
627978530,SarahShiers,2849214.0,28567,T0,2025-04-03 21:48:59 UTC,107912696,question_extractor,,5.2.0,1.0,,,,
627978530,SarahShiers,2849214.0,28567,T1,2025-04-03 21:48:59 UTC,107912696,question_extractor,,5.2.0,,1.0,,,
627978552,SarahShiers,2849214.0,28567,T0,2025-04-03 21:49:04 UTC,107912760,question_extractor,,5.2.0,1.0,,,,
627978552,SarahShiers,2849214.0,28567,T1,2025-04-03 21:49:04 UTC,107912760,question_extractor,,5.2.0,,1.0,,,
627978596,SarahShiers,2849214.0,28567,T0,2025-04-03 21:49:12 UTC,107912907,question_extractor,,5.2.0,1.0,,,,
627978596,SarahShiers,2849214.0,28567,T1,2025-04-03 21:49:12 UTC,107912907,question_extractor,,5.2.0,,1.0,,,
627978612,SarahShiers,2849214.0,28567,T0,2025-04-03 21:49:14 UTC,107912707,question_extractor,1.0,5.2.0,,,,,
627978612,SarahShiers,2849214.0,28567,T1,2025-04-03 21:49:14 UTC,107912707,question_extractor,,5.2.0,,,,,
627978643,SarahShiers,2849214.0,28567,T0,2025-04-03 21:49:20 UTC,107912909,question_extractor,,5.2.0,1.0,,,,
627978643,SarahShiers,2849214.0,28567,T1,2025-04-03 21:49:20 UTC,107912909,question_extractor,,5.2.0,,1.0,,,
627978685,SarahShiers,2849214.0,28567,T0,2025-04-03 21:49:27 UTC,107912834,question_extractor,,5.2.0,1.0,,,,
627978685,SarahShiers,2849214.0,28567,T1,2025-04-03 21:49:27 UTC,107912834,question_extractor,,5.2.0,,1.0,,,
627978710,SarahShiers,2849214.0,28567,T0,2025-04-03 21:49:32 UTC,107912679,question_extractor,,5.2.0,1.0,,,,
627978710,SarahShiers,2849214.0,28567,T1,2025-04-03 21:49:32 UTC,107912679,question_extractor,,5.2.0,,1.0,,,
627978732,SarahShiers,2849214.0,28567,T0,2025-04-03 21:49:37 UTC,107912852,question_extractor,,5.2.0,1.0,,,,
627978732,SarahShiers,2849214.0,28567,T1,2025-04-03 21:49:37 UTC,107912852,question_extractor,,5.2.0,,1.0,,,
627978750,SarahShiers,2849214.0,28567,T0,2025-04-03 21:49:39 UTC,107912681,question_extractor,1.0,5.2.0,,,,,
627978750,SarahShiers,2849214.0,28567,T1,2025-04-03 21:49:39 UTC,107912681,question_extractor,,5.2.0,,,,,
627978809,SarahShiers,2849214.0,28567,T0,2025-04-03 21:49:47 UTC,107912935,question_extractor,,5.2.0,1.0,,,,
627978809,SarahShiers,2849214.0,28567,T1,2025-04-03 21:49:47 UTC,107912935,question_extractor,,5.2.0,,1.0,,,
627978833,SarahShiers,2849214.0,28567,T0,2025-04-03 21:49:51 UTC,107912843,question_extractor,,5.2.0,1.0,,,,
627978833,SarahShiers,2849214.0,28567,T1,2025-04-03 21:49:51 UTC,107912843,question_extractor,,5.2.0,,1.0,,,
627978868,SarahShiers,2849214.0,28567,T0,2025-04-03 21:49:57 UTC,107912655,question_extractor,1.0,5.2.0,,,,,
627978868,SarahShiers,2849214.0,28567,T1,2025-04-03 21:49:57 UTC,107912655,question_extractor,,5.2.0,,,,,
627978896,SarahShiers,2849214.0,28567,T0,2025-04-03 21:50:03 UTC,107912741,question_extractor,,5.2.0,1.0,,,,
627978896,SarahShiers,2849214.0,28567,T1,2025-04-03 21:50:03 UTC,107912741,question_extractor,,5.2.0,,1.0,,,
627978908,SarahShiers,2849214.0,28567,T0,2025-04-03 21:50:06 UTC,107912775,question_extractor,1.0,5.2.0,,,,,
627978908,SarahShiers,2849214.0,28567,T1,2025-04-03 21:50:06 UTC,107912775,question_extractor,,5.2.0,,,,,
627978929,SarahShiers,2849214.0,28567,T0,2025-04-03 21:50:11 UTC,107912813,question_extractor,1.0,5.2.0,,,,,
627978929,SarahShiers,2849214.0,28567,T1,2025-04-03 21:50:11 UTC,107912813,question_extractor,,5.2.0,,,,,
627978956,SarahShiers,2849214.0,28567,T0,2025-04-03 21:50:17 UTC,107912643,question_extractor,,5.2.0,1.0,,,,
627978956,SarahShiers,2849214.0,28567,T1,2025-04-03 21:50:17 UTC,107912643,question_extractor,,5.2.0,,1.0,,,
627979015,SarahShiers,2849214.0,28567,T0,2025-04-03 21:50:27 UTC,107912819,question_extractor,,5.2.0,1.0,,,,
627979015,SarahShiers,2849214.0,28567,T1,2025-04-03 21:50:27 UTC,107912819,question_extractor,,5.2.0,,,1.0,,
627979044,SarahShiers,2849214.0,28567,T0,2025-04-03 21:50:34 UTC,107912887,question_extractor,,5.2.0,1.0,,,,
627979044,SarahShiers,2849214.0,28567,T1,2025-04-03 21:50:34 UTC,107912887,question_extractor,,5.2.0,,1.0,,,
627979062,SarahShiers,2849214.0,28567,T0,2025-04-03 21:50:39 UTC,107912686,question_extractor,1.0,5.2.0,,,,,
627979062,SarahShiers,2849214.0,28567,T1,2025-04-03 21:50:39 UTC,107912686,question_extractor,,5.2.0,,,,,
627979087,SarahShiers,2849214.0,28567,T0,2025-04-03 21:50:46 UTC,107912846,question_extractor,1.0,5.2.0,,,,,
627979087,SarahShiers,2849214.0,28567,T1,2025-04-03 21:50:46 UTC,107912846,question_extractor,,5.2.0,,,,,
627979120,SarahShiers,2849214.0,28567,T0,2025-04-03 21:50:52 UTC,107912702,question_extractor,,5.2.0,1.0,,,,
627979120,SarahShiers,2849214.0,28567,T1,2025-04-03 21:50:52 UTC,107912702,question_extractor,,5.2.0,,1.0,,,
627979146,SarahShiers,2849214.0,28567,T0,2025-04-03 21:50:57 UTC,107912932,question_extractor,,5.2.0,1.0,,,,
627979146,SarahShiers,2849214.0,28567,T1,2025-04-03 21:50:57 UTC,107912932,question_extractor,,5.2.0,,1.0,,,
627979168,SarahShiers,2849214.0,28567,T0,2025-04-03 21:51:02 UTC,107912942,question_extractor,,5.2.0,1.0,,,,
627979168,SarahShiers,2849214.0,28567,T1,2025-04-03 21:51:02 UTC,107912942,question_extractor,,5.2.0,,1.0,,,
627979190,SarahShiers,2849214.0,28567,T0,2025-04-03 21:51:08 UTC,107912651,question_extractor,,5.2.0,1.0,,,,
627979190,SarahShiers,2849214.0,28567,T1,2025-04-03 21:51:08 UTC,107912651,question_extractor,,5.2.0,,1.0,,,
627979215,SarahShiers,2849214.0,28567,T0,2025-04-03 21:51:13 UTC,107912675,question_extractor,,5.2.0,1.0,,,,
627979215,SarahShiers,2849214.0,28567,T1,2025-04-03 21:51:13 UTC,107912675,question_extractor,,5.2.0,,1.0,,,
627979239,SarahShiers,2849214.0,28567,T0,2025-04-03 21:51:18 UTC,107912944,question_extractor,,5.2.0,1.0,,,,
627979239,SarahShiers,2849214.0,28567,T1,2025-04-03 21:51:18 UTC,107912944,question_extractor,,5.2.0,,1.0,,,
627979263,SarahShiers,2849214.0,28567,T0,2025-04-03 21:51:23 UTC,107912818,question_extractor,,5.2.0,1.0,,,,
627979263,SarahShiers,2849214.0,28567,T1,2025-04-03 21:51:23 UTC,107912818,question_extractor,,5.2.0,,,1.0,,
627979280,SarahShiers,2849214.0,28567,T0,2025-04-03 21:51:28 UTC,107912809,question_extractor,1.0,5.2.0,,,,,
627979280,SarahShiers,2849214.0,28567,T1,2025-04-03 21:51:28 UTC,107912809,question_extractor,,5.2.0,,,,,
627979291,SarahShiers,2849214.0,28567,T0,2025-04-03 21:51:31 UTC,107912857,question_extractor,1.0,5.2.0,,,,,
627979291,SarahShiers,2849214.0,28567,T1,2025-04-03 21:51:31 UTC,107912857,question_extractor,,5.2.0,,,,,
627979314,SarahShiers,2849214.0,28567,T0,2025-04-03 21:51:36 UTC,107912719,question_extractor,,5.2.0,1.0,,,,
627979314,SarahShiers,2849214.0,28567,T1,2025-04-03 21:51:36 UTC,107912719,question_extractor,,5.2.0,,1.0,,,
627979331,SarahShiers,2849214.0,28567,T0,2025-04-03 21:51:40 UTC,107912631,question_extractor,1.0,5.2.0,,,,,
627979331,SarahShiers,2849214.0,28567,T1,2025-04-03 21:51:40 UTC,107912631,question_extractor,,5.2.0,,,,,
627979352,SarahShiers,2849214.0,28567,T0,2025-04-03 21:51:45 UTC,107912951,question_extractor,,5.2.0,1.0,,,,
627979352,SarahShiers,2849214.0,28567,T1,2025-04-03 21:51:45 UTC,107912951,question_extractor,,5.2.0,,1.0,,,
627979374,SarahShiers,2849214.0,28567,T0,2025-04-03 21:51:50 UTC,107912768,question_extractor,,5.2.0,1.0,,,,
627979374,SarahShiers,2849214.0,28567,T1,2025-04-03 21:51:50 UTC,107912768,question_extractor,,5.2.0,,1.0,,,
627979385,SarahShiers,2849214.0,28567,T0,2025-04-03 21:51:54 UTC,107912828,question_extractor,1.0,5.2.0,,,,,
627979385,SarahShiers,2849214.0,28567,T1,2025-04-03 21:51:54 UTC,107912828,question_extractor,,5.2.0,,,,,
627979402,SarahShiers,2849214.0,28567,T0,2025-04-03 21:51:58 UTC,107912744,question_extractor,,5.2.0,1.0,,,,
627979402,SarahShiers,2849214.0,28567,T1,2025-04-03 21:51:58 UTC,107912744,question_extractor,,5.2.0,,1.0,,,
627979416,SarahShiers,2849214.0,28567,T0,2025-04-03 21:52:01 UTC,107912814,question_extractor,1.0,5.2.0,,,,,
627979416,SarahShiers,2849214.0,28567,T1,2025-04-03 21:52:01 UTC,107912814,question_extractor,,5.2.0,,,,,
627979434,SarahShiers,2849214.0,28567,T0,2025-04-03 21:52:06 UTC,107912881,question_extractor,,5.2.0,1.0,,,,
627979434,SarahShiers,2849214.0,28567,T1,2025-04-03 21:52:06 UTC,107912881,question_extractor,,5.2.0,,1.0,,,
627979444,SarahShiers,2849214.0,28567,T0,2025-04-03 21:52:09 UTC,107912637,question_extractor,1.0,5.2.0,,,,,
627979444,SarahShiers,2849214.0,28567,T1,2025-04-03 21:52:09 UTC,107912637,question_extractor,,5.2.0,,,,,
627979450,SarahShiers,2849214.0,28567,T0,2025-04-03 21:52:12 UTC,107912777,question_extractor,1.0,5.2.0,,,,,
627979450,SarahShiers,2849214.0,28567,T1,2025-04-03 21:52:12 UTC,107912777,question_extractor,,5.2.0,,,,,
627979458,SarahShiers,2849214.0,28567,T0,2025-04-03 21:52:14 UTC,107912635,question_extractor,1.0,5.2.0,,,,,
627979458,SarahShiers,2849214.0,28567,T1,2025-04-03 21:52:14 UTC,107912635,question_extractor,,5.2.0,,,,,
627979477,SarahShiers,2849214.0,28567,T0,2025-04-03 21:52:20 UTC,107912886,question_extractor,,5.2.0,1.0,,,,
627979477,SarahShiers,2849214.0,28567,T1,2025-04-03 21:52:20 UTC,107912886,question_extractor,,5.2.0,,1.0,,,
627979490,SarahShiers,2849214.0,28567,T0,2025-04-03 21:52:23 UTC,107912656,question_extractor,1.0,5.2.0,,,,,
627979490,SarahShiers,2849214.0,28567,T1,2025-04-03 21:52:23 UTC,107912656,question_extractor,,5.2.0,,,,,
627979497,SarahShiers,2849214.0,28567,T0,2025-04-03 21:52:27 UTC,107912752,question_extractor,1.0,5.2.0,,,,,
627979497,SarahShiers,2849214.0,28567,T1,2025-04-03 21:52:27 UTC,107912752,question_extractor,,5.2.0,,,,,
627979507,SarahShiers,2849214.0,28567,T0,2025-04-03 21:52:30 UTC,107912710,question_extractor,1.0,5.2.0,,,,,
627979507,SarahShiers,2849214.0,28567,T1,2025-04-03 21:52:30 UTC,107912710,question_extractor,,5.2.0,,,,,
627979529,SarahShiers,2849214.0,28567,T0,2025-04-03 21:52:35 UTC,107912862,question_extractor,,5.2.0,1.0,,,,
627979529,SarahShiers,2849214.0,28567,T1,2025-04-03 21:52:35 UTC,107912862,question_extractor,,5.2.0,,1.0,,,
627979550,SarahShiers,2849214.0,28567,T0,2025-04-03 21:52:40 UTC,107912677,question_extractor,,5.2.0,1.0,,,,
627979550,SarahShiers,2849214.0,28567,T1,2025-04-03 21:52:40 UTC,107912677,question_extractor,,5.2.0,,1.0,,,
627979564,SarahShiers,2849214.0,28567,T0,2025-04-03 21:52:42 UTC,107912830,question_extractor,1.0,5.2.0,,,,,
627979564,SarahShiers,2849214.0,28567,T1,2025-04-03 21:52:42 UTC,107912830,question_extractor,,5.2.0,,,,,
627979578,SarahShiers,2849214.0,28567,T0,2025-04-03 21:52:45 UTC,107912804,question_extractor,1.0,5.2.0,,,,,
627979578,SarahShiers,2849214.0,28567,T1,2025-04-03 21:52:45 UTC,107912804,question_extractor,,5.2.0,,,,,
627979613,SarahShiers,2849214.0,28567,T0,2025-04-03 21:52:53 UTC,107912906,question_extractor,1.0,5.2.0,,,,,
627979613,SarahShiers,2849214.0,28567,T1,2025-04-03 21:52:53 UTC,107912906,question_extractor,,5.2.0,,,,,
627979630,SarahShiers,2849214.0,28567,T0,2025-04-03 21:52:56 UTC,107912802,question_extractor,1.0,5.2.0,,,,,
627979630,SarahShiers,2849214.0,28567,T1,2025-04-03 21:52:56 UTC,107912802,question_extractor,,5.2.0,,,,,
627979653,SarahShiers,2849214.0,28567,T0,2025-04-03 21:53:00 UTC,107912789,question_extractor,,5.2.0,1.0,,,,
627979653,SarahShiers,2849214.0,28567,T1,2025-04-03 21:53:00 UTC,107912789,question_extractor,,5.2.0,,1.0,,,
627979682,SarahShiers,2849214.0,28567,T0,2025-04-03 21:53:06 UTC,107912680,question_extractor,,5.2.0,1.0,,,,
627979682,SarahShiers,2849214.0,28567,T1,2025-04-03 21:53:06 UTC,107912680,question_extractor,,5.2.0,,1.0,,,
627979712,SarahShiers,2849214.0,28567,T0,2025-04-03 21:53:11 UTC,107912668,question_extractor,1.0,5.2.0,,,,,
627979712,SarahShiers,2849214.0,28567,T1,2025-04-03 21:53:11 UTC,107912668,question_extractor,,5.2.0,,,,,
627979723,SarahShiers,2849214.0,28567,T0,2025-04-03 21:53:14 UTC,107912771,question_extractor,1.0,5.2.0,,,,,
627979723,SarahShiers,2849214.0,28567,T1,2025-04-03 21:53:14 UTC,107912771,question_extractor,,5.2.0,,,,,
627979738,AnneListens,1882787.0,28567,T0,2025-04-03 21:53:19 UTC,107912710,question_extractor,1.0,5.2.0,,,,,
627979738,AnneListens,1882787.0,28567,T1,2025-04-03 21:53:19 UTC,107912710,question_extractor,,5.2.0,,,,,
627979740,SarahShiers,2849214.0,28567,T0,2025-04-03 21:53:19 UTC,107912712,question_extractor,,5.2.0,1.0,,,,
627979740,SarahShiers,2849214.0,28567,T1,2025-04-03 21:53:19 UTC,107912712,question_extractor,,5.2.0,,1.0,,,
627979760,SarahShiers,2849214.0,28567,T0,2025-04-03 21:53:25 UTC,107912749,question_extractor,,5.2.0,1.0,,,,
627979760,SarahShiers,2849214.0,28567,T1,2025-04-03 21:53:25 UTC,107912749,question_extractor,,5.2.0,,1.0,,,
627979816,SarahShiers,2849214.0,28567,T0,2025-04-03 21:53:35 UTC,107912820,question_extractor,,5.2.0,1.0,,,,
627979816,SarahShiers,2849214.0,28567,T1,2025-04-03 21:53:35 UTC,107912820,question_extractor,,5.2.0,,,1.0,,
627979830,SarahShiers,2849214.0,28567,T0,2025-04-03 21:53:39 UTC,107912893,question_extractor,,5.2.0,1.0,,,,
627979830,SarahShiers,2849214.0,28567,T1,2025-04-03 21:53:39 UTC,107912893,question_extractor,,5.2.0,,1.0,,,
627979858,SarahShiers,2849214.0,28567,T0,2025-04-03 21:53:46 UTC,107912793,question_extractor,,5.2.0,1.0,,,,
627979858,SarahShiers,2849214.0,28567,T1,2025-04-03 21:53:46 UTC,107912793,question_extractor,,5.2.0,,1.0,,,
627979875,SarahShiers,2849214.0,28567,T0,2025-04-03 21:53:49 UTC,107912620,question_extractor,,5.2.0,1.0,,,,
627979875,SarahShiers,2849214.0,28567,T1,2025-04-03 21:53:49 UTC,107912620,question_extractor,,5.2.0,,1.0,,,
627979884,SarahShiers,2849214.0,28567,T0,2025-04-03 21:53:53 UTC,107912632,question_extractor,1.0,5.2.0,,,,,
627979884,SarahShiers,2849214.0,28567,T1,2025-04-03 21:53:53 UTC,107912632,question_extractor,,5.2.0,,,,,
627979896,SarahShiers,2849214.0,28567,T0,2025-04-03 21:53:55 UTC,107912882,question_extractor,1.0,5.2.0,,,,,
627979896,SarahShiers,2849214.0,28567,T1,2025-04-03 21:53:55 UTC,107912882,question_extractor,,5.2.0,,,,,
627979902,SarahShiers,2849214.0,28567,T0,2025-04-03 21:53:58 UTC,107912728,question_extractor,1.0,5.2.0,,,,,
627979902,SarahShiers,2849214.0,28567,T1,2025-04-03 21:53:58 UTC,107912728,question_extractor,,5.2.0,,,,,
627979912,SarahShiers,2849214.0,28567,T0,2025-04-03 21:54:00 UTC,107912618,question_extractor,1.0,5.2.0,,,,,
627979912,SarahShiers,2849214.0,28567,T1,2025-04-03 21:54:00 UTC,107912618,question_extractor,,5.2.0,,,,,
627979939,SarahShiers,2849214.0,28567,T0,2025-04-03 21:54:06 UTC,107912711,question_extractor,,5.2.0,1.0,,,,
627979939,SarahShiers,2849214.0,28567,T1,2025-04-03 21:54:06 UTC,107912711,question_extractor,,5.2.0,,1.0,,,
627979957,SarahShiers,2849214.0,28567,T0,2025-04-03 21:54:12 UTC,107912939,question_extractor,,5.2.0,1.0,,,,
627979957,SarahShiers,2849214.0,28567,T1,2025-04-03 21:54:12 UTC,107912939,question_extractor,,5.2.0,,1.0,,,
627979982,SarahShiers,2849214.0,28567,T0,2025-04-03 21:54:17 UTC,107912914,question_extractor,,5.2.0,1.0,,,,
627979982,SarahShiers,2849214.0,28567,T1,2025-04-03 21:54:17 UTC,107912914,question_extractor,,5.2.0,,1.0,,,
627979997,SarahShiers,2849214.0,28567,T0,2025-04-03 21:54:22 UTC,107912848,question_extractor,,5.2.0,1.0,,,,
627979997,SarahShiers,2849214.0,28567,T1,2025-04-03 21:54:22 UTC,107912848,question_extractor,,5.2.0,,1.0,,,
627980161,SarahShiers,2849214.0,28567,T0,2025-04-03 21:54:58 UTC,107912714,question_extractor,,5.2.0,1.0,,,,
627980161,SarahShiers,2849214.0,28567,T1,2025-04-03 21:54:58 UTC,107912714,question_extractor,,5.2.0,,1.0,,,
627992188,AnneListens,1882787.0,28567,T0,2025-04-03 22:47:42 UTC,107912656,question_extractor,1.0,5.2.0,,,,,
627992188,AnneListens,1882787.0,28567,T1,2025-04-03 22:47:42 UTC,107912656,question_extractor,,5.2.0,,,,,
627992238,not-logged-in-257e0b29fba55918ad8f,,28567,T0,2025-04-03 22:47:54 UTC,107912812,question_extractor,1.0,5.2.0,,,,,
627992238,not-logged-in-257e0b29fba55918ad8f,,28567,T1,2025-04-03 22:47:54 UTC,107912812,question_extractor,,5.2.0,,,,,
627993049,AnneListens,1882787.0,28567,T0,2025-04-03 22:50:33 UTC,107912627,question_extractor,,5.2.0,1.0,,,,
627993049,AnneListens,1882787.0,28567,T1,2025-04-03 22:50:33 UTC,107912627,question_extractor,,5.2.0,,1.0,,,
627993482,AnneListens,1882787.0,28567,T0,2025-04-03 22:52:20 UTC,107912863,question_extractor,,5.2.0,1.0,,,,
627993482,AnneListens,1882787.0,28567,T1,2025-04-03 22:52:20 UTC,107912863,question_extractor,,5.2.0,,1.0,,,
628034886,Flat_Baroque,2834245.0,28567,T0,2025-04-04 02:38:23 UTC,107912934,question_extractor,1.0,5.2.0,,,,,
628034886,Flat_Baroque,2834245.0,28567,T1,2025-04-04 02:38:23 UTC,107912934,question_extractor,,5.2.0,,,,,
628034949,Flat_Baroque,2834245.0,28567,T0,2025-04-04 02:38:43 UTC,107912867,question_extractor,,5.2.0,1.0,,,,
628034949,Flat_Baroque,2834245.0,28567,T1,2025-04-04 02:38:43 UTC,107912867,question_extractor,,5.2.0,,,1.0,,
628035000,Flat_Baroque,2834245.0,28567,T0,2025-04-04 02:38:57 UTC,107912810,question_extractor,,5.2.0,1.0,,,,
628035000,Flat_Baroque,2834245.0,28567,T1,2025-04-04 02:38:57 UTC,107912810,question_extractor,,5.2.0,,,1.0,,
628035139,Flat_Baroque,2834245.0,28567,T0,2025-04-04 02:39:41 UTC,107912758,question_extractor,1.0,5.2.0,,,,,
628035139,Flat_Baroque,2834245.0,28567,T1,2025-04-04 02:39:41 UTC,107912758,question_extractor,,5.2.0,,,,,
628035149,Flat_Baroque,2834245.0,28567,T0,2025-04-04 02:39:45 UTC,107912649,question_extractor,1.0,5.2.0,,,,,
628035149,Flat_Baroque,2834245.0,28567,T1,2025-04-04 02:39:45 UTC,107912649,question_extractor,,5.2.0,,,,,
628035158,Flat_Baroque,2834245.0,28567,T0,2025-04-04 02:39:50 UTC,107912873,question_extractor,1.0,5.2.0,,,,,
628035158,Flat_Baroque,2834245.0,28567,T1,2025-04-04 02:39:50 UTC,107912873,question_extractor,,5.2.0,,,,,
628035168,Flat_Baroque,2834245.0,28567,T0,2025-04-04 02:39:54 UTC,107912795,question_extractor,1.0,5.2.0,,,,,
628035168,Flat_Baroque,2834245.0,28567,T1,2025-04-04 02:39:54 UTC,107912795,question_extractor,,5.2.0,,,,,
628035173,Flat_Baroque,2834245.0,28567,T0,2025-04-04 02:39:57 UTC,107912732,question_extractor,1.0,5.2.0,,,,,
628035173,Flat_Baroque,2834245.0,28567,T1,2025-04-04 02:39:57 UTC,107912732,question_extractor,,5.2.0,,,,,
628035195,Flat_Baroque,2834245.0,28567,T0,2025-04-04 02:40:04 UTC,107912825,question_extractor,,5.2.0,1.0,,,,
628035195,Flat_Baroque,2834245.0,28567,T1,2025-04-04 02:40:04 UTC,107912825,question_extractor,,5.2.0,,,1.0,,
628035204,Flat_Baroque,2834245.0,28567,T0,2025-04-04 02:40:07 UTC,107912730,question_extractor,1.0,5.2.0,,,,,
628035204,Flat_Baroque,2834245.0,28567,T1,2025-04-04 02:40:07 UTC,107912730,question_extractor,,5.2.0,,,,,
628035228,Flat_Baroque,2834245.0,28567,T0,2025-04-04 02:40:14 UTC,107912699,question_extractor,,5.2.0,1.0,,,,
628035228,Flat_Baroque,2834245.0,28567,T1,2025-04-04 02:40:14 UTC,107912699,question_extractor,,5.2.0,,,1.0,,
628035249,Flat_Baroque,2834245.0,28567,T0,2025-04-04 02:40:23 UTC,107912698,question_extractor,,5.2.0,,,,,1.0
628035249,Flat_Baroque,2834245.0,28567,T1,2025-04-04 02:40:23 UTC,107912698,question_extractor,,5.2.0,,,,,
628035268,Flat_Baroque,2834245.0,28567,T0,2025-04-04 02:40:28 UTC,107912735,question_extractor,,5.2.0,1.0,,,,
628035268,Flat_Baroque,2834245.0,28567,T1,2025-04-04 02:40:28 UTC,107912735,question_extractor,,5.2.0,,,1.0,,
628035285,Flat_Baroque,2834245.0,28567,T0,2025-04-04 02:40:32 UTC,107912762,question_extractor,1.0,5.2.0,,,,,
628035285,Flat_Baroque,2834245.0,28567,T1,2025-04-04 02:40:32 UTC,107912762,question_extractor,,5.2.0,,,,,
628035294,Flat_Baroque,2834245.0,28567,T0,2025-04-04 02:40:35 UTC,107912636,question_extractor,1.0,5.2.0,,,,,
628035294,Flat_Baroque,2834245.0,28567,T1,2025-04-04 02:40:35 UTC,107912636,question_extractor,,5.2.0,,,,,
628035303,Flat_Baroque,2834245.0,28567,T0,2025-04-04 02:40:39 UTC,107912684,question_extractor,1.0,5.2.0,,,,,
628035303,Flat_Baroque,2834245.0,28567,T1,2025-04-04 02:40:39 UTC,107912684,question_extractor,,5.2.0,,,,,
628035327,Flat_Baroque,2834245.0,28567,T0,2025-04-04 02:40:47 UTC,107912789,question_extractor,,5.2.0,1.0,,,,
628035327,Flat_Baroque,2834245.0,28567,T1,2025-04-04 02:40:47 UTC,107912789,question_extractor,,5.2.0,,,1.0,,
628035340,Flat_Baroque,2834245.0,28567,T0,2025-04-04 02:40:50 UTC,107912898,question_extractor,1.0,5.2.0,,,,,
628035340,Flat_Baroque,2834245.0,28567,T1,2025-04-04 02:40:50 UTC,107912898,question_extractor,,5.2.0,,,,,
628035355,Flat_Baroque,2834245.0,28567,T0,2025-04-04 02:40:56 UTC,107912650,question_extractor,,5.2.0,1.0,,,,
628035355,Flat_Baroque,2834245.0,28567,T1,2025-04-04 02:40:56 UTC,107912650,question_extractor,,5.2.0,,,1.0,,
628035382,Flat_Baroque,2834245.0,28567,T0,2025-04-04 02:41:08 UTC,107912663,question_extractor,,5.2.0,1.0,,,,
628035382,Flat_Baroque,2834245.0,28567,T1,2025-04-04 02:41:08 UTC,107912663,question_extractor,,5.2.0,,,1.0,,
628035398,Flat_Baroque,2834245.0,28567,T0,2025-04-04 02:41:13 UTC,107912853,question_extractor,1.0,5.2.0,,,,,
628035398,Flat_Baroque,2834245.0,28567,T1,2025-04-04 02:41:13 UTC,107912853,question_extractor,,5.2.0,,,,,
628035409,Flat_Baroque,2834245.0,28567,T0,2025-04-04 02:41:18 UTC,107912701,question_extractor,,5.2.0,1.0,,,,
628035409,Flat_Baroque,2834245.0,28567,T1,2025-04-04 02:41:18 UTC,107912701,question_extractor,,5.2.0,,,1.0,,
628035429,Flat_Baroque,2834245.0,28567,T0,2025-04-04 02:41:25 UTC,107912711,question_extractor,1.0,5.2.0,,,,,
628035429,Flat_Baroque,2834245.0,28567,T1,2025-04-04 02:41:25 UTC,107912711,question_extractor,,5.2.0,,,,,
628035440,Flat_Baroque,2834245.0,28567,T0,2025-04-04 02:41:29 UTC,107912642,question_extractor,,5.2.0,,,,,1.0
628035440,Flat_Baroque,2834245.0,28567,T1,2025-04-04 02:41:29 UTC,107912642,question_extractor,,5.2.0,,,,,
628035454,Flat_Baroque,2834245.0,28567,T0,2025-04-04 02:41:33 UTC,107912884,question_extractor,,5.2.0,,,,,1.0
628035454,Flat_Baroque,2834245.0,28567,T1,2025-04-04 02:41:33 UTC,107912884,question_extractor,,5.2.0,,,,,
628035467,Flat_Baroque,2834245.0,28567,T0,2025-04-04 02:41:37 UTC,107912792,question_extractor,,5.2.0,1.0,,,,
628035467,Flat_Baroque,2834245.0,28567,T1,2025-04-04 02:41:37 UTC,107912792,question_extractor,,5.2.0,,,1.0,,
628035482,Flat_Baroque,2834245.0,28567,T0,2025-04-04 02:41:44 UTC,107912842,question_extractor,,5.2.0,1.0,,,,
628035482,Flat_Baroque,2834245.0,28567,T1,2025-04-04 02:41:44 UTC,107912842,question_extractor,,5.2.0,,,1.0,,
628035495,Flat_Baroque,2834245.0,28567,T0,2025-04-04 02:41:49 UTC,107912687,question_extractor,,5.2.0,,,,,1.0
628035495,Flat_Baroque,2834245.0,28567,T1,2025-04-04 02:41:49 UTC,107912687,question_extractor,,5.2.0,,,,,
628035506,Flat_Baroque,2834245.0,28567,T0,2025-04-04 02:41:54 UTC,107912647,question_extractor,,5.2.0,1.0,,,,
628035506,Flat_Baroque,2834245.0,28567,T1,2025-04-04 02:41:54 UTC,107912647,question_extractor,,5.2.0,,,1.0,,
628035531,Flat_Baroque,2834245.0,28567,T0,2025-04-04 02:42:01 UTC,107912871,question_extractor,,5.2.0,1.0,,,,
628035531,Flat_Baroque,2834245.0,28567,T1,2025-04-04 02:42:01 UTC,107912871,question_extractor,,5.2.0,,,1.0,,
628036750,Flat_Baroque,2834245.0,28567,T0,2025-04-04 02:49:38 UTC,107912653,question_extractor,,5.2.0,1.0,,,,
628036750,Flat_Baroque,2834245.0,28567,T1,2025-04-04 02:49:38 UTC,107912653,question_extractor,,5.2.0,,,1.0,,
628036832,Flat_Baroque,2834245.0,28567,T0,2025-04-04 02:50:03 UTC,107912679,question_extractor,1.0,5.2.0,,,,,
628036832,Flat_Baroque,2834245.0,28567,T1,2025-04-04 02:50:03 UTC,107912679,question_extractor,,5.2.0,,,,,
628036896,Flat_Baroque,2834245.0,28567,T0,2025-04-04 02:50:23 UTC,107912818,question_extractor,,5.2.0,1.0,,,,
628036896,Flat_Baroque,2834245.0,28567,T1,2025-04-04 02:50:23 UTC,107912818,question_extractor,,5.2.0,,,1.0,,
628036904,Flat_Baroque,2834245.0,28567,T0,2025-04-04 02:50:27 UTC,107912770,question_extractor,1.0,5.2.0,,,,,
628036904,Flat_Baroque,2834245.0,28567,T1,2025-04-04 02:50:27 UTC,107912770,question_extractor,,5.2.0,,,,,
628036926,Flat_Baroque,2834245.0,28567,T0,2025-04-04 02:50:33 UTC,107912908,question_extractor,,5.2.0,1.0,,,,
628036926,Flat_Baroque,2834245.0,28567,T1,2025-04-04 02:50:33 UTC,107912908,question_extractor,,5.2.0,,,1.0,,
628036938,Flat_Baroque,2834245.0,28567,T0,2025-04-04 02:50:38 UTC,107912892,question_extractor,,5.2.0,1.0,,,,
628036938,Flat_Baroque,2834245.0,28567,T1,2025-04-04 02:50:38 UTC,107912892,question_extractor,,5.2.0,,,1.0,,
628036953,Flat_Baroque,2834245.0,28567,T0,2025-04-04 02:50:44 UTC,107912802,question_extractor,1.0,5.2.0,,,,,
628036953,Flat_Baroque,2834245.0,28567,T1,2025-04-04 02:50:44 UTC,107912802,question_extractor,,5.2.0,,,,,
628036965,Flat_Baroque,2834245.0,28567,T0,2025-04-04 02:50:49 UTC,107912890,question_extractor,,5.2.0,1.0,,,,
628036965,Flat_Baroque,2834245.0,28567,T1,2025-04-04 02:50:49 UTC,107912890,question_extractor,,5.2.0,,,1.0,,
628036979,Flat_Baroque,2834245.0,28567,T0,2025-04-04 02:50:53 UTC,107912721,question_extractor,,5.2.0,1.0,,,,
628036979,Flat_Baroque,2834245.0,28567,T1,2025-04-04 02:50:53 UTC,107912721,question_extractor,,5.2.0,,,1.0,,
628036991,Flat_Baroque,2834245.0,28567,T0,2025-04-04 02:50:57 UTC,107912923,question_extractor,1.0,5.2.0,,,,,
628036991,Flat_Baroque,2834245.0,28567,T1,2025-04-04 02:50:57 UTC,107912923,question_extractor,,5.2.0,,,,,
628037622,Flat_Baroque,2834245.0,28567,T0,2025-04-04 02:54:31 UTC,107912740,question_extractor,,5.2.0,1.0,,,,
628037622,Flat_Baroque,2834245.0,28567,T1,2025-04-04 02:54:31 UTC,107912740,question_extractor,,5.2.0,,,1.0,,
628037636,Flat_Baroque,2834245.0,28567,T0,2025-04-04 02:54:36 UTC,107912759,question_extractor,,5.2.0,,,,,1.0
628037636,Flat_Baroque,2834245.0,28567,T1,2025-04-04 02:54:36 UTC,107912759,question_extractor,,5.2.0,,,,,
628037646,Flat_Baroque,2834245.0,28567,T0,2025-04-04 02:54:40 UTC,107912697,question_extractor,,5.2.0,,,,,1.0
628037646,Flat_Baroque,2834245.0,28567,T1,2025-04-04 02:54:40 UTC,107912697,question_extractor,,5.2.0,,,,,
628037660,Flat_Baroque,2834245.0,28567,T0,2025-04-04 02:54:44 UTC,107912668,question_extractor,1.0,5.2.0,,,,,
628037660,Flat_Baroque,2834245.0,28567,T1,2025-04-04 02:54:44 UTC,107912668,question_extractor,,5.2.0,,,,,
628037687,Flat_Baroque,2834245.0,28567,T0,2025-04-04 02:54:50 UTC,107912640,question_extractor,,5.2.0,,,,,1.0
628037687,Flat_Baroque,2834245.0,28567,T1,2025-04-04 02:54:50 UTC,107912640,question_extractor,,5.2.0,,,,,
628037707,Flat_Baroque,2834245.0,28567,T0,2025-04-04 02:54:55 UTC,107912646,question_extractor,,5.2.0,1.0,,,,
628037707,Flat_Baroque,2834245.0,28567,T1,2025-04-04 02:54:55 UTC,107912646,question_extractor,,5.2.0,,,1.0,,
628037721,Flat_Baroque,2834245.0,28567,T0,2025-04-04 02:55:01 UTC,107912716,question_extractor,,5.2.0,1.0,,,,
628037721,Flat_Baroque,2834245.0,28567,T1,2025-04-04 02:55:01 UTC,107912716,question_extractor,,5.2.0,,,1.0,,
628037734,Flat_Baroque,2834245.0,28567,T0,2025-04-04 02:55:07 UTC,107912904,question_extractor,,5.2.0,1.0,,,,
628037734,Flat_Baroque,2834245.0,28567,T1,2025-04-04 02:55:07 UTC,107912904,question_extractor,,5.2.0,,,1.0,,
628037746,Flat_Baroque,2834245.0,28567,T0,2025-04-04 02:55:11 UTC,107912862,question_extractor,,5.2.0,,,,,1.0
628037746,Flat_Baroque,2834245.0,28567,T1,2025-04-04 02:55:11 UTC,107912862,question_extractor,,5.2.0,,,,,
628037755,Flat_Baroque,2834245.0,28567,T0,2025-04-04 02:55:18 UTC,107912950,question_extractor,,5.2.0,,,,,1.0
628037755,Flat_Baroque,2834245.0,28567,T1,2025-04-04 02:55:18 UTC,107912950,question_extractor,,5.2.0,,,,,
628050259,ekaru2,2851074.0,28567,T0,2025-04-04 04:04:39 UTC,107912875,question_extractor,1.0,5.2.0,,,,,
628050259,ekaru2,2851074.0,28567,T1,2025-04-04 04:04:39 UTC,107912875,question_extractor,,5.2.0,,,,,
628050312,ekaru2,2851074.0,28567,T0,2025-04-04 04:04:56 UTC,107912633,question_extractor,1.0,5.2.0,,,,,
628050312,ekaru2,2851074.0,28567,T1,2025-04-04 04:04:56 UTC,107912633,question_extractor,,5.2.0,,,,,
628051066,ekaru2,2851074.0,28567,T0,2025-04-04 04:09:26 UTC,107912948,question_extractor,,5.2.0,,,,,1.0
628051066,ekaru2,2851074.0,28567,T1,2025-04-04 04:09:26 UTC,107912948,question_extractor,,5.2.0,,,,,
628051097,ekaru2,2851074.0,28567,T0,2025-04-04 04:09:36 UTC,107912671,question_extractor,,5.2.0,,,,,1.0
628051097,ekaru2,2851074.0,28567,T1,2025-04-04 04:09:36 UTC,107912671,question_extractor,,5.2.0,,,,,
628051147,ekaru2,2851074.0,28567,T0,2025-04-04 04:09:54 UTC,107912881,question_extractor,,5.2.0,1.0,,,,
628051147,ekaru2,2851074.0,28567,T1,2025-04-04 04:09:54 UTC,107912881,question_extractor,,5.2.0,,,1.0,,
628051244,ekaru2,2851074.0,28567,T0,2025-04-04 04:10:25 UTC,107912757,question_extractor,1.0,5.2.0,,,,,
628051244,ekaru2,2851074.0,28567,T1,2025-04-04 04:10:25 UTC,107912757,question_extractor,,5.2.0,,,,,
628051360,ekaru2,2851074.0,28567,T0,2025-04-04 04:11:10 UTC,107912865,question_extractor,,5.2.0,1.0,,,,
628051360,ekaru2,2851074.0,28567,T1,2025-04-04 04:11:10 UTC,107912865,question_extractor,,5.2.0,,1.0,,,
628051423,ekaru2,2851074.0,28567,T0,2025-04-04 04:11:39 UTC,107912647,question_extractor,,5.2.0,1.0,,,,
628051423,ekaru2,2851074.0,28567,T1,2025-04-04 04:11:39 UTC,107912647,question_extractor,,5.2.0,,,,,1.0
628051445,ekaru2,2851074.0,28567,T0,2025-04-04 04:11:46 UTC,107912928,question_extractor,1.0,5.2.0,,,,,
628051445,ekaru2,2851074.0,28567,T1,2025-04-04 04:11:46 UTC,107912928,question_extractor,,5.2.0,,,,,
628051495,ekaru2,2851074.0,28567,T0,2025-04-04 04:12:13 UTC,107912820,question_extractor,,5.2.0,1.0,,,,
628051495,ekaru2,2851074.0,28567,T1,2025-04-04 04:12:13 UTC,107912820,question_extractor,,5.2.0,,,1.0,,
628051545,ekaru2,2851074.0,28567,T0,2025-04-04 04:12:42 UTC,107912678,question_extractor,,5.2.0,1.0,,,,
628051545,ekaru2,2851074.0,28567,T1,2025-04-04 04:12:42 UTC,107912678,question_extractor,,5.2.0,,1.0,,,
628051863,ekaru2,2851074.0,28567,T0,2025-04-04 04:15:34 UTC,107912720,question_extractor,,5.2.0,1.0,,,,
628051863,ekaru2,2851074.0,28567,T1,2025-04-04 04:15:34 UTC,107912720,question_extractor,,5.2.0,,1.0,,,
628051903,ekaru2,2851074.0,28567,T0,2025-04-04 04:15:53 UTC,107912621,question_extractor,,5.2.0,1.0,,,,
628051903,ekaru2,2851074.0,28567,T1,2025-04-04 04:15:53 UTC,107912621,question_extractor,,5.2.0,,1.0,,,
628051916,ekaru2,2851074.0,28567,T0,2025-04-04 04:15:57 UTC,107912679,question_extractor,1.0,5.2.0,,,,,
628051916,ekaru2,2851074.0,28567,T1,2025-04-04 04:15:57 UTC,107912679,question_extractor,,5.2.0,,,,,
628051934,ekaru2,2851074.0,28567,T0,2025-04-04 04:16:06 UTC,107912882,question_extractor,1.0,5.2.0,,,,,
628051934,ekaru2,2851074.0,28567,T1,2025-04-04 04:16:06 UTC,107912882,question_extractor,,5.2.0,,,,,
628051981,ekaru2,2851074.0,28567,T0,2025-04-04 04:16:31 UTC,107912883,question_extractor,1.0,5.2.0,,,,,
628051981,ekaru2,2851074.0,28567,T1,2025-04-04 04:16:31 UTC,107912883,question_extractor,,5.2.0,,,,,
628052032,ekaru2,2851074.0,28567,T0,2025-04-04 04:16:57 UTC,107912693,question_extractor,,5.2.0,,,,,1.0
628052032,ekaru2,2851074.0,28567,T1,2025-04-04 04:16:57 UTC,107912693,question_extractor,,5.2.0,,,,,
628052867,ekaru2,2851074.0,28567,T0,2025-04-04 04:23:42 UTC,107912690,question_extractor,,5.2.0,1.0,,,,
628052867,ekaru2,2851074.0,28567,T1,2025-04-04 04:23:42 UTC,107912690,question_extractor,,5.2.0,,1.0,,,
628052880,ekaru2,2851074.0,28567,T0,2025-04-04 04:23:49 UTC,107912775,question_extractor,1.0,5.2.0,,,,,
628052880,ekaru2,2851074.0,28567,T1,2025-04-04 04:23:49 UTC,107912775,question_extractor,,5.2.0,,,,,
628052913,ekaru2,2851074.0,28567,T0,2025-04-04 04:24:06 UTC,107912923,question_extractor,1.0,5.2.0,,,,,
628052913,ekaru2,2851074.0,28567,T1,2025-04-04 04:24:06 UTC,107912923,question_extractor,,5.2.0,,,,,
628052975,ekaru2,2851074.0,28567,T0,2025-04-04 04:24:35 UTC,107912874,question_extractor,1.0,5.2.0,,,,,
628052975,ekaru2,2851074.0,28567,T1,2025-04-04 04:24:35 UTC,107912874,question_extractor,,5.2.0,,,,,
628052997,ekaru2,2851074.0,28567,T0,2025-04-04 04:24:44 UTC,107912796,question_extractor,1.0,5.2.0,,,,,
628052997,ekaru2,2851074.0,28567,T1,2025-04-04 04:24:44 UTC,107912796,question_extractor,,5.2.0,,,,,
628053071,ekaru2,2851074.0,28567,T0,2025-04-04 04:25:12 UTC,107912747,question_extractor,,5.2.0,1.0,,,,
628053071,ekaru2,2851074.0,28567,T1,2025-04-04 04:25:12 UTC,107912747,question_extractor,,5.2.0,,1.0,,,
628053133,ekaru2,2851074.0,28567,T0,2025-04-04 04:25:39 UTC,107912626,question_extractor,,5.2.0,1.0,,,,
628053133,ekaru2,2851074.0,28567,T1,2025-04-04 04:25:39 UTC,107912626,question_extractor,,5.2.0,,1.0,,,
628053180,ekaru2,2851074.0,28567,T0,2025-04-04 04:25:58 UTC,107912902,question_extractor,,5.2.0,,,,,1.0
628053180,ekaru2,2851074.0,28567,T1,2025-04-04 04:25:58 UTC,107912902,question_extractor,,5.2.0,,,,,
628053245,ekaru2,2851074.0,28567,T0,2025-04-04 04:26:27 UTC,107912676,question_extractor,,5.2.0,1.0,,,,
628053245,ekaru2,2851074.0,28567,T1,2025-04-04 04:26:27 UTC,107912676,question_extractor,,5.2.0,,1.0,,,
628053301,ekaru2,2851074.0,28567,T0,2025-04-04 04:26:49 UTC,107912855,question_extractor,1.0,5.2.0,,,,,
628053301,ekaru2,2851074.0,28567,T1,2025-04-04 04:26:49 UTC,107912855,question_extractor,,5.2.0,,,,,
628053364,ekaru2,2851074.0,28567,T0,2025-04-04 04:27:19 UTC,107912695,question_extractor,,5.2.0,,,,,1.0
628053364,ekaru2,2851074.0,28567,T1,2025-04-04 04:27:19 UTC,107912695,question_extractor,,5.2.0,,,,,
628053432,ekaru2,2851074.0,28567,T0,2025-04-04 04:27:45 UTC,107912650,question_extractor,,5.2.0,1.0,,,,
628053432,ekaru2,2851074.0,28567,T1,2025-04-04 04:27:45 UTC,107912650,question_extractor,,5.2.0,,,,,1.0
628053443,ekaru2,2851074.0,28567,T0,2025-04-04 04:27:51 UTC,107912869,question_extractor,1.0,5.2.0,,,,,
628053443,ekaru2,2851074.0,28567,T1,2025-04-04 04:27:51 UTC,107912869,question_extractor,,5.2.0,,,,,
628053477,ekaru2,2851074.0,28567,T0,2025-04-04 04:28:07 UTC,107912930,question_extractor,,5.2.0,1.0,,,,
628053477,ekaru2,2851074.0,28567,T1,2025-04-04 04:28:07 UTC,107912930,question_extractor,,5.2.0,,,,,1.0
628053484,ekaru2,2851074.0,28567,T0,2025-04-04 04:28:12 UTC,107912763,question_extractor,1.0,5.2.0,,,,,
628053484,ekaru2,2851074.0,28567,T1,2025-04-04 04:28:12 UTC,107912763,question_extractor,,5.2.0,,,,,
628053505,ekaru2,2851074.0,28567,T0,2025-04-04 04:28:23 UTC,107912710,question_extractor,1.0,5.2.0,,,,,
628053505,ekaru2,2851074.0,28567,T1,2025-04-04 04:28:23 UTC,107912710,question_extractor,,5.2.0,,,,,
628081075,shocko61,3427.0,28567,T0,2025-04-04 08:43:02 UTC,107912924,question_extractor,1.0,5.2.0,,,,,
628081075,shocko61,3427.0,28567,T1,2025-04-04 08:43:02 UTC,107912924,question_extractor,,5.2.0,,,,,
628081141,shocko61,3427.0,28567,T0,2025-04-04 08:43:57 UTC,107912689,question_extractor,1.0,5.2.0,,,,,
628081141,shocko61,3427.0,28567,T1,2025-04-04 08:43:57 UTC,107912689,question_extractor,,5.2.0,,,,,
628081157,shocko61,3427.0,28567,T0,2025-04-04 08:44:13 UTC,107912711,question_extractor,1.0,5.2.0,,,,,
628081157,shocko61,3427.0,28567,T1,2025-04-04 08:44:13 UTC,107912711,question_extractor,,5.2.0,,,,,
628081342,shocko61,3427.0,28567,T0,2025-04-04 08:46:23 UTC,107912920,question_extractor,1.0,5.2.0,,,,,
628081342,shocko61,3427.0,28567,T1,2025-04-04 08:46:23 UTC,107912920,question_extractor,,5.2.0,,,,,
628081727,shocko61,3427.0,28567,T0,2025-04-04 08:52:44 UTC,107912664,question_extractor,1.0,5.2.0,,,,,
628081727,shocko61,3427.0,28567,T1,2025-04-04 08:52:44 UTC,107912664,question_extractor,,5.2.0,,,,,
628081741,shocko61,3427.0,28567,T0,2025-04-04 08:52:56 UTC,107912958,question_extractor,1.0,5.2.0,,,,,
628081741,shocko61,3427.0,28567,T1,2025-04-04 08:52:56 UTC,107912958,question_extractor,,5.2.0,,,,,
628081795,shocko61,3427.0,28567,T0,2025-04-04 08:53:40 UTC,107912746,question_extractor,1.0,5.2.0,,,,,
628081795,shocko61,3427.0,28567,T1,2025-04-04 08:53:40 UTC,107912746,question_extractor,,5.2.0,,,,,
628081804,shocko61,3427.0,28567,T0,2025-04-04 08:53:49 UTC,107912696,question_extractor,1.0,5.2.0,,,,,
628081804,shocko61,3427.0,28567,T1,2025-04-04 08:53:49 UTC,107912696,question_extractor,,5.2.0,,,,,
628081826,shocko61,3427.0,28567,T0,2025-04-04 08:54:04 UTC,107912668,question_extractor,1.0,5.2.0,,,,,
628081826,shocko61,3427.0,28567,T1,2025-04-04 08:54:04 UTC,107912668,question_extractor,,5.2.0,,,,,
628081872,shocko61,3427.0,28567,T0,2025-04-04 08:54:43 UTC,107912691,question_extractor,1.0,5.2.0,,,,,
628081872,shocko61,3427.0,28567,T1,2025-04-04 08:54:43 UTC,107912691,question_extractor,,5.2.0,,,,,
628081891,shocko61,3427.0,28567,T0,2025-04-04 08:54:55 UTC,107912717,question_extractor,1.0,5.2.0,,,,,
628081891,shocko61,3427.0,28567,T1,2025-04-04 08:54:55 UTC,107912717,question_extractor,,5.2.0,,,,,
628081902,shocko61,3427.0,28567,T0,2025-04-04 08:55:05 UTC,107912727,question_extractor,1.0,5.2.0,,,,,
628081902,shocko61,3427.0,28567,T1,2025-04-04 08:55:05 UTC,107912727,question_extractor,,5.2.0,,,,,
628081915,shocko61,3427.0,28567,T0,2025-04-04 08:55:13 UTC,107912756,question_extractor,1.0,5.2.0,,,,,
628081915,shocko61,3427.0,28567,T1,2025-04-04 08:55:13 UTC,107912756,question_extractor,,5.2.0,,,,,
628081929,shocko61,3427.0,28567,T0,2025-04-04 08:55:20 UTC,107912672,question_extractor,1.0,5.2.0,,,,,
628081929,shocko61,3427.0,28567,T1,2025-04-04 08:55:20 UTC,107912672,question_extractor,,5.2.0,,,,,
628081940,shocko61,3427.0,28567,T0,2025-04-04 08:55:27 UTC,107912809,question_extractor,1.0,5.2.0,,,,,
628081940,shocko61,3427.0,28567,T1,2025-04-04 08:55:27 UTC,107912809,question_extractor,,5.2.0,,,,,
628082006,shocko61,3427.0,28567,T0,2025-04-04 08:56:09 UTC,107912887,question_extractor,1.0,5.2.0,,,,,
628082006,shocko61,3427.0,28567,T1,2025-04-04 08:56:09 UTC,107912887,question_extractor,,5.2.0,,,,,
628082025,shocko61,3427.0,28567,T0,2025-04-04 08:56:18 UTC,107912748,question_extractor,1.0,5.2.0,,,,,
628082025,shocko61,3427.0,28567,T1,2025-04-04 08:56:18 UTC,107912748,question_extractor,,5.2.0,,,,,
628082035,shocko61,3427.0,28567,T0,2025-04-04 08:56:24 UTC,107912897,question_extractor,1.0,5.2.0,,,,,
628082035,shocko61,3427.0,28567,T1,2025-04-04 08:56:24 UTC,107912897,question_extractor,,5.2.0,,,,,
628082046,shocko61,3427.0,28567,T0,2025-04-04 08:56:30 UTC,107912957,question_extractor,1.0,5.2.0,,,,,
628082046,shocko61,3427.0,28567,T1,2025-04-04 08:56:30 UTC,107912957,question_extractor,,5.2.0,,,,,
628082056,shocko61,3427.0,28567,T0,2025-04-04 08:56:37 UTC,107912792,question_extractor,1.0,5.2.0,,,,,
628082056,shocko61,3427.0,28567,T1,2025-04-04 08:56:37 UTC,107912792,question_extractor,,5.2.0,,,,,
628082071,shocko61,3427.0,28567,T0,2025-04-04 08:56:43 UTC,107912684,question_extractor,1.0,5.2.0,,,,,
628082071,shocko61,3427.0,28567,T1,2025-04-04 08:56:43 UTC,107912684,question_extractor,,5.2.0,,,,,
628082083,shocko61,3427.0,28567,T0,2025-04-04 08:56:49 UTC,107912784,question_extractor,1.0,5.2.0,,,,,
628082083,shocko61,3427.0,28567,T1,2025-04-04 08:56:49 UTC,107912784,question_extractor,,5.2.0,,,,,
628082097,shocko61,3427.0,28567,T0,2025-04-04 08:56:56 UTC,107912913,question_extractor,1.0,5.2.0,,,,,
628082097,shocko61,3427.0,28567,T1,2025-04-04 08:56:56 UTC,107912913,question_extractor,,5.2.0,,,,,
628082111,shocko61,3427.0,28567,T0,2025-04-04 08:57:05 UTC,107912948,question_extractor,1.0,5.2.0,,,,,
628082111,shocko61,3427.0,28567,T1,2025-04-04 08:57:05 UTC,107912948,question_extractor,,5.2.0,,,,,
628082118,shocko61,3427.0,28567,T0,2025-04-04 08:57:11 UTC,107912831,question_extractor,1.0,5.2.0,,,,,
628082118,shocko61,3427.0,28567,T1,2025-04-04 08:57:11 UTC,107912831,question_extractor,,5.2.0,,,,,
628082126,shocko61,3427.0,28567,T0,2025-04-04 08:57:18 UTC,107912931,question_extractor,1.0,5.2.0,,,,,
628082126,shocko61,3427.0,28567,T1,2025-04-04 08:57:18 UTC,107912931,question_extractor,,5.2.0,,,,,
628082166,shocko61,3427.0,28567,T0,2025-04-04 08:57:46 UTC,107912671,question_extractor,1.0,5.2.0,,,,,
628082166,shocko61,3427.0,28567,T1,2025-04-04 08:57:46 UTC,107912671,question_extractor,,5.2.0,,,,,
628082184,shocko61,3427.0,28567,T0,2025-04-04 08:57:55 UTC,107912835,question_extractor,1.0,5.2.0,,,,,
628082184,shocko61,3427.0,28567,T1,2025-04-04 08:57:55 UTC,107912835,question_extractor,,5.2.0,,,,,
628082204,shocko61,3427.0,28567,T0,2025-04-04 08:58:01 UTC,107912877,question_extractor,1.0,5.2.0,,,,,
628082204,shocko61,3427.0,28567,T1,2025-04-04 08:58:01 UTC,107912877,question_extractor,,5.2.0,,,,,
628082220,shocko61,3427.0,28567,T0,2025-04-04 08:58:10 UTC,107912773,question_extractor,1.0,5.2.0,,,,,
628082220,shocko61,3427.0,28567,T1,2025-04-04 08:58:10 UTC,107912773,question_extractor,,5.2.0,,,,,
628082230,shocko61,3427.0,28567,T0,2025-04-04 08:58:16 UTC,107912706,question_extractor,1.0,5.2.0,,,,,
628082230,shocko61,3427.0,28567,T1,2025-04-04 08:58:16 UTC,107912706,question_extractor,,5.2.0,,,,,
628082241,shocko61,3427.0,28567,T0,2025-04-04 08:58:22 UTC,107912726,question_extractor,1.0,5.2.0,,,,,
628082241,shocko61,3427.0,28567,T1,2025-04-04 08:58:22 UTC,107912726,question_extractor,,5.2.0,,,,,
628082251,shocko61,3427.0,28567,T0,2025-04-04 08:58:27 UTC,107912633,question_extractor,1.0,5.2.0,,,,,
628082251,shocko61,3427.0,28567,T1,2025-04-04 08:58:27 UTC,107912633,question_extractor,,5.2.0,,,,,
628082264,shocko61,3427.0,28567,T0,2025-04-04 08:58:33 UTC,107912862,question_extractor,1.0,5.2.0,,,,,
628082264,shocko61,3427.0,28567,T1,2025-04-04 08:58:33 UTC,107912862,question_extractor,,5.2.0,,,,,
628082275,shocko61,3427.0,28567,T0,2025-04-04 08:58:38 UTC,107912949,question_extractor,1.0,5.2.0,,,,,
628082275,shocko61,3427.0,28567,T1,2025-04-04 08:58:38 UTC,107912949,question_extractor,,5.2.0,,,,,
628082281,shocko61,3427.0,28567,T0,2025-04-04 08:58:44 UTC,107912779,question_extractor,1.0,5.2.0,,,,,
628082281,shocko61,3427.0,28567,T1,2025-04-04 08:58:44 UTC,107912779,question_extractor,,5.2.0,,,,,
628082291,shocko61,3427.0,28567,T0,2025-04-04 08:58:50 UTC,107912627,question_extractor,1.0,5.2.0,,,,,
628082291,shocko61,3427.0,28567,T1,2025-04-04 08:58:50 UTC,107912627,question_extractor,,5.2.0,,,,,
628082299,shocko61,3427.0,28567,T0,2025-04-04 08:58:55 UTC,107912799,question_extractor,1.0,5.2.0,,,,,
628082299,shocko61,3427.0,28567,T1,2025-04-04 08:58:55 UTC,107912799,question_extractor,,5.2.0,,,,,
628082310,shocko61,3427.0,28567,T0,2025-04-04 08:59:01 UTC,107912795,question_extractor,1.0,5.2.0,,,,,
628082310,shocko61,3427.0,28567,T1,2025-04-04 08:59:01 UTC,107912795,question_extractor,,5.2.0,,,,,
628082320,shocko61,3427.0,28567,T0,2025-04-04 08:59:07 UTC,107912854,question_extractor,1.0,5.2.0,,,,,
628082320,shocko61,3427.0,28567,T1,2025-04-04 08:59:07 UTC,107912854,question_extractor,,5.2.0,,,,,
628082607,shocko61,3427.0,28567,T0,2025-04-04 09:02:16 UTC,107912761,question_extractor,1.0,5.2.0,,,,,
628082607,shocko61,3427.0,28567,T1,2025-04-04 09:02:16 UTC,107912761,question_extractor,,5.2.0,,,,,
628083158,shocko61,3427.0,28567,T0,2025-04-04 09:09:55 UTC,107912739,question_extractor,1.0,5.2.0,,,,,
628083158,shocko61,3427.0,28567,T1,2025-04-04 09:09:55 UTC,107912739,question_extractor,,5.2.0,,,,,
628083176,shocko61,3427.0,28567,T0,2025-04-04 09:10:09 UTC,107912838,question_extractor,1.0,5.2.0,,,,,
628083176,shocko61,3427.0,28567,T1,2025-04-04 09:10:09 UTC,107912838,question_extractor,,5.2.0,,,,,
628083195,shocko61,3427.0,28567,T0,2025-04-04 09:10:23 UTC,107912812,question_extractor,1.0,5.2.0,,,,,
628083195,shocko61,3427.0,28567,T1,2025-04-04 09:10:23 UTC,107912812,question_extractor,,5.2.0,,,,,
628083211,shocko61,3427.0,28567,T0,2025-04-04 09:10:38 UTC,107912639,question_extractor,1.0,5.2.0,,,,,
628083211,shocko61,3427.0,28567,T1,2025-04-04 09:10:38 UTC,107912639,question_extractor,,5.2.0,,,,,
628084595,shocko61,3427.0,28567,T0,2025-04-04 09:22:21 UTC,107912825,question_extractor,1.0,5.2.0,,,,,
628084595,shocko61,3427.0,28567,T1,2025-04-04 09:22:21 UTC,107912825,question_extractor,,5.2.0,,,,,
628208927,samanthamcd20,2851430.0,28567,T0,2025-04-04 17:56:04 UTC,107912664,question_extractor,,5.2.0,1.0,,,,
628208927,samanthamcd20,2851430.0,28567,T1,2025-04-04 17:56:04 UTC,107912664,question_extractor,,5.2.0,,,,,1.0
628210877,samanthamcd20,2851430.0,28567,T0,2025-04-04 18:01:50 UTC,107912932,question_extractor,1.0,5.2.0,,,,,
628210877,samanthamcd20,2851430.0,28567,T1,2025-04-04 18:01:50 UTC,107912932,question_extractor,,5.2.0,,,,,
628215527,jamiekoehler_09,2851457.0,28567,T0,2025-04-04 18:15:42 UTC,107912622,question_extractor,,5.2.0,1.0,,,,
628215527,jamiekoehler_09,2851457.0,28567,T1,2025-04-04 18:15:42 UTC,107912622,question_extractor,,5.2.0,,1.0,,,
628215574,jamiekoehler_09,2851457.0,28567,T0,2025-04-04 18:15:48 UTC,107912849,question_extractor,1.0,5.2.0,,,,,
628215574,jamiekoehler_09,2851457.0,28567,T1,2025-04-04 18:15:48 UTC,107912849,question_extractor,,5.2.0,,,,,
628215610,jamiekoehler_09,2851457.0,28567,T0,2025-04-04 18:15:54 UTC,107912668,question_extractor,1.0,5.2.0,,,,,
628215610,jamiekoehler_09,2851457.0,28567,T1,2025-04-04 18:15:54 UTC,107912668,question_extractor,,5.2.0,,,,,
628215692,jamiekoehler_09,2851457.0,28567,T0,2025-04-04 18:16:05 UTC,107912823,question_extractor,,5.2.0,1.0,,,,
628215692,jamiekoehler_09,2851457.0,28567,T1,2025-04-04 18:16:05 UTC,107912823,question_extractor,,5.2.0,,1.0,,,
628215759,jamiekoehler_09,2851457.0,28567,T0,2025-04-04 18:16:14 UTC,107912744,question_extractor,,5.2.0,1.0,,,,
628215759,jamiekoehler_09,2851457.0,28567,T1,2025-04-04 18:16:14 UTC,107912744,question_extractor,,5.2.0,,1.0,,,
628215791,jamiekoehler_09,2851457.0,28567,T0,2025-04-04 18:16:18 UTC,107912714,question_extractor,1.0,5.2.0,,,,,
628215791,jamiekoehler_09,2851457.0,28567,T1,2025-04-04 18:16:18 UTC,107912714,question_extractor,,5.2.0,,,,,
628215835,jamiekoehler_09,2851457.0,28567,T0,2025-04-04 18:16:26 UTC,107912946,question_extractor,,5.2.0,,,,,1.0
628215835,jamiekoehler_09,2851457.0,28567,T1,2025-04-04 18:16:26 UTC,107912946,question_extractor,,5.2.0,,,,,
628215880,jamiekoehler_09,2851457.0,28567,T0,2025-04-04 18:16:32 UTC,107912674,question_extractor,1.0,5.2.0,,,,,
628215880,jamiekoehler_09,2851457.0,28567,T1,2025-04-04 18:16:32 UTC,107912674,question_extractor,,5.2.0,,,,,
628215954,jamiekoehler_09,2851457.0,28567,T0,2025-04-04 18:16:42 UTC,107912623,question_extractor,,5.2.0,1.0,,,,
628215954,jamiekoehler_09,2851457.0,28567,T1,2025-04-04 18:16:42 UTC,107912623,question_extractor,,5.2.0,,,,,1.0
628216053,jamiekoehler_09,2851457.0,28567,T0,2025-04-04 18:16:54 UTC,107912915,question_extractor,,5.2.0,1.0,,,,
628216053,jamiekoehler_09,2851457.0,28567,T1,2025-04-04 18:16:54 UTC,107912915,question_extractor,,5.2.0,,1.0,,,
628216099,jamiekoehler_09,2851457.0,28567,T0,2025-04-04 18:17:01 UTC,107912799,question_extractor,1.0,5.2.0,,,,,
628216099,jamiekoehler_09,2851457.0,28567,T1,2025-04-04 18:17:01 UTC,107912799,question_extractor,,5.2.0,,,,,
628216480,jamiekoehler_09,2851457.0,28567,T0,2025-04-04 18:17:52 UTC,107912700,question_extractor,,5.2.0,1.0,,,,
628216480,jamiekoehler_09,2851457.0,28567,T1,2025-04-04 18:17:52 UTC,107912700,question_extractor,,5.2.0,,1.0,,,
628216731,jamiekoehler_09,2851457.0,28567,T0,2025-04-04 18:18:21 UTC,107912910,question_extractor,,5.2.0,1.0,,,,
628216731,jamiekoehler_09,2851457.0,28567,T1,2025-04-04 18:18:21 UTC,107912910,question_extractor,,5.2.0,,,1.0,,
628216778,jamiekoehler_09,2851457.0,28567,T0,2025-04-04 18:18:26 UTC,107912776,question_extractor,1.0,5.2.0,,,,,
628216778,jamiekoehler_09,2851457.0,28567,T1,2025-04-04 18:18:26 UTC,107912776,question_extractor,,5.2.0,,,,,
628216847,jamiekoehler_09,2851457.0,28567,T0,2025-04-04 18:18:35 UTC,107912869,question_extractor,,5.2.0,1.0,,,,
628216847,jamiekoehler_09,2851457.0,28567,T1,2025-04-04 18:18:35 UTC,107912869,question_extractor,,5.2.0,,1.0,,,
628216914,jamiekoehler_09,2851457.0,28567,T0,2025-04-04 18:18:42 UTC,107912868,question_extractor,,5.2.0,1.0,,,,
628216914,jamiekoehler_09,2851457.0,28567,T1,2025-04-04 18:18:42 UTC,107912868,question_extractor,,5.2.0,,1.0,,,
628216939,jamiekoehler_09,2851457.0,28567,T0,2025-04-04 18:18:45 UTC,107912826,question_extractor,1.0,5.2.0,,,,,
628216939,jamiekoehler_09,2851457.0,28567,T1,2025-04-04 18:18:45 UTC,107912826,question_extractor,,5.2.0,,,,,
628216985,jamiekoehler_09,2851457.0,28567,T0,2025-04-04 18:18:51 UTC,107912877,question_extractor,,5.2.0,1.0,,,,
628216985,jamiekoehler_09,2851457.0,28567,T1,2025-04-04 18:18:51 UTC,107912877,question_extractor,,5.2.0,,1.0,,,
628217018,jamiekoehler_09,2851457.0,28567,T0,2025-04-04 18:18:55 UTC,107912794,question_extractor,1.0,5.2.0,,,,,
628217018,jamiekoehler_09,2851457.0,28567,T1,2025-04-04 18:18:55 UTC,107912794,question_extractor,,5.2.0,,,,,
628217069,jamiekoehler_09,2851457.0,28567,T0,2025-04-04 18:19:03 UTC,107912774,question_extractor,,5.2.0,1.0,,,,
628217069,jamiekoehler_09,2851457.0,28567,T1,2025-04-04 18:19:03 UTC,107912774,question_extractor,,5.2.0,,1.0,,,
628217110,jamiekoehler_09,2851457.0,28567,T0,2025-04-04 18:19:11 UTC,107912620,question_extractor,,5.2.0,1.0,,,,
628217110,jamiekoehler_09,2851457.0,28567,T1,2025-04-04 18:19:11 UTC,107912620,question_extractor,,5.2.0,,1.0,,,
628217170,jamiekoehler_09,2851457.0,28567,T0,2025-04-04 18:19:21 UTC,107912955,question_extractor,,5.2.0,1.0,,,,
628217170,jamiekoehler_09,2851457.0,28567,T1,2025-04-04 18:19:21 UTC,107912955,question_extractor,,5.2.0,,1.0,,,
628217184,jamiekoehler_09,2851457.0,28567,T0,2025-04-04 18:19:25 UTC,107912734,question_extractor,1.0,5.2.0,,,,,
628217184,jamiekoehler_09,2851457.0,28567,T1,2025-04-04 18:19:25 UTC,107912734,question_extractor,,5.2.0,,,,,
628217218,jamiekoehler_09,2851457.0,28567,T0,2025-04-04 18:19:30 UTC,107912675,question_extractor,,5.2.0,1.0,,,,
628217218,jamiekoehler_09,2851457.0,28567,T1,2025-04-04 18:19:30 UTC,107912675,question_extractor,,5.2.0,,1.0,,,
628225633,ekaru2,2851074.0,28567,T0,2025-04-04 18:42:17 UTC,107912649,question_extractor,1.0,5.2.0,,,,,
628225633,ekaru2,2851074.0,28567,T1,2025-04-04 18:42:17 UTC,107912649,question_extractor,,5.2.0,,,,,
628225676,ekaru2,2851074.0,28567,T0,2025-04-04 18:42:23 UTC,107912698,question_extractor,,5.2.0,,,,,1.0
628225676,ekaru2,2851074.0,28567,T1,2025-04-04 18:42:23 UTC,107912698,question_extractor,,5.2.0,,,,,
628225744,ekaru2,2851074.0,28567,T0,2025-04-04 18:42:33 UTC,107912807,question_extractor,,5.2.0,1.0,,,,
628225744,ekaru2,2851074.0,28567,T1,2025-04-04 18:42:33 UTC,107912807,question_extractor,,5.2.0,,1.0,,,
628225840,ekaru2,2851074.0,28567,T0,2025-04-04 18:42:47 UTC,107912774,question_extractor,,5.2.0,1.0,,,,
628225840,ekaru2,2851074.0,28567,T1,2025-04-04 18:42:47 UTC,107912774,question_extractor,,5.2.0,,,,,1.0
628225923,ekaru2,2851074.0,28567,T0,2025-04-04 18:42:58 UTC,107912839,question_extractor,,5.2.0,1.0,,,,
628225923,ekaru2,2851074.0,28567,T1,2025-04-04 18:42:58 UTC,107912839,question_extractor,,5.2.0,,1.0,,,
628226019,ekaru2,2851074.0,28567,T0,2025-04-04 18:43:13 UTC,107912787,question_extractor,,5.2.0,1.0,,,,
628226019,ekaru2,2851074.0,28567,T1,2025-04-04 18:43:13 UTC,107912787,question_extractor,,5.2.0,,1.0,,,
628226071,ekaru2,2851074.0,28567,T0,2025-04-04 18:43:21 UTC,107912867,question_extractor,,5.2.0,1.0,,,,
628226071,ekaru2,2851074.0,28567,T1,2025-04-04 18:43:21 UTC,107912867,question_extractor,,5.2.0,,1.0,,,
628226150,ekaru2,2851074.0,28567,T0,2025-04-04 18:43:33 UTC,107912711,question_extractor,1.0,5.2.0,,,,,
628226150,ekaru2,2851074.0,28567,T1,2025-04-04 18:43:33 UTC,107912711,question_extractor,,5.2.0,,,,,
628251731,jamiekoehler_09,2851457.0,28567,T0,2025-04-04 20:12:02 UTC,107912704,question_extractor,1.0,5.2.0,,,,,
628251731,jamiekoehler_09,2851457.0,28567,T1,2025-04-04 20:12:02 UTC,107912704,question_extractor,,5.2.0,,,,,
628251758,jamiekoehler_09,2851457.0,28567,T0,2025-04-04 20:12:07 UTC,107912730,question_extractor,1.0,5.2.0,,,,,
628251758,jamiekoehler_09,2851457.0,28567,T1,2025-04-04 20:12:07 UTC,107912730,question_extractor,,5.2.0,,,,,
628257715,jamiekoehler_09,2851457.0,28567,T0,2025-04-04 20:30:15 UTC,107912743,question_extractor,,5.2.0,1.0,,,,
628257715,jamiekoehler_09,2851457.0,28567,T1,2025-04-04 20:30:15 UTC,107912743,question_extractor,,5.2.0,,1.0,,,
628257738,jamiekoehler_09,2851457.0,28567,T0,2025-04-04 20:30:19 UTC,107912656,question_extractor,1.0,5.2.0,,,,,
628257738,jamiekoehler_09,2851457.0,28567,T1,2025-04-04 20:30:19 UTC,107912656,question_extractor,,5.2.0,,,,,
628257772,jamiekoehler_09,2851457.0,28567,T0,2025-04-04 20:30:26 UTC,107912878,question_extractor,1.0,5.2.0,,,,,
628257772,jamiekoehler_09,2851457.0,28567,T1,2025-04-04 20:30:26 UTC,107912878,question_extractor,,5.2.0,,,,,
628257810,jamiekoehler_09,2851457.0,28567,T0,2025-04-04 20:30:31 UTC,107912737,question_extractor,1.0,5.2.0,,,,,
628257810,jamiekoehler_09,2851457.0,28567,T1,2025-04-04 20:30:31 UTC,107912737,question_extractor,,5.2.0,,,,,
628257841,jamiekoehler_09,2851457.0,28567,T0,2025-04-04 20:30:35 UTC,107912713,question_extractor,1.0,5.2.0,,,,,
628257841,jamiekoehler_09,2851457.0,28567,T1,2025-04-04 20:30:35 UTC,107912713,question_extractor,,5.2.0,,,,,
628257872,jamiekoehler_09,2851457.0,28567,T0,2025-04-04 20:30:41 UTC,107912887,question_extractor,,5.2.0,1.0,,,,
628257872,jamiekoehler_09,2851457.0,28567,T1,2025-04-04 20:30:41 UTC,107912887,question_extractor,,5.2.0,,1.0,,,
628259150,jamiekoehler_09,2851457.0,28567,T0,2025-04-04 20:34:01 UTC,107912786,question_extractor,,5.2.0,1.0,,,,
628259150,jamiekoehler_09,2851457.0,28567,T1,2025-04-04 20:34:01 UTC,107912786,question_extractor,,5.2.0,,1.0,,,
628259208,jamiekoehler_09,2851457.0,28567,T0,2025-04-04 20:34:09 UTC,107912763,question_extractor,1.0,5.2.0,,,,,
628259208,jamiekoehler_09,2851457.0,28567,T1,2025-04-04 20:34:09 UTC,107912763,question_extractor,,5.2.0,,,,,
628303295,AnneListens,1882787.0,28567,T0,2025-04-04 23:57:06 UTC,107912853,question_extractor,,5.2.0,1.0,,,,
628303295,AnneListens,1882787.0,28567,T1,2025-04-04 23:57:06 UTC,107912853,question_extractor,,5.2.0,,1.0,,,
628303342,AnneListens,1882787.0,28567,T0,2025-04-04 23:57:22 UTC,107912807,question_extractor,,5.2.0,1.0,,,,
628303342,AnneListens,1882787.0,28567,T1,2025-04-04 23:57:22 UTC,107912807,question_extractor,,5.2.0,,1.0,,,
628520664,zandrea.alej,2852004.0,28567,T0,2025-04-06 03:15:25 UTC,107912737,question_extractor,1.0,5.2.0,,,,,
628520664,zandrea.alej,2852004.0,28567,T1,2025-04-06 03:15:25 UTC,107912737,question_extractor,,5.2.0,,,,,
628520695,zandrea.alej,2852004.0,28567,T0,2025-04-06 03:16:18 UTC,107912868,question_extractor,,5.2.0,1.0,,,,
628520695,zandrea.alej,2852004.0,28567,T1,2025-04-06 03:16:18 UTC,107912868,question_extractor,,5.2.0,,,1.0,,
628520698,zandrea.alej,2852004.0,28567,T0,2025-04-06 03:16:23 UTC,107912916,question_extractor,1.0,5.2.0,,,,,
628520698,zandrea.alej,2852004.0,28567,T1,2025-04-06 03:16:23 UTC,107912916,question_extractor,,5.2.0,,,,,
628520708,zandrea.alej,2852004.0,28567,T0,2025-04-06 03:16:31 UTC,107912671,question_extractor,,5.2.0,1.0,,,,
628520708,zandrea.alej,2852004.0,28567,T1,2025-04-06 03:16:31 UTC,107912671,question_extractor,,5.2.0,,,1.0,,
628520725,zandrea.alej,2852004.0,28567,T0,2025-04-06 03:16:49 UTC,107912640,question_extractor,,5.2.0,1.0,,,,
628520725,zandrea.alej,2852004.0,28567,T1,2025-04-06 03:16:49 UTC,107912640,question_extractor,,5.2.0,,1.0,,,
628520745,zandrea.alej,2852004.0,28567,T0,2025-04-06 03:17:06 UTC,107912862,question_extractor,,5.2.0,1.0,,,,
628520745,zandrea.alej,2852004.0,28567,T1,2025-04-06 03:17:06 UTC,107912862,question_extractor,,5.2.0,,1.0,,,
628520752,zandrea.alej,2852004.0,28567,T0,2025-04-06 03:17:13 UTC,107912776,question_extractor,1.0,5.2.0,,,,,
628520752,zandrea.alej,2852004.0,28567,T1,2025-04-06 03:17:13 UTC,107912776,question_extractor,,5.2.0,,,,,
628520759,zandrea.alej,2852004.0,28567,T0,2025-04-06 03:17:18 UTC,107912883,question_extractor,1.0,5.2.0,,,,,
628520759,zandrea.alej,2852004.0,28567,T1,2025-04-06 03:17:18 UTC,107912883,question_extractor,,5.2.0,,,,,
628520767,zandrea.alej,2852004.0,28567,T0,2025-04-06 03:17:24 UTC,107912697,question_extractor,1.0,5.2.0,,,,,
628520767,zandrea.alej,2852004.0,28567,T1,2025-04-06 03:17:24 UTC,107912697,question_extractor,,5.2.0,,,,,
628960734,Natalie.valen,2852782.0,28567,T0,2025-04-08 02:14:39 UTC,107912889,question_extractor,1.0,5.2.0,,,,,
628960734,Natalie.valen,2852782.0,28567,T1,2025-04-08 02:14:39 UTC,107912889,question_extractor,,5.2.0,,,,,
628960757,Natalie.valen,2852782.0,28567,T0,2025-04-08 02:14:49 UTC,107912711,question_extractor,,5.2.0,,,,,1.0
628960757,Natalie.valen,2852782.0,28567,T1,2025-04-08 02:14:49 UTC,107912711,question_extractor,,5.2.0,,,,,
628960794,Natalie.valen,2852782.0,28567,T0,2025-04-08 02:15:02 UTC,107912675,question_extractor,,5.2.0,1.0,,,,
628960794,Natalie.valen,2852782.0,28567,T1,2025-04-08 02:15:02 UTC,107912675,question_extractor,,5.2.0,,,1.0,,
628960832,Natalie.valen,2852782.0,28567,T0,2025-04-08 02:15:18 UTC,107912951,question_extractor,,5.2.0,1.0,,,,
628960832,Natalie.valen,2852782.0,28567,T1,2025-04-08 02:15:18 UTC,107912951,question_extractor,,5.2.0,,,1.0,,
628960851,Natalie.valen,2852782.0,28567,T0,2025-04-08 02:15:26 UTC,107912939,question_extractor,,5.2.0,1.0,,,,
628960851,Natalie.valen,2852782.0,28567,T1,2025-04-08 02:15:26 UTC,107912939,question_extractor,,5.2.0,,,1.0,,
628960864,Natalie.valen,2852782.0,28567,T0,2025-04-08 02:15:30 UTC,107912898,question_extractor,1.0,5.2.0,,,,,
628960864,Natalie.valen,2852782.0,28567,T1,2025-04-08 02:15:30 UTC,107912898,question_extractor,,5.2.0,,,,,
628973817,not-logged-in-36556d72c3e7b8dc7ed0,,28567,T0,2025-04-08 03:44:10 UTC,107912629,question_extractor,,5.2.0,,,,,1.0
628973817,not-logged-in-36556d72c3e7b8dc7ed0,,28567,T1,2025-04-08 03:44:10 UTC,107912629,question_extractor,,5.2.0,,,,,
628973988,drastanley,2838190.0,28567,T0,2025-04-08 03:45:19 UTC,107912814,question_extractor,1.0,5.2.0,,,,,
628973988,drastanley,2838190.0,28567,T1,2025-04-08 03:45:19 UTC,107912814,question_extractor,,5.2.0,,,,,
628974021,drastanley,2838190.0,28567,T0,2025-04-08 03:45:32 UTC,107912828,question_extractor,1.0,5.2.0,,,,,
628974021,drastanley,2838190.0,28567,T1,2025-04-08 03:45:32 UTC,107912828,question_extractor,,5.2.0,,,,,
628974031,drastanley,2838190.0,28567,T0,2025-04-08 03:45:36 UTC,107912675,question_extractor,1.0,5.2.0,,,,,
628974031,drastanley,2838190.0,28567,T1,2025-04-08 03:45:36 UTC,107912675,question_extractor,,5.2.0,,,,,
628974050,drastanley,2838190.0,28567,T0,2025-04-08 03:45:42 UTC,107912749,question_extractor,,5.2.0,1.0,,,,
628974050,drastanley,2838190.0,28567,T1,2025-04-08 03:45:42 UTC,107912749,question_extractor,,5.2.0,,,1.0,,
628974067,drastanley,2838190.0,28567,T0,2025-04-08 03:45:49 UTC,107912815,question_extractor,1.0,5.2.0,,,,,
628974067,drastanley,2838190.0,28567,T1,2025-04-08 03:45:49 UTC,107912815,question_extractor,,5.2.0,,,,,
628974087,drastanley,2838190.0,28567,T0,2025-04-08 03:45:56 UTC,107912715,question_extractor,,5.2.0,1.0,,,,
628974087,drastanley,2838190.0,28567,T1,2025-04-08 03:45:56 UTC,107912715,question_extractor,,5.2.0,,,1.0,,
628974150,drastanley,2838190.0,28567,T0,2025-04-08 03:46:21 UTC,107912935,question_extractor,,5.2.0,,,,,1.0
628974150,drastanley,2838190.0,28567,T1,2025-04-08 03:46:21 UTC,107912935,question_extractor,,5.2.0,,,,,
628974170,drastanley,2838190.0,28567,T0,2025-04-08 03:46:29 UTC,107912949,question_extractor,1.0,5.2.0,,,,,
628974170,drastanley,2838190.0,28567,T1,2025-04-08 03:46:29 UTC,107912949,question_extractor,,5.2.0,,,,,
628974178,drastanley,2838190.0,28567,T0,2025-04-08 03:46:33 UTC,107912821,question_extractor,,5.2.0,,,,,1.0
628974178,drastanley,2838190.0,28567,T1,2025-04-08 03:46:33 UTC,107912821,question_extractor,,5.2.0,,,,,
628974190,drastanley,2838190.0,28567,T0,2025-04-08 03:46:40 UTC,107912718,question_extractor,,5.2.0,1.0,,,,
628974190,drastanley,2838190.0,28567,T1,2025-04-08 03:46:40 UTC,107912718,question_extractor,,5.2.0,,,1.0,,
628974205,drastanley,2838190.0,28567,T0,2025-04-08 03:46:45 UTC,107912859,question_extractor,,5.2.0,1.0,,,,
628974205,drastanley,2838190.0,28567,T1,2025-04-08 03:46:45 UTC,107912859,question_extractor,,5.2.0,,,1.0,,
628974218,drastanley,2838190.0,28567,T0,2025-04-08 03:46:52 UTC,107912720,question_extractor,,5.2.0,1.0,,,,
628974218,drastanley,2838190.0,28567,T1,2025-04-08 03:46:52 UTC,107912720,question_extractor,,5.2.0,,,1.0,,
628974253,drastanley,2838190.0,28567,T0,2025-04-08 03:47:08 UTC,107912925,question_extractor,1.0,5.2.0,,,,,
628974253,drastanley,2838190.0,28567,T1,2025-04-08 03:47:08 UTC,107912925,question_extractor,,5.2.0,,,,,
628974256,drastanley,2838190.0,28567,T0,2025-04-08 03:47:11 UTC,107912714,question_extractor,1.0,5.2.0,,,,,
628974256,drastanley,2838190.0,28567,T1,2025-04-08 03:47:11 UTC,107912714,question_extractor,,5.2.0,,,,,
628974267,drastanley,2838190.0,28567,T0,2025-04-08 03:47:17 UTC,107912938,question_extractor,,5.2.0,1.0,,,,
628974267,drastanley,2838190.0,28567,T1,2025-04-08 03:47:17 UTC,107912938,question_extractor,,5.2.0,,,1.0,,
628974297,drastanley,2838190.0,28567,T0,2025-04-08 03:47:33 UTC,107912642,question_extractor,,5.2.0,,,,,1.0
628974297,drastanley,2838190.0,28567,T1,2025-04-08 03:47:33 UTC,107912642,question_extractor,,5.2.0,,,,,
628974303,drastanley,2838190.0,28567,T0,2025-04-08 03:47:37 UTC,107912711,question_extractor,1.0,5.2.0,,,,,
628974303,drastanley,2838190.0,28567,T1,2025-04-08 03:47:37 UTC,107912711,question_extractor,,5.2.0,,,,,
628974313,drastanley,2838190.0,28567,T0,2025-04-08 03:47:41 UTC,107912932,question_extractor,1.0,5.2.0,,,,,
628974313,drastanley,2838190.0,28567,T1,2025-04-08 03:47:41 UTC,107912932,question_extractor,,5.2.0,,,,,
628974322,drastanley,2838190.0,28567,T0,2025-04-08 03:47:47 UTC,107912853,question_extractor,1.0,5.2.0,,,,,
628974322,drastanley,2838190.0,28567,T1,2025-04-08 03:47:47 UTC,107912853,question_extractor,,5.2.0,,,,,
628974328,drastanley,2838190.0,28567,T0,2025-04-08 03:47:52 UTC,107912908,question_extractor,,5.2.0,1.0,,,,
628974328,drastanley,2838190.0,28567,T1,2025-04-08 03:47:52 UTC,107912908,question_extractor,,5.2.0,,,1.0,,
629184093,eehenderson,2853193.0,28567,T0,2025-04-08 21:15:40 UTC,107912619,question_extractor,1.0,5.2.0,,,,,
629184093,eehenderson,2853193.0,28567,T1,2025-04-08 21:15:40 UTC,107912619,question_extractor,,5.2.0,,,,,
629184123,eehenderson,2853193.0,28567,T0,2025-04-08 21:15:49 UTC,107912729,question_extractor,,5.2.0,1.0,,,,
629184123,eehenderson,2853193.0,28567,T1,2025-04-08 21:15:49 UTC,107912729,question_extractor,,5.2.0,,1.0,,,
629184138,eehenderson,2853193.0,28567,T0,2025-04-08 21:15:55 UTC,107912709,question_extractor,1.0,5.2.0,,,,,
629184138,eehenderson,2853193.0,28567,T1,2025-04-08 21:15:55 UTC,107912709,question_extractor,,5.2.0,,,,,
629184158,eehenderson,2853193.0,28567,T0,2025-04-08 21:16:03 UTC,107912721,question_extractor,,5.2.0,1.0,,,,
629184158,eehenderson,2853193.0,28567,T1,2025-04-08 21:16:03 UTC,107912721,question_extractor,,5.2.0,,1.0,,,
629184171,eehenderson,2853193.0,28567,T0,2025-04-08 21:16:08 UTC,107912707,question_extractor,1.0,5.2.0,,,,,
629184171,eehenderson,2853193.0,28567,T1,2025-04-08 21:16:08 UTC,107912707,question_extractor,,5.2.0,,,,,
629184192,eehenderson,2853193.0,28567,T0,2025-04-08 21:16:16 UTC,107912932,question_extractor,,5.2.0,1.0,,,,
629184192,eehenderson,2853193.0,28567,T1,2025-04-08 21:16:16 UTC,107912932,question_extractor,,5.2.0,,1.0,,,
629184216,eehenderson,2853193.0,28567,T0,2025-04-08 21:16:25 UTC,107912935,question_extractor,,5.2.0,1.0,,,,
629184216,eehenderson,2853193.0,28567,T1,2025-04-08 21:16:25 UTC,107912935,question_extractor,,5.2.0,,1.0,,,
629184242,eehenderson,2853193.0,28567,T0,2025-04-08 21:16:36 UTC,107912719,question_extractor,,5.2.0,1.0,,,,
629184242,eehenderson,2853193.0,28567,T1,2025-04-08 21:16:36 UTC,107912719,question_extractor,,5.2.0,,1.0,,,
629214212,Justrebecca101,2853334.0,28567,T0,2025-04-08 23:55:00 UTC,107912709,question_extractor,1.0,5.2.0,,,,,
629214212,Justrebecca101,2853334.0,28567,T1,2025-04-08 23:55:00 UTC,107912709,question_extractor,,5.2.0,,,,,
629214301,Justrebecca101,2853334.0,28567,T0,2025-04-08 23:55:58 UTC,107912749,question_extractor,,5.2.0,1.0,,,,
629214301,Justrebecca101,2853334.0,28567,T1,2025-04-08 23:55:58 UTC,107912749,question_extractor,,5.2.0,,,,,1.0
629214329,Justrebecca101,2853334.0,28567,T0,2025-04-08 23:56:09 UTC,107912739,question_extractor,,5.2.0,1.0,,,,
629214329,Justrebecca101,2853334.0,28567,T1,2025-04-08 23:56:09 UTC,107912739,question_extractor,,5.2.0,,,,,1.0
629214354,Justrebecca101,2853334.0,28567,T0,2025-04-08 23:56:16 UTC,107912678,question_extractor,,5.2.0,1.0,,,,
629214354,Justrebecca101,2853334.0,28567,T1,2025-04-08 23:56:16 UTC,107912678,question_extractor,,5.2.0,,,1.0,,
629214392,Justrebecca101,2853334.0,28567,T0,2025-04-08 23:56:29 UTC,107912818,question_extractor,,5.2.0,1.0,,,,
629214392,Justrebecca101,2853334.0,28567,T1,2025-04-08 23:56:29 UTC,107912818,question_extractor,,5.2.0,,,1.0,,
629214412,Justrebecca101,2853334.0,28567,T0,2025-04-08 23:56:34 UTC,107912923,question_extractor,1.0,5.2.0,,,,,
629214412,Justrebecca101,2853334.0,28567,T1,2025-04-08 23:56:34 UTC,107912923,question_extractor,,5.2.0,,,,,
629214428,Justrebecca101,2853334.0,28567,T0,2025-04-08 23:56:40 UTC,107912869,question_extractor,1.0,5.2.0,,,,,
629214428,Justrebecca101,2853334.0,28567,T1,2025-04-08 23:56:40 UTC,107912869,question_extractor,,5.2.0,,,,,
629214445,Justrebecca101,2853334.0,28567,T0,2025-04-08 23:56:45 UTC,107912850,question_extractor,1.0,5.2.0,,,,,
629214445,Justrebecca101,2853334.0,28567,T1,2025-04-08 23:56:45 UTC,107912850,question_extractor,,5.2.0,,,,,
629214469,Justrebecca101,2853334.0,28567,T0,2025-04-08 23:56:52 UTC,107912676,question_extractor,,5.2.0,1.0,,,,
629214469,Justrebecca101,2853334.0,28567,T1,2025-04-08 23:56:52 UTC,107912676,question_extractor,,5.2.0,,,1.0,,
629214477,Justrebecca101,2853334.0,28567,T0,2025-04-08 23:56:57 UTC,107912884,question_extractor,1.0,5.2.0,,,,,
629214477,Justrebecca101,2853334.0,28567,T1,2025-04-08 23:56:57 UTC,107912884,question_extractor,,5.2.0,,,,,
629214496,Justrebecca101,2853334.0,28567,T0,2025-04-08 23:57:04 UTC,107912646,question_extractor,,5.2.0,1.0,,,,
629214496,Justrebecca101,2853334.0,28567,T1,2025-04-08 23:57:04 UTC,107912646,question_extractor,,5.2.0,,,1.0,,
629214507,Justrebecca101,2853334.0,28567,T0,2025-04-08 23:57:09 UTC,107912916,question_extractor,1.0,5.2.0,,,,,
629214507,Justrebecca101,2853334.0,28567,T1,2025-04-08 23:57:09 UTC,107912916,question_extractor,,5.2.0,,,,,
629214529,Justrebecca101,2853334.0,28567,T0,2025-04-08 23:57:15 UTC,107912903,question_extractor,,5.2.0,1.0,,,,
629214529,Justrebecca101,2853334.0,28567,T1,2025-04-08 23:57:15 UTC,107912903,question_extractor,,5.2.0,,1.0,,,
629214549,Justrebecca101,2853334.0,28567,T0,2025-04-08 23:57:23 UTC,107912763,question_extractor,1.0,5.2.0,,,,,
629214549,Justrebecca101,2853334.0,28567,T1,2025-04-08 23:57:23 UTC,107912763,question_extractor,,5.2.0,,,,,
629214581,Justrebecca101,2853334.0,28567,T0,2025-04-08 23:57:36 UTC,107912854,question_extractor,1.0,5.2.0,,,,,
629214581,Justrebecca101,2853334.0,28567,T1,2025-04-08 23:57:36 UTC,107912854,question_extractor,,5.2.0,,,,,
629214597,Justrebecca101,2853334.0,28567,T0,2025-04-08 23:57:40 UTC,107912833,question_extractor,1.0,5.2.0,,,,,
629214597,Justrebecca101,2853334.0,28567,T1,2025-04-08 23:57:40 UTC,107912833,question_extractor,,5.2.0,,,,,
629214611,Justrebecca101,2853334.0,28567,T0,2025-04-08 23:57:45 UTC,107912738,question_extractor,,5.2.0,1.0,,,,
629214611,Justrebecca101,2853334.0,28567,T1,2025-04-08 23:57:45 UTC,107912738,question_extractor,,5.2.0,,1.0,,,
629214619,Justrebecca101,2853334.0,28567,T0,2025-04-08 23:57:49 UTC,107912823,question_extractor,1.0,5.2.0,,,,,
629214619,Justrebecca101,2853334.0,28567,T1,2025-04-08 23:57:49 UTC,107912823,question_extractor,,5.2.0,,,,,
629214632,Justrebecca101,2853334.0,28567,T0,2025-04-08 23:57:52 UTC,107912796,question_extractor,1.0,5.2.0,,,,,
629214632,Justrebecca101,2853334.0,28567,T1,2025-04-08 23:57:52 UTC,107912796,question_extractor,,5.2.0,,,,,
629214649,Justrebecca101,2853334.0,28567,T0,2025-04-08 23:57:57 UTC,107912653,question_extractor,,5.2.0,1.0,,,,
629214649,Justrebecca101,2853334.0,28567,T1,2025-04-08 23:57:57 UTC,107912653,question_extractor,,5.2.0,,1.0,,,
629214658,Justrebecca101,2853334.0,28567,T0,2025-04-08 23:58:00 UTC,107912668,question_extractor,1.0,5.2.0,,,,,
629214658,Justrebecca101,2853334.0,28567,T1,2025-04-08 23:58:00 UTC,107912668,question_extractor,,5.2.0,,,,,
629214671,Justrebecca101,2853334.0,28567,T0,2025-04-08 23:58:07 UTC,107912750,question_extractor,,5.2.0,1.0,,,,
629214671,Justrebecca101,2853334.0,28567,T1,2025-04-08 23:58:07 UTC,107912750,question_extractor,,5.2.0,,,1.0,,
629214682,Justrebecca101,2853334.0,28567,T0,2025-04-08 23:58:10 UTC,107912851,question_extractor,1.0,5.2.0,,,,,
629214682,Justrebecca101,2853334.0,28567,T1,2025-04-08 23:58:10 UTC,107912851,question_extractor,,5.2.0,,,,,
629214697,Justrebecca101,2853334.0,28567,T0,2025-04-08 23:58:15 UTC,107912951,question_extractor,,5.2.0,1.0,,,,
629214697,Justrebecca101,2853334.0,28567,T1,2025-04-08 23:58:15 UTC,107912951,question_extractor,,5.2.0,,1.0,,,
629214717,Justrebecca101,2853334.0,28567,T0,2025-04-08 23:58:21 UTC,107912680,question_extractor,1.0,5.2.0,,,,,
629214717,Justrebecca101,2853334.0,28567,T1,2025-04-08 23:58:21 UTC,107912680,question_extractor,,5.2.0,,,,,
629214737,Justrebecca101,2853334.0,28567,T0,2025-04-08 23:58:27 UTC,107912895,question_extractor,,5.2.0,1.0,,,,
629214737,Justrebecca101,2853334.0,28567,T1,2025-04-08 23:58:27 UTC,107912895,question_extractor,,5.2.0,,,1.0,,
629249530,KY0330.,2852315.0,28567,T0,2025-04-09 03:45:23 UTC,107912687,question_extractor,,5.2.0,,,,,1.0
629249530,KY0330.,2852315.0,28567,T1,2025-04-09 03:45:23 UTC,107912687,question_extractor,,5.2.0,,,,,
629249538,KY0330.,2852315.0,28567,T0,2025-04-09 03:45:36 UTC,107912945,question_extractor,,5.2.0,1.0,,,,
629249538,KY0330.,2852315.0,28567,T1,2025-04-09 03:45:36 UTC,107912945,question_extractor,,5.2.0,,1.0,,,
629249670,KY0330.,2852315.0,28567,T0,2025-04-09 03:47:27 UTC,107912878,question_extractor,,5.2.0,1.0,,,,
629249670,KY0330.,2852315.0,28567,T1,2025-04-09 03:47:27 UTC,107912878,question_extractor,,5.2.0,,,1.0,,
629249686,KY0330.,2852315.0,28567,T0,2025-04-09 03:47:34 UTC,107912887,question_extractor,,5.2.0,1.0,,,,
629249686,KY0330.,2852315.0,28567,T1,2025-04-09 03:47:34 UTC,107912887,question_extractor,,5.2.0,,,1.0,,
629249695,KY0330.,2852315.0,28567,T0,2025-04-09 03:47:38 UTC,107912905,question_extractor,1.0,5.2.0,,,,,
629249695,KY0330.,2852315.0,28567,T1,2025-04-09 03:47:38 UTC,107912905,question_extractor,,5.2.0,,,,,
629249708,KY0330.,2852315.0,28567,T0,2025-04-09 03:47:45 UTC,107912883,question_extractor,,5.2.0,1.0,,,,
629249708,KY0330.,2852315.0,28567,T1,2025-04-09 03:47:45 UTC,107912883,question_extractor,,5.2.0,,1.0,,,
629249770,KY0330.,2852315.0,28567,T0,2025-04-09 03:48:37 UTC,107912920,question_extractor,,5.2.0,1.0,,,,
629249770,KY0330.,2852315.0,28567,T1,2025-04-09 03:48:37 UTC,107912920,question_extractor,,5.2.0,,,1.0,,
629249775,KY0330.,2852315.0,28567,T0,2025-04-09 03:48:41 UTC,107912645,question_extractor,,5.2.0,1.0,,,,
629249775,KY0330.,2852315.0,28567,T1,2025-04-09 03:48:41 UTC,107912645,question_extractor,,5.2.0,,,1.0,,
629249781,KY0330.,2852315.0,28567,T0,2025-04-09 03:48:45 UTC,107912903,question_extractor,,5.2.0,1.0,,,,
629249781,KY0330.,2852315.0,28567,T1,2025-04-09 03:48:45 UTC,107912903,question_extractor,,5.2.0,,,1.0,,
629249783,KY0330.,2852315.0,28567,T0,2025-04-09 03:48:50 UTC,107912818,question_extractor,,5.2.0,1.0,,,,
629249783,KY0330.,2852315.0,28567,T1,2025-04-09 03:48:50 UTC,107912818,question_extractor,,5.2.0,,,1.0,,
629249792,KY0330.,2852315.0,28567,T0,2025-04-09 03:48:56 UTC,107912712,question_extractor,,5.2.0,1.0,,,,
629249792,KY0330.,2852315.0,28567,T1,2025-04-09 03:48:56 UTC,107912712,question_extractor,,5.2.0,,,1.0,,
629249795,KY0330.,2852315.0,28567,T0,2025-04-09 03:49:00 UTC,107912672,question_extractor,,5.2.0,1.0,,,,
629249795,KY0330.,2852315.0,28567,T1,2025-04-09 03:49:00 UTC,107912672,question_extractor,,5.2.0,,,1.0,,
629249798,KY0330.,2852315.0,28567,T0,2025-04-09 03:49:03 UTC,107912857,question_extractor,1.0,5.2.0,,,,,
629249798,KY0330.,2852315.0,28567,T1,2025-04-09 03:49:03 UTC,107912857,question_extractor,,5.2.0,,,,,
629249807,KY0330.,2852315.0,28567,T0,2025-04-09 03:49:11 UTC,107912772,question_extractor,1.0,5.2.0,,,,,
629249807,KY0330.,2852315.0,28567,T1,2025-04-09 03:49:11 UTC,107912772,question_extractor,,5.2.0,,,,,
629249811,KY0330.,2852315.0,28567,T0,2025-04-09 03:49:15 UTC,107912947,question_extractor,1.0,5.2.0,,,,,
629249811,KY0330.,2852315.0,28567,T1,2025-04-09 03:49:15 UTC,107912947,question_extractor,,5.2.0,,,,,
629249819,KY0330.,2852315.0,28567,T0,2025-04-09 03:49:18 UTC,107912837,question_extractor,1.0,5.2.0,,,,,
629249819,KY0330.,2852315.0,28567,T1,2025-04-09 03:49:18 UTC,107912837,question_extractor,,5.2.0,,,,,
629249824,KY0330.,2852315.0,28567,T0,2025-04-09 03:49:23 UTC,107912886,question_extractor,,5.2.0,1.0,,,,
629249824,KY0330.,2852315.0,28567,T1,2025-04-09 03:49:23 UTC,107912886,question_extractor,,5.2.0,,,1.0,,
629249830,KY0330.,2852315.0,28567,T0,2025-04-09 03:49:27 UTC,107912624,question_extractor,,5.2.0,1.0,,,,
629249830,KY0330.,2852315.0,28567,T1,2025-04-09 03:49:27 UTC,107912624,question_extractor,,5.2.0,,,1.0,,
629249839,KY0330.,2852315.0,28567,T0,2025-04-09 03:49:36 UTC,107912866,question_extractor,,5.2.0,1.0,,,,
629249839,KY0330.,2852315.0,28567,T1,2025-04-09 03:49:36 UTC,107912866,question_extractor,,5.2.0,,,1.0,,
629249844,KY0330.,2852315.0,28567,T0,2025-04-09 03:49:40 UTC,107912787,question_extractor,,5.2.0,1.0,,,,
629249844,KY0330.,2852315.0,28567,T1,2025-04-09 03:49:40 UTC,107912787,question_extractor,,5.2.0,,,1.0,,
629249848,KY0330.,2852315.0,28567,T0,2025-04-09 03:49:44 UTC,107912630,question_extractor,,5.2.0,1.0,,,,
629249848,KY0330.,2852315.0,28567,T1,2025-04-09 03:49:44 UTC,107912630,question_extractor,,5.2.0,,,1.0,,
629249852,KY0330.,2852315.0,28567,T0,2025-04-09 03:49:48 UTC,107912730,question_extractor,,5.2.0,1.0,,,,
629249852,KY0330.,2852315.0,28567,T1,2025-04-09 03:49:48 UTC,107912730,question_extractor,,5.2.0,,1.0,,,
629249858,KY0330.,2852315.0,28567,T0,2025-04-09 03:49:54 UTC,107912678,question_extractor,,5.2.0,1.0,,,,
629249858,KY0330.,2852315.0,28567,T1,2025-04-09 03:49:54 UTC,107912678,question_extractor,,5.2.0,,,1.0,,
629272594,jellyfisho,2835330.0,28567,T0,2025-04-09 08:54:55 UTC,107912943,question_extractor,,5.2.0,,,,,1.0
629272594,jellyfisho,2835330.0,28567,T1,2025-04-09 08:54:55 UTC,107912943,question_extractor,,5.2.0,,,,,
629272608,jellyfisho,2835330.0,28567,T0,2025-04-09 08:55:02 UTC,107912656,question_extractor,1.0,5.2.0,,,,,
629272608,jellyfisho,2835330.0,28567,T1,2025-04-09 08:55:02 UTC,107912656,question_extractor,,5.2.0,,,,,
629272617,jellyfisho,2835330.0,28567,T0,2025-04-09 08:55:08 UTC,107912814,question_extractor,1.0,5.2.0,,,,,
629272617,jellyfisho,2835330.0,28567,T1,2025-04-09 08:55:08 UTC,107912814,question_extractor,,5.2.0,,,,,
629272633,jellyfisho,2835330.0,28567,T0,2025-04-09 08:55:19 UTC,107912953,question_extractor,,5.2.0,,,,,1.0
629272633,jellyfisho,2835330.0,28567,T1,2025-04-09 08:55:19 UTC,107912953,question_extractor,,5.2.0,,,,,
629272643,jellyfisho,2835330.0,28567,T0,2025-04-09 08:55:26 UTC,107912747,question_extractor,,5.2.0,1.0,,,,
629272643,jellyfisho,2835330.0,28567,T1,2025-04-09 08:55:26 UTC,107912747,question_extractor,,5.2.0,,,1.0,,
629272652,jellyfisho,2835330.0,28567,T0,2025-04-09 08:55:32 UTC,107912837,question_extractor,1.0,5.2.0,,,,,
629272652,jellyfisho,2835330.0,28567,T1,2025-04-09 08:55:32 UTC,107912837,question_extractor,,5.2.0,,,,,
629272662,jellyfisho,2835330.0,28567,T0,2025-04-09 08:55:38 UTC,107912867,question_extractor,,5.2.0,1.0,,,,
629272662,jellyfisho,2835330.0,28567,T1,2025-04-09 08:55:38 UTC,107912867,question_extractor,,5.2.0,,,1.0,,
629272673,jellyfisho,2835330.0,28567,T0,2025-04-09 08:55:43 UTC,107912918,question_extractor,,5.2.0,1.0,,,,
629272673,jellyfisho,2835330.0,28567,T1,2025-04-09 08:55:43 UTC,107912918,question_extractor,,5.2.0,,,1.0,,
629272683,jellyfisho,2835330.0,28567,T0,2025-04-09 08:55:49 UTC,107912830,question_extractor,1.0,5.2.0,,,,,
629272683,jellyfisho,2835330.0,28567,T1,2025-04-09 08:55:49 UTC,107912830,question_extractor,,5.2.0,,,,,
629272689,jellyfisho,2835330.0,28567,T0,2025-04-09 08:55:54 UTC,107912882,question_extractor,1.0,5.2.0,,,,,
629272689,jellyfisho,2835330.0,28567,T1,2025-04-09 08:55:54 UTC,107912882,question_extractor,,5.2.0,,,,,
629272695,jellyfisho,2835330.0,28567,T0,2025-04-09 08:55:58 UTC,107912946,question_extractor,1.0,5.2.0,,,,,
629272695,jellyfisho,2835330.0,28567,T1,2025-04-09 08:55:58 UTC,107912946,question_extractor,,5.2.0,,,,,
629272704,jellyfisho,2835330.0,28567,T0,2025-04-09 08:56:04 UTC,107912694,question_extractor,,5.2.0,1.0,,,,
629272704,jellyfisho,2835330.0,28567,T1,2025-04-09 08:56:04 UTC,107912694,question_extractor,,5.2.0,,,1.0,,
629272715,jellyfisho,2835330.0,28567,T0,2025-04-09 08:56:10 UTC,107912716,question_extractor,,5.2.0,1.0,,,,
629272715,jellyfisho,2835330.0,28567,T1,2025-04-09 08:56:10 UTC,107912716,question_extractor,,5.2.0,,,1.0,,
629272758,jellyfisho,2835330.0,28567,T0,2025-04-09 08:56:40 UTC,107912880,question_extractor,,5.2.0,1.0,,,,
629272758,jellyfisho,2835330.0,28567,T1,2025-04-09 08:56:40 UTC,107912880,question_extractor,,5.2.0,,,1.0,,
629272914,jellyfisho,2835330.0,28567,T0,2025-04-09 08:59:11 UTC,107912910,question_extractor,,5.2.0,1.0,,,,
629272914,jellyfisho,2835330.0,28567,T1,2025-04-09 08:59:11 UTC,107912910,question_extractor,,5.2.0,,,1.0,,
629272925,jellyfisho,2835330.0,28567,T0,2025-04-09 08:59:16 UTC,107912869,question_extractor,,5.2.0,1.0,,,,
629272925,jellyfisho,2835330.0,28567,T1,2025-04-09 08:59:16 UTC,107912869,question_extractor,,5.2.0,,,1.0,,
629272932,jellyfisho,2835330.0,28567,T0,2025-04-09 08:59:21 UTC,107912664,question_extractor,,5.2.0,1.0,,,,
629272932,jellyfisho,2835330.0,28567,T1,2025-04-09 08:59:21 UTC,107912664,question_extractor,,5.2.0,,,1.0,,
629272938,jellyfisho,2835330.0,28567,T0,2025-04-09 08:59:26 UTC,107912696,question_extractor,,5.2.0,1.0,,,,
629272938,jellyfisho,2835330.0,28567,T1,2025-04-09 08:59:26 UTC,107912696,question_extractor,,5.2.0,,,1.0,,
629272946,jellyfisho,2835330.0,28567,T0,2025-04-09 08:59:31 UTC,107912856,question_extractor,,5.2.0,1.0,,,,
629272946,jellyfisho,2835330.0,28567,T1,2025-04-09 08:59:31 UTC,107912856,question_extractor,,5.2.0,,,1.0,,
629272951,jellyfisho,2835330.0,28567,T0,2025-04-09 08:59:36 UTC,107912896,question_extractor,,5.2.0,1.0,,,,
629272951,jellyfisho,2835330.0,28567,T1,2025-04-09 08:59:36 UTC,107912896,question_extractor,,5.2.0,,,1.0,,
629272962,jellyfisho,2835330.0,28567,T0,2025-04-09 08:59:44 UTC,107912661,question_extractor,,5.2.0,,,,,1.0
629272962,jellyfisho,2835330.0,28567,T1,2025-04-09 08:59:44 UTC,107912661,question_extractor,,5.2.0,,,,,
629272979,jellyfisho,2835330.0,28567,T0,2025-04-09 08:59:54 UTC,107912906,question_extractor,,5.2.0,1.0,,,,
629272979,jellyfisho,2835330.0,28567,T1,2025-04-09 08:59:54 UTC,107912906,question_extractor,,5.2.0,,,1.0,,
629272987,jellyfisho,2835330.0,28567,T0,2025-04-09 08:59:59 UTC,107912826,question_extractor,,5.2.0,,,,,1.0
629272987,jellyfisho,2835330.0,28567,T1,2025-04-09 08:59:59 UTC,107912826,question_extractor,,5.2.0,,,,,
629272997,jellyfisho,2835330.0,28567,T0,2025-04-09 09:00:04 UTC,107912678,question_extractor,,5.2.0,1.0,,,,
629272997,jellyfisho,2835330.0,28567,T1,2025-04-09 09:00:04 UTC,107912678,question_extractor,,5.2.0,,,1.0,,
629273009,jellyfisho,2835330.0,28567,T0,2025-04-09 09:00:10 UTC,107912721,question_extractor,,5.2.0,1.0,,,,
629273009,jellyfisho,2835330.0,28567,T1,2025-04-09 09:00:10 UTC,107912721,question_extractor,,5.2.0,,,1.0,,
629273019,jellyfisho,2835330.0,28567,T0,2025-04-09 09:00:16 UTC,107912676,question_extractor,,5.2.0,1.0,,,,
629273019,jellyfisho,2835330.0,28567,T1,2025-04-09 09:00:16 UTC,107912676,question_extractor,,5.2.0,,,1.0,,
629273026,jellyfisho,2835330.0,28567,T0,2025-04-09 09:00:21 UTC,107912938,question_extractor,,5.2.0,1.0,,,,
629273026,jellyfisho,2835330.0,28567,T1,2025-04-09 09:00:21 UTC,107912938,question_extractor,,5.2.0,,,1.0,,
629273035,jellyfisho,2835330.0,28567,T0,2025-04-09 09:00:27 UTC,107912629,question_extractor,,5.2.0,1.0,,,,
629273035,jellyfisho,2835330.0,28567,T1,2025-04-09 09:00:27 UTC,107912629,question_extractor,,5.2.0,,,1.0,,
629273040,jellyfisho,2835330.0,28567,T0,2025-04-09 09:00:32 UTC,107912670,question_extractor,,5.2.0,1.0,,,,
629273040,jellyfisho,2835330.0,28567,T1,2025-04-09 09:00:32 UTC,107912670,question_extractor,,5.2.0,,,1.0,,
629273045,jellyfisho,2835330.0,28567,T0,2025-04-09 09:00:38 UTC,107912942,question_extractor,,5.2.0,1.0,,,,
629273045,jellyfisho,2835330.0,28567,T1,2025-04-09 09:00:38 UTC,107912942,question_extractor,,5.2.0,,,1.0,,
629273055,jellyfisho,2835330.0,28567,T0,2025-04-09 09:00:52 UTC,107912806,question_extractor,,5.2.0,,,,,1.0
629273055,jellyfisho,2835330.0,28567,T1,2025-04-09 09:00:52 UTC,107912806,question_extractor,,5.2.0,,,,,
629273063,jellyfisho,2835330.0,28567,T0,2025-04-09 09:00:58 UTC,107912836,question_extractor,,5.2.0,1.0,,,,
629273063,jellyfisho,2835330.0,28567,T1,2025-04-09 09:00:58 UTC,107912836,question_extractor,,5.2.0,,,1.0,,
629273069,jellyfisho,2835330.0,28567,T0,2025-04-09 09:01:04 UTC,107912894,question_extractor,,5.2.0,1.0,,,,
629273069,jellyfisho,2835330.0,28567,T1,2025-04-09 09:01:04 UTC,107912894,question_extractor,,5.2.0,,,1.0,,
629273082,jellyfisho,2835330.0,28567,T0,2025-04-09 09:01:15 UTC,107912862,question_extractor,,5.2.0,1.0,,,,
629273082,jellyfisho,2835330.0,28567,T1,2025-04-09 09:01:15 UTC,107912862,question_extractor,,5.2.0,,1.0,,,
629273090,jellyfisho,2835330.0,28567,T0,2025-04-09 09:01:20 UTC,107912633,question_extractor,,5.2.0,,,,,1.0
629273090,jellyfisho,2835330.0,28567,T1,2025-04-09 09:01:20 UTC,107912633,question_extractor,,5.2.0,,,,,
629273095,jellyfisho,2835330.0,28567,T0,2025-04-09 09:01:25 UTC,107912911,question_extractor,,5.2.0,1.0,,,,
629273095,jellyfisho,2835330.0,28567,T1,2025-04-09 09:01:25 UTC,107912911,question_extractor,,5.2.0,,,1.0,,
629273100,jellyfisho,2835330.0,28567,T0,2025-04-09 09:01:32 UTC,107912877,question_extractor,,5.2.0,1.0,,,,
629273100,jellyfisho,2835330.0,28567,T1,2025-04-09 09:01:32 UTC,107912877,question_extractor,,5.2.0,,,1.0,,
629273109,jellyfisho,2835330.0,28567,T0,2025-04-09 09:01:39 UTC,107912679,question_extractor,1.0,5.2.0,,,,,
629273109,jellyfisho,2835330.0,28567,T1,2025-04-09 09:01:39 UTC,107912679,question_extractor,,5.2.0,,,,,
629273114,jellyfisho,2835330.0,28567,T0,2025-04-09 09:01:46 UTC,107912920,question_extractor,,5.2.0,1.0,,,,
629273114,jellyfisho,2835330.0,28567,T1,2025-04-09 09:01:46 UTC,107912920,question_extractor,,5.2.0,,1.0,,,
629273120,jellyfisho,2835330.0,28567,T0,2025-04-09 09:01:52 UTC,107912723,question_extractor,,5.2.0,1.0,,,,
629273120,jellyfisho,2835330.0,28567,T1,2025-04-09 09:01:52 UTC,107912723,question_extractor,,5.2.0,,,1.0,,
629446600,KY0330.,2852315.0,28567,T0,2025-04-09 21:10:56 UTC,107912816,question_extractor,,5.2.0,1.0,,,,
629446600,KY0330.,2852315.0,28567,T1,2025-04-09 21:10:56 UTC,107912816,question_extractor,,5.2.0,,,1.0,,
629517579,jaslynlomibao,2854182.0,28567,T0,2025-04-10 04:58:32 UTC,107912889,question_extractor,1.0,5.2.0,,,,,
629517579,jaslynlomibao,2854182.0,28567,T1,2025-04-10 04:58:32 UTC,107912889,question_extractor,,5.2.0,,,,,
629517589,jaslynlomibao,2854182.0,28567,T0,2025-04-10 04:58:41 UTC,107912682,question_extractor,1.0,5.2.0,,,,,
629517589,jaslynlomibao,2854182.0,28567,T1,2025-04-10 04:58:41 UTC,107912682,question_extractor,,5.2.0,,,,,
629517604,jaslynlomibao,2854182.0,28567,T0,2025-04-10 04:58:55 UTC,107912920,question_extractor,,5.2.0,1.0,,,,
629517604,jaslynlomibao,2854182.0,28567,T1,2025-04-10 04:58:55 UTC,107912920,question_extractor,,5.2.0,,1.0,,,
629517615,jaslynlomibao,2854182.0,28567,T0,2025-04-10 04:59:07 UTC,107912628,question_extractor,,5.2.0,1.0,,,,
629517615,jaslynlomibao,2854182.0,28567,T1,2025-04-10 04:59:07 UTC,107912628,question_extractor,,5.2.0,,1.0,,,
629517621,jaslynlomibao,2854182.0,28567,T0,2025-04-10 04:59:13 UTC,107912709,question_extractor,1.0,5.2.0,,,,,
629517621,jaslynlomibao,2854182.0,28567,T1,2025-04-10 04:59:13 UTC,107912709,question_extractor,,5.2.0,,,,,
629517626,jaslynlomibao,2854182.0,28567,T0,2025-04-10 04:59:19 UTC,107912899,question_extractor,1.0,5.2.0,,,,,
629517626,jaslynlomibao,2854182.0,28567,T1,2025-04-10 04:59:19 UTC,107912899,question_extractor,,5.2.0,,,,,
629517636,jaslynlomibao,2854182.0,28567,T0,2025-04-10 04:59:27 UTC,107912760,question_extractor,,5.2.0,1.0,,,,
629517636,jaslynlomibao,2854182.0,28567,T1,2025-04-10 04:59:27 UTC,107912760,question_extractor,,5.2.0,,1.0,,,
629517642,jaslynlomibao,2854182.0,28567,T0,2025-04-10 04:59:32 UTC,107912775,question_extractor,1.0,5.2.0,,,,,
629517642,jaslynlomibao,2854182.0,28567,T1,2025-04-10 04:59:32 UTC,107912775,question_extractor,,5.2.0,,,,,
629517654,jaslynlomibao,2854182.0,28567,T0,2025-04-10 04:59:41 UTC,107912774,question_extractor,,5.2.0,1.0,,,,
629517654,jaslynlomibao,2854182.0,28567,T1,2025-04-10 04:59:41 UTC,107912774,question_extractor,,5.2.0,,1.0,,,
629517663,jaslynlomibao,2854182.0,28567,T0,2025-04-10 04:59:47 UTC,107912923,question_extractor,1.0,5.2.0,,,,,
629517663,jaslynlomibao,2854182.0,28567,T1,2025-04-10 04:59:47 UTC,107912923,question_extractor,,5.2.0,,,,,
629517672,jaslynlomibao,2854182.0,28567,T0,2025-04-10 04:59:52 UTC,107912660,question_extractor,1.0,5.2.0,,,,,
629517672,jaslynlomibao,2854182.0,28567,T1,2025-04-10 04:59:52 UTC,107912660,question_extractor,,5.2.0,,,,,
629517678,jaslynlomibao,2854182.0,28567,T0,2025-04-10 04:59:56 UTC,107912800,question_extractor,1.0,5.2.0,,,,,
629517678,jaslynlomibao,2854182.0,28567,T1,2025-04-10 04:59:56 UTC,107912800,question_extractor,,5.2.0,,,,,
629517690,jaslynlomibao,2854182.0,28567,T0,2025-04-10 05:00:09 UTC,107912754,question_extractor,,5.2.0,1.0,,,,
629517690,jaslynlomibao,2854182.0,28567,T1,2025-04-10 05:00:09 UTC,107912754,question_extractor,,5.2.0,,1.0,,,
629517735,jaslynlomibao,2854182.0,28567,T0,2025-04-10 05:00:47 UTC,107912685,question_extractor,,5.2.0,1.0,,,,
629517735,jaslynlomibao,2854182.0,28567,T1,2025-04-10 05:00:47 UTC,107912685,question_extractor,,5.2.0,,1.0,,,
629517740,jaslynlomibao,2854182.0,28567,T0,2025-04-10 05:00:52 UTC,107912761,question_extractor,1.0,5.2.0,,,,,
629517740,jaslynlomibao,2854182.0,28567,T1,2025-04-10 05:00:52 UTC,107912761,question_extractor,,5.2.0,,,,,
629517748,jaslynlomibao,2854182.0,28567,T0,2025-04-10 05:01:00 UTC,107912812,question_extractor,1.0,5.2.0,,,,,
629517748,jaslynlomibao,2854182.0,28567,T1,2025-04-10 05:01:00 UTC,107912812,question_extractor,,5.2.0,,,,,
629517766,jaslynlomibao,2854182.0,28567,T0,2025-04-10 05:01:23 UTC,107912924,question_extractor,,5.2.0,1.0,,,,
629517766,jaslynlomibao,2854182.0,28567,T1,2025-04-10 05:01:23 UTC,107912924,question_extractor,,5.2.0,,,1.0,,
629517779,jaslynlomibao,2854182.0,28567,T0,2025-04-10 05:01:35 UTC,107912740,question_extractor,,5.2.0,1.0,,,,
629517779,jaslynlomibao,2854182.0,28567,T1,2025-04-10 05:01:35 UTC,107912740,question_extractor,,5.2.0,,1.0,,,
629517783,jaslynlomibao,2854182.0,28567,T0,2025-04-10 05:01:40 UTC,107912703,question_extractor,1.0,5.2.0,,,,,
629517783,jaslynlomibao,2854182.0,28567,T1,2025-04-10 05:01:40 UTC,107912703,question_extractor,,5.2.0,,,,,
629517789,jaslynlomibao,2854182.0,28567,T0,2025-04-10 05:01:52 UTC,107912787,question_extractor,,5.2.0,1.0,,,,
629517789,jaslynlomibao,2854182.0,28567,T1,2025-04-10 05:01:52 UTC,107912787,question_extractor,,5.2.0,,1.0,,,
629517798,jaslynlomibao,2854182.0,28567,T0,2025-04-10 05:02:02 UTC,107912721,question_extractor,,5.2.0,1.0,,,,
629517798,jaslynlomibao,2854182.0,28567,T1,2025-04-10 05:02:02 UTC,107912721,question_extractor,,5.2.0,,1.0,,,
629517804,jaslynlomibao,2854182.0,28567,T0,2025-04-10 05:02:10 UTC,107912689,question_extractor,,5.2.0,1.0,,,,
629517804,jaslynlomibao,2854182.0,28567,T1,2025-04-10 05:02:10 UTC,107912689,question_extractor,,5.2.0,,1.0,,,
629520090,378226,2854185.0,28567,T0,2025-04-10 05:29:46 UTC,107912863,question_extractor,,5.2.0,1.0,,,,
629520090,378226,2854185.0,28567,T1,2025-04-10 05:29:46 UTC,107912863,question_extractor,,5.2.0,,,1.0,,
629520104,378226,2854185.0,28567,T0,2025-04-10 05:29:56 UTC,107912669,question_extractor,1.0,5.2.0,,,,,
629520104,378226,2854185.0,28567,T1,2025-04-10 05:29:56 UTC,107912669,question_extractor,,5.2.0,,,,,
629520121,378226,2854185.0,28567,T0,2025-04-10 05:30:05 UTC,107912944,question_extractor,1.0,5.2.0,,,,,
629520121,378226,2854185.0,28567,T1,2025-04-10 05:30:05 UTC,107912944,question_extractor,,5.2.0,,,,,
629520230,378226,2854185.0,28567,T0,2025-04-10 05:31:16 UTC,107912742,question_extractor,,5.2.0,1.0,,,,
629520230,378226,2854185.0,28567,T1,2025-04-10 05:31:16 UTC,107912742,question_extractor,,5.2.0,,,1.0,,
629520260,378226,2854185.0,28567,T0,2025-04-10 05:31:28 UTC,107912779,question_extractor,1.0,5.2.0,,,,,
629520260,378226,2854185.0,28567,T1,2025-04-10 05:31:28 UTC,107912779,question_extractor,,5.2.0,,,,,
629520315,378226,2854185.0,28567,T0,2025-04-10 05:32:03 UTC,107912760,question_extractor,,5.2.0,,,,,1.0
629520315,378226,2854185.0,28567,T1,2025-04-10 05:32:03 UTC,107912760,question_extractor,,5.2.0,,,,,
629520337,378226,2854185.0,28567,T0,2025-04-10 05:32:15 UTC,107912755,question_extractor,,5.2.0,,,,,1.0
629520337,378226,2854185.0,28567,T1,2025-04-10 05:32:15 UTC,107912755,question_extractor,,5.2.0,,,,,
629520415,378226,2854185.0,28567,T0,2025-04-10 05:33:03 UTC,107912934,question_extractor,1.0,5.2.0,,,,,
629520415,378226,2854185.0,28567,T1,2025-04-10 05:33:03 UTC,107912934,question_extractor,,5.2.0,,,,,
629520426,378226,2854185.0,28567,T0,2025-04-10 05:33:12 UTC,107912933,question_extractor,,5.2.0,,,,,1.0
629520426,378226,2854185.0,28567,T1,2025-04-10 05:33:12 UTC,107912933,question_extractor,,5.2.0,,,,,
629520438,378226,2854185.0,28567,T0,2025-04-10 05:33:21 UTC,107912793,question_extractor,,5.2.0,1.0,,,,
629520438,378226,2854185.0,28567,T1,2025-04-10 05:33:21 UTC,107912793,question_extractor,,5.2.0,,,1.0,,
629520446,378226,2854185.0,28567,T0,2025-04-10 05:33:26 UTC,107912651,question_extractor,,5.2.0,1.0,,,,
629520446,378226,2854185.0,28567,T1,2025-04-10 05:33:26 UTC,107912651,question_extractor,,5.2.0,,,1.0,,
629520457,378226,2854185.0,28567,T0,2025-04-10 05:33:35 UTC,107912906,question_extractor,1.0,5.2.0,,,,,
629520457,378226,2854185.0,28567,T1,2025-04-10 05:33:35 UTC,107912906,question_extractor,,5.2.0,,,,,
629520475,378226,2854185.0,28567,T0,2025-04-10 05:33:52 UTC,107912798,question_extractor,1.0,5.2.0,,,,,
629520475,378226,2854185.0,28567,T1,2025-04-10 05:33:52 UTC,107912798,question_extractor,,5.2.0,,,,,
629520481,378226,2854185.0,28567,T0,2025-04-10 05:33:59 UTC,107912812,question_extractor,1.0,5.2.0,,,,,
629520481,378226,2854185.0,28567,T1,2025-04-10 05:33:59 UTC,107912812,question_extractor,,5.2.0,,,,,
629520486,378226,2854185.0,28567,T0,2025-04-10 05:34:02 UTC,107912704,question_extractor,1.0,5.2.0,,,,,
629520486,378226,2854185.0,28567,T1,2025-04-10 05:34:02 UTC,107912704,question_extractor,,5.2.0,,,,,
629520490,378226,2854185.0,28567,T0,2025-04-10 05:34:06 UTC,107912897,question_extractor,1.0,5.2.0,,,,,
629520490,378226,2854185.0,28567,T1,2025-04-10 05:34:06 UTC,107912897,question_extractor,,5.2.0,,,,,
629520496,378226,2854185.0,28567,T0,2025-04-10 05:34:12 UTC,107912715,question_extractor,,5.2.0,,,,,1.0
629520496,378226,2854185.0,28567,T1,2025-04-10 05:34:12 UTC,107912715,question_extractor,,5.2.0,,,,,
629520506,378226,2854185.0,28567,T0,2025-04-10 05:34:18 UTC,107912671,question_extractor,,5.2.0,1.0,,,,
629520506,378226,2854185.0,28567,T1,2025-04-10 05:34:18 UTC,107912671,question_extractor,,5.2.0,,,1.0,,
629520512,378226,2854185.0,28567,T0,2025-04-10 05:34:24 UTC,107912781,question_extractor,1.0,5.2.0,,,,,
629520512,378226,2854185.0,28567,T1,2025-04-10 05:34:24 UTC,107912781,question_extractor,,5.2.0,,,,,
629520518,378226,2854185.0,28567,T0,2025-04-10 05:34:28 UTC,107912637,question_extractor,1.0,5.2.0,,,,,
629520518,378226,2854185.0,28567,T1,2025-04-10 05:34:28 UTC,107912637,question_extractor,,5.2.0,,,,,
629521420,378226,2854185.0,28567,T0,2025-04-10 05:43:25 UTC,107912618,question_extractor,1.0,5.2.0,,,,,
629521420,378226,2854185.0,28567,T1,2025-04-10 05:43:25 UTC,107912618,question_extractor,,5.2.0,,,,,
629603913,378226,2854185.0,28567,T0,2025-04-10 15:12:27 UTC,107912641,question_extractor,1.0,5.2.0,,,,,
629603913,378226,2854185.0,28567,T1,2025-04-10 15:12:27 UTC,107912641,question_extractor,,5.2.0,,,,,
629603987,378226,2854185.0,28567,T0,2025-04-10 15:12:40 UTC,107912797,question_extractor,1.0,5.2.0,,,,,
629603987,378226,2854185.0,28567,T1,2025-04-10 15:12:40 UTC,107912797,question_extractor,,5.2.0,,,,,
629604044,378226,2854185.0,28567,T0,2025-04-10 15:12:50 UTC,107912643,question_extractor,,5.2.0,1.0,,,,
629604044,378226,2854185.0,28567,T1,2025-04-10 15:12:50 UTC,107912643,question_extractor,,5.2.0,,,1.0,,
629604443,378226,2854185.0,28567,T0,2025-04-10 15:14:05 UTC,107912675,question_extractor,,5.2.0,,,,,1.0
629604443,378226,2854185.0,28567,T1,2025-04-10 15:14:05 UTC,107912675,question_extractor,,5.2.0,,,,,
629658367,378226,2854185.0,28567,T0,2025-04-10 18:17:26 UTC,107912795,question_extractor,1.0,5.2.0,,,,,
629658367,378226,2854185.0,28567,T1,2025-04-10 18:17:26 UTC,107912795,question_extractor,,5.2.0,,,,,
629658424,378226,2854185.0,28567,T0,2025-04-10 18:17:36 UTC,107912769,question_extractor,1.0,5.2.0,,,,,
629658424,378226,2854185.0,28567,T1,2025-04-10 18:17:36 UTC,107912769,question_extractor,,5.2.0,,,,,
629658453,378226,2854185.0,28567,T0,2025-04-10 18:17:41 UTC,107912874,question_extractor,1.0,5.2.0,,,,,
629658453,378226,2854185.0,28567,T1,2025-04-10 18:17:41 UTC,107912874,question_extractor,,5.2.0,,,,,
629658486,378226,2854185.0,28567,T0,2025-04-10 18:17:49 UTC,107912835,question_extractor,,5.2.0,1.0,,,,
629658486,378226,2854185.0,28567,T1,2025-04-10 18:17:49 UTC,107912835,question_extractor,,5.2.0,,,1.0,,
629658516,378226,2854185.0,28567,T0,2025-04-10 18:17:55 UTC,107912746,question_extractor,,5.2.0,1.0,,,,
629658516,378226,2854185.0,28567,T1,2025-04-10 18:17:55 UTC,107912746,question_extractor,,5.2.0,,,1.0,,
629658618,378226,2854185.0,28567,T0,2025-04-10 18:18:12 UTC,107912674,question_extractor,1.0,5.2.0,,,,,
629658618,378226,2854185.0,28567,T1,2025-04-10 18:18:12 UTC,107912674,question_extractor,,5.2.0,,,,,
629658632,378226,2854185.0,28567,T0,2025-04-10 18:18:15 UTC,107912734,question_extractor,1.0,5.2.0,,,,,
629658632,378226,2854185.0,28567,T1,2025-04-10 18:18:15 UTC,107912734,question_extractor,,5.2.0,,,,,
629658656,378226,2854185.0,28567,T0,2025-04-10 18:18:19 UTC,107912640,question_extractor,,5.2.0,,,,,1.0
629658656,378226,2854185.0,28567,T1,2025-04-10 18:18:19 UTC,107912640,question_extractor,,5.2.0,,,,,
629658974,378226,2854185.0,28567,T0,2025-04-10 18:19:18 UTC,107912796,question_extractor,1.0,5.2.0,,,,,
629658974,378226,2854185.0,28567,T1,2025-04-10 18:19:18 UTC,107912796,question_extractor,,5.2.0,,,,,
629659145,378226,2854185.0,28567,T0,2025-04-10 18:19:55 UTC,107912915,question_extractor,1.0,5.2.0,,,,,
629659145,378226,2854185.0,28567,T1,2025-04-10 18:19:55 UTC,107912915,question_extractor,,5.2.0,,,,,
629659162,378226,2854185.0,28567,T0,2025-04-10 18:19:58 UTC,107912732,question_extractor,1.0,5.2.0,,,,,
629659162,378226,2854185.0,28567,T1,2025-04-10 18:19:58 UTC,107912732,question_extractor,,5.2.0,,,,,
629659187,378226,2854185.0,28567,T0,2025-04-10 18:20:04 UTC,107912895,question_extractor,,5.2.0,1.0,,,,
629659187,378226,2854185.0,28567,T1,2025-04-10 18:20:04 UTC,107912895,question_extractor,,5.2.0,,,1.0,,
629659364,378226,2854185.0,28567,T0,2025-04-10 18:20:47 UTC,107912936,question_extractor,,5.2.0,1.0,,,,
629659364,378226,2854185.0,28567,T1,2025-04-10 18:20:47 UTC,107912936,question_extractor,,5.2.0,,,1.0,,
629659437,378226,2854185.0,28567,T0,2025-04-10 18:21:09 UTC,107912823,question_extractor,,5.2.0,1.0,,,,
629659437,378226,2854185.0,28567,T1,2025-04-10 18:21:09 UTC,107912823,question_extractor,,5.2.0,,,1.0,,
629659520,378226,2854185.0,28567,T0,2025-04-10 18:21:27 UTC,107912625,question_extractor,,5.2.0,1.0,,,,
629659520,378226,2854185.0,28567,T1,2025-04-10 18:21:27 UTC,107912625,question_extractor,,5.2.0,,,1.0,,
629659541,378226,2854185.0,28567,T0,2025-04-10 18:21:33 UTC,107912949,question_extractor,1.0,5.2.0,,,,,
629659541,378226,2854185.0,28567,T1,2025-04-10 18:21:33 UTC,107912949,question_extractor,,5.2.0,,,,,
629659554,378226,2854185.0,28567,T0,2025-04-10 18:21:36 UTC,107912875,question_extractor,1.0,5.2.0,,,,,
629659554,378226,2854185.0,28567,T1,2025-04-10 18:21:36 UTC,107912875,question_extractor,,5.2.0,,,,,
629659574,378226,2854185.0,28567,T0,2025-04-10 18:21:43 UTC,107912740,question_extractor,,5.2.0,1.0,,,,
629659574,378226,2854185.0,28567,T1,2025-04-10 18:21:43 UTC,107912740,question_extractor,,5.2.0,,,1.0,,
629659601,378226,2854185.0,28567,T0,2025-04-10 18:21:50 UTC,107912750,question_extractor,,5.2.0,1.0,,,,
629659601,378226,2854185.0,28567,T1,2025-04-10 18:21:50 UTC,107912750,question_extractor,,5.2.0,,,1.0,,
629659617,378226,2854185.0,28567,T0,2025-04-10 18:21:54 UTC,107912813,question_extractor,1.0,5.2.0,,,,,
629659617,378226,2854185.0,28567,T1,2025-04-10 18:21:54 UTC,107912813,question_extractor,,5.2.0,,,,,
629659630,378226,2854185.0,28567,T0,2025-04-10 18:21:58 UTC,107912771,question_extractor,1.0,5.2.0,,,,,
629659630,378226,2854185.0,28567,T1,2025-04-10 18:21:58 UTC,107912771,question_extractor,,5.2.0,,,,,
629659637,378226,2854185.0,28567,T0,2025-04-10 18:22:01 UTC,107912941,question_extractor,1.0,5.2.0,,,,,
629659637,378226,2854185.0,28567,T1,2025-04-10 18:22:01 UTC,107912941,question_extractor,,5.2.0,,,,,
629659658,378226,2854185.0,28567,T0,2025-04-10 18:22:05 UTC,107912650,question_extractor,,5.2.0,1.0,,,,
629659658,378226,2854185.0,28567,T1,2025-04-10 18:22:05 UTC,107912650,question_extractor,,5.2.0,,,1.0,,
629659727,378226,2854185.0,28567,T0,2025-04-10 18:22:25 UTC,107912677,question_extractor,,5.2.0,1.0,,,,
629659727,378226,2854185.0,28567,T1,2025-04-10 18:22:25 UTC,107912677,question_extractor,,5.2.0,,,1.0,,
629659746,378226,2854185.0,28567,T0,2025-04-10 18:22:30 UTC,107912712,question_extractor,1.0,5.2.0,,,,,
629659746,378226,2854185.0,28567,T1,2025-04-10 18:22:30 UTC,107912712,question_extractor,,5.2.0,,,,,
629659911,378226,2854185.0,28567,T0,2025-04-10 18:23:11 UTC,107912753,question_extractor,,5.2.0,,,,,1.0
629659911,378226,2854185.0,28567,T1,2025-04-10 18:23:11 UTC,107912753,question_extractor,,5.2.0,,,,,
629684418,jamiekoehler_09,2851457.0,28567,T0,2025-04-10 19:48:23 UTC,107912855,question_extractor,1.0,5.2.0,,,,,
629684418,jamiekoehler_09,2851457.0,28567,T1,2025-04-10 19:48:23 UTC,107912855,question_extractor,,5.2.0,,,,,
629684453,jamiekoehler_09,2851457.0,28567,T0,2025-04-10 19:48:30 UTC,107912831,question_extractor,1.0,5.2.0,,,,,
629684453,jamiekoehler_09,2851457.0,28567,T1,2025-04-10 19:48:30 UTC,107912831,question_extractor,,5.2.0,,,,,
629684516,jamiekoehler_09,2851457.0,28567,T0,2025-04-10 19:48:46 UTC,107912789,question_extractor,,5.2.0,1.0,,,,
629684516,jamiekoehler_09,2851457.0,28567,T1,2025-04-10 19:48:46 UTC,107912789,question_extractor,,5.2.0,,1.0,,,
629684546,jamiekoehler_09,2851457.0,28567,T0,2025-04-10 19:48:51 UTC,107912662,question_extractor,1.0,5.2.0,,,,,
629684546,jamiekoehler_09,2851457.0,28567,T1,2025-04-10 19:48:51 UTC,107912662,question_extractor,,5.2.0,,,,,
629684588,jamiekoehler_09,2851457.0,28567,T0,2025-04-10 19:49:03 UTC,107912796,question_extractor,,5.2.0,,,,,1.0
629684588,jamiekoehler_09,2851457.0,28567,T1,2025-04-10 19:49:03 UTC,107912796,question_extractor,,5.2.0,,,,,
629685245,jamiekoehler_09,2851457.0,28567,T0,2025-04-10 19:51:27 UTC,107912841,question_extractor,,5.2.0,1.0,,,,
629685245,jamiekoehler_09,2851457.0,28567,T1,2025-04-10 19:51:27 UTC,107912841,question_extractor,,5.2.0,,1.0,,,
629685282,audrey.perez,2850908.0,28567,T0,2025-04-10 19:51:37 UTC,107912673,question_extractor,,5.2.0,1.0,,,,
629685282,audrey.perez,2850908.0,28567,T1,2025-04-10 19:51:37 UTC,107912673,question_extractor,,5.2.0,,1.0,,,
629685309,jamiekoehler_09,2851457.0,28567,T0,2025-04-10 19:51:43 UTC,107912655,question_extractor,1.0,5.2.0,,,,,
629685309,jamiekoehler_09,2851457.0,28567,T1,2025-04-10 19:51:43 UTC,107912655,question_extractor,,5.2.0,,,,,
629685324,audrey.perez,2850908.0,28567,T0,2025-04-10 19:51:47 UTC,107912764,question_extractor,,5.2.0,1.0,,,,
629685324,audrey.perez,2850908.0,28567,T1,2025-04-10 19:51:47 UTC,107912764,question_extractor,,5.2.0,,1.0,,,
629685398,jamiekoehler_09,2851457.0,28567,T0,2025-04-10 19:52:05 UTC,107912935,question_extractor,1.0,5.2.0,,,,,
629685398,jamiekoehler_09,2851457.0,28567,T1,2025-04-10 19:52:05 UTC,107912935,question_extractor,,5.2.0,,,,,
629685424,audrey.perez,2850908.0,28567,T0,2025-04-10 19:52:11 UTC,107912922,question_extractor,1.0,5.2.0,,,,,
629685424,audrey.perez,2850908.0,28567,T1,2025-04-10 19:52:11 UTC,107912922,question_extractor,,5.2.0,,,,,
629685442,jamiekoehler_09,2851457.0,28567,T0,2025-04-10 19:52:15 UTC,107912916,question_extractor,,5.2.0,1.0,,,,
629685442,jamiekoehler_09,2851457.0,28567,T1,2025-04-10 19:52:15 UTC,107912916,question_extractor,,5.2.0,,1.0,,,
629685512,audrey.perez,2850908.0,28567,T0,2025-04-10 19:52:28 UTC,107912716,question_extractor,,5.2.0,1.0,,,,
629685512,audrey.perez,2850908.0,28567,T1,2025-04-10 19:52:28 UTC,107912716,question_extractor,,5.2.0,,1.0,,,
629685528,audrey.perez,2850908.0,28567,T0,2025-04-10 19:52:32 UTC,107912711,question_extractor,1.0,5.2.0,,,,,
629685528,audrey.perez,2850908.0,28567,T1,2025-04-10 19:52:32 UTC,107912711,question_extractor,,5.2.0,,,,,
629685589,audrey.perez,2850908.0,28567,T0,2025-04-10 19:52:46 UTC,107912878,question_extractor,1.0,5.2.0,,,,,
629685589,audrey.perez,2850908.0,28567,T1,2025-04-10 19:52:46 UTC,107912878,question_extractor,,5.2.0,,,,,
629685604,audrey.perez,2850908.0,28567,T0,2025-04-10 19:52:50 UTC,107912788,question_extractor,1.0,5.2.0,,,,,
629685604,audrey.perez,2850908.0,28567,T1,2025-04-10 19:52:50 UTC,107912788,question_extractor,,5.2.0,,,,,
629685625,audrey.perez,2850908.0,28567,T0,2025-04-10 19:52:55 UTC,107912660,question_extractor,1.0,5.2.0,,,,,
629685625,audrey.perez,2850908.0,28567,T1,2025-04-10 19:52:55 UTC,107912660,question_extractor,,5.2.0,,,,,
629685645,audrey.perez,2850908.0,28567,T0,2025-04-10 19:52:59 UTC,107912898,question_extractor,1.0,5.2.0,,,,,
629685645,audrey.perez,2850908.0,28567,T1,2025-04-10 19:52:59 UTC,107912898,question_extractor,,5.2.0,,,,,
629685711,audrey.perez,2850908.0,28567,T0,2025-04-10 19:53:12 UTC,107912722,question_extractor,,5.2.0,1.0,,,,
629685711,audrey.perez,2850908.0,28567,T1,2025-04-10 19:53:12 UTC,107912722,question_extractor,,5.2.0,,,,,1.0
629685738,audrey.perez,2850908.0,28567,T0,2025-04-10 19:53:19 UTC,107912772,question_extractor,1.0,5.2.0,,,,,
629685738,audrey.perez,2850908.0,28567,T1,2025-04-10 19:53:19 UTC,107912772,question_extractor,,5.2.0,,,,,
629685741,jamiekoehler_09,2851457.0,28567,T0,2025-04-10 19:53:19 UTC,107912902,question_extractor,,5.2.0,1.0,,,,
629685741,jamiekoehler_09,2851457.0,28567,T1,2025-04-10 19:53:19 UTC,107912902,question_extractor,,5.2.0,,,,,1.0
629685758,audrey.perez,2850908.0,28567,T0,2025-04-10 19:53:22 UTC,107912899,question_extractor,1.0,5.2.0,,,,,
629685758,audrey.perez,2850908.0,28567,T1,2025-04-10 19:53:22 UTC,107912899,question_extractor,,5.2.0,,,,,
629685805,audrey.perez,2850908.0,28567,T0,2025-04-10 19:53:32 UTC,107912888,question_extractor,,5.2.0,1.0,,,,
629685805,audrey.perez,2850908.0,28567,T1,2025-04-10 19:53:32 UTC,107912888,question_extractor,,5.2.0,,1.0,,,
629685811,jamiekoehler_09,2851457.0,28567,T0,2025-04-10 19:53:34 UTC,107912740,question_extractor,,5.2.0,1.0,,,,
629685811,jamiekoehler_09,2851457.0,28567,T1,2025-04-10 19:53:34 UTC,107912740,question_extractor,,5.2.0,,,1.0,,
629685885,audrey.perez,2850908.0,28567,T0,2025-04-10 19:53:54 UTC,107912729,question_extractor,,5.2.0,1.0,,,,
629685885,audrey.perez,2850908.0,28567,T1,2025-04-10 19:53:54 UTC,107912729,question_extractor,,5.2.0,,1.0,,,
629685907,audrey.perez,2850908.0,28567,T0,2025-04-10 19:53:59 UTC,107912892,question_extractor,,5.2.0,1.0,,,,
629685907,audrey.perez,2850908.0,28567,T1,2025-04-10 19:53:59 UTC,107912892,question_extractor,,5.2.0,,1.0,,,
629685930,audrey.perez,2850908.0,28567,T0,2025-04-10 19:54:04 UTC,107912774,question_extractor,,5.2.0,1.0,,,,
629685930,audrey.perez,2850908.0,28567,T1,2025-04-10 19:54:04 UTC,107912774,question_extractor,,5.2.0,,1.0,,,
629685943,audrey.perez,2850908.0,28567,T0,2025-04-10 19:54:08 UTC,107912891,question_extractor,1.0,5.2.0,,,,,
629685943,audrey.perez,2850908.0,28567,T1,2025-04-10 19:54:08 UTC,107912891,question_extractor,,5.2.0,,,,,
629685966,audrey.perez,2850908.0,28567,T0,2025-04-10 19:54:13 UTC,107912657,question_extractor,,5.2.0,1.0,,,,
629685966,audrey.perez,2850908.0,28567,T1,2025-04-10 19:54:13 UTC,107912657,question_extractor,,5.2.0,,1.0,,,
629698944,audrey.perez,2850908.0,28567,T0,2025-04-10 20:50:04 UTC,107912751,question_extractor,1.0,5.2.0,,,,,
629698944,audrey.perez,2850908.0,28567,T1,2025-04-10 20:50:04 UTC,107912751,question_extractor,,5.2.0,,,,,
629715019,jamiekoehler_09,2851457.0,28567,T0,2025-04-10 22:08:57 UTC,107912627,question_extractor,,5.2.0,1.0,,,,
629715019,jamiekoehler_09,2851457.0,28567,T1,2025-04-10 22:08:57 UTC,107912627,question_extractor,,5.2.0,,1.0,,,
629715043,jamiekoehler_09,2851457.0,28567,T0,2025-04-10 22:09:06 UTC,107912936,question_extractor,,5.2.0,1.0,,,,
629715043,jamiekoehler_09,2851457.0,28567,T1,2025-04-10 22:09:06 UTC,107912936,question_extractor,,5.2.0,,1.0,,,
629715186,jamiekoehler_09,2851457.0,28567,T0,2025-04-10 22:09:57 UTC,107912631,question_extractor,1.0,5.2.0,,,,,
629715186,jamiekoehler_09,2851457.0,28567,T1,2025-04-10 22:09:57 UTC,107912631,question_extractor,,5.2.0,,,,,
629715197,jamiekoehler_09,2851457.0,28567,T0,2025-04-10 22:10:03 UTC,107912952,question_extractor,1.0,5.2.0,,,,,
629715197,jamiekoehler_09,2851457.0,28567,T1,2025-04-10 22:10:03 UTC,107912952,question_extractor,,5.2.0,,,,,
629715229,jamiekoehler_09,2851457.0,28567,T0,2025-04-10 22:10:13 UTC,107912926,question_extractor,,5.2.0,1.0,,,,
629715229,jamiekoehler_09,2851457.0,28567,T1,2025-04-10 22:10:13 UTC,107912926,question_extractor,,5.2.0,,1.0,,,
629715248,jamiekoehler_09,2851457.0,28567,T0,2025-04-10 22:10:21 UTC,107912810,question_extractor,,5.2.0,1.0,,,,
629715248,jamiekoehler_09,2851457.0,28567,T1,2025-04-10 22:10:21 UTC,107912810,question_extractor,,5.2.0,,1.0,,,
629715292,jamiekoehler_09,2851457.0,28567,T0,2025-04-10 22:10:34 UTC,107912897,question_extractor,1.0,5.2.0,,,,,
629715292,jamiekoehler_09,2851457.0,28567,T1,2025-04-10 22:10:34 UTC,107912897,question_extractor,,5.2.0,,,,,
629715307,jamiekoehler_09,2851457.0,28567,T0,2025-04-10 22:10:41 UTC,107912688,question_extractor,1.0,5.2.0,,,,,
629715307,jamiekoehler_09,2851457.0,28567,T1,2025-04-10 22:10:41 UTC,107912688,question_extractor,,5.2.0,,,,,
629715335,jamiekoehler_09,2851457.0,28567,T0,2025-04-10 22:10:52 UTC,107912791,question_extractor,,5.2.0,1.0,,,,
629715335,jamiekoehler_09,2851457.0,28567,T1,2025-04-10 22:10:52 UTC,107912791,question_extractor,,5.2.0,,,,,1.0
629715403,jamiekoehler_09,2851457.0,28567,T0,2025-04-10 22:11:21 UTC,107912669,question_extractor,1.0,5.2.0,,,,,
629715403,jamiekoehler_09,2851457.0,28567,T1,2025-04-10 22:11:21 UTC,107912669,question_extractor,,5.2.0,,,,,
629717391,jamiekoehler_09,2851457.0,28567,T0,2025-04-10 22:23:37 UTC,107912753,question_extractor,,5.2.0,1.0,,,,
629717391,jamiekoehler_09,2851457.0,28567,T1,2025-04-10 22:23:37 UTC,107912753,question_extractor,,5.2.0,,1.0,,,
629717398,jamiekoehler_09,2851457.0,28567,T0,2025-04-10 22:23:40 UTC,107912905,question_extractor,1.0,5.2.0,,,,,
629717398,jamiekoehler_09,2851457.0,28567,T1,2025-04-10 22:23:40 UTC,107912905,question_extractor,,5.2.0,,,,,
629717414,jamiekoehler_09,2851457.0,28567,T0,2025-04-10 22:23:44 UTC,107912895,question_extractor,,5.2.0,1.0,,,,
629717414,jamiekoehler_09,2851457.0,28567,T1,2025-04-10 22:23:44 UTC,107912895,question_extractor,,5.2.0,,1.0,,,
629717418,jaslynlomibao,2854182.0,28567,T0,2025-04-10 22:23:46 UTC,107912819,question_extractor,,5.2.0,1.0,,,,
629717418,jaslynlomibao,2854182.0,28567,T1,2025-04-10 22:23:46 UTC,107912819,question_extractor,,5.2.0,,,1.0,,
629717454,jaslynlomibao,2854182.0,28567,T0,2025-04-10 22:23:58 UTC,107912759,question_extractor,,5.2.0,1.0,,,,
629717454,jaslynlomibao,2854182.0,28567,T1,2025-04-10 22:23:58 UTC,107912759,question_extractor,,5.2.0,,1.0,,,
629717457,378226,2854185.0,28567,T0,2025-04-10 22:23:59 UTC,107912754,question_extractor,1.0,5.2.0,,,,,
629717457,378226,2854185.0,28567,T1,2025-04-10 22:23:59 UTC,107912754,question_extractor,,5.2.0,,,,,
629717497,378226,2854185.0,28567,T0,2025-04-10 22:24:14 UTC,107912776,question_extractor,1.0,5.2.0,,,,,
629717497,378226,2854185.0,28567,T1,2025-04-10 22:24:14 UTC,107912776,question_extractor,,5.2.0,,,,,
629717505,jamiekoehler_09,2851457.0,28567,T0,2025-04-10 22:24:15 UTC,107912859,question_extractor,1.0,5.2.0,,,,,
629717505,jamiekoehler_09,2851457.0,28567,T1,2025-04-10 22:24:15 UTC,107912859,question_extractor,,5.2.0,,,,,
629717508,jaslynlomibao,2854182.0,28567,T0,2025-04-10 22:24:16 UTC,107912644,question_extractor,,5.2.0,1.0,,,,
629717508,jaslynlomibao,2854182.0,28567,T1,2025-04-10 22:24:16 UTC,107912644,question_extractor,,5.2.0,,1.0,,,
629717537,378226,2854185.0,28567,T0,2025-04-10 22:24:31 UTC,107912702,question_extractor,,5.2.0,1.0,,,,
629717537,378226,2854185.0,28567,T1,2025-04-10 22:24:31 UTC,107912702,question_extractor,,5.2.0,,,1.0,,
629717566,378226,2854185.0,28567,T0,2025-04-10 22:24:43 UTC,107912822,question_extractor,,5.2.0,1.0,,,,
629717566,378226,2854185.0,28567,T1,2025-04-10 22:24:43 UTC,107912822,question_extractor,,5.2.0,,,1.0,,
629717586,378226,2854185.0,28567,T0,2025-04-10 22:24:51 UTC,107912713,question_extractor,1.0,5.2.0,,,,,
629717586,378226,2854185.0,28567,T1,2025-04-10 22:24:51 UTC,107912713,question_extractor,,5.2.0,,,,,
629717607,378226,2854185.0,28567,T0,2025-04-10 22:24:59 UTC,107912717,question_extractor,,5.2.0,1.0,,,,
629717607,378226,2854185.0,28567,T1,2025-04-10 22:24:59 UTC,107912717,question_extractor,,5.2.0,,,1.0,,
629717617,378226,2854185.0,28567,T0,2025-04-10 22:25:04 UTC,107912913,question_extractor,,5.2.0,1.0,,,,
629717617,378226,2854185.0,28567,T1,2025-04-10 22:25:04 UTC,107912913,question_extractor,,5.2.0,,,1.0,,
629717641,378226,2854185.0,28567,T0,2025-04-10 22:25:12 UTC,107912816,question_extractor,,5.2.0,1.0,,,,
629717641,378226,2854185.0,28567,T1,2025-04-10 22:25:12 UTC,107912816,question_extractor,,5.2.0,,,1.0,,
629717667,jaslynlomibao,2854182.0,28567,T0,2025-04-10 22:25:21 UTC,107912752,question_extractor,1.0,5.2.0,,,,,
629717667,jaslynlomibao,2854182.0,28567,T1,2025-04-10 22:25:21 UTC,107912752,question_extractor,,5.2.0,,,,,
629717669,jamiekoehler_09,2851457.0,28567,T0,2025-04-10 22:25:21 UTC,107912828,question_extractor,,5.2.0,,,,,1.0
629717669,jamiekoehler_09,2851457.0,28567,T1,2025-04-10 22:25:21 UTC,107912828,question_extractor,,5.2.0,,,,,
629717682,jaslynlomibao,2854182.0,28567,T0,2025-04-10 22:25:26 UTC,107912634,question_extractor,1.0,5.2.0,,,,,
629717682,jaslynlomibao,2854182.0,28567,T1,2025-04-10 22:25:26 UTC,107912634,question_extractor,,5.2.0,,,,,
629717701,jaslynlomibao,2854182.0,28567,T0,2025-04-10 22:25:31 UTC,107912849,question_extractor,1.0,5.2.0,,,,,
629717701,jaslynlomibao,2854182.0,28567,T1,2025-04-10 22:25:31 UTC,107912849,question_extractor,,5.2.0,,,,,
629717703,378226,2854185.0,28567,T0,2025-04-10 22:25:31 UTC,107912845,question_extractor,,5.2.0,1.0,,,,
629717703,378226,2854185.0,28567,T1,2025-04-10 22:25:31 UTC,107912845,question_extractor,,5.2.0,,,1.0,,
629717729,jamiekoehler_09,2851457.0,28567,T0,2025-04-10 22:25:40 UTC,107912621,question_extractor,,5.2.0,1.0,,,,
629717729,jamiekoehler_09,2851457.0,28567,T1,2025-04-10 22:25:40 UTC,107912621,question_extractor,,5.2.0,,1.0,,,
629717738,jaslynlomibao,2854182.0,28567,T0,2025-04-10 22:25:43 UTC,107912691,question_extractor,,5.2.0,1.0,,,,
629717738,jaslynlomibao,2854182.0,28567,T1,2025-04-10 22:25:43 UTC,107912691,question_extractor,,5.2.0,,1.0,,,
629717745,ekaru2,2851074.0,28567,T0,2025-04-10 22:25:47 UTC,107912776,question_extractor,1.0,5.2.0,,,,,
629717745,ekaru2,2851074.0,28567,T1,2025-04-10 22:25:47 UTC,107912776,question_extractor,,5.2.0,,,,,
629717751,zandrea.alej,2852004.0,28567,T0,2025-04-10 22:25:48 UTC,107912639,question_extractor,1.0,5.2.0,,,,,
629717751,zandrea.alej,2852004.0,28567,T1,2025-04-10 22:25:48 UTC,107912639,question_extractor,,5.2.0,,,,,
629717772,ekaru2,2851074.0,28567,T0,2025-04-10 22:25:55 UTC,107912717,question_extractor,,5.2.0,1.0,,,,
629717772,ekaru2,2851074.0,28567,T1,2025-04-10 22:25:55 UTC,107912717,question_extractor,,5.2.0,,1.0,,,
629717787,jaslynlomibao,2854182.0,28567,T0,2025-04-10 22:25:59 UTC,107912797,question_extractor,,5.2.0,1.0,,,,
629717787,jaslynlomibao,2854182.0,28567,T1,2025-04-10 22:25:59 UTC,107912797,question_extractor,,5.2.0,,1.0,,,
629717788,audrey.perez,2850908.0,28567,T0,2025-04-10 22:25:59 UTC,107912863,question_extractor,,5.2.0,1.0,,,,
629717788,audrey.perez,2850908.0,28567,T1,2025-04-10 22:25:59 UTC,107912863,question_extractor,,5.2.0,,,,,1.0
629717789,jamiekoehler_09,2851457.0,28567,T0,2025-04-10 22:25:59 UTC,107912691,question_extractor,,5.2.0,1.0,,,,
629717789,jamiekoehler_09,2851457.0,28567,T1,2025-04-10 22:25:59 UTC,107912691,question_extractor,,5.2.0,,1.0,,,
629717799,zandrea.alej,2852004.0,28567,T0,2025-04-10 22:26:02 UTC,107912888,question_extractor,,5.2.0,1.0,,,,
629717799,zandrea.alej,2852004.0,28567,T1,2025-04-10 22:26:02 UTC,107912888,question_extractor,,5.2.0,,,1.0,,
629717803,ekaru2,2851074.0,28567,T0,2025-04-10 22:26:04 UTC,107912947,question_extractor,,5.2.0,,,,,1.0
629717803,ekaru2,2851074.0,28567,T1,2025-04-10 22:26:04 UTC,107912947,question_extractor,,5.2.0,,,,,
629717806,jaslynlomibao,2854182.0,28567,T0,2025-04-10 22:26:04 UTC,107912705,question_extractor,1.0,5.2.0,,,,,
629717806,jaslynlomibao,2854182.0,28567,T1,2025-04-10 22:26:04 UTC,107912705,question_extractor,,5.2.0,,,,,
629717808,jamiekoehler_09,2851457.0,28567,T0,2025-04-10 22:26:05 UTC,107912747,question_extractor,,5.2.0,1.0,,,,
629717808,jamiekoehler_09,2851457.0,28567,T1,2025-04-10 22:26:05 UTC,107912747,question_extractor,,5.2.0,,1.0,,,
629717816,jamiekoehler_09,2851457.0,28567,T0,2025-04-10 22:26:08 UTC,107912814,question_extractor,1.0,5.2.0,,,,,
629717816,jamiekoehler_09,2851457.0,28567,T1,2025-04-10 22:26:08 UTC,107912814,question_extractor,,5.2.0,,,,,
629717825,jamiekoehler_09,2851457.0,28567,T0,2025-04-10 22:26:12 UTC,107912957,question_extractor,1.0,5.2.0,,,,,
629717825,jamiekoehler_09,2851457.0,28567,T1,2025-04-10 22:26:12 UTC,107912957,question_extractor,,5.2.0,,,,,
629717838,ekaru2,2851074.0,28567,T0,2025-04-10 22:26:14 UTC,107912809,question_extractor,1.0,5.2.0,,,,,
629717838,ekaru2,2851074.0,28567,T1,2025-04-10 22:26:14 UTC,107912809,question_extractor,,5.2.0,,,,,
629717844,jamiekoehler_09,2851457.0,28567,T0,2025-04-10 22:26:16 UTC,107912888,question_extractor,,5.2.0,1.0,,,,
629717844,jamiekoehler_09,2851457.0,28567,T1,2025-04-10 22:26:16 UTC,107912888,question_extractor,,5.2.0,,1.0,,,
629717868,jamiekoehler_09,2851457.0,28567,T0,2025-04-10 22:26:20 UTC,107912658,question_extractor,1.0,5.2.0,,,,,
629717868,jamiekoehler_09,2851457.0,28567,T1,2025-04-10 22:26:20 UTC,107912658,question_extractor,,5.2.0,,,,,
629717876,audrey.perez,2850908.0,28567,T0,2025-04-10 22:26:23 UTC,107912754,question_extractor,,5.2.0,1.0,,,,
629717876,audrey.perez,2850908.0,28567,T1,2025-04-10 22:26:23 UTC,107912754,question_extractor,,5.2.0,,1.0,,,
629717883,jamiekoehler_09,2851457.0,28567,T0,2025-04-10 22:26:24 UTC,107912644,question_extractor,,5.2.0,1.0,,,,
629717883,jamiekoehler_09,2851457.0,28567,T1,2025-04-10 22:26:24 UTC,107912644,question_extractor,,5.2.0,,1.0,,,
629717899,ekaru2,2851074.0,28567,T0,2025-04-10 22:26:28 UTC,107912903,question_extractor,,5.2.0,1.0,,,,
629717899,ekaru2,2851074.0,28567,T1,2025-04-10 22:26:28 UTC,107912903,question_extractor,,5.2.0,,1.0,,,
629717905,jamiekoehler_09,2851457.0,28567,T0,2025-04-10 22:26:29 UTC,107912676,question_extractor,,5.2.0,1.0,,,,
629717905,jamiekoehler_09,2851457.0,28567,T1,2025-04-10 22:26:29 UTC,107912676,question_extractor,,5.2.0,,1.0,,,
629717920,jaslynlomibao,2854182.0,28567,T0,2025-04-10 22:26:32 UTC,107912654,question_extractor,,5.2.0,1.0,,,,
629717920,jaslynlomibao,2854182.0,28567,T1,2025-04-10 22:26:32 UTC,107912654,question_extractor,,5.2.0,,1.0,,,
629717926,378226,2854185.0,28567,T0,2025-04-10 22:26:34 UTC,107912630,question_extractor,,5.2.0,1.0,,,,
629717926,378226,2854185.0,28567,T1,2025-04-10 22:26:34 UTC,107912630,question_extractor,,5.2.0,,,1.0,,
629717934,zandrea.alej,2852004.0,28567,T0,2025-04-10 22:26:36 UTC,107912687,question_extractor,,5.2.0,1.0,,,,
629717934,zandrea.alej,2852004.0,28567,T1,2025-04-10 22:26:36 UTC,107912687,question_extractor,,5.2.0,,1.0,,,
629717943,jaslynlomibao,2854182.0,28567,T0,2025-04-10 22:26:38 UTC,107912824,question_extractor,1.0,5.2.0,,,,,
629717943,jaslynlomibao,2854182.0,28567,T1,2025-04-10 22:26:38 UTC,107912824,question_extractor,,5.2.0,,,,,
629717953,378226,2854185.0,28567,T0,2025-04-10 22:26:41 UTC,107912838,question_extractor,1.0,5.2.0,,,,,
629717953,378226,2854185.0,28567,T1,2025-04-10 22:26:41 UTC,107912838,question_extractor,,5.2.0,,,,,
629717954,ekaru2,2851074.0,28567,T0,2025-04-10 22:26:41 UTC,107912937,question_extractor,,5.2.0,1.0,,,,
629717954,ekaru2,2851074.0,28567,T1,2025-04-10 22:26:41 UTC,107912937,question_extractor,,5.2.0,,1.0,,,
629717965,jaslynlomibao,2854182.0,28567,T0,2025-04-10 22:26:43 UTC,107912780,question_extractor,1.0,5.2.0,,,,,
629717965,jaslynlomibao,2854182.0,28567,T1,2025-04-10 22:26:43 UTC,107912780,question_extractor,,5.2.0,,,,,
629717969,jamiekoehler_09,2851457.0,28567,T0,2025-04-10 22:26:46 UTC,107912663,question_extractor,,5.2.0,1.0,,,,
629717969,jamiekoehler_09,2851457.0,28567,T1,2025-04-10 22:26:46 UTC,107912663,question_extractor,,5.2.0,,1.0,,,
629717974,audrey.perez,2850908.0,28567,T0,2025-04-10 22:26:47 UTC,107912790,question_extractor,,5.2.0,1.0,,,,
629717974,audrey.perez,2850908.0,28567,T1,2025-04-10 22:26:47 UTC,107912790,question_extractor,,5.2.0,,,,,1.0
629717978,jaslynlomibao,2854182.0,28567,T0,2025-04-10 22:26:48 UTC,107912813,question_extractor,1.0,5.2.0,,,,,
629717978,jaslynlomibao,2854182.0,28567,T1,2025-04-10 22:26:48 UTC,107912813,question_extractor,,5.2.0,,,,,
629717987,jamiekoehler_09,2851457.0,28567,T0,2025-04-10 22:26:51 UTC,107912672,question_extractor,,5.2.0,1.0,,,,
629717987,jamiekoehler_09,2851457.0,28567,T1,2025-04-10 22:26:51 UTC,107912672,question_extractor,,5.2.0,,1.0,,,
629717990,378226,2854185.0,28567,T0,2025-04-10 22:26:52 UTC,107912950,question_extractor,1.0,5.2.0,,,,,
629717990,378226,2854185.0,28567,T1,2025-04-10 22:26:52 UTC,107912950,question_extractor,,5.2.0,,,,,
629717996,audrey.perez,2850908.0,28567,T0,2025-04-10 22:26:52 UTC,107912684,question_extractor,1.0,5.2.0,,,,,
629717996,audrey.perez,2850908.0,28567,T1,2025-04-10 22:26:52 UTC,107912684,question_extractor,,5.2.0,,,,,
629718002,jaslynlomibao,2854182.0,28567,T0,2025-04-10 22:26:54 UTC,107912707,question_extractor,1.0,5.2.0,,,,,
629718002,jaslynlomibao,2854182.0,28567,T1,2025-04-10 22:26:54 UTC,107912707,question_extractor,,5.2.0,,,,,
629718010,378226,2854185.0,28567,T0,2025-04-10 22:26:56 UTC,107912652,question_extractor,,5.2.0,1.0,,,,
629718010,378226,2854185.0,28567,T1,2025-04-10 22:26:56 UTC,107912652,question_extractor,,5.2.0,,,1.0,,
629718021,jaslynlomibao,2854182.0,28567,T0,2025-04-10 22:26:59 UTC,107912770,question_extractor,1.0,5.2.0,,,,,
629718021,jaslynlomibao,2854182.0,28567,T1,2025-04-10 22:26:59 UTC,107912770,question_extractor,,5.2.0,,,,,
629718029,audrey.perez,2850908.0,28567,T0,2025-04-10 22:27:02 UTC,107912679,question_extractor,1.0,5.2.0,,,,,
629718029,audrey.perez,2850908.0,28567,T1,2025-04-10 22:27:02 UTC,107912679,question_extractor,,5.2.0,,,,,
629718044,378226,2854185.0,28567,T0,2025-04-10 22:27:07 UTC,107912814,question_extractor,1.0,5.2.0,,,,,
629718044,378226,2854185.0,28567,T1,2025-04-10 22:27:07 UTC,107912814,question_extractor,,5.2.0,,,,,
629718055,audrey.perez,2850908.0,28567,T0,2025-04-10 22:27:10 UTC,107912731,question_extractor,1.0,5.2.0,,,,,
629718055,audrey.perez,2850908.0,28567,T1,2025-04-10 22:27:10 UTC,107912731,question_extractor,,5.2.0,,,,,
629718064,jamiekoehler_09,2851457.0,28567,T0,2025-04-10 22:27:13 UTC,107912943,question_extractor,1.0,5.2.0,,,,,
629718064,jamiekoehler_09,2851457.0,28567,T1,2025-04-10 22:27:13 UTC,107912943,question_extractor,,5.2.0,,,,,
629718068,jaslynlomibao,2854182.0,28567,T0,2025-04-10 22:27:14 UTC,107912919,question_extractor,,5.2.0,1.0,,,,
629718068,jaslynlomibao,2854182.0,28567,T1,2025-04-10 22:27:14 UTC,107912919,question_extractor,,5.2.0,,1.0,,,
629718081,zandrea.alej,2852004.0,28567,T0,2025-04-10 22:27:18 UTC,107912631,question_extractor,1.0,5.2.0,,,,,
629718081,zandrea.alej,2852004.0,28567,T1,2025-04-10 22:27:18 UTC,107912631,question_extractor,,5.2.0,,,,,
629718105,zandrea.alej,2852004.0,28567,T0,2025-04-10 22:27:24 UTC,107912777,question_extractor,1.0,5.2.0,,,,,
629718105,zandrea.alej,2852004.0,28567,T1,2025-04-10 22:27:24 UTC,107912777,question_extractor,,5.2.0,,,,,
629718108,jamiekoehler_09,2851457.0,28567,T0,2025-04-10 22:27:25 UTC,107912764,question_extractor,,5.2.0,1.0,,,,
629718108,jamiekoehler_09,2851457.0,28567,T1,2025-04-10 22:27:25 UTC,107912764,question_extractor,,5.2.0,,1.0,,,
629718132,audrey.perez,2850908.0,28567,T0,2025-04-10 22:27:31 UTC,107912954,question_extractor,1.0,5.2.0,,,,,
629718132,audrey.perez,2850908.0,28567,T1,2025-04-10 22:27:31 UTC,107912954,question_extractor,,5.2.0,,,,,
629718137,jamiekoehler_09,2851457.0,28567,T0,2025-04-10 22:27:33 UTC,107912847,question_extractor,,5.2.0,1.0,,,,
629718137,jamiekoehler_09,2851457.0,28567,T1,2025-04-10 22:27:33 UTC,107912847,question_extractor,,5.2.0,,1.0,,,
629718151,audrey.perez,2850908.0,28567,T0,2025-04-10 22:27:37 UTC,107912636,question_extractor,1.0,5.2.0,,,,,
629718151,audrey.perez,2850908.0,28567,T1,2025-04-10 22:27:37 UTC,107912636,question_extractor,,5.2.0,,,,,
629718160,jaslynlomibao,2854182.0,28567,T0,2025-04-10 22:27:39 UTC,107912637,question_extractor,1.0,5.2.0,,,,,
629718160,jaslynlomibao,2854182.0,28567,T1,2025-04-10 22:27:39 UTC,107912637,question_extractor,,5.2.0,,,,,
629718163,378226,2854185.0,28567,T0,2025-04-10 22:27:39 UTC,107912811,question_extractor,,5.2.0,1.0,,,,
629718163,378226,2854185.0,28567,T1,2025-04-10 22:27:39 UTC,107912811,question_extractor,,5.2.0,,,1.0,,
629718171,audrey.perez,2850908.0,28567,T0,2025-04-10 22:27:41 UTC,107912874,question_extractor,1.0,5.2.0,,,,,
629718171,audrey.perez,2850908.0,28567,T1,2025-04-10 22:27:41 UTC,107912874,question_extractor,,5.2.0,,,,,
629718182,jamiekoehler_09,2851457.0,28567,T0,2025-04-10 22:27:44 UTC,107912928,question_extractor,1.0,5.2.0,,,,,
629718182,jamiekoehler_09,2851457.0,28567,T1,2025-04-10 22:27:44 UTC,107912928,question_extractor,,5.2.0,,,,,
629718185,ekaru2,2851074.0,28567,T0,2025-04-10 22:27:45 UTC,107912900,question_extractor,,5.2.0,1.0,,,,
629718185,ekaru2,2851074.0,28567,T1,2025-04-10 22:27:45 UTC,107912900,question_extractor,,5.2.0,,1.0,,,
629718186,audrey.perez,2850908.0,28567,T0,2025-04-10 22:27:45 UTC,107912682,question_extractor,1.0,5.2.0,,,,,
629718186,audrey.perez,2850908.0,28567,T1,2025-04-10 22:27:45 UTC,107912682,question_extractor,,5.2.0,,,,,
629718200,eehenderson,2853193.0,28567,T0,2025-04-10 22:27:50 UTC,107912636,question_extractor,1.0,5.2.0,,,,,
629718200,eehenderson,2853193.0,28567,T1,2025-04-10 22:27:50 UTC,107912636,question_extractor,,5.2.0,,,,,
629718207,zandrea.alej,2852004.0,28567,T0,2025-04-10 22:27:51 UTC,107912890,question_extractor,,5.2.0,1.0,,,,
629718207,zandrea.alej,2852004.0,28567,T1,2025-04-10 22:27:51 UTC,107912890,question_extractor,,5.2.0,,,1.0,,
629718209,378226,2854185.0,28567,T0,2025-04-10 22:27:52 UTC,107912955,question_extractor,,5.2.0,1.0,,,,
629718209,378226,2854185.0,28567,T1,2025-04-10 22:27:52 UTC,107912955,question_extractor,,5.2.0,,,1.0,,
629718241,eehenderson,2853193.0,28567,T0,2025-04-10 22:28:02 UTC,107912825,question_extractor,,5.2.0,1.0,,,,
629718241,eehenderson,2853193.0,28567,T1,2025-04-10 22:28:02 UTC,107912825,question_extractor,,5.2.0,,1.0,,,
629718243,378226,2854185.0,28567,T0,2025-04-10 22:28:02 UTC,107912654,question_extractor,,5.2.0,1.0,,,,
629718243,378226,2854185.0,28567,T1,2025-04-10 22:28:02 UTC,107912654,question_extractor,,5.2.0,,,1.0,,
629718274,SarahShiers,2849214.0,28567,T0,2025-04-10 22:28:11 UTC,107912890,question_extractor,,5.2.0,1.0,,,,
629718274,SarahShiers,2849214.0,28567,T1,2025-04-10 22:28:11 UTC,107912890,question_extractor,,5.2.0,,1.0,,,
629718277,eehenderson,2853193.0,28567,T0,2025-04-10 22:28:11 UTC,107912927,question_extractor,,5.2.0,1.0,,,,
629718277,eehenderson,2853193.0,28567,T1,2025-04-10 22:28:11 UTC,107912927,question_extractor,,5.2.0,,1.0,,,
629718297,zandrea.alej,2852004.0,28567,T0,2025-04-10 22:28:17 UTC,107912666,question_extractor,,5.2.0,,,,,1.0
629718297,zandrea.alej,2852004.0,28567,T1,2025-04-10 22:28:17 UTC,107912666,question_extractor,,5.2.0,,,,,
629718300,ekaru2,2851074.0,28567,T0,2025-04-10 22:28:17 UTC,107912938,question_extractor,,5.2.0,1.0,,,,
629718300,ekaru2,2851074.0,28567,T1,2025-04-10 22:28:17 UTC,107912938,question_extractor,,5.2.0,,1.0,,,
629718301,SarahShiers,2849214.0,28567,T0,2025-04-10 22:28:18 UTC,107912645,question_extractor,,5.2.0,1.0,,,,
629718301,SarahShiers,2849214.0,28567,T1,2025-04-10 22:28:18 UTC,107912645,question_extractor,,5.2.0,,1.0,,,
629718302,eehenderson,2853193.0,28567,T0,2025-04-10 22:28:18 UTC,107912840,question_extractor,,5.2.0,1.0,,,,
629718302,eehenderson,2853193.0,28567,T1,2025-04-10 22:28:18 UTC,107912840,question_extractor,,5.2.0,,1.0,,,
629718308,audrey.perez,2850908.0,28567,T0,2025-04-10 22:28:20 UTC,107912700,question_extractor,,5.2.0,1.0,,,,
629718308,audrey.perez,2850908.0,28567,T1,2025-04-10 22:28:20 UTC,107912700,question_extractor,,5.2.0,,1.0,,,
629718314,zandrea.alej,2852004.0,28567,T0,2025-04-10 22:28:21 UTC,107912874,question_extractor,1.0,5.2.0,,,,,
629718314,zandrea.alej,2852004.0,28567,T1,2025-04-10 22:28:21 UTC,107912874,question_extractor,,5.2.0,,,,,
629718324,SarahShiers,2849214.0,28567,T0,2025-04-10 22:28:24 UTC,107912653,question_extractor,,5.2.0,1.0,,,,
629718324,SarahShiers,2849214.0,28567,T1,2025-04-10 22:28:24 UTC,107912653,question_extractor,,5.2.0,,1.0,,,
629718331,AnneListens,1882787.0,28567,T0,2025-04-10 22:28:26 UTC,107912867,question_extractor,,5.2.0,1.0,,,,
629718331,AnneListens,1882787.0,28567,T1,2025-04-10 22:28:26 UTC,107912867,question_extractor,,5.2.0,,1.0,,,
629718336,eehenderson,2853193.0,28567,T0,2025-04-10 22:28:27 UTC,107912866,question_extractor,,5.2.0,1.0,,,,
629718336,eehenderson,2853193.0,28567,T1,2025-04-10 22:28:27 UTC,107912866,question_extractor,,5.2.0,,1.0,,,
629718338,SarahShiers,2849214.0,28567,T0,2025-04-10 22:28:28 UTC,107912786,question_extractor,,5.2.0,1.0,,,,
629718338,SarahShiers,2849214.0,28567,T1,2025-04-10 22:28:28 UTC,107912786,question_extractor,,5.2.0,,1.0,,,
629718346,zandrea.alej,2852004.0,28567,T0,2025-04-10 22:28:31 UTC,107912669,question_extractor,1.0,5.2.0,,,,,
629718346,zandrea.alej,2852004.0,28567,T1,2025-04-10 22:28:31 UTC,107912669,question_extractor,,5.2.0,,,,,
629718348,ekaru2,2851074.0,28567,T0,2025-04-10 22:28:31 UTC,107912680,question_extractor,1.0,5.2.0,,,,,
629718348,ekaru2,2851074.0,28567,T1,2025-04-10 22:28:31 UTC,107912680,question_extractor,,5.2.0,,,,,
629718352,SarahShiers,2849214.0,28567,T0,2025-04-10 22:28:34 UTC,107912806,question_extractor,1.0,5.2.0,,,,,
629718352,SarahShiers,2849214.0,28567,T1,2025-04-10 22:28:34 UTC,107912806,question_extractor,,5.2.0,,,,,
629718360,AnneListens,1882787.0,28567,T0,2025-04-10 22:28:36 UTC,107912712,question_extractor,,5.2.0,1.0,,,,
629718360,AnneListens,1882787.0,28567,T1,2025-04-10 22:28:36 UTC,107912712,question_extractor,,5.2.0,,1.0,,,
629718364,ekaru2,2851074.0,28567,T0,2025-04-10 22:28:37 UTC,107912912,question_extractor,,5.2.0,,,,,1.0
629718364,ekaru2,2851074.0,28567,T1,2025-04-10 22:28:37 UTC,107912912,question_extractor,,5.2.0,,,,,
629718376,SarahShiers,2849214.0,28567,T0,2025-04-10 22:28:42 UTC,107912924,question_extractor,,5.2.0,1.0,,,,
629718376,SarahShiers,2849214.0,28567,T1,2025-04-10 22:28:42 UTC,107912924,question_extractor,,5.2.0,,1.0,,,
629718400,audrey.perez,2850908.0,28567,T0,2025-04-10 22:28:48 UTC,107912768,question_extractor,,5.2.0,1.0,,,,
629718400,audrey.perez,2850908.0,28567,T1,2025-04-10 22:28:48 UTC,107912768,question_extractor,,5.2.0,,,1.0,,
629718401,AnneListens,1882787.0,28567,T0,2025-04-10 22:28:49 UTC,107912821,question_extractor,,5.2.0,1.0,,,,
629718401,AnneListens,1882787.0,28567,T1,2025-04-10 22:28:49 UTC,107912821,question_extractor,,5.2.0,,,1.0,,
629718405,SarahShiers,2849214.0,28567,T0,2025-04-10 22:28:50 UTC,107912928,question_extractor,,5.2.0,1.0,,,,
629718405,SarahShiers,2849214.0,28567,T1,2025-04-10 22:28:50 UTC,107912928,question_extractor,,5.2.0,,1.0,,,
629718408,eehenderson,2853193.0,28567,T0,2025-04-10 22:28:51 UTC,107912628,question_extractor,,5.2.0,1.0,,,,
629718408,eehenderson,2853193.0,28567,T1,2025-04-10 22:28:51 UTC,107912628,question_extractor,,5.2.0,,1.0,,,
629718419,AnneListens,1882787.0,28567,T0,2025-04-10 22:28:54 UTC,107912855,question_extractor,1.0,5.2.0,,,,,
629718419,AnneListens,1882787.0,28567,T1,2025-04-10 22:28:54 UTC,107912855,question_extractor,,5.2.0,,,,,
629718424,SarahShiers,2849214.0,28567,T0,2025-04-10 22:28:55 UTC,107912863,question_extractor,,5.2.0,1.0,,,,
629718424,SarahShiers,2849214.0,28567,T1,2025-04-10 22:28:55 UTC,107912863,question_extractor,,5.2.0,,1.0,,,
629718435,eehenderson,2853193.0,28567,T0,2025-04-10 22:28:59 UTC,107912647,question_extractor,,5.2.0,1.0,,,,
629718435,eehenderson,2853193.0,28567,T1,2025-04-10 22:28:59 UTC,107912647,question_extractor,,5.2.0,,1.0,,,
629718437,378226,2854185.0,28567,T0,2025-04-10 22:29:00 UTC,107912871,question_extractor,,5.2.0,1.0,,,,
629718437,378226,2854185.0,28567,T1,2025-04-10 22:29:00 UTC,107912871,question_extractor,,5.2.0,,1.0,,,
629718444,SarahShiers,2849214.0,28567,T0,2025-04-10 22:29:01 UTC,107912748,question_extractor,,5.2.0,1.0,,,,
629718444,SarahShiers,2849214.0,28567,T1,2025-04-10 22:29:01 UTC,107912748,question_extractor,,5.2.0,,1.0,,,
629718455,zandrea.alej,2852004.0,28567,T0,2025-04-10 22:29:05 UTC,107912811,question_extractor,,5.2.0,1.0,,,,
629718455,zandrea.alej,2852004.0,28567,T1,2025-04-10 22:29:05 UTC,107912811,question_extractor,,5.2.0,,,,,1.0
629718456,AnneListens,1882787.0,28567,T0,2025-04-10 22:29:05 UTC,107912890,question_extractor,,5.2.0,1.0,,,,
629718456,AnneListens,1882787.0,28567,T1,2025-04-10 22:29:05 UTC,107912890,question_extractor,,5.2.0,,1.0,,,
629718458,SarahShiers,2849214.0,28567,T0,2025-04-10 22:29:06 UTC,107912790,question_extractor,,5.2.0,1.0,,,,
629718458,SarahShiers,2849214.0,28567,T1,2025-04-10 22:29:06 UTC,107912790,question_extractor,,5.2.0,,1.0,,,
629718475,eehenderson,2853193.0,28567,T0,2025-04-10 22:29:13 UTC,107912640,question_extractor,,5.2.0,1.0,,,,
629718475,eehenderson,2853193.0,28567,T1,2025-04-10 22:29:13 UTC,107912640,question_extractor,,5.2.0,,,1.0,,
629718476,SarahShiers,2849214.0,28567,T0,2025-04-10 22:29:13 UTC,107912754,question_extractor,,5.2.0,1.0,,,,
629718476,SarahShiers,2849214.0,28567,T1,2025-04-10 22:29:13 UTC,107912754,question_extractor,,5.2.0,,1.0,,,
629718478,jaslynlomibao,2854182.0,28567,T0,2025-04-10 22:29:13 UTC,107912859,question_extractor,,5.2.0,1.0,,,,
629718478,jaslynlomibao,2854182.0,28567,T1,2025-04-10 22:29:13 UTC,107912859,question_extractor,,5.2.0,,1.0,,,
629718479,AnneListens,1882787.0,28567,T0,2025-04-10 22:29:14 UTC,107912933,question_extractor,,5.2.0,1.0,,,,
629718479,AnneListens,1882787.0,28567,T1,2025-04-10 22:29:14 UTC,107912933,question_extractor,,5.2.0,,1.0,,,
629718481,audrey.perez,2850908.0,28567,T0,2025-04-10 22:29:15 UTC,107912663,question_extractor,,5.2.0,1.0,,,,
629718481,audrey.perez,2850908.0,28567,T1,2025-04-10 22:29:15 UTC,107912663,question_extractor,,5.2.0,,,1.0,,
629718487,SarahShiers,2849214.0,28567,T0,2025-04-10 22:29:18 UTC,107912751,question_extractor,1.0,5.2.0,,,,,
629718487,SarahShiers,2849214.0,28567,T1,2025-04-10 22:29:18 UTC,107912751,question_extractor,,5.2.0,,,,,
629718500,eehenderson,2853193.0,28567,T0,2025-04-10 22:29:25 UTC,107912906,question_extractor,,5.2.0,1.0,,,,
629718500,eehenderson,2853193.0,28567,T1,2025-04-10 22:29:25 UTC,107912906,question_extractor,,5.2.0,,1.0,,,
629718501,AnneListens,1882787.0,28567,T0,2025-04-10 22:29:26 UTC,107912911,question_extractor,,5.2.0,1.0,,,,
629718501,AnneListens,1882787.0,28567,T1,2025-04-10 22:29:26 UTC,107912911,question_extractor,,5.2.0,,1.0,,,
629718511,eehenderson,2853193.0,28567,T0,2025-04-10 22:29:32 UTC,107912683,question_extractor,,5.2.0,1.0,,,,
629718511,eehenderson,2853193.0,28567,T1,2025-04-10 22:29:32 UTC,107912683,question_extractor,,5.2.0,,1.0,,,
629718514,SarahShiers,2849214.0,28567,T0,2025-04-10 22:29:33 UTC,107912957,question_extractor,,5.2.0,1.0,,,,
629718514,SarahShiers,2849214.0,28567,T1,2025-04-10 22:29:33 UTC,107912957,question_extractor,,5.2.0,,1.0,,,
629718518,zandrea.alej,2852004.0,28567,T0,2025-04-10 22:29:35 UTC,107912819,question_extractor,,5.2.0,1.0,,,,
629718518,zandrea.alej,2852004.0,28567,T1,2025-04-10 22:29:35 UTC,107912819,question_extractor,,5.2.0,,,1.0,,
629718522,eehenderson,2853193.0,28567,T0,2025-04-10 22:29:36 UTC,107912803,question_extractor,1.0,5.2.0,,,,,
629718522,eehenderson,2853193.0,28567,T1,2025-04-10 22:29:36 UTC,107912803,question_extractor,,5.2.0,,,,,
629718523,jaslynlomibao,2854182.0,28567,T0,2025-04-10 22:29:36 UTC,107912805,question_extractor,,5.2.0,1.0,,,,
629718523,jaslynlomibao,2854182.0,28567,T1,2025-04-10 22:29:36 UTC,107912805,question_extractor,,5.2.0,,1.0,,,
629718531,ekaru2,2851074.0,28567,T0,2025-04-10 22:29:39 UTC,107912942,question_extractor,,5.2.0,1.0,,,,
629718531,ekaru2,2851074.0,28567,T1,2025-04-10 22:29:39 UTC,107912942,question_extractor,,5.2.0,,1.0,,,
629718535,SarahShiers,2849214.0,28567,T0,2025-04-10 22:29:39 UTC,107912895,question_extractor,,5.2.0,1.0,,,,
629718535,SarahShiers,2849214.0,28567,T1,2025-04-10 22:29:39 UTC,107912895,question_extractor,,5.2.0,,1.0,,,
629718544,jaslynlomibao,2854182.0,28567,T0,2025-04-10 22:29:42 UTC,107912674,question_extractor,1.0,5.2.0,,,,,
629718544,jaslynlomibao,2854182.0,28567,T1,2025-04-10 22:29:42 UTC,107912674,question_extractor,,5.2.0,,,,,
629718550,SarahShiers,2849214.0,28567,T0,2025-04-10 22:29:44 UTC,107912724,question_extractor,,5.2.0,1.0,,,,
629718550,SarahShiers,2849214.0,28567,T1,2025-04-10 22:29:44 UTC,107912724,question_extractor,,5.2.0,,1.0,,,
629718557,eehenderson,2853193.0,28567,T0,2025-04-10 22:29:47 UTC,107912686,question_extractor,,5.2.0,1.0,,,,
629718557,eehenderson,2853193.0,28567,T1,2025-04-10 22:29:47 UTC,107912686,question_extractor,,5.2.0,,1.0,,,
629718579,jamiekoehler_09,2851457.0,28567,T0,2025-04-10 22:29:53 UTC,107912880,question_extractor,,5.2.0,1.0,,,,
629718579,jamiekoehler_09,2851457.0,28567,T1,2025-04-10 22:29:53 UTC,107912880,question_extractor,,5.2.0,,1.0,,,
629718593,jamiekoehler_09,2851457.0,28567,T0,2025-04-10 22:29:59 UTC,107912837,question_extractor,1.0,5.2.0,,,,,
629718593,jamiekoehler_09,2851457.0,28567,T1,2025-04-10 22:29:59 UTC,107912837,question_extractor,,5.2.0,,,,,
629718603,jamiekoehler_09,2851457.0,28567,T0,2025-04-10 22:30:02 UTC,107912680,question_extractor,1.0,5.2.0,,,,,
629718603,jamiekoehler_09,2851457.0,28567,T1,2025-04-10 22:30:02 UTC,107912680,question_extractor,,5.2.0,,,,,
629718604,eehenderson,2853193.0,28567,T0,2025-04-10 22:30:02 UTC,107912661,question_extractor,1.0,5.2.0,,,,,
629718604,eehenderson,2853193.0,28567,T1,2025-04-10 22:30:02 UTC,107912661,question_extractor,,5.2.0,,,,,
629718618,AnneListens,1882787.0,28567,T0,2025-04-10 22:30:07 UTC,107912714,question_extractor,,5.2.0,1.0,,,,
629718618,AnneListens,1882787.0,28567,T1,2025-04-10 22:30:07 UTC,107912714,question_extractor,,5.2.0,,1.0,,,
629718628,eehenderson,2853193.0,28567,T0,2025-04-10 22:30:11 UTC,107912910,question_extractor,,5.2.0,1.0,,,,
629718628,eehenderson,2853193.0,28567,T1,2025-04-10 22:30:11 UTC,107912910,question_extractor,,5.2.0,,1.0,,,
629718629,ekaru2,2851074.0,28567,T0,2025-04-10 22:30:11 UTC,107912694,question_extractor,,5.2.0,,,,,1.0
629718629,ekaru2,2851074.0,28567,T1,2025-04-10 22:30:11 UTC,107912694,question_extractor,,5.2.0,,,,,
629718641,378226,2854185.0,28567,T0,2025-04-10 22:30:14 UTC,107912924,question_extractor,,5.2.0,1.0,,,,
629718641,378226,2854185.0,28567,T1,2025-04-10 22:30:14 UTC,107912924,question_extractor,,5.2.0,,,1.0,,
629718645,AnneListens,1882787.0,28567,T0,2025-04-10 22:30:15 UTC,107912780,question_extractor,1.0,5.2.0,,,,,
629718645,AnneListens,1882787.0,28567,T1,2025-04-10 22:30:15 UTC,107912780,question_extractor,,5.2.0,,,,,
629718651,eehenderson,2853193.0,28567,T0,2025-04-10 22:30:18 UTC,107912674,question_extractor,1.0,5.2.0,,,,,
629718651,eehenderson,2853193.0,28567,T1,2025-04-10 22:30:18 UTC,107912674,question_extractor,,5.2.0,,,,,
629718655,jamiekoehler_09,2851457.0,28567,T0,2025-04-10 22:30:20 UTC,107912899,question_extractor,1.0,5.2.0,,,,,
629718655,jamiekoehler_09,2851457.0,28567,T1,2025-04-10 22:30:20 UTC,107912899,question_extractor,,5.2.0,,,,,
629718663,jamiekoehler_09,2851457.0,28567,T0,2025-04-10 22:30:23 UTC,107912779,question_extractor,1.0,5.2.0,,,,,
629718663,jamiekoehler_09,2851457.0,28567,T1,2025-04-10 22:30:23 UTC,107912779,question_extractor,,5.2.0,,,,,
629718665,not-logged-in-257e0b29fba55918ad8f,,28567,T0,2025-04-10 22:30:23 UTC,107912747,question_extractor,,5.2.0,1.0,,,,
629718665,not-logged-in-257e0b29fba55918ad8f,,28567,T1,2025-04-10 22:30:23 UTC,107912747,question_extractor,,5.2.0,,,,,1.0
629718666,ekaru2,2851074.0,28567,T0,2025-04-10 22:30:23 UTC,107912641,question_extractor,1.0,5.2.0,,,,,
629718666,ekaru2,2851074.0,28567,T1,2025-04-10 22:30:23 UTC,107912641,question_extractor,,5.2.0,,,,,
629718674,AnneListens,1882787.0,28567,T0,2025-04-10 22:30:26 UTC,107912823,question_extractor,,5.2.0,1.0,,,,
629718674,AnneListens,1882787.0,28567,T1,2025-04-10 22:30:26 UTC,107912823,question_extractor,,5.2.0,,1.0,,,
629718685,SarahShiers,2849214.0,28567,T0,2025-04-10 22:30:31 UTC,107912670,question_extractor,,5.2.0,1.0,,,,
629718685,SarahShiers,2849214.0,28567,T1,2025-04-10 22:30:31 UTC,107912670,question_extractor,,5.2.0,,1.0,,,
629718687,eehenderson,2853193.0,28567,T0,2025-04-10 22:30:31 UTC,107912892,question_extractor,,5.2.0,1.0,,,,
629718687,eehenderson,2853193.0,28567,T1,2025-04-10 22:30:31 UTC,107912892,question_extractor,,5.2.0,,1.0,,,
629718688,jamiekoehler_09,2851457.0,28567,T0,2025-04-10 22:30:32 UTC,107912742,question_extractor,,5.2.0,1.0,,,,
629718688,jamiekoehler_09,2851457.0,28567,T1,2025-04-10 22:30:32 UTC,107912742,question_extractor,,5.2.0,,1.0,,,
629718699,audrey.perez,2850908.0,28567,T0,2025-04-10 22:30:34 UTC,107912718,question_extractor,,5.2.0,1.0,,,,
629718699,audrey.perez,2850908.0,28567,T1,2025-04-10 22:30:34 UTC,107912718,question_extractor,,5.2.0,,1.0,,,
629718700,SarahShiers,2849214.0,28567,T0,2025-04-10 22:30:34 UTC,107912776,question_extractor,1.0,5.2.0,,,,,
629718700,SarahShiers,2849214.0,28567,T1,2025-04-10 22:30:34 UTC,107912776,question_extractor,,5.2.0,,,,,
629718713,AnneListens,1882787.0,28567,T0,2025-04-10 22:30:39 UTC,107912735,question_extractor,,5.2.0,1.0,,,,
629718713,AnneListens,1882787.0,28567,T1,2025-04-10 22:30:39 UTC,107912735,question_extractor,,5.2.0,,1.0,,,
629718717,zandrea.alej,2852004.0,28567,T0,2025-04-10 22:30:41 UTC,107912756,question_extractor,,5.2.0,1.0,,,,
629718717,zandrea.alej,2852004.0,28567,T1,2025-04-10 22:30:41 UTC,107912756,question_extractor,,5.2.0,,1.0,,,
629718720,SarahShiers,2849214.0,28567,T0,2025-04-10 22:30:41 UTC,107912735,question_extractor,,5.2.0,1.0,,,,
629718720,SarahShiers,2849214.0,28567,T1,2025-04-10 22:30:41 UTC,107912735,question_extractor,,5.2.0,,1.0,,,
629718722,eehenderson,2853193.0,28567,T0,2025-04-10 22:30:41 UTC,107912652,question_extractor,,5.2.0,1.0,,,,
629718722,eehenderson,2853193.0,28567,T1,2025-04-10 22:30:41 UTC,107912652,question_extractor,,5.2.0,,1.0,,,
629718747,eehenderson,2853193.0,28567,T0,2025-04-10 22:30:49 UTC,107912795,question_extractor,1.0,5.2.0,,,,,
629718747,eehenderson,2853193.0,28567,T1,2025-04-10 22:30:49 UTC,107912795,question_extractor,,5.2.0,,,,,
629718750,sioncumigad,2854575.0,28567,T0,2025-04-10 22:30:49 UTC,107912637,question_extractor,1.0,5.2.0,,,,,
629718750,sioncumigad,2854575.0,28567,T1,2025-04-10 22:30:49 UTC,107912637,question_extractor,,5.2.0,,,,,
629718752,SarahShiers,2849214.0,28567,T0,2025-04-10 22:30:50 UTC,107912738,question_extractor,,5.2.0,1.0,,,,
629718752,SarahShiers,2849214.0,28567,T1,2025-04-10 22:30:50 UTC,107912738,question_extractor,,5.2.0,,1.0,,,
629718765,SarahShiers,2849214.0,28567,T0,2025-04-10 22:30:53 UTC,107912941,question_extractor,1.0,5.2.0,,,,,
629718765,SarahShiers,2849214.0,28567,T1,2025-04-10 22:30:53 UTC,107912941,question_extractor,,5.2.0,,,,,
629718767,eehenderson,2853193.0,28567,T0,2025-04-10 22:30:53 UTC,107912730,question_extractor,1.0,5.2.0,,,,,
629718767,eehenderson,2853193.0,28567,T1,2025-04-10 22:30:53 UTC,107912730,question_extractor,,5.2.0,,,,,
629718776,zandrea.alej,2852004.0,28567,T0,2025-04-10 22:30:56 UTC,107912910,question_extractor,,5.2.0,1.0,,,,
629718776,zandrea.alej,2852004.0,28567,T1,2025-04-10 22:30:56 UTC,107912910,question_extractor,,5.2.0,,1.0,,,
629718783,378226,2854185.0,28567,T0,2025-04-10 22:30:57 UTC,107912636,question_extractor,1.0,5.2.0,,,,,
629718783,378226,2854185.0,28567,T1,2025-04-10 22:30:57 UTC,107912636,question_extractor,,5.2.0,,,,,
629718788,ekaru2,2851074.0,28567,T0,2025-04-10 22:30:58 UTC,107912741,question_extractor,,5.2.0,1.0,,,,
629718788,ekaru2,2851074.0,28567,T1,2025-04-10 22:30:58 UTC,107912741,question_extractor,,5.2.0,,1.0,,,
629718796,jaslynlomibao,2854182.0,28567,T0,2025-04-10 22:31:00 UTC,107912622,question_extractor,,5.2.0,1.0,,,,
629718796,jaslynlomibao,2854182.0,28567,T1,2025-04-10 22:31:00 UTC,107912622,question_extractor,,5.2.0,,1.0,,,
629718800,SarahShiers,2849214.0,28567,T0,2025-04-10 22:31:01 UTC,107912640,question_extractor,,5.2.0,1.0,,,,
629718800,SarahShiers,2849214.0,28567,T1,2025-04-10 22:31:01 UTC,107912640,question_extractor,,5.2.0,,1.0,,,
629718802,378226,2854185.0,28567,T0,2025-04-10 22:31:01 UTC,107912878,question_extractor,1.0,5.2.0,,,,,
629718802,378226,2854185.0,28567,T1,2025-04-10 22:31:01 UTC,107912878,question_extractor,,5.2.0,,,,,
629718813,ekaru2,2851074.0,28567,T0,2025-04-10 22:31:05 UTC,107912777,question_extractor,1.0,5.2.0,,,,,
629718813,ekaru2,2851074.0,28567,T1,2025-04-10 22:31:05 UTC,107912777,question_extractor,,5.2.0,,,,,
629718822,SarahShiers,2849214.0,28567,T0,2025-04-10 22:31:07 UTC,107912904,question_extractor,,5.2.0,1.0,,,,
629718822,SarahShiers,2849214.0,28567,T1,2025-04-10 22:31:07 UTC,107912904,question_extractor,,5.2.0,,1.0,,,
629718828,ekaru2,2851074.0,28567,T0,2025-04-10 22:31:10 UTC,107912837,question_extractor,1.0,5.2.0,,,,,
629718828,ekaru2,2851074.0,28567,T1,2025-04-10 22:31:10 UTC,107912837,question_extractor,,5.2.0,,,,,
629718832,eehenderson,2853193.0,28567,T0,2025-04-10 22:31:10 UTC,107912784,question_extractor,,5.2.0,,,,,1.0
629718832,eehenderson,2853193.0,28567,T1,2025-04-10 22:31:10 UTC,107912784,question_extractor,,5.2.0,,,,,
629718833,AnneListens,1882787.0,28567,T0,2025-04-10 22:31:10 UTC,107912904,question_extractor,,5.2.0,1.0,,,,
629718833,AnneListens,1882787.0,28567,T1,2025-04-10 22:31:10 UTC,107912904,question_extractor,,5.2.0,,1.0,,,
629718844,SarahShiers,2849214.0,28567,T0,2025-04-10 22:31:14 UTC,107912621,question_extractor,,5.2.0,1.0,,,,
629718844,SarahShiers,2849214.0,28567,T1,2025-04-10 22:31:14 UTC,107912621,question_extractor,,5.2.0,,1.0,,,
629718855,AnneListens,1882787.0,28567,T0,2025-04-10 22:31:17 UTC,107912828,question_extractor,1.0,5.2.0,,,,,
629718855,AnneListens,1882787.0,28567,T1,2025-04-10 22:31:17 UTC,107912828,question_extractor,,5.2.0,,,,,
629718861,378226,2854185.0,28567,T0,2025-04-10 22:31:18 UTC,107912957,question_extractor,1.0,5.2.0,,,,,
629718861,378226,2854185.0,28567,T1,2025-04-10 22:31:18 UTC,107912957,question_extractor,,5.2.0,,,,,
629718866,eehenderson,2853193.0,28567,T0,2025-04-10 22:31:19 UTC,107912956,question_extractor,,5.2.0,1.0,,,,
629718866,eehenderson,2853193.0,28567,T1,2025-04-10 22:31:19 UTC,107912956,question_extractor,,5.2.0,,1.0,,,
629718877,378226,2854185.0,28567,T0,2025-04-10 22:31:21 UTC,107912684,question_extractor,1.0,5.2.0,,,,,
629718877,378226,2854185.0,28567,T1,2025-04-10 22:31:21 UTC,107912684,question_extractor,,5.2.0,,,,,
629718931,audrey.perez,2850908.0,28567,T0,2025-04-10 22:31:39 UTC,107912701,question_extractor,,5.2.0,1.0,,,,
629718931,audrey.perez,2850908.0,28567,T1,2025-04-10 22:31:39 UTC,107912701,question_extractor,,5.2.0,,1.0,,,
629718944,audrey.perez,2850908.0,28567,T0,2025-04-10 22:31:44 UTC,107912800,question_extractor,1.0,5.2.0,,,,,
629718944,audrey.perez,2850908.0,28567,T1,2025-04-10 22:31:44 UTC,107912800,question_extractor,,5.2.0,,,,,
629718982,Alexis_HH,2854650.0,28567,T0,2025-04-10 22:31:59 UTC,107912870,question_extractor,1.0,5.2.0,,,,,
629718982,Alexis_HH,2854650.0,28567,T1,2025-04-10 22:31:59 UTC,107912870,question_extractor,,5.2.0,,,,,
629719011,Alexis_HH,2854650.0,28567,T0,2025-04-10 22:32:12 UTC,107912712,question_extractor,1.0,5.2.0,,,,,
629719011,Alexis_HH,2854650.0,28567,T1,2025-04-10 22:32:12 UTC,107912712,question_extractor,,5.2.0,,,,,
629719019,Alexis_HH,2854650.0,28567,T0,2025-04-10 22:32:17 UTC,107912737,question_extractor,1.0,5.2.0,,,,,
629719019,Alexis_HH,2854650.0,28567,T1,2025-04-10 22:32:17 UTC,107912737,question_extractor,,5.2.0,,,,,
629719059,Alexis_HH,2854650.0,28567,T0,2025-04-10 22:32:36 UTC,107912818,question_extractor,,5.2.0,1.0,,,,
629719059,Alexis_HH,2854650.0,28567,T1,2025-04-10 22:32:36 UTC,107912818,question_extractor,,5.2.0,,,1.0,,
629719064,378226,2854185.0,28567,T0,2025-04-10 22:32:39 UTC,107912724,question_extractor,,5.2.0,1.0,,,,
629719064,378226,2854185.0,28567,T1,2025-04-10 22:32:39 UTC,107912724,question_extractor,,5.2.0,,1.0,,,
629719073,Alexis_HH,2854650.0,28567,T0,2025-04-10 22:32:42 UTC,107912801,question_extractor,1.0,5.2.0,,,,,
629719073,Alexis_HH,2854650.0,28567,T1,2025-04-10 22:32:42 UTC,107912801,question_extractor,,5.2.0,,,,,
629719078,audrey.perez,2850908.0,28567,T0,2025-04-10 22:32:43 UTC,107912727,question_extractor,1.0,5.2.0,,,,,
629719078,audrey.perez,2850908.0,28567,T1,2025-04-10 22:32:43 UTC,107912727,question_extractor,,5.2.0,,,,,
629719087,Alexis_HH,2854650.0,28567,T0,2025-04-10 22:32:46 UTC,107912635,question_extractor,1.0,5.2.0,,,,,
629719087,Alexis_HH,2854650.0,28567,T1,2025-04-10 22:32:46 UTC,107912635,question_extractor,,5.2.0,,,,,
629719095,ekaru2,2851074.0,28567,T0,2025-04-10 22:32:49 UTC,107912759,question_extractor,,5.2.0,1.0,,,,
629719095,ekaru2,2851074.0,28567,T1,2025-04-10 22:32:49 UTC,107912759,question_extractor,,5.2.0,,1.0,,,
629719097,zandrea.alej,2852004.0,28567,T0,2025-04-10 22:32:49 UTC,107912837,question_extractor,1.0,5.2.0,,,,,
629719097,zandrea.alej,2852004.0,28567,T1,2025-04-10 22:32:49 UTC,107912837,question_extractor,,5.2.0,,,,,
629719106,jamiekoehler_09,2851457.0,28567,T0,2025-04-10 22:32:52 UTC,107912720,question_extractor,,5.2.0,1.0,,,,
629719106,jamiekoehler_09,2851457.0,28567,T1,2025-04-10 22:32:52 UTC,107912720,question_extractor,,5.2.0,,1.0,,,
629719113,audrey.perez,2850908.0,28567,T0,2025-04-10 22:32:54 UTC,107912625,question_extractor,,5.2.0,1.0,,,,
629719113,audrey.perez,2850908.0,28567,T1,2025-04-10 22:32:54 UTC,107912625,question_extractor,,5.2.0,,1.0,,,
629719122,audrey.perez,2850908.0,28567,T0,2025-04-10 22:32:58 UTC,107912771,question_extractor,1.0,5.2.0,,,,,
629719122,audrey.perez,2850908.0,28567,T1,2025-04-10 22:32:58 UTC,107912771,question_extractor,,5.2.0,,,,,
629719128,Alexis_HH,2854650.0,28567,T0,2025-04-10 22:33:01 UTC,107912891,question_extractor,,5.2.0,1.0,,,,
629719128,Alexis_HH,2854650.0,28567,T1,2025-04-10 22:33:01 UTC,107912891,question_extractor,,5.2.0,,1.0,,,
629719149,jamiekoehler_09,2851457.0,28567,T0,2025-04-10 22:33:08 UTC,107912940,question_extractor,,5.2.0,1.0,,,,
629719149,jamiekoehler_09,2851457.0,28567,T1,2025-04-10 22:33:08 UTC,107912940,question_extractor,,5.2.0,,1.0,,,
629719158,ekaru2,2851074.0,28567,T0,2025-04-10 22:33:12 UTC,107912877,question_extractor,,5.2.0,1.0,,,,
629719158,ekaru2,2851074.0,28567,T1,2025-04-10 22:33:12 UTC,107912877,question_extractor,,5.2.0,,1.0,,,
629719194,SarahShiers,2849214.0,28567,T0,2025-04-10 22:33:25 UTC,107912883,question_extractor,,5.2.0,1.0,,,,
629719194,SarahShiers,2849214.0,28567,T1,2025-04-10 22:33:25 UTC,107912883,question_extractor,,5.2.0,,1.0,,,
629719210,audrey.perez,2850908.0,28567,T0,2025-04-10 22:33:31 UTC,107912784,question_extractor,1.0,5.2.0,,,,,
629719210,audrey.perez,2850908.0,28567,T1,2025-04-10 22:33:31 UTC,107912784,question_extractor,,5.2.0,,,,,
629719221,audrey.perez,2850908.0,28567,T0,2025-04-10 22:33:34 UTC,107912778,question_extractor,1.0,5.2.0,,,,,
629719221,audrey.perez,2850908.0,28567,T1,2025-04-10 22:33:34 UTC,107912778,question_extractor,,5.2.0,,,,,
629719230,ekaru2,2851074.0,28567,T0,2025-04-10 22:33:38 UTC,107912645,question_extractor,,5.2.0,1.0,,,,
629719230,ekaru2,2851074.0,28567,T1,2025-04-10 22:33:38 UTC,107912645,question_extractor,,5.2.0,,1.0,,,
629719239,jamiekoehler_09,2851457.0,28567,T0,2025-04-10 22:33:40 UTC,107912948,question_extractor,1.0,5.2.0,,,,,
629719239,jamiekoehler_09,2851457.0,28567,T1,2025-04-10 22:33:40 UTC,107912948,question_extractor,,5.2.0,,,,,
629719271,ekaru2,2851074.0,28567,T0,2025-04-10 22:33:51 UTC,107912929,question_extractor,,5.2.0,1.0,,,,
629719271,ekaru2,2851074.0,28567,T1,2025-04-10 22:33:51 UTC,107912929,question_extractor,,5.2.0,,1.0,,,
629719292,ekaru2,2851074.0,28567,T0,2025-04-10 22:33:59 UTC,107912838,question_extractor,1.0,5.2.0,,,,,
629719292,ekaru2,2851074.0,28567,T1,2025-04-10 22:33:59 UTC,107912838,question_extractor,,5.2.0,,,,,
629719301,audrey.perez,2850908.0,28567,T0,2025-04-10 22:34:02 UTC,107912923,question_extractor,1.0,5.2.0,,,,,
629719301,audrey.perez,2850908.0,28567,T1,2025-04-10 22:34:02 UTC,107912923,question_extractor,,5.2.0,,,,,
629719349,jamiekoehler_09,2851457.0,28567,T0,2025-04-10 22:34:15 UTC,107912692,question_extractor,,5.2.0,1.0,,,,
629719349,jamiekoehler_09,2851457.0,28567,T1,2025-04-10 22:34:15 UTC,107912692,question_extractor,,5.2.0,,,,,1.0
629719352,ekaru2,2851074.0,28567,T0,2025-04-10 22:34:16 UTC,107912824,question_extractor,1.0,5.2.0,,,,,
629719352,ekaru2,2851074.0,28567,T1,2025-04-10 22:34:16 UTC,107912824,question_extractor,,5.2.0,,,,,
629719390,Alexis_HH,2854650.0,28567,T0,2025-04-10 22:34:33 UTC,107912927,question_extractor,,5.2.0,1.0,,,,
629719390,Alexis_HH,2854650.0,28567,T1,2025-04-10 22:34:33 UTC,107912927,question_extractor,,5.2.0,,1.0,,,
629719438,devina.martinez,2854623.0,28567,T0,2025-04-10 22:34:48 UTC,107912802,question_extractor,,5.2.0,1.0,,,,
629719438,devina.martinez,2854623.0,28567,T1,2025-04-10 22:34:48 UTC,107912802,question_extractor,,5.2.0,,1.0,,,
629719458,sioncumigad,2854575.0,28567,T0,2025-04-10 22:34:54 UTC,107912936,question_extractor,,5.2.0,1.0,,,,
629719458,sioncumigad,2854575.0,28567,T1,2025-04-10 22:34:54 UTC,107912936,question_extractor,,5.2.0,,,,,1.0
629719459,SarahShiers,2849214.0,28567,T0,2025-04-10 22:34:55 UTC,107912672,question_extractor,,5.2.0,1.0,,,,
629719459,SarahShiers,2849214.0,28567,T1,2025-04-10 22:34:55 UTC,107912672,question_extractor,,5.2.0,,1.0,,,
629719469,zandrea.alej,2852004.0,28567,T0,2025-04-10 22:34:58 UTC,107912878,question_extractor,,5.2.0,1.0,,,,
629719469,zandrea.alej,2852004.0,28567,T1,2025-04-10 22:34:58 UTC,107912878,question_extractor,,5.2.0,,1.0,,,
629719478,378226,2854185.0,28567,T0,2025-04-10 22:35:02 UTC,107912692,question_extractor,,5.2.0,1.0,,,,
629719478,378226,2854185.0,28567,T1,2025-04-10 22:35:02 UTC,107912692,question_extractor,,5.2.0,,1.0,,,
629719479,SarahShiers,2849214.0,28567,T0,2025-04-10 22:35:03 UTC,107912958,question_extractor,,5.2.0,1.0,,,,
629719479,SarahShiers,2849214.0,28567,T1,2025-04-10 22:35:03 UTC,107912958,question_extractor,,5.2.0,,1.0,,,
629719518,jamiekoehler_09,2851457.0,28567,T0,2025-04-10 22:35:17 UTC,107912865,question_extractor,,5.2.0,1.0,,,,
629719518,jamiekoehler_09,2851457.0,28567,T1,2025-04-10 22:35:17 UTC,107912865,question_extractor,,5.2.0,,1.0,,,
629719521,eehenderson,2853193.0,28567,T0,2025-04-10 22:35:18 UTC,107912904,question_extractor,,5.2.0,1.0,,,,
629719521,eehenderson,2853193.0,28567,T1,2025-04-10 22:35:18 UTC,107912904,question_extractor,,5.2.0,,,,,1.0
629719526,jaslynlomibao,2854182.0,28567,T0,2025-04-10 22:35:20 UTC,107912927,question_extractor,,5.2.0,1.0,,,,
629719526,jaslynlomibao,2854182.0,28567,T1,2025-04-10 22:35:20 UTC,107912927,question_extractor,,5.2.0,,,1.0,,
629719534,jamiekoehler_09,2851457.0,28567,T0,2025-04-10 22:35:22 UTC,107912850,question_extractor,1.0,5.2.0,,,,,
629719534,jamiekoehler_09,2851457.0,28567,T1,2025-04-10 22:35:22 UTC,107912850,question_extractor,,5.2.0,,,,,
629719538,SarahShiers,2849214.0,28567,T0,2025-04-10 22:35:24 UTC,107912647,question_extractor,,5.2.0,1.0,,,,
629719538,SarahShiers,2849214.0,28567,T1,2025-04-10 22:35:24 UTC,107912647,question_extractor,,5.2.0,,1.0,,,
629719547,jaslynlomibao,2854182.0,28567,T0,2025-04-10 22:35:27 UTC,107912820,question_extractor,,5.2.0,1.0,,,,
629719547,jaslynlomibao,2854182.0,28567,T1,2025-04-10 22:35:27 UTC,107912820,question_extractor,,5.2.0,,,1.0,,
629719559,eehenderson,2853193.0,28567,T0,2025-04-10 22:35:31 UTC,107912725,question_extractor,,5.2.0,1.0,,,,
629719559,eehenderson,2853193.0,28567,T1,2025-04-10 22:35:31 UTC,107912725,question_extractor,,5.2.0,,1.0,,,
629719563,SarahShiers,2849214.0,28567,T0,2025-04-10 22:35:32 UTC,107912678,question_extractor,,5.2.0,1.0,,,,
629719563,SarahShiers,2849214.0,28567,T1,2025-04-10 22:35:32 UTC,107912678,question_extractor,,5.2.0,,1.0,,,
629719572,SarahShiers,2849214.0,28567,T0,2025-04-10 22:35:35 UTC,107912705,question_extractor,1.0,5.2.0,,,,,
629719572,SarahShiers,2849214.0,28567,T1,2025-04-10 22:35:35 UTC,107912705,question_extractor,,5.2.0,,,,,
629719576,ekaru2,2851074.0,28567,T0,2025-04-10 22:35:35 UTC,107912915,question_extractor,,5.2.0,1.0,,,,
629719576,ekaru2,2851074.0,28567,T1,2025-04-10 22:35:35 UTC,107912915,question_extractor,,5.2.0,,1.0,,,
629719584,eehenderson,2853193.0,28567,T0,2025-04-10 22:35:38 UTC,107912700,question_extractor,,5.2.0,1.0,,,,
629719584,eehenderson,2853193.0,28567,T1,2025-04-10 22:35:38 UTC,107912700,question_extractor,,5.2.0,,1.0,,,
629719590,ekaru2,2851074.0,28567,T0,2025-04-10 22:35:39 UTC,107912662,question_extractor,1.0,5.2.0,,,,,
629719590,ekaru2,2851074.0,28567,T1,2025-04-10 22:35:39 UTC,107912662,question_extractor,,5.2.0,,,,,
629719595,SarahShiers,2849214.0,28567,T0,2025-04-10 22:35:41 UTC,107912917,question_extractor,,5.2.0,1.0,,,,
629719595,SarahShiers,2849214.0,28567,T1,2025-04-10 22:35:41 UTC,107912917,question_extractor,,5.2.0,,1.0,,,
629719597,Alexis_HH,2854650.0,28567,T0,2025-04-10 22:35:42 UTC,107912856,question_extractor,,5.2.0,1.0,,,,
629719597,Alexis_HH,2854650.0,28567,T1,2025-04-10 22:35:42 UTC,107912856,question_extractor,,5.2.0,,1.0,,,
629719601,audrey.perez,2850908.0,28567,T0,2025-04-10 22:35:42 UTC,107912624,question_extractor,,5.2.0,1.0,,,,
629719601,audrey.perez,2850908.0,28567,T1,2025-04-10 22:35:42 UTC,107912624,question_extractor,,5.2.0,,1.0,,,
629719604,jamiekoehler_09,2851457.0,28567,T0,2025-04-10 22:35:43 UTC,107912624,question_extractor,,5.2.0,1.0,,,,
629719604,jamiekoehler_09,2851457.0,28567,T1,2025-04-10 22:35:43 UTC,107912624,question_extractor,,5.2.0,,1.0,,,
629719609,SarahShiers,2849214.0,28567,T0,2025-04-10 22:35:44 UTC,107912856,question_extractor,,5.2.0,1.0,,,,
629719609,SarahShiers,2849214.0,28567,T1,2025-04-10 22:35:44 UTC,107912856,question_extractor,,5.2.0,,1.0,,,
629719614,ekaru2,2851074.0,28567,T0,2025-04-10 22:35:46 UTC,107912635,question_extractor,1.0,5.2.0,,,,,
629719614,ekaru2,2851074.0,28567,T1,2025-04-10 22:35:46 UTC,107912635,question_extractor,,5.2.0,,,,,
629719616,Alexis_HH,2854650.0,28567,T0,2025-04-10 22:35:46 UTC,107912735,question_extractor,,5.2.0,,,,,1.0
629719616,Alexis_HH,2854650.0,28567,T1,2025-04-10 22:35:46 UTC,107912735,question_extractor,,5.2.0,,,,,
629719618,eehenderson,2853193.0,28567,T0,2025-04-10 22:35:47 UTC,107912818,question_extractor,,5.2.0,1.0,,,,
629719618,eehenderson,2853193.0,28567,T1,2025-04-10 22:35:47 UTC,107912818,question_extractor,,5.2.0,,,1.0,,
629719620,audrey.perez,2850908.0,28567,T0,2025-04-10 22:35:47 UTC,107912648,question_extractor,1.0,5.2.0,,,,,
629719620,audrey.perez,2850908.0,28567,T1,2025-04-10 22:35:47 UTC,107912648,question_extractor,,5.2.0,,,,,
629719627,jamiekoehler_09,2851457.0,28567,T0,2025-04-10 22:35:49 UTC,107912933,question_extractor,,5.2.0,1.0,,,,
629719627,jamiekoehler_09,2851457.0,28567,T1,2025-04-10 22:35:49 UTC,107912933,question_extractor,,5.2.0,,1.0,,,
629719635,SarahShiers,2849214.0,28567,T0,2025-04-10 22:35:50 UTC,107912841,question_extractor,,5.2.0,1.0,,,,
629719635,SarahShiers,2849214.0,28567,T1,2025-04-10 22:35:50 UTC,107912841,question_extractor,,5.2.0,,1.0,,,
629719647,jamiekoehler_09,2851457.0,28567,T0,2025-04-10 22:35:54 UTC,107912932,question_extractor,1.0,5.2.0,,,,,
629719647,jamiekoehler_09,2851457.0,28567,T1,2025-04-10 22:35:54 UTC,107912932,question_extractor,,5.2.0,,,,,
629719654,devina.martinez,2854623.0,28567,T0,2025-04-10 22:35:55 UTC,107912828,question_extractor,1.0,5.2.0,,,,,
629719654,devina.martinez,2854623.0,28567,T1,2025-04-10 22:35:55 UTC,107912828,question_extractor,,5.2.0,,,,,
629719659,SarahShiers,2849214.0,28567,T0,2025-04-10 22:35:56 UTC,107912871,question_extractor,,5.2.0,1.0,,,,
629719659,SarahShiers,2849214.0,28567,T1,2025-04-10 22:35:56 UTC,107912871,question_extractor,,5.2.0,,1.0,,,
629719660,jamiekoehler_09,2851457.0,28567,T0,2025-04-10 22:35:56 UTC,107912784,question_extractor,1.0,5.2.0,,,,,
629719660,jamiekoehler_09,2851457.0,28567,T1,2025-04-10 22:35:56 UTC,107912784,question_extractor,,5.2.0,,,,,
629719663,Alexis_HH,2854650.0,28567,T0,2025-04-10 22:35:57 UTC,107912902,question_extractor,,5.2.0,1.0,,,,
629719663,Alexis_HH,2854650.0,28567,T1,2025-04-10 22:35:57 UTC,107912902,question_extractor,,5.2.0,,1.0,,,
629719664,eehenderson,2853193.0,28567,T0,2025-04-10 22:35:57 UTC,107912938,question_extractor,,5.2.0,1.0,,,,
629719664,eehenderson,2853193.0,28567,T1,2025-04-10 22:35:57 UTC,107912938,question_extractor,,5.2.0,,1.0,,,
629719673,ekaru2,2851074.0,28567,T0,2025-04-10 22:36:00 UTC,107912792,question_extractor,,5.2.0,1.0,,,,
629719673,ekaru2,2851074.0,28567,T1,2025-04-10 22:36:00 UTC,107912792,question_extractor,,5.2.0,,1.0,,,
629719677,SarahShiers,2849214.0,28567,T0,2025-04-10 22:36:01 UTC,107912767,question_extractor,,5.2.0,1.0,,,,
629719677,SarahShiers,2849214.0,28567,T1,2025-04-10 22:36:01 UTC,107912767,question_extractor,,5.2.0,,1.0,,,
629719678,Alexis_HH,2854650.0,28567,T0,2025-04-10 22:36:01 UTC,107912778,question_extractor,1.0,5.2.0,,,,,
629719678,Alexis_HH,2854650.0,28567,T1,2025-04-10 22:36:01 UTC,107912778,question_extractor,,5.2.0,,,,,
629719679,jaslynlomibao,2854182.0,28567,T0,2025-04-10 22:36:01 UTC,107912901,question_extractor,,5.2.0,1.0,,,,
629719679,jaslynlomibao,2854182.0,28567,T1,2025-04-10 22:36:01 UTC,107912901,question_extractor,,5.2.0,,,1.0,,
629719681,jamiekoehler_09,2851457.0,28567,T0,2025-04-10 22:36:02 UTC,107912677,question_extractor,,5.2.0,1.0,,,,
629719681,jamiekoehler_09,2851457.0,28567,T1,2025-04-10 22:36:02 UTC,107912677,question_extractor,,5.2.0,,1.0,,,
629719682,not-logged-in-3d0843959ce1e65cbe4d,,28567,T0,2025-04-10 22:36:02 UTC,107912840,question_extractor,1.0,5.2.0,,,,,
629719682,not-logged-in-3d0843959ce1e65cbe4d,,28567,T1,2025-04-10 22:36:02 UTC,107912840,question_extractor,,5.2.0,,,,,
629719686,ekaru2,2851074.0,28567,T0,2025-04-10 22:36:03 UTC,107912799,question_extractor,1.0,5.2.0,,,,,
629719686,ekaru2,2851074.0,28567,T1,2025-04-10 22:36:03 UTC,107912799,question_extractor,,5.2.0,,,,,
629719699,devina.martinez,2854623.0,28567,T0,2025-04-10 22:36:05 UTC,107912800,question_extractor,1.0,5.2.0,,,,,
629719699,devina.martinez,2854623.0,28567,T1,2025-04-10 22:36:05 UTC,107912800,question_extractor,,5.2.0,,,,,
629719701,jamiekoehler_09,2851457.0,28567,T0,2025-04-10 22:36:06 UTC,107912891,question_extractor,,5.2.0,1.0,,,,
629719701,jamiekoehler_09,2851457.0,28567,T1,2025-04-10 22:36:06 UTC,107912891,question_extractor,,5.2.0,,1.0,,,
629719703,AnneListens,1882787.0,28567,T0,2025-04-10 22:36:06 UTC,107912792,question_extractor,,5.2.0,1.0,,,,
629719703,AnneListens,1882787.0,28567,T1,2025-04-10 22:36:06 UTC,107912792,question_extractor,,5.2.0,,1.0,,,
629719705,SarahShiers,2849214.0,28567,T0,2025-04-10 22:36:07 UTC,107912726,question_extractor,,5.2.0,1.0,,,,
629719705,SarahShiers,2849214.0,28567,T1,2025-04-10 22:36:07 UTC,107912726,question_extractor,,5.2.0,,1.0,,,
629719706,ekaru2,2851074.0,28567,T0,2025-04-10 22:36:07 UTC,107912857,question_extractor,1.0,5.2.0,,,,,
629719706,ekaru2,2851074.0,28567,T1,2025-04-10 22:36:07 UTC,107912857,question_extractor,,5.2.0,,,,,
629719707,eehenderson,2853193.0,28567,T0,2025-04-10 22:36:07 UTC,107912673,question_extractor,,5.2.0,1.0,,,,
629719707,eehenderson,2853193.0,28567,T1,2025-04-10 22:36:07 UTC,107912673,question_extractor,,5.2.0,,1.0,,,
629719708,Alexis_HH,2854650.0,28567,T0,2025-04-10 22:36:07 UTC,107912932,question_extractor,,5.2.0,,,,,1.0
629719708,Alexis_HH,2854650.0,28567,T1,2025-04-10 22:36:07 UTC,107912932,question_extractor,,5.2.0,,,,,
629719715,audrey.perez,2850908.0,28567,T0,2025-04-10 22:36:09 UTC,107912732,question_extractor,1.0,5.2.0,,,,,
629719715,audrey.perez,2850908.0,28567,T1,2025-04-10 22:36:09 UTC,107912732,question_extractor,,5.2.0,,,,,
629719720,jamiekoehler_09,2851457.0,28567,T0,2025-04-10 22:36:11 UTC,107912646,question_extractor,,5.2.0,1.0,,,,
629719720,jamiekoehler_09,2851457.0,28567,T1,2025-04-10 22:36:11 UTC,107912646,question_extractor,,5.2.0,,,,,1.0
629719722,SarahShiers,2849214.0,28567,T0,2025-04-10 22:36:11 UTC,107912766,question_extractor,,5.2.0,1.0,,,,
629719722,SarahShiers,2849214.0,28567,T1,2025-04-10 22:36:11 UTC,107912766,question_extractor,,5.2.0,,1.0,,,
629719726,Alexis_HH,2854650.0,28567,T0,2025-04-10 22:36:14 UTC,107912894,question_extractor,,5.2.0,1.0,,,,
629719726,Alexis_HH,2854650.0,28567,T1,2025-04-10 22:36:14 UTC,107912894,question_extractor,,5.2.0,,1.0,,,
629719728,AnneListens,1882787.0,28567,T0,2025-04-10 22:36:14 UTC,107912724,question_extractor,,5.2.0,1.0,,,,
629719728,AnneListens,1882787.0,28567,T1,2025-04-10 22:36:14 UTC,107912724,question_extractor,,5.2.0,,1.0,,,
629719730,eehenderson,2853193.0,28567,T0,2025-04-10 22:36:15 UTC,107912629,question_extractor,,5.2.0,1.0,,,,
629719730,eehenderson,2853193.0,28567,T1,2025-04-10 22:36:15 UTC,107912629,question_extractor,,5.2.0,,1.0,,,
629719738,ekaru2,2851074.0,28567,T0,2025-04-10 22:36:17 UTC,107912871,question_extractor,,5.2.0,1.0,,,,
629719738,ekaru2,2851074.0,28567,T1,2025-04-10 22:36:17 UTC,107912871,question_extractor,,5.2.0,,1.0,,,
629719739,SarahShiers,2849214.0,28567,T0,2025-04-10 22:36:17 UTC,107912950,question_extractor,,5.2.0,1.0,,,,
629719739,SarahShiers,2849214.0,28567,T1,2025-04-10 22:36:17 UTC,107912950,question_extractor,,5.2.0,,1.0,,,
629719743,jaslynlomibao,2854182.0,28567,T0,2025-04-10 22:36:18 UTC,107912904,question_extractor,,5.2.0,1.0,,,,
629719743,jaslynlomibao,2854182.0,28567,T1,2025-04-10 22:36:18 UTC,107912904,question_extractor,,5.2.0,,,,,1.0
629719747,AnneListens,1882787.0,28567,T0,2025-04-10 22:36:19 UTC,107912804,question_extractor,1.0,5.2.0,,,,,
629719747,AnneListens,1882787.0,28567,T1,2025-04-10 22:36:19 UTC,107912804,question_extractor,,5.2.0,,,,,
629719758,SarahShiers,2849214.0,28567,T0,2025-04-10 22:36:22 UTC,107912706,question_extractor,,5.2.0,1.0,,,,
629719758,SarahShiers,2849214.0,28567,T1,2025-04-10 22:36:22 UTC,107912706,question_extractor,,5.2.0,,1.0,,,
629719759,eehenderson,2853193.0,28567,T0,2025-04-10 22:36:22 UTC,107912922,question_extractor,1.0,5.2.0,,,,,
629719759,eehenderson,2853193.0,28567,T1,2025-04-10 22:36:22 UTC,107912922,question_extractor,,5.2.0,,,,,
629719775,SarahShiers,2849214.0,28567,T0,2025-04-10 22:36:26 UTC,107912926,question_extractor,,5.2.0,1.0,,,,
629719775,SarahShiers,2849214.0,28567,T1,2025-04-10 22:36:26 UTC,107912926,question_extractor,,5.2.0,,1.0,,,
629719777,jamiekoehler_09,2851457.0,28567,T0,2025-04-10 22:36:27 UTC,107912927,question_extractor,,5.2.0,1.0,,,,
629719777,jamiekoehler_09,2851457.0,28567,T1,2025-04-10 22:36:27 UTC,107912927,question_extractor,,5.2.0,,1.0,,,
629719779,AnneListens,1882787.0,28567,T0,2025-04-10 22:36:28 UTC,107912810,question_extractor,,5.2.0,1.0,,,,
629719779,AnneListens,1882787.0,28567,T1,2025-04-10 22:36:28 UTC,107912810,question_extractor,,5.2.0,,1.0,,,
629719788,not-logged-in-3d0843959ce1e65cbe4d,,28567,T0,2025-04-10 22:36:29 UTC,107912950,question_extractor,1.0,5.2.0,,,,,
629719788,not-logged-in-3d0843959ce1e65cbe4d,,28567,T1,2025-04-10 22:36:29 UTC,107912950,question_extractor,,5.2.0,,,,,
629719794,SarahShiers,2849214.0,28567,T0,2025-04-10 22:36:30 UTC,107912720,question_extractor,,5.2.0,1.0,,,,
629719794,SarahShiers,2849214.0,28567,T1,2025-04-10 22:36:30 UTC,107912720,question_extractor,,5.2.0,,1.0,,,
629719798,jamiekoehler_09,2851457.0,28567,T0,2025-04-10 22:36:31 UTC,107912830,question_extractor,1.0,5.2.0,,,,,
629719798,jamiekoehler_09,2851457.0,28567,T1,2025-04-10 22:36:31 UTC,107912830,question_extractor,,5.2.0,,,,,
629719802,ekaru2,2851074.0,28567,T0,2025-04-10 22:36:32 UTC,107912886,question_extractor,,5.2.0,1.0,,,,
629719802,ekaru2,2851074.0,28567,T1,2025-04-10 22:36:32 UTC,107912886,question_extractor,,5.2.0,,1.0,,,
629719811,jamiekoehler_09,2851457.0,28567,T0,2025-04-10 22:36:37 UTC,107912638,question_extractor,,5.2.0,,,,,1.0
629719811,jamiekoehler_09,2851457.0,28567,T1,2025-04-10 22:36:37 UTC,107912638,question_extractor,,5.2.0,,,,,
629719817,AnneListens,1882787.0,28567,T0,2025-04-10 22:36:38 UTC,107912706,question_extractor,,5.2.0,1.0,,,,
629719817,AnneListens,1882787.0,28567,T1,2025-04-10 22:36:38 UTC,107912706,question_extractor,,5.2.0,,1.0,,,
629719826,jamiekoehler_09,2851457.0,28567,T0,2025-04-10 22:36:40 UTC,107912732,question_extractor,1.0,5.2.0,,,,,
629719826,jamiekoehler_09,2851457.0,28567,T1,2025-04-10 22:36:40 UTC,107912732,question_extractor,,5.2.0,,,,,
629719831,SarahShiers,2849214.0,28567,T0,2025-04-10 22:36:41 UTC,107912947,question_extractor,,5.2.0,1.0,,,,
629719831,SarahShiers,2849214.0,28567,T1,2025-04-10 22:36:41 UTC,107912947,question_extractor,,5.2.0,,1.0,,,
629719832,ekaru2,2851074.0,28567,T0,2025-04-10 22:36:42 UTC,107912714,question_extractor,1.0,5.2.0,,,,,
629719832,ekaru2,2851074.0,28567,T1,2025-04-10 22:36:42 UTC,107912714,question_extractor,,5.2.0,,,,,
629719836,jamiekoehler_09,2851457.0,28567,T0,2025-04-10 22:36:42 UTC,107912660,question_extractor,1.0,5.2.0,,,,,
629719836,jamiekoehler_09,2851457.0,28567,T1,2025-04-10 22:36:42 UTC,107912660,question_extractor,,5.2.0,,,,,
629719847,audrey.perez,2850908.0,28567,T0,2025-04-10 22:36:46 UTC,107912789,question_extractor,,5.2.0,1.0,,,,
629719847,audrey.perez,2850908.0,28567,T1,2025-04-10 22:36:46 UTC,107912789,question_extractor,,5.2.0,,,1.0,,
629719848,SarahShiers,2849214.0,28567,T0,2025-04-10 22:36:46 UTC,107912936,question_extractor,,5.2.0,1.0,,,,
629719848,SarahShiers,2849214.0,28567,T1,2025-04-10 22:36:46 UTC,107912936,question_extractor,,5.2.0,,1.0,,,
629719852,jaslynlomibao,2854182.0,28567,T0,2025-04-10 22:36:47 UTC,107912878,question_extractor,,5.2.0,1.0,,,,
629719852,jaslynlomibao,2854182.0,28567,T1,2025-04-10 22:36:47 UTC,107912878,question_extractor,,5.2.0,,,1.0,,
629719854,ekaru2,2851074.0,28567,T0,2025-04-10 22:36:47 UTC,107912849,question_extractor,1.0,5.2.0,,,,,
629719854,ekaru2,2851074.0,28567,T1,2025-04-10 22:36:47 UTC,107912849,question_extractor,,5.2.0,,,,,
629719855,jamiekoehler_09,2851457.0,28567,T0,2025-04-10 22:36:47 UTC,107912793,question_extractor,,5.2.0,1.0,,,,
629719855,jamiekoehler_09,2851457.0,28567,T1,2025-04-10 22:36:47 UTC,107912793,question_extractor,,5.2.0,,,,,1.0
629719856,AnneListens,1882787.0,28567,T0,2025-04-10 22:36:49 UTC,107912912,question_extractor,,5.2.0,1.0,,,,
629719856,AnneListens,1882787.0,28567,T1,2025-04-10 22:36:49 UTC,107912912,question_extractor,,5.2.0,,1.0,,,
629719860,SarahShiers,2849214.0,28567,T0,2025-04-10 22:36:49 UTC,107912633,question_extractor,1.0,5.2.0,,,,,
629719860,SarahShiers,2849214.0,28567,T1,2025-04-10 22:36:49 UTC,107912633,question_extractor,,5.2.0,,,,,
629719867,SarahShiers,2849214.0,28567,T0,2025-04-10 22:36:52 UTC,107912762,question_extractor,1.0,5.2.0,,,,,
629719867,SarahShiers,2849214.0,28567,T1,2025-04-10 22:36:52 UTC,107912762,question_extractor,,5.2.0,,,,,
629719889,SarahShiers,2849214.0,28567,T0,2025-04-10 22:36:57 UTC,107912663,question_extractor,,5.2.0,1.0,,,,
629719889,SarahShiers,2849214.0,28567,T1,2025-04-10 22:36:57 UTC,107912663,question_extractor,,5.2.0,,1.0,,,
629719896,devina.martinez,2854623.0,28567,T0,2025-04-10 22:36:59 UTC,107912949,question_extractor,,5.2.0,1.0,,,,
629719896,devina.martinez,2854623.0,28567,T1,2025-04-10 22:36:59 UTC,107912949,question_extractor,,5.2.0,,1.0,,,
629719900,AnneListens,1882787.0,28567,T0,2025-04-10 22:37:00 UTC,107912843,question_extractor,,5.2.0,1.0,,,,
629719900,AnneListens,1882787.0,28567,T1,2025-04-10 22:37:00 UTC,107912843,question_extractor,,5.2.0,,1.0,,,
629719903,ekaru2,2851074.0,28567,T0,2025-04-10 22:37:01 UTC,107912858,question_extractor,,5.2.0,1.0,,,,
629719903,ekaru2,2851074.0,28567,T1,2025-04-10 22:37:01 UTC,107912858,question_extractor,,5.2.0,,,1.0,,
629719905,SarahShiers,2849214.0,28567,T0,2025-04-10 22:37:01 UTC,107912827,question_extractor,1.0,5.2.0,,,,,
629719905,SarahShiers,2849214.0,28567,T1,2025-04-10 22:37:01 UTC,107912827,question_extractor,,5.2.0,,,,,
629719922,SarahShiers,2849214.0,28567,T0,2025-04-10 22:37:05 UTC,107912798,question_extractor,,5.2.0,1.0,,,,
629719922,SarahShiers,2849214.0,28567,T1,2025-04-10 22:37:05 UTC,107912798,question_extractor,,5.2.0,,1.0,,,
629719924,jamiekoehler_09,2851457.0,28567,T0,2025-04-10 22:37:06 UTC,107912924,question_extractor,,5.2.0,1.0,,,,
629719924,jamiekoehler_09,2851457.0,28567,T1,2025-04-10 22:37:06 UTC,107912924,question_extractor,,5.2.0,,1.0,,,
629719930,jaslynlomibao,2854182.0,28567,T0,2025-04-10 22:37:07 UTC,107912826,question_extractor,,5.2.0,1.0,,,,
629719930,jaslynlomibao,2854182.0,28567,T1,2025-04-10 22:37:07 UTC,107912826,question_extractor,,5.2.0,,,1.0,,
629719931,ekaru2,2851074.0,28567,T0,2025-04-10 22:37:07 UTC,107912756,question_extractor,1.0,5.2.0,,,,,
629719931,ekaru2,2851074.0,28567,T1,2025-04-10 22:37:07 UTC,107912756,question_extractor,,5.2.0,,,,,
629719934,SarahShiers,2849214.0,28567,T0,2025-04-10 22:37:08 UTC,107912733,question_extractor,1.0,5.2.0,,,,,
629719934,SarahShiers,2849214.0,28567,T1,2025-04-10 22:37:08 UTC,107912733,question_extractor,,5.2.0,,,,,
629719946,SarahShiers,2849214.0,28567,T0,2025-04-10 22:37:12 UTC,107912784,question_extractor,1.0,5.2.0,,,,,
629719946,SarahShiers,2849214.0,28567,T1,2025-04-10 22:37:12 UTC,107912784,question_extractor,,5.2.0,,,,,
629719953,SarahShiers,2849214.0,28567,T0,2025-04-10 22:37:15 UTC,107912785,question_extractor,1.0,5.2.0,,,,,
629719953,SarahShiers,2849214.0,28567,T1,2025-04-10 22:37:15 UTC,107912785,question_extractor,,5.2.0,,,,,
629719959,not-logged-in-3d0843959ce1e65cbe4d,,28567,T0,2025-04-10 22:37:17 UTC,107912895,question_extractor,,5.2.0,1.0,,,,
629719959,not-logged-in-3d0843959ce1e65cbe4d,,28567,T1,2025-04-10 22:37:17 UTC,107912895,question_extractor,,5.2.0,,1.0,,,
629719964,378226,2854185.0,28567,T0,2025-04-10 22:37:18 UTC,107912866,question_extractor,,5.2.0,1.0,,,,
629719964,378226,2854185.0,28567,T1,2025-04-10 22:37:18 UTC,107912866,question_extractor,,5.2.0,,1.0,,,
629719965,SarahShiers,2849214.0,28567,T0,2025-04-10 22:37:19 UTC,107912884,question_extractor,,5.2.0,1.0,,,,
629719965,SarahShiers,2849214.0,28567,T1,2025-04-10 22:37:19 UTC,107912884,question_extractor,,5.2.0,,1.0,,,
629719967,ekaru2,2851074.0,28567,T0,2025-04-10 22:37:19 UTC,107912646,question_extractor,,5.2.0,1.0,,,,
629719967,ekaru2,2851074.0,28567,T1,2025-04-10 22:37:19 UTC,107912646,question_extractor,,5.2.0,,1.0,,,
629719973,jaslynlomibao,2854182.0,28567,T0,2025-04-10 22:37:21 UTC,107912698,question_extractor,,5.2.0,1.0,,,,
629719973,jaslynlomibao,2854182.0,28567,T1,2025-04-10 22:37:21 UTC,107912698,question_extractor,,5.2.0,,1.0,,,
629719976,ekaru2,2851074.0,28567,T0,2025-04-10 22:37:22 UTC,107912658,question_extractor,1.0,5.2.0,,,,,
629719976,ekaru2,2851074.0,28567,T1,2025-04-10 22:37:22 UTC,107912658,question_extractor,,5.2.0,,,,,
629719977,sioncumigad,2854575.0,28567,T0,2025-04-10 22:37:22 UTC,107912739,question_extractor,,5.2.0,1.0,,,,
629719977,sioncumigad,2854575.0,28567,T1,2025-04-10 22:37:22 UTC,107912739,question_extractor,,5.2.0,,1.0,,,
629719978,AnneListens,1882787.0,28567,T0,2025-04-10 22:37:23 UTC,107912876,question_extractor,,5.2.0,1.0,,,,
629719978,AnneListens,1882787.0,28567,T1,2025-04-10 22:37:23 UTC,107912876,question_extractor,,5.2.0,,1.0,,,
629719982,SarahShiers,2849214.0,28567,T0,2025-04-10 22:37:23 UTC,107912627,question_extractor,,5.2.0,1.0,,,,
629719982,SarahShiers,2849214.0,28567,T1,2025-04-10 22:37:23 UTC,107912627,question_extractor,,5.2.0,,1.0,,,
629719990,ekaru2,2851074.0,28567,T0,2025-04-10 22:37:26 UTC,107912734,question_extractor,1.0,5.2.0,,,,,
629719990,ekaru2,2851074.0,28567,T1,2025-04-10 22:37:26 UTC,107912734,question_extractor,,5.2.0,,,,,
629719995,sioncumigad,2854575.0,28567,T0,2025-04-10 22:37:27 UTC,107912899,question_extractor,1.0,5.2.0,,,,,
629719995,sioncumigad,2854575.0,28567,T1,2025-04-10 22:37:27 UTC,107912899,question_extractor,,5.2.0,,,,,
629720000,audrey.perez,2850908.0,28567,T0,2025-04-10 22:37:29 UTC,107912938,question_extractor,,5.2.0,1.0,,,,
629720000,audrey.perez,2850908.0,28567,T1,2025-04-10 22:37:29 UTC,107912938,question_extractor,,5.2.0,,1.0,,,
629720002,SarahShiers,2849214.0,28567,T0,2025-04-10 22:37:29 UTC,107912956,question_extractor,,5.2.0,1.0,,,,
629720002,SarahShiers,2849214.0,28567,T1,2025-04-10 22:37:29 UTC,107912956,question_extractor,,5.2.0,,1.0,,,
629720014,ekaru2,2851074.0,28567,T0,2025-04-10 22:37:33 UTC,107912686,question_extractor,1.0,5.2.0,,,,,
629720014,ekaru2,2851074.0,28567,T1,2025-04-10 22:37:33 UTC,107912686,question_extractor,,5.2.0,,,,,
629720021,SarahShiers,2849214.0,28567,T0,2025-04-10 22:37:35 UTC,107912688,question_extractor,,5.2.0,1.0,,,,
629720021,SarahShiers,2849214.0,28567,T1,2025-04-10 22:37:35 UTC,107912688,question_extractor,,5.2.0,,1.0,,,
629720024,jaslynlomibao,2854182.0,28567,T0,2025-04-10 22:37:36 UTC,107912782,question_extractor,,5.2.0,1.0,,,,
629720024,jaslynlomibao,2854182.0,28567,T1,2025-04-10 22:37:36 UTC,107912782,question_extractor,,5.2.0,,,1.0,,
629720033,378226,2854185.0,28567,T0,2025-04-10 22:37:39 UTC,107912916,question_extractor,,5.2.0,1.0,,,,
629720033,378226,2854185.0,28567,T1,2025-04-10 22:37:39 UTC,107912916,question_extractor,,5.2.0,,1.0,,,
629720037,AnneListens,1882787.0,28567,T0,2025-04-10 22:37:39 UTC,107912760,question_extractor,,5.2.0,1.0,,,,
629720037,AnneListens,1882787.0,28567,T1,2025-04-10 22:37:39 UTC,107912760,question_extractor,,5.2.0,,1.0,,,
629720038,SarahShiers,2849214.0,28567,T0,2025-04-10 22:37:39 UTC,107912888,question_extractor,,5.2.0,1.0,,,,
629720038,SarahShiers,2849214.0,28567,T1,2025-04-10 22:37:39 UTC,107912888,question_extractor,,5.2.0,,1.0,,,
629720046,SarahShiers,2849214.0,28567,T0,2025-04-10 22:37:42 UTC,107912734,question_extractor,1.0,5.2.0,,,,,
629720046,SarahShiers,2849214.0,28567,T1,2025-04-10 22:37:42 UTC,107912734,question_extractor,,5.2.0,,,,,
629720047,devina.martinez,2854623.0,28567,T0,2025-04-10 22:37:42 UTC,107912655,question_extractor,1.0,5.2.0,,,,,
629720047,devina.martinez,2854623.0,28567,T1,2025-04-10 22:37:42 UTC,107912655,question_extractor,,5.2.0,,,,,
629720050,ekaru2,2851074.0,28567,T0,2025-04-10 22:37:42 UTC,107912689,question_extractor,,5.2.0,1.0,,,,
629720050,ekaru2,2851074.0,28567,T1,2025-04-10 22:37:42 UTC,107912689,question_extractor,,5.2.0,,1.0,,,
629720055,AnneListens,1882787.0,28567,T0,2025-04-10 22:37:44 UTC,107912785,question_extractor,1.0,5.2.0,,,,,
629720055,AnneListens,1882787.0,28567,T1,2025-04-10 22:37:44 UTC,107912785,question_extractor,,5.2.0,,,,,
629720062,SarahShiers,2849214.0,28567,T0,2025-04-10 22:37:46 UTC,107912729,question_extractor,,5.2.0,1.0,,,,
629720062,SarahShiers,2849214.0,28567,T1,2025-04-10 22:37:46 UTC,107912729,question_extractor,,5.2.0,,1.0,,,
629720065,sioncumigad,2854575.0,28567,T0,2025-04-10 22:37:47 UTC,107912717,question_extractor,,5.2.0,1.0,,,,
629720065,sioncumigad,2854575.0,28567,T1,2025-04-10 22:37:47 UTC,107912717,question_extractor,,5.2.0,,1.0,,,
629720070,ekaru2,2851074.0,28567,T0,2025-04-10 22:37:49 UTC,107912726,question_extractor,,5.2.0,1.0,,,,
629720070,ekaru2,2851074.0,28567,T1,2025-04-10 22:37:49 UTC,107912726,question_extractor,,5.2.0,,1.0,,,
629720071,not-logged-in-3d0843959ce1e65cbe4d,,28567,T0,2025-04-10 22:37:51 UTC,107912753,question_extractor,,5.2.0,1.0,,,,
629720071,not-logged-in-3d0843959ce1e65cbe4d,,28567,T1,2025-04-10 22:37:51 UTC,107912753,question_extractor,,5.2.0,,1.0,,,
629720075,SarahShiers,2849214.0,28567,T0,2025-04-10 22:37:51 UTC,107912753,question_extractor,,5.2.0,1.0,,,,
629720075,SarahShiers,2849214.0,28567,T1,2025-04-10 22:37:51 UTC,107912753,question_extractor,,5.2.0,,1.0,,,
629720080,AnneListens,1882787.0,28567,T0,2025-04-10 22:37:53 UTC,107912688,question_extractor,,5.2.0,1.0,,,,
629720080,AnneListens,1882787.0,28567,T1,2025-04-10 22:37:53 UTC,107912688,question_extractor,,5.2.0,,1.0,,,
629720088,ekaru2,2851074.0,28567,T0,2025-04-10 22:37:56 UTC,107912939,question_extractor,,5.2.0,1.0,,,,
629720088,ekaru2,2851074.0,28567,T1,2025-04-10 22:37:56 UTC,107912939,question_extractor,,5.2.0,,1.0,,,
629720090,SarahShiers,2849214.0,28567,T0,2025-04-10 22:37:57 UTC,107912687,question_extractor,,5.2.0,1.0,,,,
629720090,SarahShiers,2849214.0,28567,T1,2025-04-10 22:37:57 UTC,107912687,question_extractor,,5.2.0,,1.0,,,
629720096,AnneListens,1882787.0,28567,T0,2025-04-10 22:37:59 UTC,107912756,question_extractor,,5.2.0,1.0,,,,
629720096,AnneListens,1882787.0,28567,T1,2025-04-10 22:37:59 UTC,107912756,question_extractor,,5.2.0,,1.0,,,
629720097,SarahShiers,2849214.0,28567,T0,2025-04-10 22:37:59 UTC,107912736,question_extractor,1.0,5.2.0,,,,,
629720097,SarahShiers,2849214.0,28567,T1,2025-04-10 22:37:59 UTC,107912736,question_extractor,,5.2.0,,,,,
629720100,jamiekoehler_09,2851457.0,28567,T0,2025-04-10 22:38:00 UTC,107912827,question_extractor,,5.2.0,,,,,1.0
629720100,jamiekoehler_09,2851457.0,28567,T1,2025-04-10 22:38:00 UTC,107912827,question_extractor,,5.2.0,,,,,
629720109,SarahShiers,2849214.0,28567,T0,2025-04-10 22:38:03 UTC,107912698,question_extractor,,5.2.0,1.0,,,,
629720109,SarahShiers,2849214.0,28567,T1,2025-04-10 22:38:03 UTC,107912698,question_extractor,,5.2.0,,1.0,,,
629720112,Alexis_HH,2854650.0,28567,T0,2025-04-10 22:38:05 UTC,107912957,question_extractor,,5.2.0,1.0,,,,
629720112,Alexis_HH,2854650.0,28567,T1,2025-04-10 22:38:05 UTC,107912957,question_extractor,,5.2.0,,1.0,,,
629720119,SarahShiers,2849214.0,28567,T0,2025-04-10 22:38:07 UTC,107912937,question_extractor,,5.2.0,1.0,,,,
629720119,SarahShiers,2849214.0,28567,T1,2025-04-10 22:38:07 UTC,107912937,question_extractor,,5.2.0,,1.0,,,
629720126,Alexis_HH,2854650.0,28567,T0,2025-04-10 22:38:09 UTC,107912633,question_extractor,1.0,5.2.0,,,,,
629720126,Alexis_HH,2854650.0,28567,T1,2025-04-10 22:38:09 UTC,107912633,question_extractor,,5.2.0,,,,,
629720146,378226,2854185.0,28567,T0,2025-04-10 22:38:15 UTC,107912882,question_extractor,1.0,5.2.0,,,,,
629720146,378226,2854185.0,28567,T1,2025-04-10 22:38:15 UTC,107912882,question_extractor,,5.2.0,,,,,
629720148,devina.martinez,2854623.0,28567,T0,2025-04-10 22:38:16 UTC,107912882,question_extractor,1.0,5.2.0,,,,,
629720148,devina.martinez,2854623.0,28567,T1,2025-04-10 22:38:16 UTC,107912882,question_extractor,,5.2.0,,,,,
629720159,jaslynlomibao,2854182.0,28567,T0,2025-04-10 22:38:20 UTC,107912701,question_extractor,,5.2.0,1.0,,,,
629720159,jaslynlomibao,2854182.0,28567,T1,2025-04-10 22:38:20 UTC,107912701,question_extractor,,5.2.0,,1.0,,,
629720165,SarahShiers,2849214.0,28567,T0,2025-04-10 22:38:21 UTC,107912816,question_extractor,1.0,5.2.0,,,,,
629720165,SarahShiers,2849214.0,28567,T1,2025-04-10 22:38:21 UTC,107912816,question_extractor,,5.2.0,,,,,
629720169,not-logged-in-3d0843959ce1e65cbe4d,,28567,T0,2025-04-10 22:38:22 UTC,107912903,question_extractor,,5.2.0,1.0,,,,
629720169,not-logged-in-3d0843959ce1e65cbe4d,,28567,T1,2025-04-10 22:38:22 UTC,107912903,question_extractor,,5.2.0,,,1.0,,
629720177,Alexis_HH,2854650.0,28567,T0,2025-04-10 22:38:24 UTC,107912851,question_extractor,1.0,5.2.0,,,,,
629720177,Alexis_HH,2854650.0,28567,T1,2025-04-10 22:38:24 UTC,107912851,question_extractor,,5.2.0,,,,,
629720182,SarahShiers,2849214.0,28567,T0,2025-04-10 22:38:26 UTC,107912765,question_extractor,,5.2.0,1.0,,,,
629720182,SarahShiers,2849214.0,28567,T1,2025-04-10 22:38:26 UTC,107912765,question_extractor,,5.2.0,,1.0,,,
629720191,378226,2854185.0,28567,T0,2025-04-10 22:38:28 UTC,107912861,question_extractor,,5.2.0,1.0,,,,
629720191,378226,2854185.0,28567,T1,2025-04-10 22:38:28 UTC,107912861,question_extractor,,5.2.0,,1.0,,,
629720196,Alexis_HH,2854650.0,28567,T0,2025-04-10 22:38:30 UTC,107912793,question_extractor,,5.2.0,1.0,,,,
629720196,Alexis_HH,2854650.0,28567,T1,2025-04-10 22:38:30 UTC,107912793,question_extractor,,5.2.0,,,1.0,,
629720201,jaslynlomibao,2854182.0,28567,T0,2025-04-10 22:38:32 UTC,107912650,question_extractor,,5.2.0,1.0,,,,
629720201,jaslynlomibao,2854182.0,28567,T1,2025-04-10 22:38:32 UTC,107912650,question_extractor,,5.2.0,,,1.0,,
629720209,SarahShiers,2849214.0,28567,T0,2025-04-10 22:38:33 UTC,107912666,question_extractor,,5.2.0,1.0,,,,
629720209,SarahShiers,2849214.0,28567,T1,2025-04-10 22:38:33 UTC,107912666,question_extractor,,5.2.0,,1.0,,,
629720218,Alexis_HH,2854650.0,28567,T0,2025-04-10 22:38:36 UTC,107912632,question_extractor,1.0,5.2.0,,,,,
629720218,Alexis_HH,2854650.0,28567,T1,2025-04-10 22:38:36 UTC,107912632,question_extractor,,5.2.0,,,,,
629720225,SarahShiers,2849214.0,28567,T0,2025-04-10 22:38:38 UTC,107912869,question_extractor,,5.2.0,1.0,,,,
629720225,SarahShiers,2849214.0,28567,T1,2025-04-10 22:38:38 UTC,107912869,question_extractor,,5.2.0,,1.0,,,
629720231,378226,2854185.0,28567,T0,2025-04-10 22:38:39 UTC,107912772,question_extractor,1.0,5.2.0,,,,,
629720231,378226,2854185.0,28567,T1,2025-04-10 22:38:39 UTC,107912772,question_extractor,,5.2.0,,,,,
629720234,jaslynlomibao,2854182.0,28567,T0,2025-04-10 22:38:40 UTC,107912618,question_extractor,1.0,5.2.0,,,,,
629720234,jaslynlomibao,2854182.0,28567,T1,2025-04-10 22:38:40 UTC,107912618,question_extractor,,5.2.0,,,,,
629720236,not-logged-in-3d0843959ce1e65cbe4d,,28567,T0,2025-04-10 22:38:40 UTC,107912832,question_extractor,1.0,5.2.0,,,,,
629720236,not-logged-in-3d0843959ce1e65cbe4d,,28567,T1,2025-04-10 22:38:40 UTC,107912832,question_extractor,,5.2.0,,,,,
629720237,devina.martinez,2854623.0,28567,T0,2025-04-10 22:38:41 UTC,107912926,question_extractor,1.0,5.2.0,,,,,
629720237,devina.martinez,2854623.0,28567,T1,2025-04-10 22:38:41 UTC,107912926,question_extractor,,5.2.0,,,,,
629720244,Alexis_HH,2854650.0,28567,T0,2025-04-10 22:38:42 UTC,107912940,question_extractor,,5.2.0,1.0,,,,
629720244,Alexis_HH,2854650.0,28567,T1,2025-04-10 22:38:42 UTC,107912940,question_extractor,,5.2.0,,,1.0,,
629720248,SarahShiers,2849214.0,28567,T0,2025-04-10 22:38:44 UTC,107912811,question_extractor,,5.2.0,1.0,,,,
629720248,SarahShiers,2849214.0,28567,T1,2025-04-10 22:38:44 UTC,107912811,question_extractor,,5.2.0,,1.0,,,
629720267,Alexis_HH,2854650.0,28567,T0,2025-04-10 22:38:51 UTC,107912787,question_extractor,,5.2.0,1.0,,,,
629720267,Alexis_HH,2854650.0,28567,T1,2025-04-10 22:38:51 UTC,107912787,question_extractor,,5.2.0,,,1.0,,
629720278,not-logged-in-3d0843959ce1e65cbe4d,,28567,T0,2025-04-10 22:38:56 UTC,107912627,question_extractor,,5.2.0,1.0,,,,
629720278,not-logged-in-3d0843959ce1e65cbe4d,,28567,T1,2025-04-10 22:38:56 UTC,107912627,question_extractor,,5.2.0,,1.0,,,
629720314,ekaru2,2851074.0,28567,T0,2025-04-10 22:39:08 UTC,107912901,question_extractor,,5.2.0,1.0,,,,
629720314,ekaru2,2851074.0,28567,T1,2025-04-10 22:39:08 UTC,107912901,question_extractor,,5.2.0,,1.0,,,
629720316,Alexis_HH,2854650.0,28567,T0,2025-04-10 22:39:10 UTC,107912625,question_extractor,,5.2.0,1.0,,,,
629720316,Alexis_HH,2854650.0,28567,T1,2025-04-10 22:39:10 UTC,107912625,question_extractor,,5.2.0,,,,,1.0
629720327,devina.martinez,2854623.0,28567,T0,2025-04-10 22:39:13 UTC,107912700,question_extractor,,5.2.0,1.0,,,,
629720327,devina.martinez,2854623.0,28567,T1,2025-04-10 22:39:13 UTC,107912700,question_extractor,,5.2.0,,1.0,,,
629720339,ekaru2,2851074.0,28567,T0,2025-04-10 22:39:18 UTC,107912673,question_extractor,,5.2.0,1.0,,,,
629720339,ekaru2,2851074.0,28567,T1,2025-04-10 22:39:18 UTC,107912673,question_extractor,,5.2.0,,1.0,,,
629720369,ekaru2,2851074.0,28567,T0,2025-04-10 22:39:28 UTC,107912665,question_extractor,,5.2.0,1.0,,,,
629720369,ekaru2,2851074.0,28567,T1,2025-04-10 22:39:28 UTC,107912665,question_extractor,,5.2.0,,1.0,,,
629720388,Alexis_HH,2854650.0,28567,T0,2025-04-10 22:39:37 UTC,107912905,question_extractor,1.0,5.2.0,,,,,
629720388,Alexis_HH,2854650.0,28567,T1,2025-04-10 22:39:37 UTC,107912905,question_extractor,,5.2.0,,,,,
629720395,jaslynlomibao,2854182.0,28567,T0,2025-04-10 22:39:39 UTC,107912912,question_extractor,,5.2.0,1.0,,,,
629720395,jaslynlomibao,2854182.0,28567,T1,2025-04-10 22:39:39 UTC,107912912,question_extractor,,5.2.0,,,1.0,,
629720399,Alexis_HH,2854650.0,28567,T0,2025-04-10 22:39:41 UTC,107912755,question_extractor,,5.2.0,,,,,1.0
629720399,Alexis_HH,2854650.0,28567,T1,2025-04-10 22:39:41 UTC,107912755,question_extractor,,5.2.0,,,,,
629720416,jaslynlomibao,2854182.0,28567,T0,2025-04-10 22:39:49 UTC,107912839,question_extractor,,5.2.0,1.0,,,,
629720416,jaslynlomibao,2854182.0,28567,T1,2025-04-10 22:39:49 UTC,107912839,question_extractor,,5.2.0,,,1.0,,
629720417,ekaru2,2851074.0,28567,T0,2025-04-10 22:39:50 UTC,107912782,question_extractor,1.0,5.2.0,,,,,
629720417,ekaru2,2851074.0,28567,T1,2025-04-10 22:39:50 UTC,107912782,question_extractor,,5.2.0,,,,,
629720427,Alexis_HH,2854650.0,28567,T0,2025-04-10 22:39:54 UTC,107912952,question_extractor,1.0,5.2.0,,,,,
629720427,Alexis_HH,2854650.0,28567,T1,2025-04-10 22:39:54 UTC,107912952,question_extractor,,5.2.0,,,,,
629720430,ekaru2,2851074.0,28567,T0,2025-04-10 22:39:56 UTC,107912737,question_extractor,1.0,5.2.0,,,,,
629720430,ekaru2,2851074.0,28567,T1,2025-04-10 22:39:56 UTC,107912737,question_extractor,,5.2.0,,,,,
629720440,jamiekoehler_09,2851457.0,28567,T0,2025-04-10 22:39:59 UTC,107912629,question_extractor,,5.2.0,1.0,,,,
629720440,jamiekoehler_09,2851457.0,28567,T1,2025-04-10 22:39:59 UTC,107912629,question_extractor,,5.2.0,,1.0,,,
629720445,not-logged-in-3d0843959ce1e65cbe4d,,28567,T0,2025-04-10 22:40:01 UTC,107912631,question_extractor,1.0,5.2.0,,,,,
629720445,not-logged-in-3d0843959ce1e65cbe4d,,28567,T1,2025-04-10 22:40:01 UTC,107912631,question_extractor,,5.2.0,,,,,
629720451,378226,2854185.0,28567,T0,2025-04-10 22:40:03 UTC,107912896,question_extractor,,5.2.0,1.0,,,,
629720451,378226,2854185.0,28567,T1,2025-04-10 22:40:03 UTC,107912896,question_extractor,,5.2.0,,,1.0,,
629720465,audrey.perez,2850908.0,28567,T0,2025-04-10 22:40:10 UTC,107912745,question_extractor,,5.2.0,1.0,,,,
629720465,audrey.perez,2850908.0,28567,T1,2025-04-10 22:40:10 UTC,107912745,question_extractor,,5.2.0,,1.0,,,
629720471,jamiekoehler_09,2851457.0,28567,T0,2025-04-10 22:40:10 UTC,107912741,question_extractor,,5.2.0,1.0,,,,
629720471,jamiekoehler_09,2851457.0,28567,T1,2025-04-10 22:40:10 UTC,107912741,question_extractor,,5.2.0,,1.0,,,
629720503,jamiekoehler_09,2851457.0,28567,T0,2025-04-10 22:40:24 UTC,107912758,question_extractor,1.0,5.2.0,,,,,
629720503,jamiekoehler_09,2851457.0,28567,T1,2025-04-10 22:40:24 UTC,107912758,question_extractor,,5.2.0,,,,,
629720546,ekaru2,2851074.0,28567,T0,2025-04-10 22:40:40 UTC,107912919,question_extractor,,5.2.0,1.0,,,,
629720546,ekaru2,2851074.0,28567,T1,2025-04-10 22:40:40 UTC,107912919,question_extractor,,5.2.0,,,1.0,,
629720567,378226,2854185.0,28567,T0,2025-04-10 22:40:51 UTC,107912829,question_extractor,1.0,5.2.0,,,,,
629720567,378226,2854185.0,28567,T1,2025-04-10 22:40:51 UTC,107912829,question_extractor,,5.2.0,,,,,
629720626,378226,2854185.0,28567,T0,2025-04-10 22:41:13 UTC,107912821,question_extractor,1.0,5.2.0,,,,,
629720626,378226,2854185.0,28567,T1,2025-04-10 22:41:13 UTC,107912821,question_extractor,,5.2.0,,,,,
629720669,378226,2854185.0,28567,T0,2025-04-10 22:41:32 UTC,107912926,question_extractor,,5.2.0,1.0,,,,
629720669,378226,2854185.0,28567,T1,2025-04-10 22:41:32 UTC,107912926,question_extractor,,5.2.0,,,1.0,,
629720693,378226,2854185.0,28567,T0,2025-04-10 22:41:42 UTC,107912759,question_extractor,1.0,5.2.0,,,,,
629720693,378226,2854185.0,28567,T1,2025-04-10 22:41:42 UTC,107912759,question_extractor,,5.2.0,,,,,
629720716,jamiekoehler_09,2851457.0,28567,T0,2025-04-10 22:41:49 UTC,107912746,question_extractor,,5.2.0,1.0,,,,
629720716,jamiekoehler_09,2851457.0,28567,T1,2025-04-10 22:41:49 UTC,107912746,question_extractor,,5.2.0,,1.0,,,
629720719,devina.martinez,2854623.0,28567,T0,2025-04-10 22:41:51 UTC,107912912,question_extractor,,5.2.0,1.0,,,,
629720719,devina.martinez,2854623.0,28567,T1,2025-04-10 22:41:51 UTC,107912912,question_extractor,,5.2.0,,1.0,,,
629720738,ekaru2,2851074.0,28567,T0,2025-04-10 22:41:57 UTC,107912701,question_extractor,,5.2.0,1.0,,,,
629720738,ekaru2,2851074.0,28567,T1,2025-04-10 22:41:57 UTC,107912701,question_extractor,,5.2.0,,1.0,,,
629720741,audrey.perez,2850908.0,28567,T0,2025-04-10 22:41:57 UTC,107912672,question_extractor,,5.2.0,1.0,,,,
629720741,audrey.perez,2850908.0,28567,T1,2025-04-10 22:41:57 UTC,107912672,question_extractor,,5.2.0,,1.0,,,
629720759,ekaru2,2851074.0,28567,T0,2025-04-10 22:42:04 UTC,107912656,question_extractor,1.0,5.2.0,,,,,
629720759,ekaru2,2851074.0,28567,T1,2025-04-10 22:42:04 UTC,107912656,question_extractor,,5.2.0,,,,,
629720769,audrey.perez,2850908.0,28567,T0,2025-04-10 22:42:08 UTC,107912637,question_extractor,1.0,5.2.0,,,,,
629720769,audrey.perez,2850908.0,28567,T1,2025-04-10 22:42:08 UTC,107912637,question_extractor,,5.2.0,,,,,
629720781,jamiekoehler_09,2851457.0,28567,T0,2025-04-10 22:42:11 UTC,107912673,question_extractor,,5.2.0,1.0,,,,
629720781,jamiekoehler_09,2851457.0,28567,T1,2025-04-10 22:42:11 UTC,107912673,question_extractor,,5.2.0,,1.0,,,
629720794,ekaru2,2851074.0,28567,T0,2025-04-10 22:42:15 UTC,107912852,question_extractor,,5.2.0,1.0,,,,
629720794,ekaru2,2851074.0,28567,T1,2025-04-10 22:42:15 UTC,107912852,question_extractor,,5.2.0,,1.0,,,
629720802,devina.martinez,2854623.0,28567,T0,2025-04-10 22:42:18 UTC,107912820,question_extractor,,5.2.0,1.0,,,,
629720802,devina.martinez,2854623.0,28567,T1,2025-04-10 22:42:18 UTC,107912820,question_extractor,,5.2.0,,1.0,,,
629720820,378226,2854185.0,28567,T0,2025-04-10 22:42:23 UTC,107912922,question_extractor,,5.2.0,1.0,,,,
629720820,378226,2854185.0,28567,T1,2025-04-10 22:42:23 UTC,107912922,question_extractor,,5.2.0,,1.0,,,
629720854,devina.martinez,2854623.0,28567,T0,2025-04-10 22:42:33 UTC,107912883,question_extractor,1.0,5.2.0,,,,,
629720854,devina.martinez,2854623.0,28567,T1,2025-04-10 22:42:33 UTC,107912883,question_extractor,,5.2.0,,,,,
629720859,ekaru2,2851074.0,28567,T0,2025-04-10 22:42:35 UTC,107912810,question_extractor,,5.2.0,1.0,,,,
629720859,ekaru2,2851074.0,28567,T1,2025-04-10 22:42:35 UTC,107912810,question_extractor,,5.2.0,,1.0,,,
629720863,378226,2854185.0,28567,T0,2025-04-10 22:42:36 UTC,107912918,question_extractor,,5.2.0,1.0,,,,
629720863,378226,2854185.0,28567,T1,2025-04-10 22:42:36 UTC,107912918,question_extractor,,5.2.0,,1.0,,,
629720872,jamiekoehler_09,2851457.0,28567,T0,2025-04-10 22:42:40 UTC,107912931,question_extractor,,5.2.0,1.0,,,,
629720872,jamiekoehler_09,2851457.0,28567,T1,2025-04-10 22:42:40 UTC,107912931,question_extractor,,5.2.0,,,1.0,,
629720877,audrey.perez,2850908.0,28567,T0,2025-04-10 22:42:41 UTC,107912786,question_extractor,,5.2.0,1.0,,,,
629720877,audrey.perez,2850908.0,28567,T1,2025-04-10 22:42:41 UTC,107912786,question_extractor,,5.2.0,,1.0,,,
629720887,378226,2854185.0,28567,T0,2025-04-10 22:42:44 UTC,107912626,question_extractor,,5.2.0,1.0,,,,
629720887,378226,2854185.0,28567,T1,2025-04-10 22:42:44 UTC,107912626,question_extractor,,5.2.0,,1.0,,,
629720890,devina.martinez,2854623.0,28567,T0,2025-04-10 22:42:45 UTC,107912744,question_extractor,,5.2.0,1.0,,,,
629720890,devina.martinez,2854623.0,28567,T1,2025-04-10 22:42:45 UTC,107912744,question_extractor,,5.2.0,,1.0,,,
629721052,378226,2854185.0,28567,T0,2025-04-10 22:43:44 UTC,107912744,question_extractor,,5.2.0,1.0,,,,
629721052,378226,2854185.0,28567,T1,2025-04-10 22:43:44 UTC,107912744,question_extractor,,5.2.0,,1.0,,,
629721109,378226,2854185.0,28567,T0,2025-04-10 22:44:05 UTC,107912789,question_extractor,,5.2.0,1.0,,,,
629721109,378226,2854185.0,28567,T1,2025-04-10 22:44:05 UTC,107912789,question_extractor,,5.2.0,,,1.0,,
629721115,378226,2854185.0,28567,T0,2025-04-10 22:44:08 UTC,107912921,question_extractor,1.0,5.2.0,,,,,
629721115,378226,2854185.0,28567,T1,2025-04-10 22:44:08 UTC,107912921,question_extractor,,5.2.0,,,,,
629721154,378226,2854185.0,28567,T0,2025-04-10 22:44:25 UTC,107912694,question_extractor,1.0,5.2.0,,,,,
629721154,378226,2854185.0,28567,T1,2025-04-10 22:44:25 UTC,107912694,question_extractor,,5.2.0,,,,,
629721319,378226,2854185.0,28567,T0,2025-04-10 22:45:28 UTC,107912870,question_extractor,1.0,5.2.0,,,,,
629721319,378226,2854185.0,28567,T1,2025-04-10 22:45:28 UTC,107912870,question_extractor,,5.2.0,,,,,
629721438,378226,2854185.0,28567,T0,2025-04-10 22:46:10 UTC,107912909,question_extractor,,5.2.0,1.0,,,,
629721438,378226,2854185.0,28567,T1,2025-04-10 22:46:10 UTC,107912909,question_extractor,,5.2.0,,1.0,,,
629721455,378226,2854185.0,28567,T0,2025-04-10 22:46:16 UTC,107912655,question_extractor,1.0,5.2.0,,,,,
629721455,378226,2854185.0,28567,T1,2025-04-10 22:46:16 UTC,107912655,question_extractor,,5.2.0,,,,,
629721486,378226,2854185.0,28567,T0,2025-04-10 22:46:36 UTC,107912653,question_extractor,,5.2.0,1.0,,,,
629721486,378226,2854185.0,28567,T1,2025-04-10 22:46:36 UTC,107912653,question_extractor,,5.2.0,,1.0,,,
629721496,Bre8a,2854656.0,28567,T0,2025-04-10 22:46:42 UTC,107912805,question_extractor,1.0,5.2.0,,,,,
629721496,Bre8a,2854656.0,28567,T1,2025-04-10 22:46:42 UTC,107912805,question_extractor,,5.2.0,,,,,
629721506,Bre8a,2854656.0,28567,T0,2025-04-10 22:46:48 UTC,107912896,question_extractor,1.0,5.2.0,,,,,
629721506,Bre8a,2854656.0,28567,T1,2025-04-10 22:46:48 UTC,107912896,question_extractor,,5.2.0,,,,,
629721522,Bre8a,2854656.0,28567,T0,2025-04-10 22:46:57 UTC,107912695,question_extractor,1.0,5.2.0,,,,,
629721522,Bre8a,2854656.0,28567,T1,2025-04-10 22:46:57 UTC,107912695,question_extractor,,5.2.0,,,,,
629721523,378226,2854185.0,28567,T0,2025-04-10 22:46:57 UTC,107912853,question_extractor,1.0,5.2.0,,,,,
629721523,378226,2854185.0,28567,T1,2025-04-10 22:46:57 UTC,107912853,question_extractor,,5.2.0,,,,,
629721530,378226,2854185.0,28567,T0,2025-04-10 22:46:59 UTC,107912782,question_extractor,1.0,5.2.0,,,,,
629721530,378226,2854185.0,28567,T1,2025-04-10 22:46:59 UTC,107912782,question_extractor,,5.2.0,,,,,
629721535,378226,2854185.0,28567,T0,2025-04-10 22:47:01 UTC,107912752,question_extractor,1.0,5.2.0,,,,,
629721535,378226,2854185.0,28567,T1,2025-04-10 22:47:01 UTC,107912752,question_extractor,,5.2.0,,,,,
629721542,378226,2854185.0,28567,T0,2025-04-10 22:47:03 UTC,107912803,question_extractor,1.0,5.2.0,,,,,
629721542,378226,2854185.0,28567,T1,2025-04-10 22:47:03 UTC,107912803,question_extractor,,5.2.0,,,,,
629721545,Bre8a,2854656.0,28567,T0,2025-04-10 22:47:04 UTC,107912864,question_extractor,,5.2.0,1.0,,,,
629721545,Bre8a,2854656.0,28567,T1,2025-04-10 22:47:04 UTC,107912864,question_extractor,,5.2.0,,1.0,,,
629721605,378226,2854185.0,28567,T0,2025-04-10 22:47:34 UTC,107912723,question_extractor,,5.2.0,1.0,,,,
629721605,378226,2854185.0,28567,T1,2025-04-10 22:47:34 UTC,107912723,question_extractor,,5.2.0,,,1.0,,
629721621,378226,2854185.0,28567,T0,2025-04-10 22:47:42 UTC,107912891,question_extractor,1.0,5.2.0,,,,,
629721621,378226,2854185.0,28567,T1,2025-04-10 22:47:42 UTC,107912891,question_extractor,,5.2.0,,,,,
629721678,378226,2854185.0,28567,T0,2025-04-10 22:48:07 UTC,107912893,question_extractor,,5.2.0,1.0,,,,
629721678,378226,2854185.0,28567,T1,2025-04-10 22:48:07 UTC,107912893,question_extractor,,5.2.0,,,1.0,,
629721814,Bre8a,2854656.0,28567,T0,2025-04-10 22:48:50 UTC,107912654,question_extractor,,5.2.0,1.0,,,,
629721814,Bre8a,2854656.0,28567,T1,2025-04-10 22:48:50 UTC,107912654,question_extractor,,5.2.0,,1.0,,,
629721858,Bre8a,2854656.0,28567,T0,2025-04-10 22:49:04 UTC,107912866,question_extractor,,5.2.0,1.0,,,,
629721858,Bre8a,2854656.0,28567,T1,2025-04-10 22:49:04 UTC,107912866,question_extractor,,5.2.0,,1.0,,,
629721872,378226,2854185.0,28567,T0,2025-04-10 22:49:08 UTC,107912764,question_extractor,,5.2.0,1.0,,,,
629721872,378226,2854185.0,28567,T1,2025-04-10 22:49:08 UTC,107912764,question_extractor,,5.2.0,,,1.0,,
629722002,378226,2854185.0,28567,T0,2025-04-10 22:49:50 UTC,107912720,question_extractor,,5.2.0,1.0,,,,
629722002,378226,2854185.0,28567,T1,2025-04-10 22:49:50 UTC,107912720,question_extractor,,5.2.0,,1.0,,,
629722034,378226,2854185.0,28567,T0,2025-04-10 22:49:59 UTC,107912801,question_extractor,1.0,5.2.0,,,,,
629722034,378226,2854185.0,28567,T1,2025-04-10 22:49:59 UTC,107912801,question_extractor,,5.2.0,,,,,
629722046,378226,2854185.0,28567,T0,2025-04-10 22:50:01 UTC,107912876,question_extractor,1.0,5.2.0,,,,,
629722046,378226,2854185.0,28567,T1,2025-04-10 22:50:01 UTC,107912876,question_extractor,,5.2.0,,,,,
629722113,378226,2854185.0,28567,T0,2025-04-10 22:50:22 UTC,107912868,question_extractor,,5.2.0,1.0,,,,
629722113,378226,2854185.0,28567,T1,2025-04-10 22:50:22 UTC,107912868,question_extractor,,5.2.0,,1.0,,,
629722141,378226,2854185.0,28567,T0,2025-04-10 22:50:31 UTC,107912799,question_extractor,1.0,5.2.0,,,,,
629722141,378226,2854185.0,28567,T1,2025-04-10 22:50:31 UTC,107912799,question_extractor,,5.2.0,,,,,
629722277,Bre8a,2854656.0,28567,T0,2025-04-10 22:51:03 UTC,107912844,question_extractor,,5.2.0,1.0,,,,
629722277,Bre8a,2854656.0,28567,T1,2025-04-10 22:51:03 UTC,107912844,question_extractor,,5.2.0,,1.0,,,
629722290,378226,2854185.0,28567,T0,2025-04-10 22:51:05 UTC,107912729,question_extractor,,5.2.0,1.0,,,,
629722290,378226,2854185.0,28567,T1,2025-04-10 22:51:05 UTC,107912729,question_extractor,,5.2.0,,,1.0,,
629722519,378226,2854185.0,28567,T0,2025-04-10 22:52:07 UTC,107912817,question_extractor,,5.2.0,1.0,,,,
629722519,378226,2854185.0,28567,T1,2025-04-10 22:52:07 UTC,107912817,question_extractor,,5.2.0,,1.0,,,
629723146,eehenderson,2853193.0,28567,T0,2025-04-10 22:55:43 UTC,107912737,question_extractor,1.0,5.2.0,,,,,
629723146,eehenderson,2853193.0,28567,T1,2025-04-10 22:55:43 UTC,107912737,question_extractor,,5.2.0,,,,,
629757997,378226,2854185.0,28567,T0,2025-04-11 02:11:30 UTC,107912699,question_extractor,,5.2.0,1.0,,,,
629757997,378226,2854185.0,28567,T1,2025-04-11 02:11:30 UTC,107912699,question_extractor,,5.2.0,,1.0,,,
629758007,378226,2854185.0,28567,T0,2025-04-11 02:11:34 UTC,107912758,question_extractor,1.0,5.2.0,,,,,
629758007,378226,2854185.0,28567,T1,2025-04-11 02:11:34 UTC,107912758,question_extractor,,5.2.0,,,,,
629758027,378226,2854185.0,28567,T0,2025-04-11 02:11:39 UTC,107912826,question_extractor,1.0,5.2.0,,,,,
629758027,378226,2854185.0,28567,T1,2025-04-11 02:11:39 UTC,107912826,question_extractor,,5.2.0,,,,,
629758093,378226,2854185.0,28567,T0,2025-04-11 02:12:05 UTC,107912930,question_extractor,,5.2.0,1.0,,,,
629758093,378226,2854185.0,28567,T1,2025-04-11 02:12:05 UTC,107912930,question_extractor,,5.2.0,,1.0,,,
629758126,378226,2854185.0,28567,T0,2025-04-11 02:12:17 UTC,107912865,question_extractor,,5.2.0,1.0,,,,
629758126,378226,2854185.0,28567,T1,2025-04-11 02:12:17 UTC,107912865,question_extractor,,5.2.0,,1.0,,,
629758295,378226,2854185.0,28567,T0,2025-04-11 02:13:07 UTC,107912879,question_extractor,,5.2.0,1.0,,,,
629758295,378226,2854185.0,28567,T1,2025-04-11 02:13:07 UTC,107912879,question_extractor,,5.2.0,,1.0,,,
629758318,378226,2854185.0,28567,T0,2025-04-11 02:13:14 UTC,107912638,question_extractor,1.0,5.2.0,,,,,
629758318,378226,2854185.0,28567,T1,2025-04-11 02:13:14 UTC,107912638,question_extractor,,5.2.0,,,,,
629758331,378226,2854185.0,28567,T0,2025-04-11 02:13:21 UTC,107912952,question_extractor,1.0,5.2.0,,,,,
629758331,378226,2854185.0,28567,T1,2025-04-11 02:13:21 UTC,107912952,question_extractor,,5.2.0,,,,,
629758337,378226,2854185.0,28567,T0,2025-04-11 02:13:23 UTC,107912831,question_extractor,1.0,5.2.0,,,,,
629758337,378226,2854185.0,28567,T1,2025-04-11 02:13:23 UTC,107912831,question_extractor,,5.2.0,,,,,
629758367,378226,2854185.0,28567,T0,2025-04-11 02:13:31 UTC,107912706,question_extractor,1.0,5.2.0,,,,,
629758367,378226,2854185.0,28567,T1,2025-04-11 02:13:31 UTC,107912706,question_extractor,,5.2.0,,,,,
629758455,378226,2854185.0,28567,T0,2025-04-11 02:13:50 UTC,107912741,question_extractor,,5.2.0,1.0,,,,
629758455,378226,2854185.0,28567,T1,2025-04-11 02:13:50 UTC,107912741,question_extractor,,5.2.0,,1.0,,,
629758467,378226,2854185.0,28567,T0,2025-04-11 02:13:53 UTC,107912788,question_extractor,1.0,5.2.0,,,,,
629758467,378226,2854185.0,28567,T1,2025-04-11 02:13:53 UTC,107912788,question_extractor,,5.2.0,,,,,
629758485,378226,2854185.0,28567,T0,2025-04-11 02:13:59 UTC,107912688,question_extractor,1.0,5.2.0,,,,,
629758485,378226,2854185.0,28567,T1,2025-04-11 02:13:59 UTC,107912688,question_extractor,,5.2.0,,,,,
629758493,378226,2854185.0,28567,T0,2025-04-11 02:14:02 UTC,107912731,question_extractor,1.0,5.2.0,,,,,
629758493,378226,2854185.0,28567,T1,2025-04-11 02:14:02 UTC,107912731,question_extractor,,5.2.0,,,,,
629758502,378226,2854185.0,28567,T0,2025-04-11 02:14:05 UTC,107912778,question_extractor,1.0,5.2.0,,,,,
629758502,378226,2854185.0,28567,T1,2025-04-11 02:14:05 UTC,107912778,question_extractor,,5.2.0,,,,,
629758612,378226,2854185.0,28567,T0,2025-04-11 02:14:34 UTC,107912887,question_extractor,,5.2.0,1.0,,,,
629758612,378226,2854185.0,28567,T1,2025-04-11 02:14:34 UTC,107912887,question_extractor,,5.2.0,,1.0,,,
629758629,378226,2854185.0,28567,T0,2025-04-11 02:14:38 UTC,107912905,question_extractor,1.0,5.2.0,,,,,
629758629,378226,2854185.0,28567,T1,2025-04-11 02:14:38 UTC,107912905,question_extractor,,5.2.0,,,,,
629758690,378226,2854185.0,28567,T0,2025-04-11 02:14:55 UTC,107912894,question_extractor,,5.2.0,1.0,,,,
629758690,378226,2854185.0,28567,T1,2025-04-11 02:14:55 UTC,107912894,question_extractor,,5.2.0,,,1.0,,
629758700,378226,2854185.0,28567,T0,2025-04-11 02:14:58 UTC,107912687,question_extractor,1.0,5.2.0,,,,,
629758700,378226,2854185.0,28567,T1,2025-04-11 02:14:58 UTC,107912687,question_extractor,,5.2.0,,,,,
629758730,378226,2854185.0,28567,T0,2025-04-11 02:15:07 UTC,107912945,question_extractor,,5.2.0,1.0,,,,
629758730,378226,2854185.0,28567,T1,2025-04-11 02:15:07 UTC,107912945,question_extractor,,5.2.0,,,1.0,,
629758749,378226,2854185.0,28567,T0,2025-04-11 02:15:13 UTC,107912917,question_extractor,,5.2.0,1.0,,,,
629758749,378226,2854185.0,28567,T1,2025-04-11 02:15:13 UTC,107912917,question_extractor,,5.2.0,,1.0,,,
629758756,378226,2854185.0,28567,T0,2025-04-11 02:15:16 UTC,107912728,question_extractor,1.0,5.2.0,,,,,
629758756,378226,2854185.0,28567,T1,2025-04-11 02:15:16 UTC,107912728,question_extractor,,5.2.0,,,,,
629758773,378226,2854185.0,28567,T0,2025-04-11 02:15:21 UTC,107912834,question_extractor,1.0,5.2.0,,,,,
629758773,378226,2854185.0,28567,T1,2025-04-11 02:15:21 UTC,107912834,question_extractor,,5.2.0,,,,,
629758860,378226,2854185.0,28567,T0,2025-04-11 02:15:47 UTC,107912783,question_extractor,,5.2.0,1.0,,,,
629758860,378226,2854185.0,28567,T1,2025-04-11 02:15:47 UTC,107912783,question_extractor,,5.2.0,,,1.0,,
629758870,378226,2854185.0,28567,T0,2025-04-11 02:15:50 UTC,107912928,question_extractor,1.0,5.2.0,,,,,
629758870,378226,2854185.0,28567,T1,2025-04-11 02:15:50 UTC,107912928,question_extractor,,5.2.0,,,,,
629758901,378226,2854185.0,28567,T0,2025-04-11 02:16:00 UTC,107912911,question_extractor,,5.2.0,1.0,,,,
629758901,378226,2854185.0,28567,T1,2025-04-11 02:16:00 UTC,107912911,question_extractor,,5.2.0,,1.0,,,
629758920,378226,2854185.0,28567,T0,2025-04-11 02:16:08 UTC,107912925,question_extractor,1.0,5.2.0,,,,,
629758920,378226,2854185.0,28567,T1,2025-04-11 02:16:08 UTC,107912925,question_extractor,,5.2.0,,,,,
629758944,378226,2854185.0,28567,T0,2025-04-11 02:16:21 UTC,107912908,question_extractor,,5.2.0,1.0,,,,
629758944,378226,2854185.0,28567,T1,2025-04-11 02:16:21 UTC,107912908,question_extractor,,5.2.0,,,1.0,,
629758968,378226,2854185.0,28567,T0,2025-04-11 02:16:31 UTC,107912748,question_extractor,1.0,5.2.0,,,,,
629758968,378226,2854185.0,28567,T1,2025-04-11 02:16:31 UTC,107912748,question_extractor,,5.2.0,,,,,
629758994,378226,2854185.0,28567,T0,2025-04-11 02:16:42 UTC,107912735,question_extractor,,5.2.0,1.0,,,,
629758994,378226,2854185.0,28567,T1,2025-04-11 02:16:42 UTC,107912735,question_extractor,,5.2.0,,1.0,,,
629759016,378226,2854185.0,28567,T0,2025-04-11 02:16:50 UTC,107912843,question_extractor,,5.2.0,1.0,,,,
629759016,378226,2854185.0,28567,T1,2025-04-11 02:16:50 UTC,107912843,question_extractor,,5.2.0,,,1.0,,
629759021,378226,2854185.0,28567,T0,2025-04-11 02:16:53 UTC,107912665,question_extractor,1.0,5.2.0,,,,,
629759021,378226,2854185.0,28567,T1,2025-04-11 02:16:53 UTC,107912665,question_extractor,,5.2.0,,,,,
629759047,378226,2854185.0,28567,T0,2025-04-11 02:17:02 UTC,107912942,question_extractor,,5.2.0,1.0,,,,
629759047,378226,2854185.0,28567,T1,2025-04-11 02:17:02 UTC,107912942,question_extractor,,5.2.0,,,1.0,,
629759051,378226,2854185.0,28567,T0,2025-04-11 02:17:05 UTC,107912773,question_extractor,1.0,5.2.0,,,,,
629759051,378226,2854185.0,28567,T1,2025-04-11 02:17:05 UTC,107912773,question_extractor,,5.2.0,,,,,
629759067,378226,2854185.0,28567,T0,2025-04-11 02:17:11 UTC,107912658,question_extractor,1.0,5.2.0,,,,,
629759067,378226,2854185.0,28567,T1,2025-04-11 02:17:11 UTC,107912658,question_extractor,,5.2.0,,,,,
629759100,378226,2854185.0,28567,T0,2025-04-11 02:17:26 UTC,107912886,question_extractor,,5.2.0,1.0,,,,
629759100,378226,2854185.0,28567,T1,2025-04-11 02:17:26 UTC,107912886,question_extractor,,5.2.0,,1.0,,,
629759111,378226,2854185.0,28567,T0,2025-04-11 02:17:32 UTC,107912736,question_extractor,1.0,5.2.0,,,,,
629759111,378226,2854185.0,28567,T1,2025-04-11 02:17:32 UTC,107912736,question_extractor,,5.2.0,,,,,
629759115,378226,2854185.0,28567,T0,2025-04-11 02:17:34 UTC,107912855,question_extractor,1.0,5.2.0,,,,,
629759115,378226,2854185.0,28567,T1,2025-04-11 02:17:34 UTC,107912855,question_extractor,,5.2.0,,,,,
629759123,378226,2854185.0,28567,T0,2025-04-11 02:17:36 UTC,107912660,question_extractor,1.0,5.2.0,,,,,
629759123,378226,2854185.0,28567,T1,2025-04-11 02:17:36 UTC,107912660,question_extractor,,5.2.0,,,,,
629759128,378226,2854185.0,28567,T0,2025-04-11 02:17:38 UTC,107912852,question_extractor,1.0,5.2.0,,,,,
629759128,378226,2854185.0,28567,T1,2025-04-11 02:17:38 UTC,107912852,question_extractor,,5.2.0,,,,,
629759137,378226,2854185.0,28567,T0,2025-04-11 02:17:41 UTC,107912854,question_extractor,1.0,5.2.0,,,,,
629759137,378226,2854185.0,28567,T1,2025-04-11 02:17:41 UTC,107912854,question_extractor,,5.2.0,,,,,
629759147,378226,2854185.0,28567,T0,2025-04-11 02:17:44 UTC,107912833,question_extractor,1.0,5.2.0,,,,,
629759147,378226,2854185.0,28567,T1,2025-04-11 02:17:44 UTC,107912833,question_extractor,,5.2.0,,,,,
629759164,378226,2854185.0,28567,T0,2025-04-11 02:17:50 UTC,107912841,question_extractor,,5.2.0,1.0,,,,
629759164,378226,2854185.0,28567,T1,2025-04-11 02:17:50 UTC,107912841,question_extractor,,5.2.0,,1.0,,,
629759196,378226,2854185.0,28567,T0,2025-04-11 02:18:02 UTC,107912716,question_extractor,,5.2.0,1.0,,,,
629759196,378226,2854185.0,28567,T1,2025-04-11 02:18:02 UTC,107912716,question_extractor,,5.2.0,,1.0,,,
629759241,378226,2854185.0,28567,T0,2025-04-11 02:18:21 UTC,107912808,question_extractor,,5.2.0,1.0,,,,
629759241,378226,2854185.0,28567,T1,2025-04-11 02:18:21 UTC,107912808,question_extractor,,5.2.0,,1.0,,,
629759253,378226,2854185.0,28567,T0,2025-04-11 02:18:26 UTC,107912827,question_extractor,1.0,5.2.0,,,,,
629759253,378226,2854185.0,28567,T1,2025-04-11 02:18:26 UTC,107912827,question_extractor,,5.2.0,,,,,
629759288,378226,2854185.0,28567,T0,2025-04-11 02:18:44 UTC,107912859,question_extractor,,5.2.0,1.0,,,,
629759288,378226,2854185.0,28567,T1,2025-04-11 02:18:44 UTC,107912859,question_extractor,,5.2.0,,1.0,,,
629759296,378226,2854185.0,28567,T0,2025-04-11 02:18:47 UTC,107912873,question_extractor,1.0,5.2.0,,,,,
629759296,378226,2854185.0,28567,T1,2025-04-11 02:18:47 UTC,107912873,question_extractor,,5.2.0,,,,,
629759301,378226,2854185.0,28567,T0,2025-04-11 02:18:50 UTC,107912770,question_extractor,1.0,5.2.0,,,,,
629759301,378226,2854185.0,28567,T1,2025-04-11 02:18:50 UTC,107912770,question_extractor,,5.2.0,,,,,
629759314,378226,2854185.0,28567,T0,2025-04-11 02:18:53 UTC,107912951,question_extractor,1.0,5.2.0,,,,,
629759314,378226,2854185.0,28567,T1,2025-04-11 02:18:53 UTC,107912951,question_extractor,,5.2.0,,,,,
629759323,378226,2854185.0,28567,T0,2025-04-11 02:18:55 UTC,107912848,question_extractor,1.0,5.2.0,,,,,
629759323,378226,2854185.0,28567,T1,2025-04-11 02:18:55 UTC,107912848,question_extractor,,5.2.0,,,,,
629759327,378226,2854185.0,28567,T0,2025-04-11 02:18:57 UTC,107912707,question_extractor,1.0,5.2.0,,,,,
629759327,378226,2854185.0,28567,T1,2025-04-11 02:18:57 UTC,107912707,question_extractor,,5.2.0,,,,,
629759337,378226,2854185.0,28567,T0,2025-04-11 02:19:03 UTC,107912667,question_extractor,,5.2.0,1.0,,,,
629759337,378226,2854185.0,28567,T1,2025-04-11 02:19:03 UTC,107912667,question_extractor,,5.2.0,,1.0,,,
629759343,378226,2854185.0,28567,T0,2025-04-11 02:19:05 UTC,107912632,question_extractor,1.0,5.2.0,,,,,
629759343,378226,2854185.0,28567,T1,2025-04-11 02:19:05 UTC,107912632,question_extractor,,5.2.0,,,,,
629759355,378226,2854185.0,28567,T0,2025-04-11 02:19:11 UTC,107912819,question_extractor,,5.2.0,1.0,,,,
629759355,378226,2854185.0,28567,T1,2025-04-11 02:19:11 UTC,107912819,question_extractor,,5.2.0,,1.0,,,
629759362,378226,2854185.0,28567,T0,2025-04-11 02:19:13 UTC,107912830,question_extractor,1.0,5.2.0,,,,,
629759362,378226,2854185.0,28567,T1,2025-04-11 02:19:13 UTC,107912830,question_extractor,,5.2.0,,,,,
629759385,378226,2854185.0,28567,T0,2025-04-11 02:19:23 UTC,107912749,question_extractor,,5.2.0,1.0,,,,
629759385,378226,2854185.0,28567,T1,2025-04-11 02:19:23 UTC,107912749,question_extractor,,5.2.0,,1.0,,,
629759403,378226,2854185.0,28567,T0,2025-04-11 02:19:27 UTC,107912662,question_extractor,1.0,5.2.0,,,,,
629759403,378226,2854185.0,28567,T1,2025-04-11 02:19:27 UTC,107912662,question_extractor,,5.2.0,,,,,
629759409,378226,2854185.0,28567,T0,2025-04-11 02:19:30 UTC,107912857,question_extractor,1.0,5.2.0,,,,,
629759409,378226,2854185.0,28567,T1,2025-04-11 02:19:30 UTC,107912857,question_extractor,,5.2.0,,,,,
629759416,378226,2854185.0,28567,T0,2025-04-11 02:19:35 UTC,107912762,question_extractor,1.0,5.2.0,,,,,
629759416,378226,2854185.0,28567,T1,2025-04-11 02:19:35 UTC,107912762,question_extractor,,5.2.0,,,,,
629759432,378226,2854185.0,28567,T0,2025-04-11 02:19:42 UTC,107912663,question_extractor,,5.2.0,1.0,,,,
629759432,378226,2854185.0,28567,T1,2025-04-11 02:19:42 UTC,107912663,question_extractor,,5.2.0,,1.0,,,
629759447,378226,2854185.0,28567,T0,2025-04-11 02:19:51 UTC,107912703,question_extractor,1.0,5.2.0,,,,,
629759447,378226,2854185.0,28567,T1,2025-04-11 02:19:51 UTC,107912703,question_extractor,,5.2.0,,,,,
629759471,378226,2854185.0,28567,T0,2025-04-11 02:20:03 UTC,107912880,question_extractor,,5.2.0,1.0,,,,
629759471,378226,2854185.0,28567,T1,2025-04-11 02:20:03 UTC,107912880,question_extractor,,5.2.0,,1.0,,,
629759480,378226,2854185.0,28567,T0,2025-04-11 02:20:07 UTC,107912850,question_extractor,1.0,5.2.0,,,,,
629759480,378226,2854185.0,28567,T1,2025-04-11 02:20:07 UTC,107912850,question_extractor,,5.2.0,,,,,
629759485,378226,2854185.0,28567,T0,2025-04-11 02:20:10 UTC,107912898,question_extractor,1.0,5.2.0,,,,,
629759485,378226,2854185.0,28567,T1,2025-04-11 02:20:10 UTC,107912898,question_extractor,,5.2.0,,,,,
629759503,378226,2854185.0,28567,T0,2025-04-11 02:20:18 UTC,107912757,question_extractor,1.0,5.2.0,,,,,
629759503,378226,2854185.0,28567,T1,2025-04-11 02:20:18 UTC,107912757,question_extractor,,5.2.0,,,,,
629759532,378226,2854185.0,28567,T0,2025-04-11 02:20:32 UTC,107912620,question_extractor,,5.2.0,1.0,,,,
629759532,378226,2854185.0,28567,T1,2025-04-11 02:20:32 UTC,107912620,question_extractor,,5.2.0,,1.0,,,
629759539,378226,2854185.0,28567,T0,2025-04-11 02:20:37 UTC,107912768,question_extractor,1.0,5.2.0,,,,,
629759539,378226,2854185.0,28567,T1,2025-04-11 02:20:37 UTC,107912768,question_extractor,,5.2.0,,,,,
629759557,378226,2854185.0,28567,T0,2025-04-11 02:20:48 UTC,107912844,question_extractor,,5.2.0,1.0,,,,
629759557,378226,2854185.0,28567,T1,2025-04-11 02:20:48 UTC,107912844,question_extractor,,5.2.0,,1.0,,,
629759574,378226,2854185.0,28567,T0,2025-04-11 02:20:55 UTC,107912802,question_extractor,1.0,5.2.0,,,,,
629759574,378226,2854185.0,28567,T1,2025-04-11 02:20:55 UTC,107912802,question_extractor,,5.2.0,,,,,
629759596,378226,2854185.0,28567,T0,2025-04-11 02:21:07 UTC,107912907,question_extractor,,5.2.0,1.0,,,,
629759596,378226,2854185.0,28567,T1,2025-04-11 02:21:07 UTC,107912907,question_extractor,,5.2.0,,1.0,,,
629759613,378226,2854185.0,28567,T0,2025-04-11 02:21:14 UTC,107912956,question_extractor,,5.2.0,1.0,,,,
629759613,378226,2854185.0,28567,T1,2025-04-11 02:21:14 UTC,107912956,question_extractor,,5.2.0,,1.0,,,
629760413,378226,2854185.0,28567,T0,2025-04-11 02:26:24 UTC,107912847,question_extractor,1.0,5.2.0,,,,,
629760413,378226,2854185.0,28567,T1,2025-04-11 02:26:24 UTC,107912847,question_extractor,,5.2.0,,,,,
629760496,378226,2854185.0,28567,T0,2025-04-11 02:26:50 UTC,107912888,question_extractor,,5.2.0,1.0,,,,
629760496,378226,2854185.0,28567,T1,2025-04-11 02:26:50 UTC,107912888,question_extractor,,5.2.0,,1.0,,,
629760520,378226,2854185.0,28567,T0,2025-04-11 02:26:59 UTC,107912805,question_extractor,,5.2.0,1.0,,,,
629760520,378226,2854185.0,28567,T1,2025-04-11 02:26:59 UTC,107912805,question_extractor,,5.2.0,,1.0,,,
629760531,378226,2854185.0,28567,T0,2025-04-11 02:27:03 UTC,107912794,question_extractor,1.0,5.2.0,,,,,
629760531,378226,2854185.0,28567,T1,2025-04-11 02:27:03 UTC,107912794,question_extractor,,5.2.0,,,,,
629760537,378226,2854185.0,28567,T0,2025-04-11 02:27:06 UTC,107912775,question_extractor,1.0,5.2.0,,,,,
629760537,378226,2854185.0,28567,T1,2025-04-11 02:27:06 UTC,107912775,question_extractor,,5.2.0,,,,,
629760551,378226,2854185.0,28567,T0,2025-04-11 02:27:10 UTC,107912631,question_extractor,1.0,5.2.0,,,,,
629760551,378226,2854185.0,28567,T1,2025-04-11 02:27:10 UTC,107912631,question_extractor,,5.2.0,,,,,
629767488,378226,2854185.0,28567,T0,2025-04-11 03:06:16 UTC,107912881,question_extractor,,5.2.0,1.0,,,,
629767488,378226,2854185.0,28567,T1,2025-04-11 03:06:16 UTC,107912881,question_extractor,,5.2.0,,1.0,,,
629767538,378226,2854185.0,28567,T0,2025-04-11 03:06:28 UTC,107912929,question_extractor,,5.2.0,1.0,,,,
629767538,378226,2854185.0,28567,T1,2025-04-11 03:06:28 UTC,107912929,question_extractor,,5.2.0,,1.0,,,
629767548,378226,2854185.0,28567,T0,2025-04-11 03:06:31 UTC,107912780,question_extractor,1.0,5.2.0,,,,,
629767548,378226,2854185.0,28567,T1,2025-04-11 03:06:31 UTC,107912780,question_extractor,,5.2.0,,,,,
629767556,378226,2854185.0,28567,T0,2025-04-11 03:06:33 UTC,107912948,question_extractor,1.0,5.2.0,,,,,
629767556,378226,2854185.0,28567,T1,2025-04-11 03:06:33 UTC,107912948,question_extractor,,5.2.0,,,,,
629767587,378226,2854185.0,28567,T0,2025-04-11 03:06:41 UTC,107912686,question_extractor,1.0,5.2.0,,,,,
629767587,378226,2854185.0,28567,T1,2025-04-11 03:06:41 UTC,107912686,question_extractor,,5.2.0,,,,,
629767660,378226,2854185.0,28567,T0,2025-04-11 03:07:06 UTC,107912766,question_extractor,,5.2.0,1.0,,,,
629767660,378226,2854185.0,28567,T1,2025-04-11 03:07:06 UTC,107912766,question_extractor,,5.2.0,,1.0,,,
629767721,378226,2854185.0,28567,T0,2025-04-11 03:07:25 UTC,107912761,question_extractor,1.0,5.2.0,,,,,
629767721,378226,2854185.0,28567,T1,2025-04-11 03:07:25 UTC,107912761,question_extractor,,5.2.0,,,,,
629767736,378226,2854185.0,28567,T0,2025-04-11 03:07:29 UTC,107912718,question_extractor,,5.2.0,1.0,,,,
629767736,378226,2854185.0,28567,T1,2025-04-11 03:07:29 UTC,107912718,question_extractor,,5.2.0,,1.0,,,
629767795,378226,2854185.0,28567,T0,2025-04-11 03:07:48 UTC,107912849,question_extractor,1.0,5.2.0,,,,,
629767795,378226,2854185.0,28567,T1,2025-04-11 03:07:48 UTC,107912849,question_extractor,,5.2.0,,,,,
629767806,378226,2854185.0,28567,T0,2025-04-11 03:07:52 UTC,107912851,question_extractor,1.0,5.2.0,,,,,
629767806,378226,2854185.0,28567,T1,2025-04-11 03:07:52 UTC,107912851,question_extractor,,5.2.0,,,,,
629767826,378226,2854185.0,28567,T0,2025-04-11 03:07:57 UTC,107912751,question_extractor,1.0,5.2.0,,,,,
629767826,378226,2854185.0,28567,T1,2025-04-11 03:07:57 UTC,107912751,question_extractor,,5.2.0,,,,,
629767844,378226,2854185.0,28567,T0,2025-04-11 03:08:02 UTC,107912697,question_extractor,1.0,5.2.0,,,,,
629767844,378226,2854185.0,28567,T1,2025-04-11 03:08:02 UTC,107912697,question_extractor,,5.2.0,,,,,
629767883,378226,2854185.0,28567,T0,2025-04-11 03:08:13 UTC,107912696,question_extractor,,5.2.0,1.0,,,,
629767883,378226,2854185.0,28567,T1,2025-04-11 03:08:13 UTC,107912696,question_extractor,,5.2.0,,1.0,,,
629767971,378226,2854185.0,28567,T0,2025-04-11 03:08:38 UTC,107912864,question_extractor,,5.2.0,1.0,,,,
629767971,378226,2854185.0,28567,T1,2025-04-11 03:08:38 UTC,107912864,question_extractor,,5.2.0,,1.0,,,
629767985,378226,2854185.0,28567,T0,2025-04-11 03:08:42 UTC,107912836,question_extractor,,5.2.0,1.0,,,,
629767985,378226,2854185.0,28567,T1,2025-04-11 03:08:42 UTC,107912836,question_extractor,,5.2.0,,1.0,,,
629768015,378226,2854185.0,28567,T0,2025-04-11 03:08:49 UTC,107912842,question_extractor,,5.2.0,1.0,,,,
629768015,378226,2854185.0,28567,T1,2025-04-11 03:08:49 UTC,107912842,question_extractor,,5.2.0,,1.0,,,
629768030,378226,2854185.0,28567,T0,2025-04-11 03:08:53 UTC,107912670,question_extractor,,5.2.0,1.0,,,,
629768030,378226,2854185.0,28567,T1,2025-04-11 03:08:53 UTC,107912670,question_extractor,,5.2.0,,1.0,,,
629768041,378226,2854185.0,28567,T0,2025-04-11 03:08:55 UTC,107912858,question_extractor,1.0,5.2.0,,,,,
629768041,378226,2854185.0,28567,T1,2025-04-11 03:08:55 UTC,107912858,question_extractor,,5.2.0,,,,,
629768051,378226,2854185.0,28567,T0,2025-04-11 03:08:57 UTC,107912682,question_extractor,1.0,5.2.0,,,,,
629768051,378226,2854185.0,28567,T1,2025-04-11 03:08:57 UTC,107912682,question_extractor,,5.2.0,,,,,
629768075,378226,2854185.0,28567,T0,2025-04-11 03:09:03 UTC,107912623,question_extractor,,5.2.0,1.0,,,,
629768075,378226,2854185.0,28567,T1,2025-04-11 03:09:03 UTC,107912623,question_extractor,,5.2.0,,1.0,,,
629768083,378226,2854185.0,28567,T0,2025-04-11 03:09:05 UTC,107912639,question_extractor,1.0,5.2.0,,,,,
629768083,378226,2854185.0,28567,T1,2025-04-11 03:09:05 UTC,107912639,question_extractor,,5.2.0,,,,,
629768107,378226,2854185.0,28567,T0,2025-04-11 03:09:11 UTC,107912939,question_extractor,,5.2.0,1.0,,,,
629768107,378226,2854185.0,28567,T1,2025-04-11 03:09:11 UTC,107912939,question_extractor,,5.2.0,,1.0,,,
629768212,378226,2854185.0,28567,T0,2025-04-11 03:09:39 UTC,107912681,question_extractor,1.0,5.2.0,,,,,
629768212,378226,2854185.0,28567,T1,2025-04-11 03:09:39 UTC,107912681,question_extractor,,5.2.0,,,,,
629768227,378226,2854185.0,28567,T0,2025-04-11 03:09:42 UTC,107912860,question_extractor,1.0,5.2.0,,,,,
629768227,378226,2854185.0,28567,T1,2025-04-11 03:09:42 UTC,107912860,question_extractor,,5.2.0,,,,,
629768273,378226,2854185.0,28567,T0,2025-04-11 03:09:54 UTC,107912815,question_extractor,,5.2.0,1.0,,,,
629768273,378226,2854185.0,28567,T1,2025-04-11 03:09:54 UTC,107912815,question_extractor,,5.2.0,,1.0,,,
629768300,378226,2854185.0,28567,T0,2025-04-11 03:10:00 UTC,107912856,question_extractor,,5.2.0,1.0,,,,
629768300,378226,2854185.0,28567,T1,2025-04-11 03:10:00 UTC,107912856,question_extractor,,5.2.0,,1.0,,,
629768315,378226,2854185.0,28567,T0,2025-04-11 03:10:03 UTC,107912954,question_extractor,1.0,5.2.0,,,,,
629768315,378226,2854185.0,28567,T1,2025-04-11 03:10:03 UTC,107912954,question_extractor,,5.2.0,,,,,
629768344,378226,2854185.0,28567,T0,2025-04-11 03:10:10 UTC,107912743,question_extractor,,5.2.0,1.0,,,,
629768344,378226,2854185.0,28567,T1,2025-04-11 03:10:10 UTC,107912743,question_extractor,,5.2.0,,1.0,,,
629768351,378226,2854185.0,28567,T0,2025-04-11 03:10:13 UTC,107912680,question_extractor,1.0,5.2.0,,,,,
629768351,378226,2854185.0,28567,T1,2025-04-11 03:10:13 UTC,107912680,question_extractor,,5.2.0,,,,,
629768384,378226,2854185.0,28567,T0,2025-04-11 03:10:22 UTC,107912786,question_extractor,,5.2.0,1.0,,,,
629768384,378226,2854185.0,28567,T1,2025-04-11 03:10:22 UTC,107912786,question_extractor,,5.2.0,,1.0,,,
629768399,378226,2854185.0,28567,T0,2025-04-11 03:10:25 UTC,107912763,question_extractor,1.0,5.2.0,,,,,
629768399,378226,2854185.0,28567,T1,2025-04-11 03:10:25 UTC,107912763,question_extractor,,5.2.0,,,,,
629768411,378226,2854185.0,28567,T0,2025-04-11 03:10:28 UTC,107912806,question_extractor,1.0,5.2.0,,,,,
629768411,378226,2854185.0,28567,T1,2025-04-11 03:10:28 UTC,107912806,question_extractor,,5.2.0,,,,,
629768422,378226,2854185.0,28567,T0,2025-04-11 03:10:32 UTC,107912889,question_extractor,1.0,5.2.0,,,,,
629768422,378226,2854185.0,28567,T1,2025-04-11 03:10:32 UTC,107912889,question_extractor,,5.2.0,,,,,
629768430,378226,2854185.0,28567,T0,2025-04-11 03:10:34 UTC,107912635,question_extractor,1.0,5.2.0,,,,,
629768430,378226,2854185.0,28567,T1,2025-04-11 03:10:34 UTC,107912635,question_extractor,,5.2.0,,,,,
629768502,378226,2854185.0,28567,T0,2025-04-11 03:10:50 UTC,107912935,question_extractor,1.0,5.2.0,,,,,
629768502,378226,2854185.0,28567,T1,2025-04-11 03:10:50 UTC,107912935,question_extractor,,5.2.0,,,,,
629768523,378226,2854185.0,28567,T0,2025-04-11 03:10:55 UTC,107912809,question_extractor,1.0,5.2.0,,,,,
629768523,378226,2854185.0,28567,T1,2025-04-11 03:10:55 UTC,107912809,question_extractor,,5.2.0,,,,,
629768538,378226,2854185.0,28567,T0,2025-04-11 03:11:00 UTC,107912946,question_extractor,1.0,5.2.0,,,,,
629768538,378226,2854185.0,28567,T1,2025-04-11 03:11:00 UTC,107912946,question_extractor,,5.2.0,,,,,
629768595,378226,2854185.0,28567,T0,2025-04-11 03:11:14 UTC,107912885,question_extractor,1.0,5.2.0,,,,,
629768595,378226,2854185.0,28567,T1,2025-04-11 03:11:14 UTC,107912885,question_extractor,,5.2.0,,,,,
629768666,378226,2854185.0,28567,T0,2025-04-11 03:11:35 UTC,107912722,question_extractor,,5.2.0,1.0,,,,
629768666,378226,2854185.0,28567,T1,2025-04-11 03:11:35 UTC,107912722,question_extractor,,5.2.0,,,1.0,,
629768692,378226,2854185.0,28567,T0,2025-04-11 03:11:43 UTC,107912738,question_extractor,,5.2.0,1.0,,,,
629768692,378226,2854185.0,28567,T1,2025-04-11 03:11:43 UTC,107912738,question_extractor,,5.2.0,,1.0,,,
629768757,378226,2854185.0,28567,T0,2025-04-11 03:12:01 UTC,107912902,question_extractor,,5.2.0,1.0,,,,
629768757,378226,2854185.0,28567,T1,2025-04-11 03:12:01 UTC,107912902,question_extractor,,5.2.0,,1.0,,,
629768782,378226,2854185.0,28567,T0,2025-04-11 03:12:08 UTC,107912931,question_extractor,,5.2.0,1.0,,,,
629768782,378226,2854185.0,28567,T1,2025-04-11 03:12:08 UTC,107912931,question_extractor,,5.2.0,,,1.0,,
629768817,378226,2854185.0,28567,T0,2025-04-11 03:12:16 UTC,107912719,question_extractor,,5.2.0,1.0,,,,
629768817,378226,2854185.0,28567,T1,2025-04-11 03:12:16 UTC,107912719,question_extractor,,5.2.0,,1.0,,,
629768827,378226,2854185.0,28567,T0,2025-04-11 03:12:19 UTC,107912708,question_extractor,1.0,5.2.0,,,,,
629768827,378226,2854185.0,28567,T1,2025-04-11 03:12:19 UTC,107912708,question_extractor,,5.2.0,,,,,
629768843,378226,2854185.0,28567,T0,2025-04-11 03:12:23 UTC,107912659,question_extractor,1.0,5.2.0,,,,,
629768843,378226,2854185.0,28567,T1,2025-04-11 03:12:23 UTC,107912659,question_extractor,,5.2.0,,,,,
629768878,378226,2854185.0,28567,T0,2025-04-11 03:12:30 UTC,107912690,question_extractor,,5.2.0,1.0,,,,
629768878,378226,2854185.0,28567,T1,2025-04-11 03:12:30 UTC,107912690,question_extractor,,5.2.0,,1.0,,,
629768898,378226,2854185.0,28567,T0,2025-04-11 03:12:35 UTC,107912621,question_extractor,,5.2.0,1.0,,,,
629768898,378226,2854185.0,28567,T1,2025-04-11 03:12:35 UTC,107912621,question_extractor,,5.2.0,,1.0,,,
629768915,378226,2854185.0,28567,T0,2025-04-11 03:12:38 UTC,107912689,question_extractor,1.0,5.2.0,,,,,
629768915,378226,2854185.0,28567,T1,2025-04-11 03:12:38 UTC,107912689,question_extractor,,5.2.0,,,,,
629768930,378226,2854185.0,28567,T0,2025-04-11 03:12:41 UTC,107912824,question_extractor,1.0,5.2.0,,,,,
629768930,378226,2854185.0,28567,T1,2025-04-11 03:12:41 UTC,107912824,question_extractor,,5.2.0,,,,,
629768950,378226,2854185.0,28567,T0,2025-04-11 03:12:46 UTC,107912634,question_extractor,1.0,5.2.0,,,,,
629768950,378226,2854185.0,28567,T1,2025-04-11 03:12:46 UTC,107912634,question_extractor,,5.2.0,,,,,
629768969,378226,2854185.0,28567,T0,2025-04-11 03:12:50 UTC,107912709,question_extractor,1.0,5.2.0,,,,,
629768969,378226,2854185.0,28567,T1,2025-04-11 03:12:50 UTC,107912709,question_extractor,,5.2.0,,,,,
629769086,378226,2854185.0,28567,T0,2025-04-11 03:13:18 UTC,107912624,question_extractor,,5.2.0,1.0,,,,
629769086,378226,2854185.0,28567,T1,2025-04-11 03:13:18 UTC,107912624,question_extractor,,5.2.0,,1.0,,,
629769123,378226,2854185.0,28567,T0,2025-04-11 03:13:28 UTC,107912892,question_extractor,,5.2.0,1.0,,,,
629769123,378226,2854185.0,28567,T1,2025-04-11 03:13:28 UTC,107912892,question_extractor,,5.2.0,,1.0,,,
629769137,378226,2854185.0,28567,T0,2025-04-11 03:13:30 UTC,107912649,question_extractor,1.0,5.2.0,,,,,
629769137,378226,2854185.0,28567,T1,2025-04-11 03:13:30 UTC,107912649,question_extractor,,5.2.0,,,,,
629769178,378226,2854185.0,28567,T0,2025-04-11 03:13:45 UTC,107912900,question_extractor,,5.2.0,1.0,,,,
629769178,378226,2854185.0,28567,T1,2025-04-11 03:13:45 UTC,107912900,question_extractor,,5.2.0,,1.0,,,
629769250,378226,2854185.0,28567,T0,2025-04-11 03:14:04 UTC,107912726,question_extractor,,5.2.0,1.0,,,,
629769250,378226,2854185.0,28567,T1,2025-04-11 03:14:04 UTC,107912726,question_extractor,,5.2.0,,1.0,,,
629769259,378226,2854185.0,28567,T0,2025-04-11 03:14:06 UTC,107912661,question_extractor,1.0,5.2.0,,,,,
629769259,378226,2854185.0,28567,T1,2025-04-11 03:14:06 UTC,107912661,question_extractor,,5.2.0,,,,,
629769283,378226,2854185.0,28567,T0,2025-04-11 03:14:13 UTC,107912657,question_extractor,,5.2.0,1.0,,,,
629769283,378226,2854185.0,28567,T1,2025-04-11 03:14:13 UTC,107912657,question_extractor,,5.2.0,,1.0,,,
629769394,378226,2854185.0,28567,T0,2025-04-11 03:14:39 UTC,107912807,question_extractor,,5.2.0,1.0,,,,
629769394,378226,2854185.0,28567,T1,2025-04-11 03:14:39 UTC,107912807,question_extractor,,5.2.0,,1.0,,,
629769765,378226,2854185.0,28567,T0,2025-04-11 03:15:54 UTC,107912725,question_extractor,,5.2.0,1.0,,,,
629769765,378226,2854185.0,28567,T1,2025-04-11 03:15:54 UTC,107912725,question_extractor,,5.2.0,,1.0,,,
629769780,378226,2854185.0,28567,T0,2025-04-11 03:15:58 UTC,107912804,question_extractor,1.0,5.2.0,,,,,
629769780,378226,2854185.0,28567,T1,2025-04-11 03:15:58 UTC,107912804,question_extractor,,5.2.0,,,,,
629769833,378226,2854185.0,28567,T0,2025-04-11 03:16:07 UTC,107912691,question_extractor,,5.2.0,1.0,,,,
629769833,378226,2854185.0,28567,T1,2025-04-11 03:16:07 UTC,107912691,question_extractor,,5.2.0,,1.0,,,
629769973,samanthamcd20,2851430.0,28567,T0,2025-04-11 03:16:36 UTC,107912906,question_extractor,1.0,5.2.0,,,,,
629769973,samanthamcd20,2851430.0,28567,T1,2025-04-11 03:16:36 UTC,107912906,question_extractor,,5.2.0,,,,,
629770123,samanthamcd20,2851430.0,28567,T0,2025-04-11 03:17:14 UTC,107912950,question_extractor,,5.2.0,,,,,1.0
629770123,samanthamcd20,2851430.0,28567,T1,2025-04-11 03:17:14 UTC,107912950,question_extractor,,5.2.0,,,,,
629770166,378226,2854185.0,28567,T0,2025-04-11 03:17:27 UTC,107912937,question_extractor,,5.2.0,1.0,,,,
629770166,378226,2854185.0,28567,T1,2025-04-11 03:17:27 UTC,107912937,question_extractor,,5.2.0,,1.0,,,
629770274,samanthamcd20,2851430.0,28567,T0,2025-04-11 03:17:59 UTC,107912653,question_extractor,,5.2.0,1.0,,,,
629770274,samanthamcd20,2851430.0,28567,T1,2025-04-11 03:17:59 UTC,107912653,question_extractor,,5.2.0,,,1.0,,
629770275,378226,2854185.0,28567,T0,2025-04-11 03:17:59 UTC,107912767,question_extractor,,5.2.0,1.0,,,,
629770275,378226,2854185.0,28567,T1,2025-04-11 03:17:59 UTC,107912767,question_extractor,,5.2.0,,1.0,,,
629770293,378226,2854185.0,28567,T0,2025-04-11 03:18:05 UTC,107912820,question_extractor,,5.2.0,1.0,,,,
629770293,378226,2854185.0,28567,T1,2025-04-11 03:18:05 UTC,107912820,question_extractor,,5.2.0,,,1.0,,
629770301,samanthamcd20,2851430.0,28567,T0,2025-04-11 03:18:07 UTC,107912643,question_extractor,,5.2.0,1.0,,,,
629770301,samanthamcd20,2851430.0,28567,T1,2025-04-11 03:18:07 UTC,107912643,question_extractor,,5.2.0,,,1.0,,
629770313,378226,2854185.0,28567,T0,2025-04-11 03:18:10 UTC,107912947,question_extractor,1.0,5.2.0,,,,,
629770313,378226,2854185.0,28567,T1,2025-04-11 03:18:10 UTC,107912947,question_extractor,,5.2.0,,,,,
629770318,samanthamcd20,2851430.0,28567,T0,2025-04-11 03:18:12 UTC,107912761,question_extractor,1.0,5.2.0,,,,,
629770318,samanthamcd20,2851430.0,28567,T1,2025-04-11 03:18:12 UTC,107912761,question_extractor,,5.2.0,,,,,
629770343,samanthamcd20,2851430.0,28567,T0,2025-04-11 03:18:18 UTC,107912649,question_extractor,1.0,5.2.0,,,,,
629770343,samanthamcd20,2851430.0,28567,T1,2025-04-11 03:18:18 UTC,107912649,question_extractor,,5.2.0,,,,,
629770359,378226,2854185.0,28567,T0,2025-04-11 03:18:22 UTC,107912825,question_extractor,,5.2.0,1.0,,,,
629770359,378226,2854185.0,28567,T1,2025-04-11 03:18:22 UTC,107912825,question_extractor,,5.2.0,,1.0,,,
629770375,378226,2854185.0,28567,T0,2025-04-11 03:18:26 UTC,107912642,question_extractor,1.0,5.2.0,,,,,
629770375,378226,2854185.0,28567,T1,2025-04-11 03:18:26 UTC,107912642,question_extractor,,5.2.0,,,,,
629770392,samanthamcd20,2851430.0,28567,T0,2025-04-11 03:18:28 UTC,107912819,question_extractor,,5.2.0,1.0,,,,
629770392,samanthamcd20,2851430.0,28567,T1,2025-04-11 03:18:28 UTC,107912819,question_extractor,,5.2.0,,1.0,,,
629770404,378226,2854185.0,28567,T0,2025-04-11 03:18:32 UTC,107912919,question_extractor,,5.2.0,1.0,,,,
629770404,378226,2854185.0,28567,T1,2025-04-11 03:18:32 UTC,107912919,question_extractor,,5.2.0,,1.0,,,
629770414,samanthamcd20,2851430.0,28567,T0,2025-04-11 03:18:35 UTC,107912937,question_extractor,,5.2.0,1.0,,,,
629770414,samanthamcd20,2851430.0,28567,T1,2025-04-11 03:18:35 UTC,107912937,question_extractor,,5.2.0,,,1.0,,
629770422,378226,2854185.0,28567,T0,2025-04-11 03:18:38 UTC,107912839,question_extractor,,5.2.0,1.0,,,,
629770422,378226,2854185.0,28567,T1,2025-04-11 03:18:38 UTC,107912839,question_extractor,,5.2.0,,1.0,,,
629770439,378226,2854185.0,28567,T0,2025-04-11 03:18:42 UTC,107912664,question_extractor,,5.2.0,1.0,,,,
629770439,378226,2854185.0,28567,T1,2025-04-11 03:18:42 UTC,107912664,question_extractor,,5.2.0,,1.0,,,
629770458,378226,2854185.0,28567,T0,2025-04-11 03:18:48 UTC,107912683,question_extractor,1.0,5.2.0,,,,,
629770458,378226,2854185.0,28567,T1,2025-04-11 03:18:48 UTC,107912683,question_extractor,,5.2.0,,,,,
629770470,378226,2854185.0,28567,T0,2025-04-11 03:18:50 UTC,107912710,question_extractor,1.0,5.2.0,,,,,
629770470,378226,2854185.0,28567,T1,2025-04-11 03:18:50 UTC,107912710,question_extractor,,5.2.0,,,,,
629770497,378226,2854185.0,28567,T0,2025-04-11 03:18:56 UTC,107912872,question_extractor,,5.2.0,1.0,,,,
629770497,378226,2854185.0,28567,T1,2025-04-11 03:18:56 UTC,107912872,question_extractor,,5.2.0,,1.0,,,
629770511,378226,2854185.0,28567,T0,2025-04-11 03:18:58 UTC,107912777,question_extractor,1.0,5.2.0,,,,,
629770511,378226,2854185.0,28567,T1,2025-04-11 03:18:58 UTC,107912777,question_extractor,,5.2.0,,,,,
629770603,378226,2854185.0,28567,T0,2025-04-11 03:19:14 UTC,107912958,question_extractor,,5.2.0,1.0,,,,
629770603,378226,2854185.0,28567,T1,2025-04-11 03:19:14 UTC,107912958,question_extractor,,5.2.0,,1.0,,,
629770609,378226,2854185.0,28567,T0,2025-04-11 03:19:16 UTC,107912914,question_extractor,1.0,5.2.0,,,,,
629770609,378226,2854185.0,28567,T1,2025-04-11 03:19:16 UTC,107912914,question_extractor,,5.2.0,,,,,
629770688,378226,2854185.0,28567,T0,2025-04-11 03:19:31 UTC,107912790,question_extractor,,5.2.0,1.0,,,,
629770688,378226,2854185.0,28567,T1,2025-04-11 03:19:31 UTC,107912790,question_extractor,,5.2.0,,1.0,,,
629770750,378226,2854185.0,28567,T0,2025-04-11 03:19:37 UTC,107912685,question_extractor,,5.2.0,,,,,1.0
629770750,378226,2854185.0,28567,T1,2025-04-11 03:19:37 UTC,107912685,question_extractor,,5.2.0,,,,,
629770766,378226,2854185.0,28567,T0,2025-04-11 03:19:40 UTC,107912648,question_extractor,1.0,5.2.0,,,,,
629770766,378226,2854185.0,28567,T1,2025-04-11 03:19:40 UTC,107912648,question_extractor,,5.2.0,,,,,
629770782,378226,2854185.0,28567,T0,2025-04-11 03:19:43 UTC,107912727,question_extractor,1.0,5.2.0,,,,,
629770782,378226,2854185.0,28567,T1,2025-04-11 03:19:43 UTC,107912727,question_extractor,,5.2.0,,,,,
629770809,378226,2854185.0,28567,T0,2025-04-11 03:19:49 UTC,107912890,question_extractor,,5.2.0,1.0,,,,
629770809,378226,2854185.0,28567,T1,2025-04-11 03:19:49 UTC,107912890,question_extractor,,5.2.0,,1.0,,,
629770839,378226,2854185.0,28567,T0,2025-04-11 03:19:57 UTC,107912901,question_extractor,,5.2.0,1.0,,,,
629770839,378226,2854185.0,28567,T1,2025-04-11 03:19:57 UTC,107912901,question_extractor,,5.2.0,,1.0,,,
629770870,378226,2854185.0,28567,T0,2025-04-11 03:20:02 UTC,107912628,question_extractor,,5.2.0,1.0,,,,
629770870,378226,2854185.0,28567,T1,2025-04-11 03:20:02 UTC,107912628,question_extractor,,5.2.0,,1.0,,,
629770881,378226,2854185.0,28567,T0,2025-04-11 03:20:04 UTC,107912698,question_extractor,1.0,5.2.0,,,,,
629770881,378226,2854185.0,28567,T1,2025-04-11 03:20:04 UTC,107912698,question_extractor,,5.2.0,,,,,
629770894,378226,2854185.0,28567,T0,2025-04-11 03:20:07 UTC,107912695,question_extractor,1.0,5.2.0,,,,,
629770894,378226,2854185.0,28567,T1,2025-04-11 03:20:07 UTC,107912695,question_extractor,,5.2.0,,,,,
629770925,378226,2854185.0,28567,T0,2025-04-11 03:20:14 UTC,107912940,question_extractor,,5.2.0,1.0,,,,
629770925,378226,2854185.0,28567,T1,2025-04-11 03:20:14 UTC,107912940,question_extractor,,5.2.0,,1.0,,,
629770945,378226,2854185.0,28567,T0,2025-04-11 03:20:19 UTC,107912647,question_extractor,,5.2.0,1.0,,,,
629770945,378226,2854185.0,28567,T1,2025-04-11 03:20:19 UTC,107912647,question_extractor,,5.2.0,,1.0,,,
629770966,378226,2854185.0,28567,T0,2025-04-11 03:20:22 UTC,107912884,question_extractor,1.0,5.2.0,,,,,
629770966,378226,2854185.0,28567,T1,2025-04-11 03:20:22 UTC,107912884,question_extractor,,5.2.0,,,,,
629770977,378226,2854185.0,28567,T0,2025-04-11 03:20:25 UTC,107912666,question_extractor,1.0,5.2.0,,,,,
629770977,378226,2854185.0,28567,T1,2025-04-11 03:20:25 UTC,107912666,question_extractor,,5.2.0,,,,,
629770994,378226,2854185.0,28567,T0,2025-04-11 03:20:29 UTC,107912765,question_extractor,1.0,5.2.0,,,,,
629770994,378226,2854185.0,28567,T1,2025-04-11 03:20:29 UTC,107912765,question_extractor,,5.2.0,,,,,
629771040,378226,2854185.0,28567,T0,2025-04-11 03:20:38 UTC,107912791,question_extractor,,5.2.0,1.0,,,,
629771040,378226,2854185.0,28567,T1,2025-04-11 03:20:38 UTC,107912791,question_extractor,,5.2.0,,,1.0,,
629771077,378226,2854185.0,28567,T0,2025-04-11 03:20:43 UTC,107912943,question_extractor,1.0,5.2.0,,,,,
629771077,378226,2854185.0,28567,T1,2025-04-11 03:20:43 UTC,107912943,question_extractor,,5.2.0,,,,,
629771128,378226,2854185.0,28567,T0,2025-04-11 03:20:51 UTC,107912622,question_extractor,,5.2.0,1.0,,,,
629771128,378226,2854185.0,28567,T1,2025-04-11 03:20:51 UTC,107912622,question_extractor,,5.2.0,,1.0,,,
629771145,378226,2854185.0,28567,T0,2025-04-11 03:20:53 UTC,107912705,question_extractor,1.0,5.2.0,,,,,
629771145,378226,2854185.0,28567,T1,2025-04-11 03:20:53 UTC,107912705,question_extractor,,5.2.0,,,,,
629771160,378226,2854185.0,28567,T0,2025-04-11 03:20:55 UTC,107912733,question_extractor,1.0,5.2.0,,,,,
629771160,378226,2854185.0,28567,T1,2025-04-11 03:20:55 UTC,107912733,question_extractor,,5.2.0,,,,,
629771189,378226,2854185.0,28567,T0,2025-04-11 03:21:01 UTC,107912846,question_extractor,,5.2.0,1.0,,,,
629771189,378226,2854185.0,28567,T1,2025-04-11 03:21:01 UTC,107912846,question_extractor,,5.2.0,,1.0,,,
629771196,378226,2854185.0,28567,T0,2025-04-11 03:21:03 UTC,107912785,question_extractor,1.0,5.2.0,,,,,
629771196,378226,2854185.0,28567,T1,2025-04-11 03:21:03 UTC,107912785,question_extractor,,5.2.0,,,,,
629771201,378226,2854185.0,28567,T0,2025-04-11 03:21:05 UTC,107912800,question_extractor,1.0,5.2.0,,,,,
629771201,378226,2854185.0,28567,T1,2025-04-11 03:21:05 UTC,107912800,question_extractor,,5.2.0,,,,,
629771228,378226,2854185.0,28567,T0,2025-04-11 03:21:10 UTC,107912693,question_extractor,,5.2.0,,,,,1.0
629771228,378226,2854185.0,28567,T1,2025-04-11 03:21:10 UTC,107912693,question_extractor,,5.2.0,,,,,
629771235,378226,2854185.0,28567,T0,2025-04-11 03:21:13 UTC,107912832,question_extractor,1.0,5.2.0,,,,,
629771235,378226,2854185.0,28567,T1,2025-04-11 03:21:13 UTC,107912832,question_extractor,,5.2.0,,,,,
629771264,378226,2854185.0,28567,T0,2025-04-11 03:21:21 UTC,107912644,question_extractor,,5.2.0,1.0,,,,
629771264,378226,2854185.0,28567,T1,2025-04-11 03:21:21 UTC,107912644,question_extractor,,5.2.0,,1.0,,,
629771286,378226,2854185.0,28567,T0,2025-04-11 03:21:27 UTC,107912745,question_extractor,1.0,5.2.0,,,,,
629771286,378226,2854185.0,28567,T1,2025-04-11 03:21:27 UTC,107912745,question_extractor,,5.2.0,,,,,
629771302,378226,2854185.0,28567,T0,2025-04-11 03:21:30 UTC,107912619,question_extractor,1.0,5.2.0,,,,,
629771302,378226,2854185.0,28567,T1,2025-04-11 03:21:30 UTC,107912619,question_extractor,,5.2.0,,,,,
629771321,378226,2854185.0,28567,T0,2025-04-11 03:21:36 UTC,107912739,question_extractor,,5.2.0,1.0,,,,
629771321,378226,2854185.0,28567,T1,2025-04-11 03:21:36 UTC,107912739,question_extractor,,5.2.0,,,1.0,,
629771341,378226,2854185.0,28567,T0,2025-04-11 03:21:39 UTC,107912953,question_extractor,1.0,5.2.0,,,,,
629771341,378226,2854185.0,28567,T1,2025-04-11 03:21:39 UTC,107912953,question_extractor,,5.2.0,,,,,
629771357,378226,2854185.0,28567,T0,2025-04-11 03:21:42 UTC,107912645,question_extractor,1.0,5.2.0,,,,,
629771357,378226,2854185.0,28567,T1,2025-04-11 03:21:42 UTC,107912645,question_extractor,,5.2.0,,,,,
629771366,378226,2854185.0,28567,T0,2025-04-11 03:21:44 UTC,107912840,question_extractor,1.0,5.2.0,,,,,
629771366,378226,2854185.0,28567,T1,2025-04-11 03:21:44 UTC,107912840,question_extractor,,5.2.0,,,,,
629771441,378226,2854185.0,28567,T0,2025-04-11 03:21:58 UTC,107912644,question_extractor,,5.2.0,1.0,,,,
629771441,378226,2854185.0,28567,T1,2025-04-11 03:21:58 UTC,107912644,question_extractor,,5.2.0,,1.0,,,
629771563,378226,2854185.0,28567,T0,2025-04-11 03:22:16 UTC,107912675,question_extractor,1.0,5.2.0,,,,,
629771563,378226,2854185.0,28567,T1,2025-04-11 03:22:16 UTC,107912675,question_extractor,,5.2.0,,,,,
629771582,378226,2854185.0,28567,T0,2025-04-11 03:22:19 UTC,107912655,question_extractor,1.0,5.2.0,,,,,
629771582,378226,2854185.0,28567,T1,2025-04-11 03:22:19 UTC,107912655,question_extractor,,5.2.0,,,,,
629771599,378226,2854185.0,28567,T0,2025-04-11 03:22:21 UTC,107912705,question_extractor,1.0,5.2.0,,,,,
629771599,378226,2854185.0,28567,T1,2025-04-11 03:22:21 UTC,107912705,question_extractor,,5.2.0,,,,,
629771609,378226,2854185.0,28567,T0,2025-04-11 03:22:23 UTC,107912659,question_extractor,1.0,5.2.0,,,,,
629771609,378226,2854185.0,28567,T1,2025-04-11 03:22:23 UTC,107912659,question_extractor,,5.2.0,,,,,
629771643,378226,2854185.0,28567,T0,2025-04-11 03:22:28 UTC,107912691,question_extractor,,5.2.0,1.0,,,,
629771643,378226,2854185.0,28567,T1,2025-04-11 03:22:28 UTC,107912691,question_extractor,,5.2.0,,1.0,,,
629771754,378226,2854185.0,28567,T0,2025-04-11 03:22:46 UTC,107912693,question_extractor,1.0,5.2.0,,,,,
629771754,378226,2854185.0,28567,T1,2025-04-11 03:22:46 UTC,107912693,question_extractor,,5.2.0,,,,,
629771769,378226,2854185.0,28567,T0,2025-04-11 03:22:48 UTC,107912707,question_extractor,1.0,5.2.0,,,,,
629771769,378226,2854185.0,28567,T1,2025-04-11 03:22:48 UTC,107912707,question_extractor,,5.2.0,,,,,
629771782,378226,2854185.0,28567,T0,2025-04-11 03:22:52 UTC,107912630,question_extractor,,5.2.0,1.0,,,,
629771782,378226,2854185.0,28567,T1,2025-04-11 03:22:52 UTC,107912630,question_extractor,,5.2.0,,1.0,,,
629771821,378226,2854185.0,28567,T0,2025-04-11 03:22:58 UTC,107912641,question_extractor,1.0,5.2.0,,,,,
629771821,378226,2854185.0,28567,T1,2025-04-11 03:22:58 UTC,107912641,question_extractor,,5.2.0,,,,,
629771833,378226,2854185.0,28567,T0,2025-04-11 03:23:00 UTC,107912710,question_extractor,1.0,5.2.0,,,,,
629771833,378226,2854185.0,28567,T1,2025-04-11 03:23:00 UTC,107912710,question_extractor,,5.2.0,,,,,
629771841,378226,2854185.0,28567,T0,2025-04-11 03:23:02 UTC,107912674,question_extractor,1.0,5.2.0,,,,,
629771841,378226,2854185.0,28567,T1,2025-04-11 03:23:02 UTC,107912674,question_extractor,,5.2.0,,,,,
629771854,378226,2854185.0,28567,T0,2025-04-11 03:23:04 UTC,107912685,question_extractor,1.0,5.2.0,,,,,
629771854,378226,2854185.0,28567,T1,2025-04-11 03:23:04 UTC,107912685,question_extractor,,5.2.0,,,,,
629771865,378226,2854185.0,28567,T0,2025-04-11 03:23:06 UTC,107912660,question_extractor,1.0,5.2.0,,,,,
629771865,378226,2854185.0,28567,T1,2025-04-11 03:23:06 UTC,107912660,question_extractor,,5.2.0,,,,,
629771886,378226,2854185.0,28567,T0,2025-04-11 03:23:09 UTC,107912627,question_extractor,,5.2.0,1.0,,,,
629771886,378226,2854185.0,28567,T1,2025-04-11 03:23:09 UTC,107912627,question_extractor,,5.2.0,,1.0,,,
629771940,378226,2854185.0,28567,T0,2025-04-11 03:23:19 UTC,107912628,question_extractor,,5.2.0,1.0,,,,
629771940,378226,2854185.0,28567,T1,2025-04-11 03:23:19 UTC,107912628,question_extractor,,5.2.0,,1.0,,,
629772036,378226,2854185.0,28567,T0,2025-04-11 03:23:34 UTC,107912643,question_extractor,,5.2.0,1.0,,,,
629772036,378226,2854185.0,28567,T1,2025-04-11 03:23:34 UTC,107912643,question_extractor,,5.2.0,,,1.0,,
629772051,378226,2854185.0,28567,T0,2025-04-11 03:23:36 UTC,107912712,question_extractor,1.0,5.2.0,,,,,
629772051,378226,2854185.0,28567,T1,2025-04-11 03:23:36 UTC,107912712,question_extractor,,5.2.0,,,,,
629772069,378226,2854185.0,28567,T0,2025-04-11 03:23:39 UTC,107912709,question_extractor,1.0,5.2.0,,,,,
629772069,378226,2854185.0,28567,T1,2025-04-11 03:23:39 UTC,107912709,question_extractor,,5.2.0,,,,,
629772113,378226,2854185.0,28567,T0,2025-04-11 03:23:46 UTC,107912654,question_extractor,,5.2.0,1.0,,,,
629772113,378226,2854185.0,28567,T1,2025-04-11 03:23:46 UTC,107912654,question_extractor,,5.2.0,,1.0,,,
629772126,378226,2854185.0,28567,T0,2025-04-11 03:23:49 UTC,107912648,question_extractor,1.0,5.2.0,,,,,
629772126,378226,2854185.0,28567,T1,2025-04-11 03:23:49 UTC,107912648,question_extractor,,5.2.0,,,,,
629772194,378226,2854185.0,28567,T0,2025-04-11 03:24:02 UTC,107912688,question_extractor,1.0,5.2.0,,,,,
629772194,378226,2854185.0,28567,T1,2025-04-11 03:24:02 UTC,107912688,question_extractor,,5.2.0,,,,,
629772209,378226,2854185.0,28567,T0,2025-04-11 03:24:04 UTC,107912712,question_extractor,1.0,5.2.0,,,,,
629772209,378226,2854185.0,28567,T1,2025-04-11 03:24:04 UTC,107912712,question_extractor,,5.2.0,,,,,
629772215,378226,2854185.0,28567,T0,2025-04-11 03:24:06 UTC,107912635,question_extractor,1.0,5.2.0,,,,,
629772215,378226,2854185.0,28567,T1,2025-04-11 03:24:06 UTC,107912635,question_extractor,,5.2.0,,,,,
629772336,378226,2854185.0,28567,T0,2025-04-11 03:24:41 UTC,107912672,question_extractor,,5.2.0,1.0,,,,
629772336,378226,2854185.0,28567,T1,2025-04-11 03:24:41 UTC,107912672,question_extractor,,5.2.0,,1.0,,,
629772348,378226,2854185.0,28567,T0,2025-04-11 03:24:44 UTC,107912711,question_extractor,1.0,5.2.0,,,,,
629772348,378226,2854185.0,28567,T1,2025-04-11 03:24:44 UTC,107912711,question_extractor,,5.2.0,,,,,
629772354,378226,2854185.0,28567,T0,2025-04-11 03:24:46 UTC,107912639,question_extractor,1.0,5.2.0,,,,,
629772354,378226,2854185.0,28567,T1,2025-04-11 03:24:46 UTC,107912639,question_extractor,,5.2.0,,,,,
629772359,378226,2854185.0,28567,T0,2025-04-11 03:24:48 UTC,107912661,question_extractor,1.0,5.2.0,,,,,
629772359,378226,2854185.0,28567,T1,2025-04-11 03:24:48 UTC,107912661,question_extractor,,5.2.0,,,,,
629772369,378226,2854185.0,28567,T0,2025-04-11 03:24:49 UTC,107912656,question_extractor,1.0,5.2.0,,,,,
629772369,378226,2854185.0,28567,T1,2025-04-11 03:24:49 UTC,107912656,question_extractor,,5.2.0,,,,,
629772401,378226,2854185.0,28567,T0,2025-04-11 03:25:00 UTC,107912671,question_extractor,,5.2.0,1.0,,,,
629772401,378226,2854185.0,28567,T1,2025-04-11 03:25:00 UTC,107912671,question_extractor,,5.2.0,,,1.0,,
629772418,378226,2854185.0,28567,T0,2025-04-11 03:25:04 UTC,107912690,question_extractor,,5.2.0,1.0,,,,
629772418,378226,2854185.0,28567,T1,2025-04-11 03:25:04 UTC,107912690,question_extractor,,5.2.0,,1.0,,,
629772429,378226,2854185.0,28567,T0,2025-04-11 03:25:07 UTC,107912704,question_extractor,1.0,5.2.0,,,,,
629772429,378226,2854185.0,28567,T1,2025-04-11 03:25:07 UTC,107912704,question_extractor,,5.2.0,,,,,
629772442,378226,2854185.0,28567,T0,2025-04-11 03:25:11 UTC,107912677,question_extractor,,5.2.0,1.0,,,,
629772442,378226,2854185.0,28567,T1,2025-04-11 03:25:11 UTC,107912677,question_extractor,,5.2.0,,1.0,,,
629772460,378226,2854185.0,28567,T0,2025-04-11 03:25:17 UTC,107912657,question_extractor,,5.2.0,1.0,,,,
629772460,378226,2854185.0,28567,T1,2025-04-11 03:25:17 UTC,107912657,question_extractor,,5.2.0,,1.0,,,
629772481,378226,2854185.0,28567,T0,2025-04-11 03:25:25 UTC,107912634,question_extractor,1.0,5.2.0,,,,,
629772481,378226,2854185.0,28567,T1,2025-04-11 03:25:25 UTC,107912634,question_extractor,,5.2.0,,,,,
629772489,378226,2854185.0,28567,T0,2025-04-11 03:25:27 UTC,107912632,question_extractor,1.0,5.2.0,,,,,
629772489,378226,2854185.0,28567,T1,2025-04-11 03:25:27 UTC,107912632,question_extractor,,5.2.0,,,,,
629772501,378226,2854185.0,28567,T0,2025-04-11 03:25:29 UTC,107912640,question_extractor,1.0,5.2.0,,,,,
629772501,378226,2854185.0,28567,T1,2025-04-11 03:25:29 UTC,107912640,question_extractor,,5.2.0,,,,,
629772517,378226,2854185.0,28567,T0,2025-04-11 03:25:34 UTC,107912626,question_extractor,,5.2.0,1.0,,,,
629772517,378226,2854185.0,28567,T1,2025-04-11 03:25:34 UTC,107912626,question_extractor,,5.2.0,,1.0,,,
629772558,378226,2854185.0,28567,T0,2025-04-11 03:25:43 UTC,107912651,question_extractor,,5.2.0,1.0,,,,
629772558,378226,2854185.0,28567,T1,2025-04-11 03:25:43 UTC,107912651,question_extractor,,5.2.0,,1.0,,,
629772567,378226,2854185.0,28567,T0,2025-04-11 03:25:45 UTC,107912648,question_extractor,1.0,5.2.0,,,,,
629772567,378226,2854185.0,28567,T1,2025-04-11 03:25:45 UTC,107912648,question_extractor,,5.2.0,,,,,
629772577,378226,2854185.0,28567,T0,2025-04-11 03:25:48 UTC,107912685,question_extractor,1.0,5.2.0,,,,,
629772577,378226,2854185.0,28567,T1,2025-04-11 03:25:48 UTC,107912685,question_extractor,,5.2.0,,,,,
629772597,378226,2854185.0,28567,T0,2025-04-11 03:25:53 UTC,107912642,question_extractor,1.0,5.2.0,,,,,
629772597,378226,2854185.0,28567,T1,2025-04-11 03:25:53 UTC,107912642,question_extractor,,5.2.0,,,,,
629772603,378226,2854185.0,28567,T0,2025-04-11 03:25:54 UTC,107912634,question_extractor,1.0,5.2.0,,,,,
629772603,378226,2854185.0,28567,T1,2025-04-11 03:25:54 UTC,107912634,question_extractor,,5.2.0,,,,,
629772610,378226,2854185.0,28567,T0,2025-04-11 03:25:56 UTC,107912698,question_extractor,1.0,5.2.0,,,,,
629772610,378226,2854185.0,28567,T1,2025-04-11 03:25:56 UTC,107912698,question_extractor,,5.2.0,,,,,
629772636,378226,2854185.0,28567,T0,2025-04-11 03:26:03 UTC,107912717,question_extractor,,5.2.0,1.0,,,,
629772636,378226,2854185.0,28567,T1,2025-04-11 03:26:03 UTC,107912717,question_extractor,,5.2.0,,1.0,,,
629772795,378226,2854185.0,28567,T0,2025-04-11 03:26:44 UTC,107912693,question_extractor,,5.2.0,1.0,,,,
629772795,378226,2854185.0,28567,T1,2025-04-11 03:26:44 UTC,107912693,question_extractor,,5.2.0,,,1.0,,
629772811,378226,2854185.0,28567,T0,2025-04-11 03:26:47 UTC,107912674,question_extractor,1.0,5.2.0,,,,,
629772811,378226,2854185.0,28567,T1,2025-04-11 03:26:47 UTC,107912674,question_extractor,,5.2.0,,,,,
629772828,378226,2854185.0,28567,T0,2025-04-11 03:26:50 UTC,107912671,question_extractor,,5.2.0,1.0,,,,
629772828,378226,2854185.0,28567,T1,2025-04-11 03:26:50 UTC,107912671,question_extractor,,5.2.0,,,1.0,,
629772846,378226,2854185.0,28567,T0,2025-04-11 03:26:54 UTC,107912654,question_extractor,,5.2.0,1.0,,,,
629772846,378226,2854185.0,28567,T1,2025-04-11 03:26:54 UTC,107912654,question_extractor,,5.2.0,,1.0,,,
629772855,378226,2854185.0,28567,T0,2025-04-11 03:26:56 UTC,107912707,question_extractor,1.0,5.2.0,,,,,
629772855,378226,2854185.0,28567,T1,2025-04-11 03:26:56 UTC,107912707,question_extractor,,5.2.0,,,,,
629772869,378226,2854185.0,28567,T0,2025-04-11 03:26:58 UTC,107912656,question_extractor,1.0,5.2.0,,,,,
629772869,378226,2854185.0,28567,T1,2025-04-11 03:26:58 UTC,107912656,question_extractor,,5.2.0,,,,,
629772874,378226,2854185.0,28567,T0,2025-04-11 03:26:59 UTC,107912705,question_extractor,1.0,5.2.0,,,,,
629772874,378226,2854185.0,28567,T1,2025-04-11 03:26:59 UTC,107912705,question_extractor,,5.2.0,,,,,
629772885,378226,2854185.0,28567,T0,2025-04-11 03:27:01 UTC,107912706,question_extractor,1.0,5.2.0,,,,,
629772885,378226,2854185.0,28567,T1,2025-04-11 03:27:01 UTC,107912706,question_extractor,,5.2.0,,,,,
629772928,378226,2854185.0,28567,T0,2025-04-11 03:27:11 UTC,107912650,question_extractor,,5.2.0,1.0,,,,
629772928,378226,2854185.0,28567,T1,2025-04-11 03:27:11 UTC,107912650,question_extractor,,5.2.0,,1.0,,,
629772944,378226,2854185.0,28567,T0,2025-04-11 03:27:14 UTC,107912652,question_extractor,,5.2.0,1.0,,,,
629772944,378226,2854185.0,28567,T1,2025-04-11 03:27:14 UTC,107912652,question_extractor,,5.2.0,,1.0,,,
629772957,378226,2854185.0,28567,T0,2025-04-11 03:27:19 UTC,107912630,question_extractor,,5.2.0,1.0,,,,
629772957,378226,2854185.0,28567,T1,2025-04-11 03:27:19 UTC,107912630,question_extractor,,5.2.0,,1.0,,,
629772982,378226,2854185.0,28567,T0,2025-04-11 03:27:27 UTC,107912677,question_extractor,,5.2.0,1.0,,,,
629772982,378226,2854185.0,28567,T1,2025-04-11 03:27:27 UTC,107912677,question_extractor,,5.2.0,,1.0,,,
629773025,378226,2854185.0,28567,T0,2025-04-11 03:27:39 UTC,107912646,question_extractor,,5.2.0,1.0,,,,
629773025,378226,2854185.0,28567,T1,2025-04-11 03:27:39 UTC,107912646,question_extractor,,5.2.0,,,1.0,,
629773738,378226,2854185.0,28567,T0,2025-04-11 03:31:39 UTC,107912656,question_extractor,1.0,5.2.0,,,,,
629773738,378226,2854185.0,28567,T1,2025-04-11 03:31:39 UTC,107912656,question_extractor,,5.2.0,,,,,
629784696,evann_yii,2843173.0,28567,T0,2025-04-11 04:35:59 UTC,107912644,question_extractor,,5.2.0,,,,,1.0
629784696,evann_yii,2843173.0,28567,T1,2025-04-11 04:35:59 UTC,107912644,question_extractor,,5.2.0,,,,,
629784711,evann_yii,2843173.0,28567,T0,2025-04-11 04:36:08 UTC,107912816,question_extractor,1.0,5.2.0,,,,,
629784711,evann_yii,2843173.0,28567,T1,2025-04-11 04:36:08 UTC,107912816,question_extractor,,5.2.0,,,,,
629784767,evann_yii,2843173.0,28567,T0,2025-04-11 04:36:44 UTC,107912881,question_extractor,,5.2.0,1.0,,,,
629784767,evann_yii,2843173.0,28567,T1,2025-04-11 04:36:44 UTC,107912881,question_extractor,,5.2.0,,,1.0,,
629784793,evann_yii,2843173.0,28567,T0,2025-04-11 04:36:57 UTC,107912901,question_extractor,1.0,5.2.0,,,,,
629784793,evann_yii,2843173.0,28567,T1,2025-04-11 04:36:57 UTC,107912901,question_extractor,,5.2.0,,,,,
629784800,evann_yii,2843173.0,28567,T0,2025-04-11 04:37:01 UTC,107912851,question_extractor,1.0,5.2.0,,,,,
629784800,evann_yii,2843173.0,28567,T1,2025-04-11 04:37:01 UTC,107912851,question_extractor,,5.2.0,,,,,
629784811,evann_yii,2843173.0,28567,T0,2025-04-11 04:37:06 UTC,107912805,question_extractor,1.0,5.2.0,,,,,
629784811,evann_yii,2843173.0,28567,T1,2025-04-11 04:37:06 UTC,107912805,question_extractor,,5.2.0,,,,,
629784818,evann_yii,2843173.0,28567,T0,2025-04-11 04:37:08 UTC,107912775,question_extractor,1.0,5.2.0,,,,,
629784818,evann_yii,2843173.0,28567,T1,2025-04-11 04:37:08 UTC,107912775,question_extractor,,5.2.0,,,,,
629784824,evann_yii,2843173.0,28567,T0,2025-04-11 04:37:12 UTC,107912710,question_extractor,1.0,5.2.0,,,,,
629784824,evann_yii,2843173.0,28567,T1,2025-04-11 04:37:12 UTC,107912710,question_extractor,,5.2.0,,,,,
629784829,evann_yii,2843173.0,28567,T0,2025-04-11 04:37:14 UTC,107912661,question_extractor,1.0,5.2.0,,,,,
629784829,evann_yii,2843173.0,28567,T1,2025-04-11 04:37:14 UTC,107912661,question_extractor,,5.2.0,,,,,
629784839,evann_yii,2843173.0,28567,T0,2025-04-11 04:37:18 UTC,107912670,question_extractor,,5.2.0,1.0,,,,
629784839,evann_yii,2843173.0,28567,T1,2025-04-11 04:37:18 UTC,107912670,question_extractor,,5.2.0,,,1.0,,
629784845,evann_yii,2843173.0,28567,T0,2025-04-11 04:37:22 UTC,107912939,question_extractor,,5.2.0,1.0,,,,
629784845,evann_yii,2843173.0,28567,T1,2025-04-11 04:37:22 UTC,107912939,question_extractor,,5.2.0,,1.0,,,
629784852,evann_yii,2843173.0,28567,T0,2025-04-11 04:37:25 UTC,107912860,question_extractor,1.0,5.2.0,,,,,
629784852,evann_yii,2843173.0,28567,T1,2025-04-11 04:37:25 UTC,107912860,question_extractor,,5.2.0,,,,,
629784856,evann_yii,2843173.0,28567,T0,2025-04-11 04:37:27 UTC,107912871,question_extractor,1.0,5.2.0,,,,,
629784856,evann_yii,2843173.0,28567,T1,2025-04-11 04:37:27 UTC,107912871,question_extractor,,5.2.0,,,,,
629784863,evann_yii,2843173.0,28567,T0,2025-04-11 04:37:30 UTC,107912889,question_extractor,1.0,5.2.0,,,,,
629784863,evann_yii,2843173.0,28567,T1,2025-04-11 04:37:30 UTC,107912889,question_extractor,,5.2.0,,,,,
629784867,evann_yii,2843173.0,28567,T0,2025-04-11 04:37:32 UTC,107912642,question_extractor,1.0,5.2.0,,,,,
629784867,evann_yii,2843173.0,28567,T1,2025-04-11 04:37:32 UTC,107912642,question_extractor,,5.2.0,,,,,
629784874,evann_yii,2843173.0,28567,T0,2025-04-11 04:37:35 UTC,107912719,question_extractor,,5.2.0,,,,,1.0
629784874,evann_yii,2843173.0,28567,T1,2025-04-11 04:37:35 UTC,107912719,question_extractor,,5.2.0,,,,,
629784879,evann_yii,2843173.0,28567,T0,2025-04-11 04:37:38 UTC,107912947,question_extractor,1.0,5.2.0,,,,,
629784879,evann_yii,2843173.0,28567,T1,2025-04-11 04:37:38 UTC,107912947,question_extractor,,5.2.0,,,,,
629784891,evann_yii,2843173.0,28567,T0,2025-04-11 04:37:42 UTC,107912621,question_extractor,,5.2.0,1.0,,,,
629784891,evann_yii,2843173.0,28567,T1,2025-04-11 04:37:42 UTC,107912621,question_extractor,,5.2.0,,1.0,,,
629784901,evann_yii,2843173.0,28567,T0,2025-04-11 04:37:45 UTC,107912733,question_extractor,1.0,5.2.0,,,,,
629784901,evann_yii,2843173.0,28567,T1,2025-04-11 04:37:45 UTC,107912733,question_extractor,,5.2.0,,,,,
629784904,evann_yii,2843173.0,28567,T0,2025-04-11 04:37:48 UTC,107912946,question_extractor,1.0,5.2.0,,,,,
629784904,evann_yii,2843173.0,28567,T1,2025-04-11 04:37:48 UTC,107912946,question_extractor,,5.2.0,,,,,
629784912,evann_yii,2843173.0,28567,T0,2025-04-11 04:37:50 UTC,107912876,question_extractor,1.0,5.2.0,,,,,
629784912,evann_yii,2843173.0,28567,T1,2025-04-11 04:37:50 UTC,107912876,question_extractor,,5.2.0,,,,,
629784918,evann_yii,2843173.0,28567,T0,2025-04-11 04:37:53 UTC,107912951,question_extractor,1.0,5.2.0,,,,,
629784918,evann_yii,2843173.0,28567,T1,2025-04-11 04:37:53 UTC,107912951,question_extractor,,5.2.0,,,,,
629784936,evann_yii,2843173.0,28567,T0,2025-04-11 04:38:00 UTC,107912880,question_extractor,1.0,5.2.0,,,,,
629784936,evann_yii,2843173.0,28567,T1,2025-04-11 04:38:00 UTC,107912880,question_extractor,,5.2.0,,,,,
629784939,evann_yii,2843173.0,28567,T0,2025-04-11 04:38:02 UTC,107912858,question_extractor,1.0,5.2.0,,,,,
629784939,evann_yii,2843173.0,28567,T1,2025-04-11 04:38:02 UTC,107912858,question_extractor,,5.2.0,,,,,
629785235,evann_yii,2843173.0,28567,T0,2025-04-11 04:40:33 UTC,107912925,question_extractor,1.0,5.2.0,,,,,
629785235,evann_yii,2843173.0,28567,T1,2025-04-11 04:40:33 UTC,107912925,question_extractor,,5.2.0,,,,,
629785242,evann_yii,2843173.0,28567,T0,2025-04-11 04:40:36 UTC,107912919,question_extractor,1.0,5.2.0,,,,,
629785242,evann_yii,2843173.0,28567,T1,2025-04-11 04:40:36 UTC,107912919,question_extractor,,5.2.0,,,,,
629785245,evann_yii,2843173.0,28567,T0,2025-04-11 04:40:39 UTC,107912933,question_extractor,1.0,5.2.0,,,,,
629785245,evann_yii,2843173.0,28567,T1,2025-04-11 04:40:39 UTC,107912933,question_extractor,,5.2.0,,,,,
629799906,jlu392,2852803.0,28567,T0,2025-04-11 06:46:25 UTC,107912896,question_extractor,1.0,5.2.0,,,,,
629799906,jlu392,2852803.0,28567,T1,2025-04-11 06:46:25 UTC,107912896,question_extractor,,5.2.0,,,,,
629799963,jlu392,2852803.0,28567,T0,2025-04-11 06:46:44 UTC,107912941,question_extractor,1.0,5.2.0,,,,,
629799963,jlu392,2852803.0,28567,T1,2025-04-11 06:46:44 UTC,107912941,question_extractor,,5.2.0,,,,,
629800034,jlu392,2852803.0,28567,T0,2025-04-11 06:47:09 UTC,107912677,question_extractor,,5.2.0,1.0,,,,
629800034,jlu392,2852803.0,28567,T1,2025-04-11 06:47:09 UTC,107912677,question_extractor,,5.2.0,,,1.0,,
629800097,jlu392,2852803.0,28567,T0,2025-04-11 06:47:31 UTC,107912907,question_extractor,,5.2.0,1.0,,,,
629800097,jlu392,2852803.0,28567,T1,2025-04-11 06:47:31 UTC,107912907,question_extractor,,5.2.0,,,1.0,,
629800109,jlu392,2852803.0,28567,T0,2025-04-11 06:47:36 UTC,107912928,question_extractor,1.0,5.2.0,,,,,
629800109,jlu392,2852803.0,28567,T1,2025-04-11 06:47:36 UTC,107912928,question_extractor,,5.2.0,,,,,
629800132,jlu392,2852803.0,28567,T0,2025-04-11 06:47:44 UTC,107912864,question_extractor,,5.2.0,1.0,,,,
629800132,jlu392,2852803.0,28567,T1,2025-04-11 06:47:44 UTC,107912864,question_extractor,,5.2.0,,,1.0,,
629800179,jlu392,2852803.0,28567,T0,2025-04-11 06:48:03 UTC,107912793,question_extractor,,5.2.0,1.0,,,,
629800179,jlu392,2852803.0,28567,T1,2025-04-11 06:48:03 UTC,107912793,question_extractor,,5.2.0,,1.0,,,
629800205,jlu392,2852803.0,28567,T0,2025-04-11 06:48:12 UTC,107912723,question_extractor,,5.2.0,1.0,,,,
629800205,jlu392,2852803.0,28567,T1,2025-04-11 06:48:12 UTC,107912723,question_extractor,,5.2.0,,1.0,,,
629800220,jlu392,2852803.0,28567,T0,2025-04-11 06:48:17 UTC,107912876,question_extractor,1.0,5.2.0,,,,,
629800220,jlu392,2852803.0,28567,T1,2025-04-11 06:48:17 UTC,107912876,question_extractor,,5.2.0,,,,,
629800234,jlu392,2852803.0,28567,T0,2025-04-11 06:48:22 UTC,107912782,question_extractor,1.0,5.2.0,,,,,
629800234,jlu392,2852803.0,28567,T1,2025-04-11 06:48:22 UTC,107912782,question_extractor,,5.2.0,,,,,
629800243,jlu392,2852803.0,28567,T0,2025-04-11 06:48:26 UTC,107912733,question_extractor,1.0,5.2.0,,,,,
629800243,jlu392,2852803.0,28567,T1,2025-04-11 06:48:26 UTC,107912733,question_extractor,,5.2.0,,,,,
629800280,jlu392,2852803.0,28567,T0,2025-04-11 06:48:40 UTC,107912943,question_extractor,,5.2.0,1.0,,,,
629800280,jlu392,2852803.0,28567,T1,2025-04-11 06:48:40 UTC,107912943,question_extractor,,5.2.0,,1.0,,,
629800328,jlu392,2852803.0,28567,T0,2025-04-11 06:48:59 UTC,107912625,question_extractor,,5.2.0,1.0,,,,
629800328,jlu392,2852803.0,28567,T1,2025-04-11 06:48:59 UTC,107912625,question_extractor,,5.2.0,,1.0,,,
629800421,jlu392,2852803.0,28567,T0,2025-04-11 06:49:30 UTC,107912630,question_extractor,,5.2.0,1.0,,,,
629800421,jlu392,2852803.0,28567,T1,2025-04-11 06:49:30 UTC,107912630,question_extractor,,5.2.0,,1.0,,,
629800468,jlu392,2852803.0,28567,T0,2025-04-11 06:49:44 UTC,107912809,question_extractor,1.0,5.2.0,,,,,
629800468,jlu392,2852803.0,28567,T1,2025-04-11 06:49:44 UTC,107912809,question_extractor,,5.2.0,,,,,
629800489,jlu392,2852803.0,28567,T0,2025-04-11 06:49:51 UTC,107912917,question_extractor,,5.2.0,1.0,,,,
629800489,jlu392,2852803.0,28567,T1,2025-04-11 06:49:51 UTC,107912917,question_extractor,,5.2.0,,,1.0,,
629800636,jlu392,2852803.0,28567,T0,2025-04-11 06:50:39 UTC,107912715,question_extractor,,5.2.0,1.0,,,,
629800636,jlu392,2852803.0,28567,T1,2025-04-11 06:50:39 UTC,107912715,question_extractor,,5.2.0,,1.0,,,
629800655,jlu392,2852803.0,28567,T0,2025-04-11 06:50:46 UTC,107912857,question_extractor,1.0,5.2.0,,,,,
629800655,jlu392,2852803.0,28567,T1,2025-04-11 06:50:46 UTC,107912857,question_extractor,,5.2.0,,,,,
629800664,jlu392,2852803.0,28567,T0,2025-04-11 06:50:48 UTC,107912697,question_extractor,1.0,5.2.0,,,,,
629800664,jlu392,2852803.0,28567,T1,2025-04-11 06:50:48 UTC,107912697,question_extractor,,5.2.0,,,,,
629800678,jlu392,2852803.0,28567,T0,2025-04-11 06:50:52 UTC,107912645,question_extractor,1.0,5.2.0,,,,,
629800678,jlu392,2852803.0,28567,T1,2025-04-11 06:50:52 UTC,107912645,question_extractor,,5.2.0,,,,,
629815292,davidalcala4,2835951.0,28567,T0,2025-04-11 08:46:47 UTC,107912807,question_extractor,,5.2.0,1.0,,,,
629815292,davidalcala4,2835951.0,28567,T1,2025-04-11 08:46:47 UTC,107912807,question_extractor,,5.2.0,,1.0,,,
629815390,davidalcala4,2835951.0,28567,T0,2025-04-11 08:47:32 UTC,107912791,question_extractor,,5.2.0,1.0,,,,
629815390,davidalcala4,2835951.0,28567,T1,2025-04-11 08:47:32 UTC,107912791,question_extractor,,5.2.0,,1.0,,,
629815425,davidalcala4,2835951.0,28567,T0,2025-04-11 08:47:48 UTC,107912843,question_extractor,,5.2.0,1.0,,,,
629815425,davidalcala4,2835951.0,28567,T1,2025-04-11 08:47:48 UTC,107912843,question_extractor,,5.2.0,,1.0,,,
629815440,davidalcala4,2835951.0,28567,T0,2025-04-11 08:47:54 UTC,107912873,question_extractor,1.0,5.2.0,,,,,
629815440,davidalcala4,2835951.0,28567,T1,2025-04-11 08:47:54 UTC,107912873,question_extractor,,5.2.0,,,,,
629815472,davidalcala4,2835951.0,28567,T0,2025-04-11 08:48:09 UTC,107912909,question_extractor,,5.2.0,1.0,,,,
629815472,davidalcala4,2835951.0,28567,T1,2025-04-11 08:48:09 UTC,107912909,question_extractor,,5.2.0,,1.0,,,
629815547,davidalcala4,2835951.0,28567,T0,2025-04-11 08:48:43 UTC,107912894,question_extractor,,5.2.0,1.0,,,,
629815547,davidalcala4,2835951.0,28567,T1,2025-04-11 08:48:43 UTC,107912894,question_extractor,,5.2.0,,1.0,,,
629815572,davidalcala4,2835951.0,28567,T0,2025-04-11 08:48:53 UTC,107912835,question_extractor,,5.2.0,1.0,,,,
629815572,davidalcala4,2835951.0,28567,T1,2025-04-11 08:48:53 UTC,107912835,question_extractor,,5.2.0,,1.0,,,
629815604,davidalcala4,2835951.0,28567,T0,2025-04-11 08:49:06 UTC,107912881,question_extractor,,5.2.0,1.0,,,,
629815604,davidalcala4,2835951.0,28567,T1,2025-04-11 08:49:06 UTC,107912881,question_extractor,,5.2.0,,1.0,,,
629815616,davidalcala4,2835951.0,28567,T0,2025-04-11 08:49:10 UTC,107912780,question_extractor,1.0,5.2.0,,,,,
629815616,davidalcala4,2835951.0,28567,T1,2025-04-11 08:49:10 UTC,107912780,question_extractor,,5.2.0,,,,,
629815625,davidalcala4,2835951.0,28567,T0,2025-04-11 08:49:14 UTC,107912713,question_extractor,1.0,5.2.0,,,,,
629815625,davidalcala4,2835951.0,28567,T1,2025-04-11 08:49:14 UTC,107912713,question_extractor,,5.2.0,,,,,
629815645,davidalcala4,2835951.0,28567,T0,2025-04-11 08:49:22 UTC,107912847,question_extractor,1.0,5.2.0,,,,,
629815645,davidalcala4,2835951.0,28567,T1,2025-04-11 08:49:22 UTC,107912847,question_extractor,,5.2.0,,,,,
629815660,davidalcala4,2835951.0,28567,T0,2025-04-11 08:49:27 UTC,107912917,question_extractor,,5.2.0,1.0,,,,
629815660,davidalcala4,2835951.0,28567,T1,2025-04-11 08:49:27 UTC,107912917,question_extractor,,5.2.0,,1.0,,,
629815670,davidalcala4,2835951.0,28567,T0,2025-04-11 08:49:32 UTC,107912773,question_extractor,1.0,5.2.0,,,,,
629815670,davidalcala4,2835951.0,28567,T1,2025-04-11 08:49:32 UTC,107912773,question_extractor,,5.2.0,,,,,
629815688,davidalcala4,2835951.0,28567,T0,2025-04-11 08:49:38 UTC,107912790,question_extractor,,5.2.0,1.0,,,,
629815688,davidalcala4,2835951.0,28567,T1,2025-04-11 08:49:38 UTC,107912790,question_extractor,,5.2.0,,1.0,,,
629815701,davidalcala4,2835951.0,28567,T0,2025-04-11 08:49:43 UTC,107912693,question_extractor,1.0,5.2.0,,,,,
629815701,davidalcala4,2835951.0,28567,T1,2025-04-11 08:49:43 UTC,107912693,question_extractor,,5.2.0,,,,,
629815719,davidalcala4,2835951.0,28567,T0,2025-04-11 08:49:50 UTC,107912702,question_extractor,,5.2.0,,,,,1.0
629815719,davidalcala4,2835951.0,28567,T1,2025-04-11 08:49:50 UTC,107912702,question_extractor,,5.2.0,,,,,
629815740,davidalcala4,2835951.0,28567,T0,2025-04-11 08:49:58 UTC,107912783,question_extractor,,5.2.0,1.0,,,,
629815740,davidalcala4,2835951.0,28567,T1,2025-04-11 08:49:58 UTC,107912783,question_extractor,,5.2.0,,1.0,,,
629815797,davidalcala4,2835951.0,28567,T0,2025-04-11 08:50:20 UTC,107912688,question_extractor,1.0,5.2.0,,,,,
629815797,davidalcala4,2835951.0,28567,T1,2025-04-11 08:50:20 UTC,107912688,question_extractor,,5.2.0,,,,,
629815808,davidalcala4,2835951.0,28567,T0,2025-04-11 08:50:24 UTC,107912728,question_extractor,1.0,5.2.0,,,,,
629815808,davidalcala4,2835951.0,28567,T1,2025-04-11 08:50:24 UTC,107912728,question_extractor,,5.2.0,,,,,
629815833,davidalcala4,2835951.0,28567,T0,2025-04-11 08:50:31 UTC,107912725,question_extractor,,5.2.0,1.0,,,,
629815833,davidalcala4,2835951.0,28567,T1,2025-04-11 08:50:31 UTC,107912725,question_extractor,,5.2.0,,1.0,,,
629815843,davidalcala4,2835951.0,28567,T0,2025-04-11 08:50:35 UTC,107912734,question_extractor,1.0,5.2.0,,,,,
629815843,davidalcala4,2835951.0,28567,T1,2025-04-11 08:50:35 UTC,107912734,question_extractor,,5.2.0,,,,,
629815866,davidalcala4,2835951.0,28567,T0,2025-04-11 08:50:42 UTC,107912856,question_extractor,,5.2.0,1.0,,,,
629815866,davidalcala4,2835951.0,28567,T1,2025-04-11 08:50:42 UTC,107912856,question_extractor,,5.2.0,,1.0,,,
629815885,davidalcala4,2835951.0,28567,T0,2025-04-11 08:50:49 UTC,107912929,question_extractor,,5.2.0,1.0,,,,
629815885,davidalcala4,2835951.0,28567,T1,2025-04-11 08:50:49 UTC,107912929,question_extractor,,5.2.0,,1.0,,,
629815920,davidalcala4,2835951.0,28567,T0,2025-04-11 08:51:00 UTC,107912677,question_extractor,,5.2.0,1.0,,,,
629815920,davidalcala4,2835951.0,28567,T1,2025-04-11 08:51:00 UTC,107912677,question_extractor,,5.2.0,,1.0,,,
629815943,davidalcala4,2835951.0,28567,T0,2025-04-11 08:51:06 UTC,107912620,question_extractor,,5.2.0,1.0,,,,
629815943,davidalcala4,2835951.0,28567,T1,2025-04-11 08:51:06 UTC,107912620,question_extractor,,5.2.0,,1.0,,,
629815962,davidalcala4,2835951.0,28567,T0,2025-04-11 08:51:11 UTC,107912754,question_extractor,1.0,5.2.0,,,,,
629815962,davidalcala4,2835951.0,28567,T1,2025-04-11 08:51:11 UTC,107912754,question_extractor,,5.2.0,,,,,
629815991,davidalcala4,2835951.0,28567,T0,2025-04-11 08:51:20 UTC,107912942,question_extractor,,5.2.0,1.0,,,,
629815991,davidalcala4,2835951.0,28567,T1,2025-04-11 08:51:20 UTC,107912942,question_extractor,,5.2.0,,,,,1.0
629816000,davidalcala4,2835951.0,28567,T0,2025-04-11 08:51:23 UTC,107912762,question_extractor,1.0,5.2.0,,,,,
629816000,davidalcala4,2835951.0,28567,T1,2025-04-11 08:51:23 UTC,107912762,question_extractor,,5.2.0,,,,,
629816018,davidalcala4,2835951.0,28567,T0,2025-04-11 08:51:31 UTC,107912745,question_extractor,,5.2.0,1.0,,,,
629816018,davidalcala4,2835951.0,28567,T1,2025-04-11 08:51:31 UTC,107912745,question_extractor,,5.2.0,,1.0,,,
629816029,davidalcala4,2835951.0,28567,T0,2025-04-11 08:51:34 UTC,107912682,question_extractor,1.0,5.2.0,,,,,
629816029,davidalcala4,2835951.0,28567,T1,2025-04-11 08:51:34 UTC,107912682,question_extractor,,5.2.0,,,,,
629816042,davidalcala4,2835951.0,28567,T0,2025-04-11 08:51:38 UTC,107912639,question_extractor,1.0,5.2.0,,,,,
629816042,davidalcala4,2835951.0,28567,T1,2025-04-11 08:51:38 UTC,107912639,question_extractor,,5.2.0,,,,,
629816056,davidalcala4,2835951.0,28567,T0,2025-04-11 08:51:42 UTC,107912824,question_extractor,1.0,5.2.0,,,,,
629816056,davidalcala4,2835951.0,28567,T1,2025-04-11 08:51:42 UTC,107912824,question_extractor,,5.2.0,,,,,
629816064,davidalcala4,2835951.0,28567,T0,2025-04-11 08:51:45 UTC,107912635,question_extractor,1.0,5.2.0,,,,,
629816064,davidalcala4,2835951.0,28567,T1,2025-04-11 08:51:45 UTC,107912635,question_extractor,,5.2.0,,,,,
629816079,davidalcala4,2835951.0,28567,T0,2025-04-11 08:51:50 UTC,107912652,question_extractor,,5.2.0,1.0,,,,
629816079,davidalcala4,2835951.0,28567,T1,2025-04-11 08:51:50 UTC,107912652,question_extractor,,5.2.0,,1.0,,,
629816087,davidalcala4,2835951.0,28567,T0,2025-04-11 08:51:53 UTC,107912827,question_extractor,1.0,5.2.0,,,,,
629816087,davidalcala4,2835951.0,28567,T1,2025-04-11 08:51:53 UTC,107912827,question_extractor,,5.2.0,,,,,
629816099,davidalcala4,2835951.0,28567,T0,2025-04-11 08:51:59 UTC,107912654,question_extractor,,5.2.0,1.0,,,,
629816099,davidalcala4,2835951.0,28567,T1,2025-04-11 08:51:59 UTC,107912654,question_extractor,,5.2.0,,1.0,,,
629816121,davidalcala4,2835951.0,28567,T0,2025-04-11 08:52:09 UTC,107912670,question_extractor,,5.2.0,1.0,,,,
629816121,davidalcala4,2835951.0,28567,T1,2025-04-11 08:52:09 UTC,107912670,question_extractor,,5.2.0,,1.0,,,
629816194,davidalcala4,2835951.0,28567,T0,2025-04-11 08:52:45 UTC,107912811,question_extractor,,5.2.0,,,,,1.0
629816194,davidalcala4,2835951.0,28567,T1,2025-04-11 08:52:45 UTC,107912811,question_extractor,,5.2.0,,,,,
629816204,davidalcala4,2835951.0,28567,T0,2025-04-11 08:52:51 UTC,107912699,question_extractor,,5.2.0,1.0,,,,
629816204,davidalcala4,2835951.0,28567,T1,2025-04-11 08:52:51 UTC,107912699,question_extractor,,5.2.0,,,1.0,,
629816216,davidalcala4,2835951.0,28567,T0,2025-04-11 08:53:00 UTC,107912936,question_extractor,,5.2.0,1.0,,,,
629816216,davidalcala4,2835951.0,28567,T1,2025-04-11 08:53:00 UTC,107912936,question_extractor,,5.2.0,,,1.0,,
629816237,davidalcala4,2835951.0,28567,T0,2025-04-11 08:53:09 UTC,107912842,question_extractor,,5.2.0,1.0,,,,
629816237,davidalcala4,2835951.0,28567,T1,2025-04-11 08:53:09 UTC,107912842,question_extractor,,5.2.0,,1.0,,,
629816254,davidalcala4,2835951.0,28567,T0,2025-04-11 08:53:15 UTC,107912742,question_extractor,,5.2.0,1.0,,,,
629816254,davidalcala4,2835951.0,28567,T1,2025-04-11 08:53:15 UTC,107912742,question_extractor,,5.2.0,,1.0,,,
629816262,davidalcala4,2835951.0,28567,T0,2025-04-11 08:53:19 UTC,107912746,question_extractor,,5.2.0,1.0,,,,
629816262,davidalcala4,2835951.0,28567,T1,2025-04-11 08:53:19 UTC,107912746,question_extractor,,5.2.0,,1.0,,,
629816289,davidalcala4,2835951.0,28567,T0,2025-04-11 08:53:29 UTC,107912626,question_extractor,,5.2.0,1.0,,,,
629816289,davidalcala4,2835951.0,28567,T1,2025-04-11 08:53:29 UTC,107912626,question_extractor,,5.2.0,,,1.0,,
629816312,davidalcala4,2835951.0,28567,T0,2025-04-11 08:53:36 UTC,107912749,question_extractor,,5.2.0,1.0,,,,
629816312,davidalcala4,2835951.0,28567,T1,2025-04-11 08:53:36 UTC,107912749,question_extractor,,5.2.0,,1.0,,,
629816328,davidalcala4,2835951.0,28567,T0,2025-04-11 08:53:41 UTC,107912940,question_extractor,,5.2.0,1.0,,,,
629816328,davidalcala4,2835951.0,28567,T1,2025-04-11 08:53:41 UTC,107912940,question_extractor,,5.2.0,,1.0,,,
629816345,davidalcala4,2835951.0,28567,T0,2025-04-11 08:53:47 UTC,107912741,question_extractor,,5.2.0,1.0,,,,
629816345,davidalcala4,2835951.0,28567,T1,2025-04-11 08:53:47 UTC,107912741,question_extractor,,5.2.0,,1.0,,,
629816358,davidalcala4,2835951.0,28567,T0,2025-04-11 08:53:52 UTC,107912848,question_extractor,1.0,5.2.0,,,,,
629816358,davidalcala4,2835951.0,28567,T1,2025-04-11 08:53:52 UTC,107912848,question_extractor,,5.2.0,,,,,
629816383,davidalcala4,2835951.0,28567,T0,2025-04-11 08:53:59 UTC,107912738,question_extractor,,5.2.0,1.0,,,,
629816383,davidalcala4,2835951.0,28567,T1,2025-04-11 08:53:59 UTC,107912738,question_extractor,,5.2.0,,,1.0,,
629816411,davidalcala4,2835951.0,28567,T0,2025-04-11 08:54:10 UTC,107912641,question_extractor,1.0,5.2.0,,,,,
629816411,davidalcala4,2835951.0,28567,T1,2025-04-11 08:54:10 UTC,107912641,question_extractor,,5.2.0,,,,,
629904102,jaslynlomibao,2854182.0,28567,T0,2025-04-11 15:29:30 UTC,107912695,question_extractor,,5.2.0,1.0,,,,
629904102,jaslynlomibao,2854182.0,28567,T1,2025-04-11 15:29:30 UTC,107912695,question_extractor,,5.2.0,,1.0,,,
629904135,jaslynlomibao,2854182.0,28567,T0,2025-04-11 15:29:38 UTC,107912883,question_extractor,,5.2.0,1.0,,,,
629904135,jaslynlomibao,2854182.0,28567,T1,2025-04-11 15:29:38 UTC,107912883,question_extractor,,5.2.0,,,1.0,,
629904188,jaslynlomibao,2854182.0,28567,T0,2025-04-11 15:29:48 UTC,107912793,question_extractor,,5.2.0,1.0,,,,
629904188,jaslynlomibao,2854182.0,28567,T1,2025-04-11 15:29:48 UTC,107912793,question_extractor,,5.2.0,,,1.0,,
629904222,jaslynlomibao,2854182.0,28567,T0,2025-04-11 15:29:53 UTC,107912681,question_extractor,1.0,5.2.0,,,,,
629904222,jaslynlomibao,2854182.0,28567,T1,2025-04-11 15:29:53 UTC,107912681,question_extractor,,5.2.0,,,,,
629904338,jaslynlomibao,2854182.0,28567,T0,2025-04-11 15:30:15 UTC,107912750,question_extractor,,5.2.0,1.0,,,,
629904338,jaslynlomibao,2854182.0,28567,T1,2025-04-11 15:30:15 UTC,107912750,question_extractor,,5.2.0,,1.0,,,
629904384,jaslynlomibao,2854182.0,28567,T0,2025-04-11 15:30:24 UTC,107912783,question_extractor,,5.2.0,1.0,,,,
629904384,jaslynlomibao,2854182.0,28567,T1,2025-04-11 15:30:24 UTC,107912783,question_extractor,,5.2.0,,1.0,,,
629904431,jaslynlomibao,2854182.0,28567,T0,2025-04-11 15:30:33 UTC,107912729,question_extractor,,5.2.0,1.0,,,,
629904431,jaslynlomibao,2854182.0,28567,T1,2025-04-11 15:30:33 UTC,107912729,question_extractor,,5.2.0,,1.0,,,
629904500,jaslynlomibao,2854182.0,28567,T0,2025-04-11 15:30:47 UTC,107912690,question_extractor,,5.2.0,1.0,,,,
629904500,jaslynlomibao,2854182.0,28567,T1,2025-04-11 15:30:47 UTC,107912690,question_extractor,,5.2.0,,1.0,,,
629904670,jaslynlomibao,2854182.0,28567,T0,2025-04-11 15:31:21 UTC,107912955,question_extractor,,5.2.0,1.0,,,,
629904670,jaslynlomibao,2854182.0,28567,T1,2025-04-11 15:31:21 UTC,107912955,question_extractor,,5.2.0,,,1.0,,
629904769,jaslynlomibao,2854182.0,28567,T0,2025-04-11 15:31:40 UTC,107912858,question_extractor,,5.2.0,1.0,,,,
629904769,jaslynlomibao,2854182.0,28567,T1,2025-04-11 15:31:40 UTC,107912858,question_extractor,,5.2.0,,,1.0,,
629904798,jaslynlomibao,2854182.0,28567,T0,2025-04-11 15:31:45 UTC,107912733,question_extractor,1.0,5.2.0,,,,,
629904798,jaslynlomibao,2854182.0,28567,T1,2025-04-11 15:31:45 UTC,107912733,question_extractor,,5.2.0,,,,,
629904834,jaslynlomibao,2854182.0,28567,T0,2025-04-11 15:31:51 UTC,107912802,question_extractor,1.0,5.2.0,,,,,
629904834,jaslynlomibao,2854182.0,28567,T1,2025-04-11 15:31:51 UTC,107912802,question_extractor,,5.2.0,,,,,
629904915,jaslynlomibao,2854182.0,28567,T0,2025-04-11 15:32:07 UTC,107912798,question_extractor,,5.2.0,1.0,,,,
629904915,jaslynlomibao,2854182.0,28567,T1,2025-04-11 15:32:07 UTC,107912798,question_extractor,,5.2.0,,1.0,,,
629905017,jaslynlomibao,2854182.0,28567,T0,2025-04-11 15:32:28 UTC,107912715,question_extractor,,5.2.0,1.0,,,,
629905017,jaslynlomibao,2854182.0,28567,T1,2025-04-11 15:32:28 UTC,107912715,question_extractor,,5.2.0,,1.0,,,
629905664,jaslynlomibao,2854182.0,28567,T0,2025-04-11 15:34:21 UTC,107912885,question_extractor,,5.2.0,1.0,,,,
629905664,jaslynlomibao,2854182.0,28567,T1,2025-04-11 15:34:21 UTC,107912885,question_extractor,,5.2.0,,,1.0,,
629905688,jaslynlomibao,2854182.0,28567,T0,2025-04-11 15:34:29 UTC,107912852,question_extractor,,5.2.0,1.0,,,,
629905688,jaslynlomibao,2854182.0,28567,T1,2025-04-11 15:34:29 UTC,107912852,question_extractor,,5.2.0,,1.0,,,
629905712,jaslynlomibao,2854182.0,28567,T0,2025-04-11 15:34:34 UTC,107912731,question_extractor,1.0,5.2.0,,,,,
629905712,jaslynlomibao,2854182.0,28567,T1,2025-04-11 15:34:34 UTC,107912731,question_extractor,,5.2.0,,,,,
629905854,jaslynlomibao,2854182.0,28567,T0,2025-04-11 15:35:13 UTC,107912815,question_extractor,1.0,5.2.0,,,,,
629905854,jaslynlomibao,2854182.0,28567,T1,2025-04-11 15:35:13 UTC,107912815,question_extractor,,5.2.0,,,,,
629905957,jaslynlomibao,2854182.0,28567,T0,2025-04-11 15:35:33 UTC,107912694,question_extractor,,5.2.0,1.0,,,,
629905957,jaslynlomibao,2854182.0,28567,T1,2025-04-11 15:35:33 UTC,107912694,question_extractor,,5.2.0,,1.0,,,
629906111,jaslynlomibao,2854182.0,28567,T0,2025-04-11 15:36:02 UTC,107912643,question_extractor,,5.2.0,1.0,,,,
629906111,jaslynlomibao,2854182.0,28567,T1,2025-04-11 15:36:02 UTC,107912643,question_extractor,,5.2.0,,1.0,,,
629906135,jaslynlomibao,2854182.0,28567,T0,2025-04-11 15:36:08 UTC,107912648,question_extractor,1.0,5.2.0,,,,,
629906135,jaslynlomibao,2854182.0,28567,T1,2025-04-11 15:36:08 UTC,107912648,question_extractor,,5.2.0,,,,,
629906154,jaslynlomibao,2854182.0,28567,T0,2025-04-11 15:36:12 UTC,107912728,question_extractor,1.0,5.2.0,,,,,
629906154,jaslynlomibao,2854182.0,28567,T1,2025-04-11 15:36:12 UTC,107912728,question_extractor,,5.2.0,,,,,
629906271,jaslynlomibao,2854182.0,28567,T0,2025-04-11 15:36:40 UTC,107912844,question_extractor,,5.2.0,1.0,,,,
629906271,jaslynlomibao,2854182.0,28567,T1,2025-04-11 15:36:40 UTC,107912844,question_extractor,,5.2.0,,1.0,,,
629906307,jaslynlomibao,2854182.0,28567,T0,2025-04-11 15:36:50 UTC,107912931,question_extractor,,5.2.0,1.0,,,,
629906307,jaslynlomibao,2854182.0,28567,T1,2025-04-11 15:36:50 UTC,107912931,question_extractor,,5.2.0,,,1.0,,
629906397,jaslynlomibao,2854182.0,28567,T0,2025-04-11 15:37:12 UTC,107912865,question_extractor,,5.2.0,1.0,,,,
629906397,jaslynlomibao,2854182.0,28567,T1,2025-04-11 15:37:12 UTC,107912865,question_extractor,,5.2.0,,1.0,,,
629906421,jaslynlomibao,2854182.0,28567,T0,2025-04-11 15:37:17 UTC,107912632,question_extractor,1.0,5.2.0,,,,,
629906421,jaslynlomibao,2854182.0,28567,T1,2025-04-11 15:37:17 UTC,107912632,question_extractor,,5.2.0,,,,,
629906445,jaslynlomibao,2854182.0,28567,T0,2025-04-11 15:37:21 UTC,107912778,question_extractor,1.0,5.2.0,,,,,
629906445,jaslynlomibao,2854182.0,28567,T1,2025-04-11 15:37:21 UTC,107912778,question_extractor,,5.2.0,,,,,
629906521,jaslynlomibao,2854182.0,28567,T0,2025-04-11 15:37:37 UTC,107912872,question_extractor,,5.2.0,1.0,,,,
629906521,jaslynlomibao,2854182.0,28567,T1,2025-04-11 15:37:37 UTC,107912872,question_extractor,,5.2.0,,1.0,,,
629906590,jaslynlomibao,2854182.0,28567,T0,2025-04-11 15:37:50 UTC,107912638,question_extractor,,5.2.0,1.0,,,,
629906590,jaslynlomibao,2854182.0,28567,T1,2025-04-11 15:37:50 UTC,107912638,question_extractor,,5.2.0,,1.0,,,
629906679,jaslynlomibao,2854182.0,28567,T0,2025-04-11 15:38:04 UTC,107912808,question_extractor,,5.2.0,1.0,,,,
629906679,jaslynlomibao,2854182.0,28567,T1,2025-04-11 15:38:04 UTC,107912808,question_extractor,,5.2.0,,1.0,,,
629906704,jaslynlomibao,2854182.0,28567,T0,2025-04-11 15:38:09 UTC,107912706,question_extractor,1.0,5.2.0,,,,,
629906704,jaslynlomibao,2854182.0,28567,T1,2025-04-11 15:38:09 UTC,107912706,question_extractor,,5.2.0,,,,,
629906738,jaslynlomibao,2854182.0,28567,T0,2025-04-11 15:38:14 UTC,107912804,question_extractor,1.0,5.2.0,,,,,
629906738,jaslynlomibao,2854182.0,28567,T1,2025-04-11 15:38:14 UTC,107912804,question_extractor,,5.2.0,,,,,
629906792,jaslynlomibao,2854182.0,28567,T0,2025-04-11 15:38:23 UTC,107912886,question_extractor,,5.2.0,1.0,,,,
629906792,jaslynlomibao,2854182.0,28567,T1,2025-04-11 15:38:23 UTC,107912886,question_extractor,,5.2.0,,,1.0,,
629906888,jaslynlomibao,2854182.0,28567,T0,2025-04-11 15:38:41 UTC,107912926,question_extractor,,5.2.0,1.0,,,,
629906888,jaslynlomibao,2854182.0,28567,T1,2025-04-11 15:38:41 UTC,107912926,question_extractor,,5.2.0,,,1.0,,
629906922,jaslynlomibao,2854182.0,28567,T0,2025-04-11 15:38:47 UTC,107912875,question_extractor,1.0,5.2.0,,,,,
629906922,jaslynlomibao,2854182.0,28567,T1,2025-04-11 15:38:47 UTC,107912875,question_extractor,,5.2.0,,,,,
629907032,jaslynlomibao,2854182.0,28567,T0,2025-04-11 15:39:07 UTC,107912722,question_extractor,,5.2.0,1.0,,,,
629907032,jaslynlomibao,2854182.0,28567,T1,2025-04-11 15:39:07 UTC,107912722,question_extractor,,5.2.0,,1.0,,,
629907059,jaslynlomibao,2854182.0,28567,T0,2025-04-11 15:39:11 UTC,107912751,question_extractor,1.0,5.2.0,,,,,
629907059,jaslynlomibao,2854182.0,28567,T1,2025-04-11 15:39:11 UTC,107912751,question_extractor,,5.2.0,,,,,
629907101,jaslynlomibao,2854182.0,28567,T0,2025-04-11 15:39:19 UTC,107912840,question_extractor,,5.2.0,1.0,,,,
629907101,jaslynlomibao,2854182.0,28567,T1,2025-04-11 15:39:19 UTC,107912840,question_extractor,,5.2.0,,1.0,,,
629907148,jaslynlomibao,2854182.0,28567,T0,2025-04-11 15:39:27 UTC,107912744,question_extractor,,5.2.0,1.0,,,,
629907148,jaslynlomibao,2854182.0,28567,T1,2025-04-11 15:39:27 UTC,107912744,question_extractor,,5.2.0,,1.0,,,
629907196,jaslynlomibao,2854182.0,28567,T0,2025-04-11 15:39:35 UTC,107912900,question_extractor,,5.2.0,1.0,,,,
629907196,jaslynlomibao,2854182.0,28567,T1,2025-04-11 15:39:35 UTC,107912900,question_extractor,,5.2.0,,,1.0,,
629907330,jaslynlomibao,2854182.0,28567,T0,2025-04-11 15:39:54 UTC,107912822,question_extractor,,5.2.0,1.0,,,,
629907330,jaslynlomibao,2854182.0,28567,T1,2025-04-11 15:39:54 UTC,107912822,question_extractor,,5.2.0,,,1.0,,
629915120,jaslynlomibao,2854182.0,28567,T0,2025-04-11 16:03:24 UTC,107912884,question_extractor,,5.2.0,1.0,,,,
629915120,jaslynlomibao,2854182.0,28567,T1,2025-04-11 16:03:24 UTC,107912884,question_extractor,,5.2.0,,,1.0,,
629915169,jaslynlomibao,2854182.0,28567,T0,2025-04-11 16:03:33 UTC,107912930,question_extractor,,5.2.0,1.0,,,,
629915169,jaslynlomibao,2854182.0,28567,T1,2025-04-11 16:03:33 UTC,107912930,question_extractor,,5.2.0,,,1.0,,
629915221,jaslynlomibao,2854182.0,28567,T0,2025-04-11 16:03:41 UTC,107912864,question_extractor,,5.2.0,1.0,,,,
629915221,jaslynlomibao,2854182.0,28567,T1,2025-04-11 16:03:41 UTC,107912864,question_extractor,,5.2.0,,,1.0,,
629915246,jaslynlomibao,2854182.0,28567,T0,2025-04-11 16:03:46 UTC,107912708,question_extractor,1.0,5.2.0,,,,,
629915246,jaslynlomibao,2854182.0,28567,T1,2025-04-11 16:03:46 UTC,107912708,question_extractor,,5.2.0,,,,,
629915284,jaslynlomibao,2854182.0,28567,T0,2025-04-11 16:03:55 UTC,107912873,question_extractor,,5.2.0,,,,,1.0
629915284,jaslynlomibao,2854182.0,28567,T1,2025-04-11 16:03:55 UTC,107912873,question_extractor,,5.2.0,,,,,
629915411,jaslynlomibao,2854182.0,28567,T0,2025-04-11 16:04:17 UTC,107912917,question_extractor,,5.2.0,1.0,,,,
629915411,jaslynlomibao,2854182.0,28567,T1,2025-04-11 16:04:17 UTC,107912917,question_extractor,,5.2.0,,,1.0,,
629915499,jaslynlomibao,2854182.0,28567,T0,2025-04-11 16:04:32 UTC,107912723,question_extractor,,5.2.0,1.0,,,,
629915499,jaslynlomibao,2854182.0,28567,T1,2025-04-11 16:04:32 UTC,107912723,question_extractor,,5.2.0,,,1.0,,
629915573,jaslynlomibao,2854182.0,28567,T0,2025-04-11 16:04:44 UTC,107912766,question_extractor,,5.2.0,1.0,,,,
629915573,jaslynlomibao,2854182.0,28567,T1,2025-04-11 16:04:44 UTC,107912766,question_extractor,,5.2.0,,1.0,,,
629915601,jaslynlomibao,2854182.0,28567,T0,2025-04-11 16:04:49 UTC,107912736,question_extractor,1.0,5.2.0,,,,,
629915601,jaslynlomibao,2854182.0,28567,T1,2025-04-11 16:04:49 UTC,107912736,question_extractor,,5.2.0,,,,,
629915636,jaslynlomibao,2854182.0,28567,T0,2025-04-11 16:04:55 UTC,107912794,question_extractor,1.0,5.2.0,,,,,
629915636,jaslynlomibao,2854182.0,28567,T1,2025-04-11 16:04:55 UTC,107912794,question_extractor,,5.2.0,,,,,
629915677,jaslynlomibao,2854182.0,28567,T0,2025-04-11 16:05:01 UTC,107912727,question_extractor,1.0,5.2.0,,,,,
629915677,jaslynlomibao,2854182.0,28567,T1,2025-04-11 16:05:01 UTC,107912727,question_extractor,,5.2.0,,,,,
629915734,jaslynlomibao,2854182.0,28567,T0,2025-04-11 16:05:10 UTC,107912693,question_extractor,,5.2.0,1.0,,,,
629915734,jaslynlomibao,2854182.0,28567,T1,2025-04-11 16:05:10 UTC,107912693,question_extractor,,5.2.0,,1.0,,,
629915774,jaslynlomibao,2854182.0,28567,T0,2025-04-11 16:05:17 UTC,107912958,question_extractor,,5.2.0,1.0,,,,
629915774,jaslynlomibao,2854182.0,28567,T1,2025-04-11 16:05:17 UTC,107912958,question_extractor,,5.2.0,,1.0,,,
629915810,jaslynlomibao,2854182.0,28567,T0,2025-04-11 16:05:22 UTC,107912914,question_extractor,1.0,5.2.0,,,,,
629915810,jaslynlomibao,2854182.0,28567,T1,2025-04-11 16:05:22 UTC,107912914,question_extractor,,5.2.0,,,,,
629915838,jaslynlomibao,2854182.0,28567,T0,2025-04-11 16:05:26 UTC,107912658,question_extractor,1.0,5.2.0,,,,,
629915838,jaslynlomibao,2854182.0,28567,T1,2025-04-11 16:05:26 UTC,107912658,question_extractor,,5.2.0,,,,,
629915887,jaslynlomibao,2854182.0,28567,T0,2025-04-11 16:05:34 UTC,107912944,question_extractor,,5.2.0,1.0,,,,
629915887,jaslynlomibao,2854182.0,28567,T1,2025-04-11 16:05:34 UTC,107912944,question_extractor,,5.2.0,,,1.0,,
629915909,jaslynlomibao,2854182.0,28567,T0,2025-04-11 16:05:38 UTC,107912831,question_extractor,1.0,5.2.0,,,,,
629915909,jaslynlomibao,2854182.0,28567,T1,2025-04-11 16:05:38 UTC,107912831,question_extractor,,5.2.0,,,,,
629915940,jaslynlomibao,2854182.0,28567,T0,2025-04-11 16:05:44 UTC,107912641,question_extractor,1.0,5.2.0,,,,,
629915940,jaslynlomibao,2854182.0,28567,T1,2025-04-11 16:05:44 UTC,107912641,question_extractor,,5.2.0,,,,,
629915973,jaslynlomibao,2854182.0,28567,T0,2025-04-11 16:05:50 UTC,107912713,question_extractor,1.0,5.2.0,,,,,
629915973,jaslynlomibao,2854182.0,28567,T1,2025-04-11 16:05:50 UTC,107912713,question_extractor,,5.2.0,,,,,
629916053,jaslynlomibao,2854182.0,28567,T0,2025-04-11 16:06:05 UTC,107912755,question_extractor,,5.2.0,1.0,,,,
629916053,jaslynlomibao,2854182.0,28567,T1,2025-04-11 16:06:05 UTC,107912755,question_extractor,,5.2.0,,1.0,,,
629916104,jaslynlomibao,2854182.0,28567,T0,2025-04-11 16:06:13 UTC,107912953,question_extractor,,5.2.0,1.0,,,,
629916104,jaslynlomibao,2854182.0,28567,T1,2025-04-11 16:06:13 UTC,107912953,question_extractor,,5.2.0,,,1.0,,
629916212,jaslynlomibao,2854182.0,28567,T0,2025-04-11 16:06:30 UTC,107912845,question_extractor,,5.2.0,1.0,,,,
629916212,jaslynlomibao,2854182.0,28567,T1,2025-04-11 16:06:30 UTC,107912845,question_extractor,,5.2.0,,,1.0,,
629916328,jaslynlomibao,2854182.0,28567,T0,2025-04-11 16:06:44 UTC,107912836,question_extractor,,5.2.0,1.0,,,,
629916328,jaslynlomibao,2854182.0,28567,T1,2025-04-11 16:06:44 UTC,107912836,question_extractor,,5.2.0,,,1.0,,
629916354,jaslynlomibao,2854182.0,28567,T0,2025-04-11 16:06:48 UTC,107912771,question_extractor,1.0,5.2.0,,,,,
629916354,jaslynlomibao,2854182.0,28567,T1,2025-04-11 16:06:48 UTC,107912771,question_extractor,,5.2.0,,,,,
629916407,jaslynlomibao,2854182.0,28567,T0,2025-04-11 16:06:54 UTC,107912745,question_extractor,,5.2.0,1.0,,,,
629916407,jaslynlomibao,2854182.0,28567,T1,2025-04-11 16:06:54 UTC,107912745,question_extractor,,5.2.0,,1.0,,,
629916485,jaslynlomibao,2854182.0,28567,T0,2025-04-11 16:07:06 UTC,107912911,question_extractor,,5.2.0,1.0,,,,
629916485,jaslynlomibao,2854182.0,28567,T1,2025-04-11 16:07:06 UTC,107912911,question_extractor,,5.2.0,,1.0,,,
629916642,jaslynlomibao,2854182.0,28567,T0,2025-04-11 16:07:28 UTC,107912915,question_extractor,,5.2.0,1.0,,,,
629916642,jaslynlomibao,2854182.0,28567,T1,2025-04-11 16:07:28 UTC,107912915,question_extractor,,5.2.0,,1.0,,,
629916719,jaslynlomibao,2854182.0,28567,T0,2025-04-11 16:07:39 UTC,107912835,question_extractor,,5.2.0,1.0,,,,
629916719,jaslynlomibao,2854182.0,28567,T1,2025-04-11 16:07:39 UTC,107912835,question_extractor,,5.2.0,,,1.0,,
629916761,jaslynlomibao,2854182.0,28567,T0,2025-04-11 16:07:45 UTC,107912806,question_extractor,1.0,5.2.0,,,,,
629916761,jaslynlomibao,2854182.0,28567,T1,2025-04-11 16:07:45 UTC,107912806,question_extractor,,5.2.0,,,,,
629916808,jaslynlomibao,2854182.0,28567,T0,2025-04-11 16:07:53 UTC,107912699,question_extractor,,5.2.0,1.0,,,,
629916808,jaslynlomibao,2854182.0,28567,T1,2025-04-11 16:07:53 UTC,107912699,question_extractor,,5.2.0,,,1.0,,
629916832,jaslynlomibao,2854182.0,28567,T0,2025-04-11 16:07:58 UTC,107912827,question_extractor,1.0,5.2.0,,,,,
629916832,jaslynlomibao,2854182.0,28567,T1,2025-04-11 16:07:58 UTC,107912827,question_extractor,,5.2.0,,,,,
629916856,jaslynlomibao,2854182.0,28567,T0,2025-04-11 16:08:02 UTC,107912830,question_extractor,1.0,5.2.0,,,,,
629916856,jaslynlomibao,2854182.0,28567,T1,2025-04-11 16:08:02 UTC,107912830,question_extractor,,5.2.0,,,,,
629916920,jaslynlomibao,2854182.0,28567,T0,2025-04-11 16:08:15 UTC,107912907,question_extractor,,5.2.0,1.0,,,,
629916920,jaslynlomibao,2854182.0,28567,T1,2025-04-11 16:08:15 UTC,107912907,question_extractor,,5.2.0,,1.0,,,
629916984,jaslynlomibao,2854182.0,28567,T0,2025-04-11 16:08:27 UTC,107912765,question_extractor,,5.2.0,1.0,,,,
629916984,jaslynlomibao,2854182.0,28567,T1,2025-04-11 16:08:27 UTC,107912765,question_extractor,,5.2.0,,,1.0,,
629917122,jaslynlomibao,2854182.0,28567,T0,2025-04-11 16:08:53 UTC,107912669,question_extractor,1.0,5.2.0,,,,,
629917122,jaslynlomibao,2854182.0,28567,T1,2025-04-11 16:08:53 UTC,107912669,question_extractor,,5.2.0,,,,,
629917821,jaslynlomibao,2854182.0,28567,T0,2025-04-11 16:11:12 UTC,107912683,question_extractor,1.0,5.2.0,,,,,
629917821,jaslynlomibao,2854182.0,28567,T1,2025-04-11 16:11:12 UTC,107912683,question_extractor,,5.2.0,,,,,
629917856,jaslynlomibao,2854182.0,28567,T0,2025-04-11 16:11:21 UTC,107912854,question_extractor,,5.2.0,1.0,,,,
629917856,jaslynlomibao,2854182.0,28567,T1,2025-04-11 16:11:21 UTC,107912854,question_extractor,,5.2.0,,1.0,,,
629917879,jaslynlomibao,2854182.0,28567,T0,2025-04-11 16:11:25 UTC,107912829,question_extractor,1.0,5.2.0,,,,,
629917879,jaslynlomibao,2854182.0,28567,T1,2025-04-11 16:11:25 UTC,107912829,question_extractor,,5.2.0,,,,,
629917943,jaslynlomibao,2854182.0,28567,T0,2025-04-11 16:11:37 UTC,107912897,question_extractor,,5.2.0,1.0,,,,
629917943,jaslynlomibao,2854182.0,28567,T1,2025-04-11 16:11:37 UTC,107912897,question_extractor,,5.2.0,,,1.0,,
629917977,jaslynlomibao,2854182.0,28567,T0,2025-04-11 16:11:44 UTC,107912861,question_extractor,,5.2.0,1.0,,,,
629917977,jaslynlomibao,2854182.0,28567,T1,2025-04-11 16:11:44 UTC,107912861,question_extractor,,5.2.0,,,1.0,,
629918014,jaslynlomibao,2854182.0,28567,T0,2025-04-11 16:11:51 UTC,107912929,question_extractor,,5.2.0,1.0,,,,
629918014,jaslynlomibao,2854182.0,28567,T1,2025-04-11 16:11:51 UTC,107912929,question_extractor,,5.2.0,,,1.0,,
629918061,jaslynlomibao,2854182.0,28567,T0,2025-04-11 16:12:02 UTC,107912846,question_extractor,,5.2.0,1.0,,,,
629918061,jaslynlomibao,2854182.0,28567,T1,2025-04-11 16:12:02 UTC,107912846,question_extractor,,5.2.0,,,1.0,,
629918122,jaslynlomibao,2854182.0,28567,T0,2025-04-11 16:12:17 UTC,107912811,question_extractor,,5.2.0,1.0,,,,
629918122,jaslynlomibao,2854182.0,28567,T1,2025-04-11 16:12:17 UTC,107912811,question_extractor,,5.2.0,,1.0,,,
629918173,jaslynlomibao,2854182.0,28567,T0,2025-04-11 16:12:27 UTC,107912786,question_extractor,,5.2.0,1.0,,,,
629918173,jaslynlomibao,2854182.0,28567,T1,2025-04-11 16:12:27 UTC,107912786,question_extractor,,5.2.0,,1.0,,,
629918239,jaslynlomibao,2854182.0,28567,T0,2025-04-11 16:12:44 UTC,107912918,question_extractor,,5.2.0,1.0,,,,
629918239,jaslynlomibao,2854182.0,28567,T1,2025-04-11 16:12:44 UTC,107912918,question_extractor,,5.2.0,,,1.0,,
629918277,jaslynlomibao,2854182.0,28567,T0,2025-04-11 16:12:54 UTC,107912952,question_extractor,,5.2.0,1.0,,,,
629918277,jaslynlomibao,2854182.0,28567,T1,2025-04-11 16:12:54 UTC,107912952,question_extractor,,5.2.0,,,1.0,,
629918311,jaslynlomibao,2854182.0,28567,T0,2025-04-11 16:13:03 UTC,107912842,question_extractor,,5.2.0,1.0,,,,
629918311,jaslynlomibao,2854182.0,28567,T1,2025-04-11 16:13:03 UTC,107912842,question_extractor,,5.2.0,,,1.0,,
629918334,jaslynlomibao,2854182.0,28567,T0,2025-04-11 16:13:10 UTC,107912868,question_extractor,,5.2.0,1.0,,,,
629918334,jaslynlomibao,2854182.0,28567,T1,2025-04-11 16:13:10 UTC,107912868,question_extractor,,5.2.0,,,1.0,,
629918357,jaslynlomibao,2854182.0,28567,T0,2025-04-11 16:13:14 UTC,107912785,question_extractor,1.0,5.2.0,,,,,
629918357,jaslynlomibao,2854182.0,28567,T1,2025-04-11 16:13:14 UTC,107912785,question_extractor,,5.2.0,,,,,
629918414,jaslynlomibao,2854182.0,28567,T0,2025-04-11 16:13:29 UTC,107912908,question_extractor,,5.2.0,1.0,,,,
629918414,jaslynlomibao,2854182.0,28567,T1,2025-04-11 16:13:29 UTC,107912908,question_extractor,,5.2.0,,1.0,,,
629918435,jaslynlomibao,2854182.0,28567,T0,2025-04-11 16:13:36 UTC,107912718,question_extractor,,5.2.0,1.0,,,,
629918435,jaslynlomibao,2854182.0,28567,T1,2025-04-11 16:13:36 UTC,107912718,question_extractor,,5.2.0,,,1.0,,
629918468,jaslynlomibao,2854182.0,28567,T0,2025-04-11 16:13:44 UTC,107912817,question_extractor,,5.2.0,1.0,,,,
629918468,jaslynlomibao,2854182.0,28567,T1,2025-04-11 16:13:44 UTC,107912817,question_extractor,,5.2.0,,,1.0,,
629918490,jaslynlomibao,2854182.0,28567,T0,2025-04-11 16:13:49 UTC,107912686,question_extractor,1.0,5.2.0,,,,,
629918490,jaslynlomibao,2854182.0,28567,T1,2025-04-11 16:13:49 UTC,107912686,question_extractor,,5.2.0,,,,,
629918512,jaslynlomibao,2854182.0,28567,T0,2025-04-11 16:13:53 UTC,107912772,question_extractor,1.0,5.2.0,,,,,
629918512,jaslynlomibao,2854182.0,28567,T1,2025-04-11 16:13:53 UTC,107912772,question_extractor,,5.2.0,,,,,
629918532,jaslynlomibao,2854182.0,28567,T0,2025-04-11 16:13:57 UTC,107912821,question_extractor,1.0,5.2.0,,,,,
629918532,jaslynlomibao,2854182.0,28567,T1,2025-04-11 16:13:57 UTC,107912821,question_extractor,,5.2.0,,,,,
629918580,jaslynlomibao,2854182.0,28567,T0,2025-04-11 16:14:10 UTC,107912652,question_extractor,,5.2.0,1.0,,,,
629918580,jaslynlomibao,2854182.0,28567,T1,2025-04-11 16:14:10 UTC,107912652,question_extractor,,5.2.0,,,1.0,,
629918628,jaslynlomibao,2854182.0,28567,T0,2025-04-11 16:14:23 UTC,107912841,question_extractor,,5.2.0,1.0,,,,
629918628,jaslynlomibao,2854182.0,28567,T1,2025-04-11 16:14:23 UTC,107912841,question_extractor,,5.2.0,,1.0,,,
629918653,jaslynlomibao,2854182.0,28567,T0,2025-04-11 16:14:30 UTC,107912790,question_extractor,,5.2.0,1.0,,,,
629918653,jaslynlomibao,2854182.0,28567,T1,2025-04-11 16:14:30 UTC,107912790,question_extractor,,5.2.0,,,1.0,,
629918672,jaslynlomibao,2854182.0,28567,T0,2025-04-11 16:14:34 UTC,107912702,question_extractor,1.0,5.2.0,,,,,
629918672,jaslynlomibao,2854182.0,28567,T1,2025-04-11 16:14:34 UTC,107912702,question_extractor,,5.2.0,,,,,
629918725,jaslynlomibao,2854182.0,28567,T0,2025-04-11 16:14:46 UTC,107912667,question_extractor,,5.2.0,1.0,,,,
629918725,jaslynlomibao,2854182.0,28567,T1,2025-04-11 16:14:46 UTC,107912667,question_extractor,,5.2.0,,1.0,,,
629918756,jaslynlomibao,2854182.0,28567,T0,2025-04-11 16:14:55 UTC,107912941,question_extractor,,5.2.0,1.0,,,,
629918756,jaslynlomibao,2854182.0,28567,T1,2025-04-11 16:14:55 UTC,107912941,question_extractor,,5.2.0,,,1.0,,
629918790,jaslynlomibao,2854182.0,28567,T0,2025-04-11 16:15:03 UTC,107912945,question_extractor,,5.2.0,1.0,,,,
629918790,jaslynlomibao,2854182.0,28567,T1,2025-04-11 16:15:03 UTC,107912945,question_extractor,,5.2.0,,,1.0,,
629918806,jaslynlomibao,2854182.0,28567,T0,2025-04-11 16:15:08 UTC,107912757,question_extractor,1.0,5.2.0,,,,,
629918806,jaslynlomibao,2854182.0,28567,T1,2025-04-11 16:15:08 UTC,107912757,question_extractor,,5.2.0,,,,,
629918868,jaslynlomibao,2854182.0,28567,T0,2025-04-11 16:15:24 UTC,107912909,question_extractor,,5.2.0,1.0,,,,
629918868,jaslynlomibao,2854182.0,28567,T1,2025-04-11 16:15:24 UTC,107912909,question_extractor,,5.2.0,,1.0,,,
629918899,jaslynlomibao,2854182.0,28567,T0,2025-04-11 16:15:32 UTC,107912833,question_extractor,,5.2.0,1.0,,,,
629918899,jaslynlomibao,2854182.0,28567,T1,2025-04-11 16:15:32 UTC,107912833,question_extractor,,5.2.0,,1.0,,,
629918923,jaslynlomibao,2854182.0,28567,T0,2025-04-11 16:15:38 UTC,107912922,question_extractor,,5.2.0,1.0,,,,
629918923,jaslynlomibao,2854182.0,28567,T1,2025-04-11 16:15:38 UTC,107912922,question_extractor,,5.2.0,,,1.0,,
629918939,jaslynlomibao,2854182.0,28567,T0,2025-04-11 16:15:42 UTC,107912832,question_extractor,1.0,5.2.0,,,,,
629918939,jaslynlomibao,2854182.0,28567,T1,2025-04-11 16:15:42 UTC,107912832,question_extractor,,5.2.0,,,,,
629918958,jaslynlomibao,2854182.0,28567,T0,2025-04-11 16:15:49 UTC,107912726,question_extractor,,5.2.0,1.0,,,,
629918958,jaslynlomibao,2854182.0,28567,T1,2025-04-11 16:15:49 UTC,107912726,question_extractor,,5.2.0,,,1.0,,
629918998,jaslynlomibao,2854182.0,28567,T0,2025-04-11 16:16:00 UTC,107912913,question_extractor,,5.2.0,1.0,,,,
629918998,jaslynlomibao,2854182.0,28567,T1,2025-04-11 16:16:00 UTC,107912913,question_extractor,,5.2.0,,1.0,,,
629919027,jaslynlomibao,2854182.0,28567,T0,2025-04-11 16:16:09 UTC,107912725,question_extractor,,5.2.0,1.0,,,,
629919027,jaslynlomibao,2854182.0,28567,T1,2025-04-11 16:16:09 UTC,107912725,question_extractor,,5.2.0,,,1.0,,
629919050,jaslynlomibao,2854182.0,28567,T0,2025-04-11 16:16:13 UTC,107912850,question_extractor,1.0,5.2.0,,,,,
629919050,jaslynlomibao,2854182.0,28567,T1,2025-04-11 16:16:13 UTC,107912850,question_extractor,,5.2.0,,,,,
629919066,jaslynlomibao,2854182.0,28567,T0,2025-04-11 16:16:18 UTC,107912657,question_extractor,1.0,5.2.0,,,,,
629919066,jaslynlomibao,2854182.0,28567,T1,2025-04-11 16:16:18 UTC,107912657,question_extractor,,5.2.0,,,,,
629919076,jaslynlomibao,2854182.0,28567,T0,2025-04-11 16:16:22 UTC,107912921,question_extractor,1.0,5.2.0,,,,,
629919076,jaslynlomibao,2854182.0,28567,T1,2025-04-11 16:16:22 UTC,107912921,question_extractor,,5.2.0,,,,,
629919108,jaslynlomibao,2854182.0,28567,T0,2025-04-11 16:16:31 UTC,107912626,question_extractor,,5.2.0,1.0,,,,
629919108,jaslynlomibao,2854182.0,28567,T1,2025-04-11 16:16:31 UTC,107912626,question_extractor,,5.2.0,,,1.0,,
629919157,jaslynlomibao,2854182.0,28567,T0,2025-04-11 16:16:41 UTC,107912847,question_extractor,,5.2.0,1.0,,,,
629919157,jaslynlomibao,2854182.0,28567,T1,2025-04-11 16:16:41 UTC,107912847,question_extractor,,5.2.0,,1.0,,,
629919178,jaslynlomibao,2854182.0,28567,T0,2025-04-11 16:16:48 UTC,107912893,question_extractor,,5.2.0,1.0,,,,
629919178,jaslynlomibao,2854182.0,28567,T1,2025-04-11 16:16:48 UTC,107912893,question_extractor,,5.2.0,,,1.0,,
629919213,jaslynlomibao,2854182.0,28567,T0,2025-04-11 16:16:56 UTC,107912692,question_extractor,,5.2.0,1.0,,,,
629919213,jaslynlomibao,2854182.0,28567,T1,2025-04-11 16:16:56 UTC,107912692,question_extractor,,5.2.0,,,1.0,,
629919234,jaslynlomibao,2854182.0,28567,T0,2025-04-11 16:17:01 UTC,107912619,question_extractor,1.0,5.2.0,,,,,
629919234,jaslynlomibao,2854182.0,28567,T1,2025-04-11 16:17:01 UTC,107912619,question_extractor,,5.2.0,,,,,
629919269,jaslynlomibao,2854182.0,28567,T0,2025-04-11 16:17:09 UTC,107912620,question_extractor,,5.2.0,1.0,,,,
629919269,jaslynlomibao,2854182.0,28567,T1,2025-04-11 16:17:09 UTC,107912620,question_extractor,,5.2.0,,1.0,,,
629919308,jaslynlomibao,2854182.0,28567,T0,2025-04-11 16:17:17 UTC,107912696,question_extractor,,5.2.0,1.0,,,,
629919308,jaslynlomibao,2854182.0,28567,T1,2025-04-11 16:17:17 UTC,107912696,question_extractor,,5.2.0,,1.0,,,
629919345,jaslynlomibao,2854182.0,28567,T0,2025-04-11 16:17:25 UTC,107912753,question_extractor,,5.2.0,1.0,,,,
629919345,jaslynlomibao,2854182.0,28567,T1,2025-04-11 16:17:25 UTC,107912753,question_extractor,,5.2.0,,1.0,,,
629919413,jaslynlomibao,2854182.0,28567,T0,2025-04-11 16:17:43 UTC,107912879,question_extractor,,5.2.0,1.0,,,,
629919413,jaslynlomibao,2854182.0,28567,T1,2025-04-11 16:17:43 UTC,107912879,question_extractor,,5.2.0,,1.0,,,
629919483,jaslynlomibao,2854182.0,28567,T0,2025-04-11 16:18:02 UTC,107912724,question_extractor,,5.2.0,1.0,,,,
629919483,jaslynlomibao,2854182.0,28567,T1,2025-04-11 16:18:02 UTC,107912724,question_extractor,,5.2.0,,,1.0,,
629919538,jaslynlomibao,2854182.0,28567,T0,2025-04-11 16:18:18 UTC,107912743,question_extractor,,5.2.0,1.0,,,,
629919538,jaslynlomibao,2854182.0,28567,T1,2025-04-11 16:18:18 UTC,107912743,question_extractor,,5.2.0,,1.0,,,
629919568,jaslynlomibao,2854182.0,28567,T0,2025-04-11 16:18:24 UTC,107912659,question_extractor,1.0,5.2.0,,,,,
629919568,jaslynlomibao,2854182.0,28567,T1,2025-04-11 16:18:24 UTC,107912659,question_extractor,,5.2.0,,,,,
629919598,jaslynlomibao,2854182.0,28567,T0,2025-04-11 16:18:31 UTC,107912768,question_extractor,,5.2.0,1.0,,,,
629919598,jaslynlomibao,2854182.0,28567,T1,2025-04-11 16:18:31 UTC,107912768,question_extractor,,5.2.0,,1.0,,,
629919621,jaslynlomibao,2854182.0,28567,T0,2025-04-11 16:18:35 UTC,107912655,question_extractor,1.0,5.2.0,,,,,
629919621,jaslynlomibao,2854182.0,28567,T1,2025-04-11 16:18:35 UTC,107912655,question_extractor,,5.2.0,,,,,
629919671,jaslynlomibao,2854182.0,28567,T0,2025-04-11 16:18:44 UTC,107912834,question_extractor,,5.2.0,1.0,,,,
629919671,jaslynlomibao,2854182.0,28567,T1,2025-04-11 16:18:44 UTC,107912834,question_extractor,,5.2.0,,1.0,,,
629919695,jaslynlomibao,2854182.0,28567,T0,2025-04-11 16:18:50 UTC,107912934,question_extractor,,5.2.0,1.0,,,,
629919695,jaslynlomibao,2854182.0,28567,T1,2025-04-11 16:18:50 UTC,107912934,question_extractor,,5.2.0,,,1.0,,
629919721,jaslynlomibao,2854182.0,28567,T0,2025-04-11 16:18:55 UTC,107912781,question_extractor,1.0,5.2.0,,,,,
629919721,jaslynlomibao,2854182.0,28567,T1,2025-04-11 16:18:55 UTC,107912781,question_extractor,,5.2.0,,,,,
629919744,jaslynlomibao,2854182.0,28567,T0,2025-04-11 16:19:01 UTC,107912937,question_extractor,,5.2.0,1.0,,,,
629919744,jaslynlomibao,2854182.0,28567,T1,2025-04-11 16:19:01 UTC,107912937,question_extractor,,5.2.0,,,1.0,,
629919786,jaslynlomibao,2854182.0,28567,T0,2025-04-11 16:19:10 UTC,107912791,question_extractor,,5.2.0,1.0,,,,
629919786,jaslynlomibao,2854182.0,28567,T1,2025-04-11 16:19:10 UTC,107912791,question_extractor,,5.2.0,,1.0,,,
629919824,jaslynlomibao,2854182.0,28567,T0,2025-04-11 16:19:18 UTC,107912623,question_extractor,,5.2.0,1.0,,,,
629919824,jaslynlomibao,2854182.0,28567,T1,2025-04-11 16:19:18 UTC,107912623,question_extractor,,5.2.0,,,1.0,,
629919858,jaslynlomibao,2854182.0,28567,T0,2025-04-11 16:19:26 UTC,107912665,question_extractor,,5.2.0,1.0,,,,
629919858,jaslynlomibao,2854182.0,28567,T1,2025-04-11 16:19:26 UTC,107912665,question_extractor,,5.2.0,,1.0,,,
629919874,jaslynlomibao,2854182.0,28567,T0,2025-04-11 16:19:30 UTC,107912704,question_extractor,1.0,5.2.0,,,,,
629919874,jaslynlomibao,2854182.0,28567,T1,2025-04-11 16:19:30 UTC,107912704,question_extractor,,5.2.0,,,,,
629919899,jaslynlomibao,2854182.0,28567,T0,2025-04-11 16:19:39 UTC,107912719,question_extractor,,5.2.0,1.0,,,,
629919899,jaslynlomibao,2854182.0,28567,T1,2025-04-11 16:19:39 UTC,107912719,question_extractor,,5.2.0,,1.0,,,
629940232,PedroM20,2854670.0,28567,T0,2025-04-11 17:28:04 UTC,107912900,question_extractor,,5.2.0,,,,,1.0
629940232,PedroM20,2854670.0,28567,T1,2025-04-11 17:28:04 UTC,107912900,question_extractor,,5.2.0,,,,,
629940385,PedroM20,2854670.0,28567,T0,2025-04-11 17:28:26 UTC,107912638,question_extractor,1.0,5.2.0,,,,,
629940385,PedroM20,2854670.0,28567,T1,2025-04-11 17:28:26 UTC,107912638,question_extractor,,5.2.0,,,,,
629940427,PedroM20,2854670.0,28567,T0,2025-04-11 17:28:31 UTC,107912703,question_extractor,1.0,5.2.0,,,,,
629940427,PedroM20,2854670.0,28567,T1,2025-04-11 17:28:31 UTC,107912703,question_extractor,,5.2.0,,,,,
629940471,PedroM20,2854670.0,28567,T0,2025-04-11 17:28:37 UTC,107912708,question_extractor,1.0,5.2.0,,,,,
629940471,PedroM20,2854670.0,28567,T1,2025-04-11 17:28:37 UTC,107912708,question_extractor,,5.2.0,,,,,
629940498,PedroM20,2854670.0,28567,T0,2025-04-11 17:28:41 UTC,107912751,question_extractor,1.0,5.2.0,,,,,
629940498,PedroM20,2854670.0,28567,T1,2025-04-11 17:28:41 UTC,107912751,question_extractor,,5.2.0,,,,,
629940565,PedroM20,2854670.0,28567,T0,2025-04-11 17:28:51 UTC,107912628,question_extractor,,5.2.0,1.0,,,,
629940565,PedroM20,2854670.0,28567,T1,2025-04-11 17:28:51 UTC,107912628,question_extractor,,5.2.0,,,1.0,,
629941117,PedroM20,2854670.0,28567,T0,2025-04-11 17:30:26 UTC,107912846,question_extractor,,5.2.0,1.0,,,,
629941117,PedroM20,2854670.0,28567,T1,2025-04-11 17:30:26 UTC,107912846,question_extractor,,5.2.0,,,1.0,,
629941146,PedroM20,2854670.0,28567,T0,2025-04-11 17:30:32 UTC,107912806,question_extractor,1.0,5.2.0,,,,,
629941146,PedroM20,2854670.0,28567,T1,2025-04-11 17:30:32 UTC,107912806,question_extractor,,5.2.0,,,,,
629941179,PedroM20,2854670.0,28567,T0,2025-04-11 17:30:37 UTC,107912757,question_extractor,1.0,5.2.0,,,,,
629941179,PedroM20,2854670.0,28567,T1,2025-04-11 17:30:37 UTC,107912757,question_extractor,,5.2.0,,,,,
629941205,PedroM20,2854670.0,28567,T0,2025-04-11 17:30:41 UTC,107912771,question_extractor,1.0,5.2.0,,,,,
629941205,PedroM20,2854670.0,28567,T1,2025-04-11 17:30:41 UTC,107912771,question_extractor,,5.2.0,,,,,
629941257,PedroM20,2854670.0,28567,T0,2025-04-11 17:30:50 UTC,107912839,question_extractor,,5.2.0,1.0,,,,
629941257,PedroM20,2854670.0,28567,T1,2025-04-11 17:30:50 UTC,107912839,question_extractor,,5.2.0,,,1.0,,
629941423,PedroM20,2854670.0,28567,T0,2025-04-11 17:31:10 UTC,107912770,question_extractor,1.0,5.2.0,,,,,
629941423,PedroM20,2854670.0,28567,T1,2025-04-11 17:31:10 UTC,107912770,question_extractor,,5.2.0,,,,,
629941490,PedroM20,2854670.0,28567,T0,2025-04-11 17:31:20 UTC,107912690,question_extractor,,5.2.0,1.0,,,,
629941490,PedroM20,2854670.0,28567,T1,2025-04-11 17:31:20 UTC,107912690,question_extractor,,5.2.0,,,1.0,,
629941553,PedroM20,2854670.0,28567,T0,2025-04-11 17:31:28 UTC,107912724,question_extractor,,5.2.0,1.0,,,,
629941553,PedroM20,2854670.0,28567,T1,2025-04-11 17:31:28 UTC,107912724,question_extractor,,5.2.0,,,1.0,,
629941586,PedroM20,2854670.0,28567,T0,2025-04-11 17:31:34 UTC,107912879,question_extractor,,5.2.0,1.0,,,,
629941586,PedroM20,2854670.0,28567,T1,2025-04-11 17:31:34 UTC,107912879,question_extractor,,5.2.0,,,1.0,,
629941612,PedroM20,2854670.0,28567,T0,2025-04-11 17:31:38 UTC,107912930,question_extractor,1.0,5.2.0,,,,,
629941612,PedroM20,2854670.0,28567,T1,2025-04-11 17:31:38 UTC,107912930,question_extractor,,5.2.0,,,,,
629941638,PedroM20,2854670.0,28567,T0,2025-04-11 17:31:42 UTC,107912766,question_extractor,1.0,5.2.0,,,,,
629941638,PedroM20,2854670.0,28567,T1,2025-04-11 17:31:42 UTC,107912766,question_extractor,,5.2.0,,,,,
629941681,PedroM20,2854670.0,28567,T0,2025-04-11 17:31:48 UTC,107912743,question_extractor,,5.2.0,1.0,,,,
629941681,PedroM20,2854670.0,28567,T1,2025-04-11 17:31:48 UTC,107912743,question_extractor,,5.2.0,,,1.0,,
629941779,PedroM20,2854670.0,28567,T0,2025-04-11 17:32:02 UTC,107912634,question_extractor,1.0,5.2.0,,,,,
629941779,PedroM20,2854670.0,28567,T1,2025-04-11 17:32:02 UTC,107912634,question_extractor,,5.2.0,,,,,
629941800,PedroM20,2854670.0,28567,T0,2025-04-11 17:32:05 UTC,107912632,question_extractor,1.0,5.2.0,,,,,
629941800,PedroM20,2854670.0,28567,T1,2025-04-11 17:32:05 UTC,107912632,question_extractor,,5.2.0,,,,,
629956730,378226,2854185.0,28567,T0,2025-04-11 18:20:32 UTC,107912656,question_extractor,1.0,5.2.0,,,,,
629956730,378226,2854185.0,28567,T1,2025-04-11 18:20:32 UTC,107912656,question_extractor,,5.2.0,,,,,
629956752,378226,2854185.0,28567,T0,2025-04-11 18:20:35 UTC,107912632,question_extractor,1.0,5.2.0,,,,,
629956752,378226,2854185.0,28567,T1,2025-04-11 18:20:35 UTC,107912632,question_extractor,,5.2.0,,,,,
629956767,378226,2854185.0,28567,T0,2025-04-11 18:20:37 UTC,107912713,question_extractor,1.0,5.2.0,,,,,
629956767,378226,2854185.0,28567,T1,2025-04-11 18:20:37 UTC,107912713,question_extractor,,5.2.0,,,,,
629956811,378226,2854185.0,28567,T0,2025-04-11 18:20:42 UTC,107912630,question_extractor,,5.2.0,1.0,,,,
629956811,378226,2854185.0,28567,T1,2025-04-11 18:20:42 UTC,107912630,question_extractor,,5.2.0,,1.0,,,
629956870,378226,2854185.0,28567,T0,2025-04-11 18:20:51 UTC,107912663,question_extractor,,5.2.0,1.0,,,,
629956870,378226,2854185.0,28567,T1,2025-04-11 18:20:51 UTC,107912663,question_extractor,,5.2.0,,,1.0,,
629956916,378226,2854185.0,28567,T0,2025-04-11 18:20:56 UTC,107912640,question_extractor,,5.2.0,1.0,,,,
629956916,378226,2854185.0,28567,T1,2025-04-11 18:20:56 UTC,107912640,question_extractor,,5.2.0,,,1.0,,
629956932,378226,2854185.0,28567,T0,2025-04-11 18:20:59 UTC,107912641,question_extractor,1.0,5.2.0,,,,,
629956932,378226,2854185.0,28567,T1,2025-04-11 18:20:59 UTC,107912641,question_extractor,,5.2.0,,,,,
629956964,378226,2854185.0,28567,T0,2025-04-11 18:21:04 UTC,107912650,question_extractor,,5.2.0,1.0,,,,
629956964,378226,2854185.0,28567,T1,2025-04-11 18:21:04 UTC,107912650,question_extractor,,5.2.0,,1.0,,,
629956991,378226,2854185.0,28567,T0,2025-04-11 18:21:07 UTC,107912623,question_extractor,,5.2.0,1.0,,,,
629956991,378226,2854185.0,28567,T1,2025-04-11 18:21:07 UTC,107912623,question_extractor,,5.2.0,,1.0,,,
629957016,378226,2854185.0,28567,T0,2025-04-11 18:21:11 UTC,107912689,question_extractor,,5.2.0,1.0,,,,
629957016,378226,2854185.0,28567,T1,2025-04-11 18:21:11 UTC,107912689,question_extractor,,5.2.0,,1.0,,,
629957044,378226,2854185.0,28567,T0,2025-04-11 18:21:16 UTC,107912622,question_extractor,,5.2.0,1.0,,,,
629957044,378226,2854185.0,28567,T1,2025-04-11 18:21:16 UTC,107912622,question_extractor,,5.2.0,,,1.0,,
629957086,378226,2854185.0,28567,T0,2025-04-11 18:21:23 UTC,107912619,question_extractor,1.0,5.2.0,,,,,
629957086,378226,2854185.0,28567,T1,2025-04-11 18:21:23 UTC,107912619,question_extractor,,5.2.0,,,,,
629957125,378226,2854185.0,28567,T0,2025-04-11 18:21:28 UTC,107912672,question_extractor,,5.2.0,1.0,,,,
629957125,378226,2854185.0,28567,T1,2025-04-11 18:21:28 UTC,107912672,question_extractor,,5.2.0,,1.0,,,
629957377,378226,2854185.0,28567,T0,2025-04-11 18:22:06 UTC,107912639,question_extractor,1.0,5.2.0,,,,,
629957377,378226,2854185.0,28567,T1,2025-04-11 18:22:06 UTC,107912639,question_extractor,,5.2.0,,,,,
629957448,378226,2854185.0,28567,T0,2025-04-11 18:22:16 UTC,107912643,question_extractor,,5.2.0,1.0,,,,
629957448,378226,2854185.0,28567,T1,2025-04-11 18:22:16 UTC,107912643,question_extractor,,5.2.0,,1.0,,,
629957477,378226,2854185.0,28567,T0,2025-04-11 18:22:21 UTC,107912663,question_extractor,,5.2.0,1.0,,,,
629957477,378226,2854185.0,28567,T1,2025-04-11 18:22:21 UTC,107912663,question_extractor,,5.2.0,,,1.0,,
629957531,378226,2854185.0,28567,T0,2025-04-11 18:22:27 UTC,107912701,question_extractor,,5.2.0,1.0,,,,
629957531,378226,2854185.0,28567,T1,2025-04-11 18:22:27 UTC,107912701,question_extractor,,5.2.0,,1.0,,,
629957540,378226,2854185.0,28567,T0,2025-04-11 18:22:30 UTC,107912665,question_extractor,1.0,5.2.0,,,,,
629957540,378226,2854185.0,28567,T1,2025-04-11 18:22:30 UTC,107912665,question_extractor,,5.2.0,,,,,
629957597,378226,2854185.0,28567,T0,2025-04-11 18:22:38 UTC,107912620,question_extractor,,5.2.0,1.0,,,,
629957597,378226,2854185.0,28567,T1,2025-04-11 18:22:38 UTC,107912620,question_extractor,,5.2.0,,1.0,,,
629957641,378226,2854185.0,28567,T0,2025-04-11 18:22:44 UTC,107912671,question_extractor,,5.2.0,1.0,,,,
629957641,378226,2854185.0,28567,T1,2025-04-11 18:22:44 UTC,107912671,question_extractor,,5.2.0,,,1.0,,
629957670,378226,2854185.0,28567,T0,2025-04-11 18:22:49 UTC,107912672,question_extractor,,5.2.0,1.0,,,,
629957670,378226,2854185.0,28567,T1,2025-04-11 18:22:49 UTC,107912672,question_extractor,,5.2.0,,1.0,,,
629957687,378226,2854185.0,28567,T0,2025-04-11 18:22:52 UTC,107912655,question_extractor,1.0,5.2.0,,,,,
629957687,378226,2854185.0,28567,T1,2025-04-11 18:22:52 UTC,107912655,question_extractor,,5.2.0,,,,,
629957705,378226,2854185.0,28567,T0,2025-04-11 18:22:56 UTC,107912627,question_extractor,,5.2.0,1.0,,,,
629957705,378226,2854185.0,28567,T1,2025-04-11 18:22:56 UTC,107912627,question_extractor,,5.2.0,,1.0,,,
629957717,378226,2854185.0,28567,T0,2025-04-11 18:22:58 UTC,107912665,question_extractor,1.0,5.2.0,,,,,
629957717,378226,2854185.0,28567,T1,2025-04-11 18:22:58 UTC,107912665,question_extractor,,5.2.0,,,,,
629957730,378226,2854185.0,28567,T0,2025-04-11 18:22:59 UTC,107912661,question_extractor,1.0,5.2.0,,,,,
629957730,378226,2854185.0,28567,T1,2025-04-11 18:22:59 UTC,107912661,question_extractor,,5.2.0,,,,,
629957743,378226,2854185.0,28567,T0,2025-04-11 18:23:01 UTC,107912704,question_extractor,1.0,5.2.0,,,,,
629957743,378226,2854185.0,28567,T1,2025-04-11 18:23:01 UTC,107912704,question_extractor,,5.2.0,,,,,
629957757,378226,2854185.0,28567,T0,2025-04-11 18:23:02 UTC,107912708,question_extractor,1.0,5.2.0,,,,,
629957757,378226,2854185.0,28567,T1,2025-04-11 18:23:02 UTC,107912708,question_extractor,,5.2.0,,,,,
629957767,378226,2854185.0,28567,T0,2025-04-11 18:23:04 UTC,107912660,question_extractor,1.0,5.2.0,,,,,
629957767,378226,2854185.0,28567,T1,2025-04-11 18:23:04 UTC,107912660,question_extractor,,5.2.0,,,,,
629957783,378226,2854185.0,28567,T0,2025-04-11 18:23:06 UTC,107912684,question_extractor,1.0,5.2.0,,,,,
629957783,378226,2854185.0,28567,T1,2025-04-11 18:23:06 UTC,107912684,question_extractor,,5.2.0,,,,,
629957804,378226,2854185.0,28567,T0,2025-04-11 18:23:09 UTC,107912686,question_extractor,1.0,5.2.0,,,,,
629957804,378226,2854185.0,28567,T1,2025-04-11 18:23:09 UTC,107912686,question_extractor,,5.2.0,,,,,
629957834,378226,2854185.0,28567,T0,2025-04-11 18:23:14 UTC,107912696,question_extractor,,5.2.0,1.0,,,,
629957834,378226,2854185.0,28567,T1,2025-04-11 18:23:14 UTC,107912696,question_extractor,,5.2.0,,,1.0,,
629957859,378226,2854185.0,28567,T0,2025-04-11 18:23:18 UTC,107912715,question_extractor,,5.2.0,1.0,,,,
629957859,378226,2854185.0,28567,T1,2025-04-11 18:23:18 UTC,107912715,question_extractor,,5.2.0,,1.0,,,
629957873,378226,2854185.0,28567,T0,2025-04-11 18:23:20 UTC,107912645,question_extractor,1.0,5.2.0,,,,,
629957873,378226,2854185.0,28567,T1,2025-04-11 18:23:20 UTC,107912645,question_extractor,,5.2.0,,,,,
629957880,378226,2854185.0,28567,T0,2025-04-11 18:23:22 UTC,107912618,question_extractor,1.0,5.2.0,,,,,
629957880,378226,2854185.0,28567,T1,2025-04-11 18:23:22 UTC,107912618,question_extractor,,5.2.0,,,,,
629957917,378226,2854185.0,28567,T0,2025-04-11 18:23:29 UTC,107912677,question_extractor,,5.2.0,1.0,,,,
629957917,378226,2854185.0,28567,T1,2025-04-11 18:23:29 UTC,107912677,question_extractor,,5.2.0,,1.0,,,
629958091,378226,2854185.0,28567,T0,2025-04-11 18:23:57 UTC,107912700,question_extractor,,5.2.0,1.0,,,,
629958091,378226,2854185.0,28567,T1,2025-04-11 18:23:57 UTC,107912700,question_extractor,,5.2.0,,1.0,,,
629958130,378226,2854185.0,28567,T0,2025-04-11 18:24:04 UTC,107912627,question_extractor,,5.2.0,1.0,,,,
629958130,378226,2854185.0,28567,T1,2025-04-11 18:24:04 UTC,107912627,question_extractor,,5.2.0,,1.0,,,
629958144,378226,2854185.0,28567,T0,2025-04-11 18:24:06 UTC,107912642,question_extractor,1.0,5.2.0,,,,,
629958144,378226,2854185.0,28567,T1,2025-04-11 18:24:06 UTC,107912642,question_extractor,,5.2.0,,,,,
629958153,378226,2854185.0,28567,T0,2025-04-11 18:24:08 UTC,107912714,question_extractor,1.0,5.2.0,,,,,
629958153,378226,2854185.0,28567,T1,2025-04-11 18:24:08 UTC,107912714,question_extractor,,5.2.0,,,,,
629958184,378226,2854185.0,28567,T0,2025-04-11 18:24:12 UTC,107912636,question_extractor,1.0,5.2.0,,,,,
629958184,378226,2854185.0,28567,T1,2025-04-11 18:24:12 UTC,107912636,question_extractor,,5.2.0,,,,,
629958202,378226,2854185.0,28567,T0,2025-04-11 18:24:14 UTC,107912634,question_extractor,1.0,5.2.0,,,,,
629958202,378226,2854185.0,28567,T1,2025-04-11 18:24:14 UTC,107912634,question_extractor,,5.2.0,,,,,
629958236,378226,2854185.0,28567,T0,2025-04-11 18:24:21 UTC,107912644,question_extractor,,5.2.0,1.0,,,,
629958236,378226,2854185.0,28567,T1,2025-04-11 18:24:21 UTC,107912644,question_extractor,,5.2.0,,,1.0,,
629958249,378226,2854185.0,28567,T0,2025-04-11 18:24:23 UTC,107912707,question_extractor,1.0,5.2.0,,,,,
629958249,378226,2854185.0,28567,T1,2025-04-11 18:24:23 UTC,107912707,question_extractor,,5.2.0,,,,,
629958259,378226,2854185.0,28567,T0,2025-04-11 18:24:25 UTC,107912714,question_extractor,1.0,5.2.0,,,,,
629958259,378226,2854185.0,28567,T1,2025-04-11 18:24:25 UTC,107912714,question_extractor,,5.2.0,,,,,
629958279,378226,2854185.0,28567,T0,2025-04-11 18:24:27 UTC,107912671,question_extractor,,5.2.0,1.0,,,,
629958279,378226,2854185.0,28567,T1,2025-04-11 18:24:27 UTC,107912671,question_extractor,,5.2.0,,1.0,,,
629958381,378226,2854185.0,28567,T0,2025-04-11 18:24:47 UTC,107912696,question_extractor,,5.2.0,1.0,,,,
629958381,378226,2854185.0,28567,T1,2025-04-11 18:24:47 UTC,107912696,question_extractor,,5.2.0,,,1.0,,
629958398,378226,2854185.0,28567,T0,2025-04-11 18:24:49 UTC,107912711,question_extractor,1.0,5.2.0,,,,,
629958398,378226,2854185.0,28567,T1,2025-04-11 18:24:49 UTC,107912711,question_extractor,,5.2.0,,,,,
629994864,jaslynlomibao,2854182.0,28567,T0,2025-04-11 20:33:33 UTC,107912870,question_extractor,1.0,5.2.0,,,,,
629994864,jaslynlomibao,2854182.0,28567,T1,2025-04-11 20:33:33 UTC,107912870,question_extractor,,5.2.0,,,,,
629994889,jaslynlomibao,2854182.0,28567,T0,2025-04-11 20:33:40 UTC,107912954,question_extractor,,5.2.0,1.0,,,,
629994889,jaslynlomibao,2854182.0,28567,T1,2025-04-11 20:33:40 UTC,107912954,question_extractor,,5.2.0,,,1.0,,
629994917,jaslynlomibao,2854182.0,28567,T0,2025-04-11 20:33:46 UTC,107912838,question_extractor,1.0,5.2.0,,,,,
629994917,jaslynlomibao,2854182.0,28567,T1,2025-04-11 20:33:46 UTC,107912838,question_extractor,,5.2.0,,,,,
629994939,jaslynlomibao,2854182.0,28567,T0,2025-04-11 20:33:54 UTC,107912848,question_extractor,,5.2.0,1.0,,,,
629994939,jaslynlomibao,2854182.0,28567,T1,2025-04-11 20:33:54 UTC,107912848,question_extractor,,5.2.0,,1.0,,,
629994974,jaslynlomibao,2854182.0,28567,T0,2025-04-11 20:34:03 UTC,107912666,question_extractor,,5.2.0,1.0,,,,
629994974,jaslynlomibao,2854182.0,28567,T1,2025-04-11 20:34:03 UTC,107912666,question_extractor,,5.2.0,,1.0,,,
629995011,jaslynlomibao,2854182.0,28567,T0,2025-04-11 20:34:14 UTC,107912773,question_extractor,1.0,5.2.0,,,,,
629995011,jaslynlomibao,2854182.0,28567,T1,2025-04-11 20:34:14 UTC,107912773,question_extractor,,5.2.0,,,,,
629995039,jaslynlomibao,2854182.0,28567,T0,2025-04-11 20:34:20 UTC,107912762,question_extractor,1.0,5.2.0,,,,,
629995039,jaslynlomibao,2854182.0,28567,T1,2025-04-11 20:34:20 UTC,107912762,question_extractor,,5.2.0,,,,,
629995105,jaslynlomibao,2854182.0,28567,T0,2025-04-11 20:34:36 UTC,107912843,question_extractor,,5.2.0,1.0,,,,
629995105,jaslynlomibao,2854182.0,28567,T1,2025-04-11 20:34:36 UTC,107912843,question_extractor,,5.2.0,,,1.0,,
629995160,jaslynlomibao,2854182.0,28567,T0,2025-04-11 20:34:50 UTC,107912764,question_extractor,,5.2.0,1.0,,,,
629995160,jaslynlomibao,2854182.0,28567,T1,2025-04-11 20:34:50 UTC,107912764,question_extractor,,5.2.0,,1.0,,,
629995240,jaslynlomibao,2854182.0,28567,T0,2025-04-11 20:35:07 UTC,107912956,question_extractor,,5.2.0,1.0,,,,
629995240,jaslynlomibao,2854182.0,28567,T1,2025-04-11 20:35:07 UTC,107912956,question_extractor,,5.2.0,,1.0,,,
629995286,jaslynlomibao,2854182.0,28567,T0,2025-04-11 20:35:16 UTC,107912742,question_extractor,,5.2.0,1.0,,,,
629995286,jaslynlomibao,2854182.0,28567,T1,2025-04-11 20:35:16 UTC,107912742,question_extractor,,5.2.0,,1.0,,,
629995792,golddd01,2855172.0,28567,T0,2025-04-11 20:37:13 UTC,107912954,question_extractor,1.0,5.2.0,,,,,
629995792,golddd01,2855172.0,28567,T1,2025-04-11 20:37:13 UTC,107912954,question_extractor,,5.2.0,,,,,
629996114,golddd01,2855172.0,28567,T0,2025-04-11 20:38:34 UTC,107912844,question_extractor,,5.2.0,1.0,,,,
629996114,golddd01,2855172.0,28567,T1,2025-04-11 20:38:34 UTC,107912844,question_extractor,,5.2.0,,1.0,,,
629996147,golddd01,2855172.0,28567,T0,2025-04-11 20:38:45 UTC,107912860,question_extractor,1.0,5.2.0,,,,,
629996147,golddd01,2855172.0,28567,T1,2025-04-11 20:38:45 UTC,107912860,question_extractor,,5.2.0,,,,,
629996202,golddd01,2855172.0,28567,T0,2025-04-11 20:38:56 UTC,107912630,question_extractor,,5.2.0,1.0,,,,
629996202,golddd01,2855172.0,28567,T1,2025-04-11 20:38:56 UTC,107912630,question_extractor,,5.2.0,,1.0,,,
629996237,golddd01,2855172.0,28567,T0,2025-04-11 20:39:06 UTC,107912870,question_extractor,1.0,5.2.0,,,,,
629996237,golddd01,2855172.0,28567,T1,2025-04-11 20:39:06 UTC,107912870,question_extractor,,5.2.0,,,,,
629996554,golddd01,2855172.0,28567,T0,2025-04-11 20:40:28 UTC,107912651,question_extractor,,5.2.0,1.0,,,,
629996554,golddd01,2855172.0,28567,T1,2025-04-11 20:40:28 UTC,107912651,question_extractor,,5.2.0,,,1.0,,
629996674,golddd01,2855172.0,28567,T0,2025-04-11 20:40:57 UTC,107912845,question_extractor,,5.2.0,1.0,,,,
629996674,golddd01,2855172.0,28567,T1,2025-04-11 20:40:57 UTC,107912845,question_extractor,,5.2.0,,,1.0,,
629996728,golddd01,2855172.0,28567,T0,2025-04-11 20:41:12 UTC,107912816,question_extractor,,5.2.0,1.0,,,,
629996728,golddd01,2855172.0,28567,T1,2025-04-11 20:41:12 UTC,107912816,question_extractor,,5.2.0,,1.0,,,
629996775,golddd01,2855172.0,28567,T0,2025-04-11 20:41:24 UTC,107912750,question_extractor,,5.2.0,1.0,,,,
629996775,golddd01,2855172.0,28567,T1,2025-04-11 20:41:24 UTC,107912750,question_extractor,,5.2.0,,1.0,,,
629996814,golddd01,2855172.0,28567,T0,2025-04-11 20:41:34 UTC,107912925,question_extractor,1.0,5.2.0,,,,,
629996814,golddd01,2855172.0,28567,T1,2025-04-11 20:41:34 UTC,107912925,question_extractor,,5.2.0,,,,,
629996837,golddd01,2855172.0,28567,T0,2025-04-11 20:41:40 UTC,107912681,question_extractor,1.0,5.2.0,,,,,
629996837,golddd01,2855172.0,28567,T1,2025-04-11 20:41:40 UTC,107912681,question_extractor,,5.2.0,,,,,
629996882,golddd01,2855172.0,28567,T0,2025-04-11 20:41:51 UTC,107912622,question_extractor,,5.2.0,1.0,,,,
629996882,golddd01,2855172.0,28567,T1,2025-04-11 20:41:51 UTC,107912622,question_extractor,,5.2.0,,1.0,,,
629996909,golddd01,2855172.0,28567,T0,2025-04-11 20:41:57 UTC,107912731,question_extractor,1.0,5.2.0,,,,,
629996909,golddd01,2855172.0,28567,T1,2025-04-11 20:41:57 UTC,107912731,question_extractor,,5.2.0,,,,,
629996951,golddd01,2855172.0,28567,T0,2025-04-11 20:42:05 UTC,107912913,question_extractor,,5.2.0,1.0,,,,
629996951,golddd01,2855172.0,28567,T1,2025-04-11 20:42:05 UTC,107912913,question_extractor,,5.2.0,,1.0,,,
629996992,golddd01,2855172.0,28567,T0,2025-04-11 20:42:13 UTC,107912755,question_extractor,,5.2.0,1.0,,,,
629996992,golddd01,2855172.0,28567,T1,2025-04-11 20:42:13 UTC,107912755,question_extractor,,5.2.0,,1.0,,,
629997041,golddd01,2855172.0,28567,T0,2025-04-11 20:42:24 UTC,107912848,question_extractor,,5.2.0,1.0,,,,
629997041,golddd01,2855172.0,28567,T1,2025-04-11 20:42:24 UTC,107912848,question_extractor,,5.2.0,,1.0,,,
629997099,golddd01,2855172.0,28567,T0,2025-04-11 20:42:36 UTC,107912833,question_extractor,,5.2.0,,,,,1.0
629997099,golddd01,2855172.0,28567,T1,2025-04-11 20:42:36 UTC,107912833,question_extractor,,5.2.0,,,,,
630025012,robertteruya,2834697.0,28567,T0,2025-04-11 23:05:45 UTC,107912619,question_extractor,1.0,5.2.0,,,,,
630025012,robertteruya,2834697.0,28567,T1,2025-04-11 23:05:45 UTC,107912619,question_extractor,,5.2.0,,,,,
630025082,robertteruya,2834697.0,28567,T0,2025-04-11 23:06:03 UTC,107912945,question_extractor,,5.2.0,,,,,1.0
630025082,robertteruya,2834697.0,28567,T1,2025-04-11 23:06:03 UTC,107912945,question_extractor,,5.2.0,,,,,
630025128,robertteruya,2834697.0,28567,T0,2025-04-11 23:06:13 UTC,107912794,question_extractor,1.0,5.2.0,,,,,
630025128,robertteruya,2834697.0,28567,T1,2025-04-11 23:06:13 UTC,107912794,question_extractor,,5.2.0,,,,,
630025169,robertteruya,2834697.0,28567,T0,2025-04-11 23:06:22 UTC,107912801,question_extractor,,5.2.0,,,,,1.0
630025169,robertteruya,2834697.0,28567,T1,2025-04-11 23:06:22 UTC,107912801,question_extractor,,5.2.0,,,,,
630025205,robertteruya,2834697.0,28567,T0,2025-04-11 23:06:30 UTC,107912893,question_extractor,,5.2.0,1.0,,,,
630025205,robertteruya,2834697.0,28567,T1,2025-04-11 23:06:30 UTC,107912893,question_extractor,,5.2.0,,,1.0,,
630025281,robertteruya,2834697.0,28567,T0,2025-04-11 23:06:52 UTC,107912872,question_extractor,,5.2.0,1.0,,,,
630025281,robertteruya,2834697.0,28567,T1,2025-04-11 23:06:52 UTC,107912872,question_extractor,,5.2.0,,1.0,,,
630025310,robertteruya,2834697.0,28567,T0,2025-04-11 23:07:00 UTC,107912846,question_extractor,,5.2.0,,,,,1.0
630025310,robertteruya,2834697.0,28567,T1,2025-04-11 23:07:00 UTC,107912846,question_extractor,,5.2.0,,,,,
630025461,robertteruya,2834697.0,28567,T0,2025-04-11 23:07:44 UTC,107912879,question_extractor,,5.2.0,1.0,,,,
630025461,robertteruya,2834697.0,28567,T1,2025-04-11 23:07:44 UTC,107912879,question_extractor,,5.2.0,,1.0,,,
630025527,robertteruya,2834697.0,28567,T0,2025-04-11 23:08:03 UTC,107912667,question_extractor,,5.2.0,1.0,,,,
630025527,robertteruya,2834697.0,28567,T1,2025-04-11 23:08:03 UTC,107912667,question_extractor,,5.2.0,,1.0,,,
630025541,robertteruya,2834697.0,28567,T0,2025-04-11 23:08:06 UTC,107912634,question_extractor,1.0,5.2.0,,,,,
630025541,robertteruya,2834697.0,28567,T1,2025-04-11 23:08:06 UTC,107912634,question_extractor,,5.2.0,,,,,
630025558,robertteruya,2834697.0,28567,T0,2025-04-11 23:08:10 UTC,107912769,question_extractor,1.0,5.2.0,,,,,
630025558,robertteruya,2834697.0,28567,T1,2025-04-11 23:08:10 UTC,107912769,question_extractor,,5.2.0,,,,,
630025574,robertteruya,2834697.0,28567,T0,2025-04-11 23:08:15 UTC,107912921,question_extractor,1.0,5.2.0,,,,,
630025574,robertteruya,2834697.0,28567,T1,2025-04-11 23:08:15 UTC,107912921,question_extractor,,5.2.0,,,,,
630025602,robertteruya,2834697.0,28567,T0,2025-04-11 23:08:24 UTC,107912665,question_extractor,,5.2.0,,,,,1.0
630025602,robertteruya,2834697.0,28567,T1,2025-04-11 23:08:24 UTC,107912665,question_extractor,,5.2.0,,,,,
630025634,robertteruya,2834697.0,28567,T0,2025-04-11 23:08:34 UTC,107912705,question_extractor,1.0,5.2.0,,,,,
630025634,robertteruya,2834697.0,28567,T1,2025-04-11 23:08:34 UTC,107912705,question_extractor,,5.2.0,,,,,
630025662,robertteruya,2834697.0,28567,T0,2025-04-11 23:08:43 UTC,107912956,question_extractor,,5.2.0,1.0,,,,
630025662,robertteruya,2834697.0,28567,T1,2025-04-11 23:08:43 UTC,107912956,question_extractor,,5.2.0,,1.0,,,
630025742,robertteruya,2834697.0,28567,T0,2025-04-11 23:09:05 UTC,107912934,question_extractor,,5.2.0,1.0,,,,
630025742,robertteruya,2834697.0,28567,T1,2025-04-11 23:09:05 UTC,107912934,question_extractor,,5.2.0,,1.0,,,
630025772,robertteruya,2834697.0,28567,T0,2025-04-11 23:09:15 UTC,107912685,question_extractor,,5.2.0,1.0,,,,
630025772,robertteruya,2834697.0,28567,T1,2025-04-11 23:09:15 UTC,107912685,question_extractor,,5.2.0,,1.0,,,
630025798,robertteruya,2834697.0,28567,T0,2025-04-11 23:09:21 UTC,107912918,question_extractor,,5.2.0,1.0,,,,
630025798,robertteruya,2834697.0,28567,T1,2025-04-11 23:09:21 UTC,107912918,question_extractor,,5.2.0,,1.0,,,
630025834,robertteruya,2834697.0,28567,T0,2025-04-11 23:09:31 UTC,107912808,question_extractor,1.0,5.2.0,,,,,
630025834,robertteruya,2834697.0,28567,T1,2025-04-11 23:09:31 UTC,107912808,question_extractor,,5.2.0,,,,,
630025865,robertteruya,2834697.0,28567,T0,2025-04-11 23:09:39 UTC,107912692,question_extractor,,5.2.0,1.0,,,,
630025865,robertteruya,2834697.0,28567,T1,2025-04-11 23:09:39 UTC,107912692,question_extractor,,5.2.0,,1.0,,,
630025891,robertteruya,2834697.0,28567,T0,2025-04-11 23:09:45 UTC,107912703,question_extractor,1.0,5.2.0,,,,,
630025891,robertteruya,2834697.0,28567,T1,2025-04-11 23:09:45 UTC,107912703,question_extractor,,5.2.0,,,,,
630040102,378226,2854185.0,28567,T0,2025-04-12 00:15:57 UTC,107912671,question_extractor,,5.2.0,1.0,,,,
630040102,378226,2854185.0,28567,T1,2025-04-12 00:15:57 UTC,107912671,question_extractor,,5.2.0,,1.0,,,
630040112,378226,2854185.0,28567,T0,2025-04-12 00:16:00 UTC,107912635,question_extractor,1.0,5.2.0,,,,,
630040112,378226,2854185.0,28567,T1,2025-04-12 00:16:00 UTC,107912635,question_extractor,,5.2.0,,,,,
630040119,378226,2854185.0,28567,T0,2025-04-12 00:16:02 UTC,107912660,question_extractor,1.0,5.2.0,,,,,
630040119,378226,2854185.0,28567,T1,2025-04-12 00:16:02 UTC,107912660,question_extractor,,5.2.0,,,,,
630040124,378226,2854185.0,28567,T0,2025-04-12 00:16:04 UTC,107912656,question_extractor,1.0,5.2.0,,,,,
630040124,378226,2854185.0,28567,T1,2025-04-12 00:16:04 UTC,107912656,question_extractor,,5.2.0,,,,,
630040136,378226,2854185.0,28567,T0,2025-04-12 00:16:08 UTC,107912625,question_extractor,,5.2.0,1.0,,,,
630040136,378226,2854185.0,28567,T1,2025-04-12 00:16:08 UTC,107912625,question_extractor,,5.2.0,,1.0,,,
630040157,378226,2854185.0,28567,T0,2025-04-12 00:16:17 UTC,107912663,question_extractor,,5.2.0,1.0,,,,
630040157,378226,2854185.0,28567,T1,2025-04-12 00:16:17 UTC,107912663,question_extractor,,5.2.0,,,1.0,,
630040165,378226,2854185.0,28567,T0,2025-04-12 00:16:20 UTC,107912633,question_extractor,1.0,5.2.0,,,,,
630040165,378226,2854185.0,28567,T1,2025-04-12 00:16:20 UTC,107912633,question_extractor,,5.2.0,,,,,
630040187,378226,2854185.0,28567,T0,2025-04-12 00:16:29 UTC,107912692,question_extractor,,5.2.0,1.0,,,,
630040187,378226,2854185.0,28567,T1,2025-04-12 00:16:29 UTC,107912692,question_extractor,,5.2.0,,1.0,,,
630040192,378226,2854185.0,28567,T0,2025-04-12 00:16:31 UTC,107912697,question_extractor,1.0,5.2.0,,,,,
630040192,378226,2854185.0,28567,T1,2025-04-12 00:16:31 UTC,107912697,question_extractor,,5.2.0,,,,,
630040200,378226,2854185.0,28567,T0,2025-04-12 00:16:33 UTC,107912618,question_extractor,1.0,5.2.0,,,,,
630040200,378226,2854185.0,28567,T1,2025-04-12 00:16:33 UTC,107912618,question_extractor,,5.2.0,,,,,
630040208,378226,2854185.0,28567,T0,2025-04-12 00:16:34 UTC,107912697,question_extractor,1.0,5.2.0,,,,,
630040208,378226,2854185.0,28567,T1,2025-04-12 00:16:34 UTC,107912697,question_extractor,,5.2.0,,,,,
630040212,378226,2854185.0,28567,T0,2025-04-12 00:16:37 UTC,107912685,question_extractor,,5.2.0,1.0,,,,
630040212,378226,2854185.0,28567,T1,2025-04-12 00:16:37 UTC,107912685,question_extractor,,5.2.0,,1.0,,,
630040222,378226,2854185.0,28567,T0,2025-04-12 00:16:42 UTC,107912645,question_extractor,1.0,5.2.0,,,,,
630040222,378226,2854185.0,28567,T1,2025-04-12 00:16:42 UTC,107912645,question_extractor,,5.2.0,,,,,
630040233,378226,2854185.0,28567,T0,2025-04-12 00:16:45 UTC,107912699,question_extractor,,5.2.0,1.0,,,,
630040233,378226,2854185.0,28567,T1,2025-04-12 00:16:45 UTC,107912699,question_extractor,,5.2.0,,1.0,,,
630040242,378226,2854185.0,28567,T0,2025-04-12 00:16:48 UTC,107912663,question_extractor,,5.2.0,1.0,,,,
630040242,378226,2854185.0,28567,T1,2025-04-12 00:16:48 UTC,107912663,question_extractor,,5.2.0,,,1.0,,
630040253,378226,2854185.0,28567,T0,2025-04-12 00:16:52 UTC,107912620,question_extractor,,5.2.0,1.0,,,,
630040253,378226,2854185.0,28567,T1,2025-04-12 00:16:52 UTC,107912620,question_extractor,,5.2.0,,1.0,,,
630040266,378226,2854185.0,28567,T0,2025-04-12 00:16:55 UTC,107912683,question_extractor,1.0,5.2.0,,,,,
630040266,378226,2854185.0,28567,T1,2025-04-12 00:16:55 UTC,107912683,question_extractor,,5.2.0,,,,,
630040274,378226,2854185.0,28567,T0,2025-04-12 00:16:58 UTC,107912716,question_extractor,,5.2.0,1.0,,,,
630040274,378226,2854185.0,28567,T1,2025-04-12 00:16:58 UTC,107912716,question_extractor,,5.2.0,,1.0,,,
630040298,378226,2854185.0,28567,T0,2025-04-12 00:17:06 UTC,107912622,question_extractor,,5.2.0,1.0,,,,
630040298,378226,2854185.0,28567,T1,2025-04-12 00:17:06 UTC,107912622,question_extractor,,5.2.0,,1.0,,,
630040305,378226,2854185.0,28567,T0,2025-04-12 00:17:08 UTC,107912705,question_extractor,1.0,5.2.0,,,,,
630040305,378226,2854185.0,28567,T1,2025-04-12 00:17:08 UTC,107912705,question_extractor,,5.2.0,,,,,
630040316,378226,2854185.0,28567,T0,2025-04-12 00:17:13 UTC,107912696,question_extractor,,5.2.0,1.0,,,,
630040316,378226,2854185.0,28567,T1,2025-04-12 00:17:13 UTC,107912696,question_extractor,,5.2.0,,,1.0,,
630040358,378226,2854185.0,28567,T0,2025-04-12 00:17:28 UTC,107912652,question_extractor,,5.2.0,1.0,,,,
630040358,378226,2854185.0,28567,T1,2025-04-12 00:17:28 UTC,107912652,question_extractor,,5.2.0,,1.0,,,
630040369,378226,2854185.0,28567,T0,2025-04-12 00:17:33 UTC,107912682,question_extractor,1.0,5.2.0,,,,,
630040369,378226,2854185.0,28567,T1,2025-04-12 00:17:33 UTC,107912682,question_extractor,,5.2.0,,,,,
630040377,378226,2854185.0,28567,T0,2025-04-12 00:17:35 UTC,107912708,question_extractor,1.0,5.2.0,,,,,
630040377,378226,2854185.0,28567,T1,2025-04-12 00:17:35 UTC,107912708,question_extractor,,5.2.0,,,,,
630040395,378226,2854185.0,28567,T0,2025-04-12 00:17:42 UTC,107912628,question_extractor,,5.2.0,1.0,,,,
630040395,378226,2854185.0,28567,T1,2025-04-12 00:17:42 UTC,107912628,question_extractor,,5.2.0,,1.0,,,
630040408,378226,2854185.0,28567,T0,2025-04-12 00:17:46 UTC,107912675,question_extractor,1.0,5.2.0,,,,,
630040408,378226,2854185.0,28567,T1,2025-04-12 00:17:46 UTC,107912675,question_extractor,,5.2.0,,,,,
630040428,378226,2854185.0,28567,T0,2025-04-12 00:17:54 UTC,107912623,question_extractor,,5.2.0,1.0,,,,
630040428,378226,2854185.0,28567,T1,2025-04-12 00:17:54 UTC,107912623,question_extractor,,5.2.0,,1.0,,,
630040441,378226,2854185.0,28567,T0,2025-04-12 00:17:57 UTC,107912636,question_extractor,1.0,5.2.0,,,,,
630040441,378226,2854185.0,28567,T1,2025-04-12 00:17:57 UTC,107912636,question_extractor,,5.2.0,,,,,
630040458,378226,2854185.0,28567,T0,2025-04-12 00:18:02 UTC,107912717,question_extractor,,5.2.0,1.0,,,,
630040458,378226,2854185.0,28567,T1,2025-04-12 00:18:02 UTC,107912717,question_extractor,,5.2.0,,1.0,,,
630040463,378226,2854185.0,28567,T0,2025-04-12 00:18:04 UTC,107912649,question_extractor,1.0,5.2.0,,,,,
630040463,378226,2854185.0,28567,T1,2025-04-12 00:18:04 UTC,107912649,question_extractor,,5.2.0,,,,,
630040470,378226,2854185.0,28567,T0,2025-04-12 00:18:06 UTC,107912665,question_extractor,1.0,5.2.0,,,,,
630040470,378226,2854185.0,28567,T1,2025-04-12 00:18:06 UTC,107912665,question_extractor,,5.2.0,,,,,
630040476,378226,2854185.0,28567,T0,2025-04-12 00:18:08 UTC,107912682,question_extractor,1.0,5.2.0,,,,,
630040476,378226,2854185.0,28567,T1,2025-04-12 00:18:08 UTC,107912682,question_extractor,,5.2.0,,,,,
630040489,378226,2854185.0,28567,T0,2025-04-12 00:18:13 UTC,107912670,question_extractor,,5.2.0,1.0,,,,
630040489,378226,2854185.0,28567,T1,2025-04-12 00:18:13 UTC,107912670,question_extractor,,5.2.0,,1.0,,,
630040511,378226,2854185.0,28567,T0,2025-04-12 00:18:20 UTC,107912663,question_extractor,,5.2.0,1.0,,,,
630040511,378226,2854185.0,28567,T1,2025-04-12 00:18:20 UTC,107912663,question_extractor,,5.2.0,,,1.0,,
630040530,378226,2854185.0,28567,T0,2025-04-12 00:18:25 UTC,107912709,question_extractor,1.0,5.2.0,,,,,
630040530,378226,2854185.0,28567,T1,2025-04-12 00:18:25 UTC,107912709,question_extractor,,5.2.0,,,,,
630040542,378226,2854185.0,28567,T0,2025-04-12 00:18:28 UTC,107912695,question_extractor,1.0,5.2.0,,,,,
630040542,378226,2854185.0,28567,T1,2025-04-12 00:18:28 UTC,107912695,question_extractor,,5.2.0,,,,,
630040549,378226,2854185.0,28567,T0,2025-04-12 00:18:30 UTC,107912707,question_extractor,1.0,5.2.0,,,,,
630040549,378226,2854185.0,28567,T1,2025-04-12 00:18:30 UTC,107912707,question_extractor,,5.2.0,,,,,
630040563,378226,2854185.0,28567,T0,2025-04-12 00:18:36 UTC,107912640,question_extractor,,5.2.0,1.0,,,,
630040563,378226,2854185.0,28567,T1,2025-04-12 00:18:36 UTC,107912640,question_extractor,,5.2.0,,1.0,,,
630040570,378226,2854185.0,28567,T0,2025-04-12 00:18:39 UTC,107912623,question_extractor,,5.2.0,1.0,,,,
630040570,378226,2854185.0,28567,T1,2025-04-12 00:18:39 UTC,107912623,question_extractor,,5.2.0,,1.0,,,
630040577,378226,2854185.0,28567,T0,2025-04-12 00:18:41 UTC,107912631,question_extractor,1.0,5.2.0,,,,,
630040577,378226,2854185.0,28567,T1,2025-04-12 00:18:41 UTC,107912631,question_extractor,,5.2.0,,,,,
630040589,378226,2854185.0,28567,T0,2025-04-12 00:18:44 UTC,107912664,question_extractor,,5.2.0,1.0,,,,
630040589,378226,2854185.0,28567,T1,2025-04-12 00:18:44 UTC,107912664,question_extractor,,5.2.0,,1.0,,,
630040591,378226,2854185.0,28567,T0,2025-04-12 00:18:46 UTC,107912659,question_extractor,1.0,5.2.0,,,,,
630040591,378226,2854185.0,28567,T1,2025-04-12 00:18:46 UTC,107912659,question_extractor,,5.2.0,,,,,
630040597,378226,2854185.0,28567,T0,2025-04-12 00:18:48 UTC,107912706,question_extractor,1.0,5.2.0,,,,,
630040597,378226,2854185.0,28567,T1,2025-04-12 00:18:48 UTC,107912706,question_extractor,,5.2.0,,,,,
630040614,378226,2854185.0,28567,T0,2025-04-12 00:18:53 UTC,107912667,question_extractor,,5.2.0,1.0,,,,
630040614,378226,2854185.0,28567,T1,2025-04-12 00:18:53 UTC,107912667,question_extractor,,5.2.0,,1.0,,,
630040632,378226,2854185.0,28567,T0,2025-04-12 00:18:58 UTC,107912650,question_extractor,,5.2.0,1.0,,,,
630040632,378226,2854185.0,28567,T1,2025-04-12 00:18:58 UTC,107912650,question_extractor,,5.2.0,,1.0,,,
630040655,378226,2854185.0,28567,T0,2025-04-12 00:19:06 UTC,107912635,question_extractor,1.0,5.2.0,,,,,
630040655,378226,2854185.0,28567,T1,2025-04-12 00:19:06 UTC,107912635,question_extractor,,5.2.0,,,,,
630040661,378226,2854185.0,28567,T0,2025-04-12 00:19:08 UTC,107912634,question_extractor,1.0,5.2.0,,,,,
630040661,378226,2854185.0,28567,T1,2025-04-12 00:19:08 UTC,107912634,question_extractor,,5.2.0,,,,,
630040665,378226,2854185.0,28567,T0,2025-04-12 00:19:11 UTC,107912655,question_extractor,1.0,5.2.0,,,,,
630040665,378226,2854185.0,28567,T1,2025-04-12 00:19:11 UTC,107912655,question_extractor,,5.2.0,,,,,
630040677,378226,2854185.0,28567,T0,2025-04-12 00:19:15 UTC,107912652,question_extractor,,5.2.0,1.0,,,,
630040677,378226,2854185.0,28567,T1,2025-04-12 00:19:15 UTC,107912652,question_extractor,,5.2.0,,1.0,,,
630040683,378226,2854185.0,28567,T0,2025-04-12 00:19:16 UTC,107912619,question_extractor,1.0,5.2.0,,,,,
630040683,378226,2854185.0,28567,T1,2025-04-12 00:19:16 UTC,107912619,question_extractor,,5.2.0,,,,,
630040689,378226,2854185.0,28567,T0,2025-04-12 00:19:18 UTC,107912687,question_extractor,1.0,5.2.0,,,,,
630040689,378226,2854185.0,28567,T1,2025-04-12 00:19:18 UTC,107912687,question_extractor,,5.2.0,,,,,
630040699,378226,2854185.0,28567,T0,2025-04-12 00:19:21 UTC,107912705,question_extractor,1.0,5.2.0,,,,,
630040699,378226,2854185.0,28567,T1,2025-04-12 00:19:21 UTC,107912705,question_extractor,,5.2.0,,,,,
630040720,378226,2854185.0,28567,T0,2025-04-12 00:19:26 UTC,107912677,question_extractor,,5.2.0,1.0,,,,
630040720,378226,2854185.0,28567,T1,2025-04-12 00:19:26 UTC,107912677,question_extractor,,5.2.0,,1.0,,,
630040921,378226,2854185.0,28567,T0,2025-04-12 00:20:30 UTC,107912662,question_extractor,1.0,5.2.0,,,,,
630040921,378226,2854185.0,28567,T1,2025-04-12 00:20:30 UTC,107912662,question_extractor,,5.2.0,,,,,
630040945,378226,2854185.0,28567,T0,2025-04-12 00:20:36 UTC,107912657,question_extractor,,5.2.0,1.0,,,,
630040945,378226,2854185.0,28567,T1,2025-04-12 00:20:36 UTC,107912657,question_extractor,,5.2.0,,1.0,,,
630040992,378226,2854185.0,28567,T0,2025-04-12 00:20:48 UTC,107912673,question_extractor,,5.2.0,1.0,,,,
630040992,378226,2854185.0,28567,T1,2025-04-12 00:20:48 UTC,107912673,question_extractor,,5.2.0,,1.0,,,
630041007,378226,2854185.0,28567,T0,2025-04-12 00:20:54 UTC,107912714,question_extractor,1.0,5.2.0,,,,,
630041007,378226,2854185.0,28567,T1,2025-04-12 00:20:54 UTC,107912714,question_extractor,,5.2.0,,,,,
630041030,378226,2854185.0,28567,T0,2025-04-12 00:21:00 UTC,107912642,question_extractor,,5.2.0,,,,,1.0
630041030,378226,2854185.0,28567,T1,2025-04-12 00:21:00 UTC,107912642,question_extractor,,5.2.0,,,,,
630041035,378226,2854185.0,28567,T0,2025-04-12 00:21:02 UTC,107912634,question_extractor,1.0,5.2.0,,,,,
630041035,378226,2854185.0,28567,T1,2025-04-12 00:21:02 UTC,107912634,question_extractor,,5.2.0,,,,,
630043522,rmartinezalvarez,2855221.0,28567,T0,2025-04-12 00:39:00 UTC,107912941,question_extractor,1.0,5.2.0,,,,,
630043522,rmartinezalvarez,2855221.0,28567,T1,2025-04-12 00:39:00 UTC,107912941,question_extractor,,5.2.0,,,,,
630043577,rmartinezalvarez,2855221.0,28567,T0,2025-04-12 00:39:28 UTC,107912953,question_extractor,,5.2.0,,,,,1.0
630043577,rmartinezalvarez,2855221.0,28567,T1,2025-04-12 00:39:28 UTC,107912953,question_extractor,,5.2.0,,,,,
630043645,rmartinezalvarez,2855221.0,28567,T0,2025-04-12 00:40:04 UTC,107912836,question_extractor,,5.2.0,1.0,,,,
630043645,rmartinezalvarez,2855221.0,28567,T1,2025-04-12 00:40:04 UTC,107912836,question_extractor,,5.2.0,,1.0,,,
630043805,rmartinezalvarez,2855221.0,28567,T0,2025-04-12 00:42:05 UTC,107912798,question_extractor,,5.2.0,1.0,,,,
630043805,rmartinezalvarez,2855221.0,28567,T1,2025-04-12 00:42:05 UTC,107912798,question_extractor,,5.2.0,,1.0,,,
630043817,rmartinezalvarez,2855221.0,28567,T0,2025-04-12 00:42:14 UTC,107912707,question_extractor,1.0,5.2.0,,,,,
630043817,rmartinezalvarez,2855221.0,28567,T1,2025-04-12 00:42:14 UTC,107912707,question_extractor,,5.2.0,,,,,
630043827,rmartinezalvarez,2855221.0,28567,T0,2025-04-12 00:42:23 UTC,107912955,question_extractor,,5.2.0,1.0,,,,
630043827,rmartinezalvarez,2855221.0,28567,T1,2025-04-12 00:42:23 UTC,107912955,question_extractor,,5.2.0,,1.0,,,
630043831,rmartinezalvarez,2855221.0,28567,T0,2025-04-12 00:42:28 UTC,107912683,question_extractor,1.0,5.2.0,,,,,
630043831,rmartinezalvarez,2855221.0,28567,T1,2025-04-12 00:42:28 UTC,107912683,question_extractor,,5.2.0,,,,,
630043837,rmartinezalvarez,2855221.0,28567,T0,2025-04-12 00:42:32 UTC,107912705,question_extractor,1.0,5.2.0,,,,,
630043837,rmartinezalvarez,2855221.0,28567,T1,2025-04-12 00:42:32 UTC,107912705,question_extractor,,5.2.0,,,,,
630043896,rmartinezalvarez,2855221.0,28567,T0,2025-04-12 00:43:11 UTC,107912909,question_extractor,,5.2.0,1.0,,,,
630043896,rmartinezalvarez,2855221.0,28567,T1,2025-04-12 00:43:11 UTC,107912909,question_extractor,,5.2.0,,1.0,,,
630043901,rmartinezalvarez,2855221.0,28567,T0,2025-04-12 00:43:15 UTC,107912777,question_extractor,1.0,5.2.0,,,,,
630043901,rmartinezalvarez,2855221.0,28567,T1,2025-04-12 00:43:15 UTC,107912777,question_extractor,,5.2.0,,,,,
630043907,rmartinezalvarez,2855221.0,28567,T0,2025-04-12 00:43:19 UTC,107912829,question_extractor,1.0,5.2.0,,,,,
630043907,rmartinezalvarez,2855221.0,28567,T1,2025-04-12 00:43:19 UTC,107912829,question_extractor,,5.2.0,,,,,
630043915,rmartinezalvarez,2855221.0,28567,T0,2025-04-12 00:43:23 UTC,107912885,question_extractor,1.0,5.2.0,,,,,
630043915,rmartinezalvarez,2855221.0,28567,T1,2025-04-12 00:43:23 UTC,107912885,question_extractor,,5.2.0,,,,,
630043921,rmartinezalvarez,2855221.0,28567,T0,2025-04-12 00:43:28 UTC,107912914,question_extractor,1.0,5.2.0,,,,,
630043921,rmartinezalvarez,2855221.0,28567,T1,2025-04-12 00:43:28 UTC,107912914,question_extractor,,5.2.0,,,,,
630043931,rmartinezalvarez,2855221.0,28567,T0,2025-04-12 00:43:34 UTC,107912704,question_extractor,1.0,5.2.0,,,,,
630043931,rmartinezalvarez,2855221.0,28567,T1,2025-04-12 00:43:34 UTC,107912704,question_extractor,,5.2.0,,,,,
630043941,rmartinezalvarez,2855221.0,28567,T0,2025-04-12 00:43:38 UTC,107912944,question_extractor,1.0,5.2.0,,,,,
630043941,rmartinezalvarez,2855221.0,28567,T1,2025-04-12 00:43:38 UTC,107912944,question_extractor,,5.2.0,,,,,
630043947,rmartinezalvarez,2855221.0,28567,T0,2025-04-12 00:43:42 UTC,107912788,question_extractor,1.0,5.2.0,,,,,
630043947,rmartinezalvarez,2855221.0,28567,T1,2025-04-12 00:43:42 UTC,107912788,question_extractor,,5.2.0,,,,,
630043960,rmartinezalvarez,2855221.0,28567,T0,2025-04-12 00:43:49 UTC,107912657,question_extractor,,5.2.0,1.0,,,,
630043960,rmartinezalvarez,2855221.0,28567,T1,2025-04-12 00:43:49 UTC,107912657,question_extractor,,5.2.0,,1.0,,,
630043970,rmartinezalvarez,2855221.0,28567,T0,2025-04-12 00:43:55 UTC,107912666,question_extractor,,5.2.0,1.0,,,,
630043970,rmartinezalvarez,2855221.0,28567,T1,2025-04-12 00:43:55 UTC,107912666,question_extractor,,5.2.0,,1.0,,,
630043985,rmartinezalvarez,2855221.0,28567,T0,2025-04-12 00:44:03 UTC,107912841,question_extractor,,5.2.0,1.0,,,,
630043985,rmartinezalvarez,2855221.0,28567,T1,2025-04-12 00:44:03 UTC,107912841,question_extractor,,5.2.0,,1.0,,,
630043997,rmartinezalvarez,2855221.0,28567,T0,2025-04-12 00:44:08 UTC,107912785,question_extractor,1.0,5.2.0,,,,,
630043997,rmartinezalvarez,2855221.0,28567,T1,2025-04-12 00:44:08 UTC,107912785,question_extractor,,5.2.0,,,,,
630044006,rmartinezalvarez,2855221.0,28567,T0,2025-04-12 00:44:16 UTC,107912648,question_extractor,1.0,5.2.0,,,,,
630044006,rmartinezalvarez,2855221.0,28567,T1,2025-04-12 00:44:16 UTC,107912648,question_extractor,,5.2.0,,,,,
630044017,rmartinezalvarez,2855221.0,28567,T0,2025-04-12 00:44:19 UTC,107912728,question_extractor,1.0,5.2.0,,,,,
630044017,rmartinezalvarez,2855221.0,28567,T1,2025-04-12 00:44:19 UTC,107912728,question_extractor,,5.2.0,,,,,
630044031,rmartinezalvarez,2855221.0,28567,T0,2025-04-12 00:44:27 UTC,107912861,question_extractor,,5.2.0,1.0,,,,
630044031,rmartinezalvarez,2855221.0,28567,T1,2025-04-12 00:44:27 UTC,107912861,question_extractor,,5.2.0,,1.0,,,
630044041,rmartinezalvarez,2855221.0,28567,T0,2025-04-12 00:44:34 UTC,107912766,question_extractor,,5.2.0,1.0,,,,
630044041,rmartinezalvarez,2855221.0,28567,T1,2025-04-12 00:44:34 UTC,107912766,question_extractor,,5.2.0,,1.0,,,
630044050,rmartinezalvarez,2855221.0,28567,T0,2025-04-12 00:44:39 UTC,107912797,question_extractor,,5.2.0,,,,,1.0
630044050,rmartinezalvarez,2855221.0,28567,T1,2025-04-12 00:44:39 UTC,107912797,question_extractor,,5.2.0,,,,,
630049986,378226,2854185.0,28567,T0,2025-04-12 01:29:38 UTC,107912683,question_extractor,1.0,5.2.0,,,,,
630049986,378226,2854185.0,28567,T1,2025-04-12 01:29:38 UTC,107912683,question_extractor,,5.2.0,,,,,
630050014,378226,2854185.0,28567,T0,2025-04-12 01:29:50 UTC,107912640,question_extractor,,5.2.0,1.0,,,,
630050014,378226,2854185.0,28567,T1,2025-04-12 01:29:50 UTC,107912640,question_extractor,,5.2.0,,1.0,,,
630050087,378226,2854185.0,28567,T0,2025-04-12 01:30:21 UTC,107912671,question_extractor,,5.2.0,1.0,,,,
630050087,378226,2854185.0,28567,T1,2025-04-12 01:30:21 UTC,107912671,question_extractor,,5.2.0,,1.0,,,
630050099,378226,2854185.0,28567,T0,2025-04-12 01:30:24 UTC,107912655,question_extractor,1.0,5.2.0,,,,,
630050099,378226,2854185.0,28567,T1,2025-04-12 01:30:24 UTC,107912655,question_extractor,,5.2.0,,,,,
630050114,378226,2854185.0,28567,T0,2025-04-12 01:30:30 UTC,107912651,question_extractor,,5.2.0,1.0,,,,
630050114,378226,2854185.0,28567,T1,2025-04-12 01:30:30 UTC,107912651,question_extractor,,5.2.0,,1.0,,,
630050120,378226,2854185.0,28567,T0,2025-04-12 01:30:32 UTC,107912656,question_extractor,1.0,5.2.0,,,,,
630050120,378226,2854185.0,28567,T1,2025-04-12 01:30:32 UTC,107912656,question_extractor,,5.2.0,,,,,
630050124,378226,2854185.0,28567,T0,2025-04-12 01:30:34 UTC,107912704,question_extractor,1.0,5.2.0,,,,,
630050124,378226,2854185.0,28567,T1,2025-04-12 01:30:34 UTC,107912704,question_extractor,,5.2.0,,,,,
630050135,378226,2854185.0,28567,T0,2025-04-12 01:30:38 UTC,107912680,question_extractor,1.0,5.2.0,,,,,
630050135,378226,2854185.0,28567,T1,2025-04-12 01:30:38 UTC,107912680,question_extractor,,5.2.0,,,,,
630050144,378226,2854185.0,28567,T0,2025-04-12 01:30:40 UTC,107912707,question_extractor,1.0,5.2.0,,,,,
630050144,378226,2854185.0,28567,T1,2025-04-12 01:30:40 UTC,107912707,question_extractor,,5.2.0,,,,,
630050155,378226,2854185.0,28567,T0,2025-04-12 01:30:43 UTC,107912666,question_extractor,,5.2.0,1.0,,,,
630050155,378226,2854185.0,28567,T1,2025-04-12 01:30:43 UTC,107912666,question_extractor,,5.2.0,,1.0,,,
630050160,378226,2854185.0,28567,T0,2025-04-12 01:30:44 UTC,107912709,question_extractor,1.0,5.2.0,,,,,
630050160,378226,2854185.0,28567,T1,2025-04-12 01:30:44 UTC,107912709,question_extractor,,5.2.0,,,,,
630050176,378226,2854185.0,28567,T0,2025-04-12 01:30:50 UTC,107912647,question_extractor,,5.2.0,1.0,,,,
630050176,378226,2854185.0,28567,T1,2025-04-12 01:30:50 UTC,107912647,question_extractor,,5.2.0,,1.0,,,
630050188,378226,2854185.0,28567,T0,2025-04-12 01:30:54 UTC,107912627,question_extractor,,5.2.0,1.0,,,,
630050188,378226,2854185.0,28567,T1,2025-04-12 01:30:54 UTC,107912627,question_extractor,,5.2.0,,1.0,,,
630050234,378226,2854185.0,28567,T0,2025-04-12 01:31:14 UTC,107912699,question_extractor,,5.2.0,1.0,,,,
630050234,378226,2854185.0,28567,T1,2025-04-12 01:31:14 UTC,107912699,question_extractor,,5.2.0,,,1.0,,
630050240,378226,2854185.0,28567,T0,2025-04-12 01:31:16 UTC,107912707,question_extractor,1.0,5.2.0,,,,,
630050240,378226,2854185.0,28567,T1,2025-04-12 01:31:16 UTC,107912707,question_extractor,,5.2.0,,,,,
630050254,378226,2854185.0,28567,T0,2025-04-12 01:31:21 UTC,107912717,question_extractor,,5.2.0,1.0,,,,
630050254,378226,2854185.0,28567,T1,2025-04-12 01:31:21 UTC,107912717,question_extractor,,5.2.0,,1.0,,,
630050278,378226,2854185.0,28567,T0,2025-04-12 01:31:36 UTC,107912694,question_extractor,1.0,5.2.0,,,,,
630050278,378226,2854185.0,28567,T1,2025-04-12 01:31:36 UTC,107912694,question_extractor,,5.2.0,,,,,
630050305,378226,2854185.0,28567,T0,2025-04-12 01:31:52 UTC,107912662,question_extractor,1.0,5.2.0,,,,,
630050305,378226,2854185.0,28567,T1,2025-04-12 01:31:52 UTC,107912662,question_extractor,,5.2.0,,,,,
630065267,378226,2854185.0,28567,T0,2025-04-12 02:58:20 UTC,107912648,question_extractor,1.0,5.2.0,,,,,
630065267,378226,2854185.0,28567,T1,2025-04-12 02:58:20 UTC,107912648,question_extractor,,5.2.0,,,,,
630065268,378226,2854185.0,28567,T0,2025-04-12 02:58:20 UTC,107912700,question_extractor,,5.2.0,1.0,,,,
630065268,378226,2854185.0,28567,T1,2025-04-12 02:58:20 UTC,107912700,question_extractor,,5.2.0,,1.0,,,
630065274,378226,2854185.0,28567,T0,2025-04-12 02:58:22 UTC,107912707,question_extractor,1.0,5.2.0,,,,,
630065274,378226,2854185.0,28567,T1,2025-04-12 02:58:22 UTC,107912707,question_extractor,,5.2.0,,,,,
630065281,378226,2854185.0,28567,T0,2025-04-12 02:58:24 UTC,107912710,question_extractor,1.0,5.2.0,,,,,
630065281,378226,2854185.0,28567,T1,2025-04-12 02:58:24 UTC,107912710,question_extractor,,5.2.0,,,,,
630065284,378226,2854185.0,28567,T0,2025-04-12 02:58:26 UTC,107912682,question_extractor,1.0,5.2.0,,,,,
630065284,378226,2854185.0,28567,T1,2025-04-12 02:58:26 UTC,107912682,question_extractor,,5.2.0,,,,,
630065291,378226,2854185.0,28567,T0,2025-04-12 02:58:28 UTC,107912636,question_extractor,1.0,5.2.0,,,,,
630065291,378226,2854185.0,28567,T1,2025-04-12 02:58:28 UTC,107912636,question_extractor,,5.2.0,,,,,
630065295,378226,2854185.0,28567,T0,2025-04-12 02:58:30 UTC,107912713,question_extractor,1.0,5.2.0,,,,,
630065295,378226,2854185.0,28567,T1,2025-04-12 02:58:30 UTC,107912713,question_extractor,,5.2.0,,,,,
630065306,378226,2854185.0,28567,T0,2025-04-12 02:58:34 UTC,107912688,question_extractor,1.0,5.2.0,,,,,
630065306,378226,2854185.0,28567,T1,2025-04-12 02:58:34 UTC,107912688,question_extractor,,5.2.0,,,,,
630065315,378226,2854185.0,28567,T0,2025-04-12 02:58:37 UTC,107912701,question_extractor,,5.2.0,1.0,,,,
630065315,378226,2854185.0,28567,T1,2025-04-12 02:58:37 UTC,107912701,question_extractor,,5.2.0,,1.0,,,
630065325,378226,2854185.0,28567,T0,2025-04-12 02:58:43 UTC,107912694,question_extractor,,5.2.0,1.0,,,,
630065325,378226,2854185.0,28567,T1,2025-04-12 02:58:43 UTC,107912694,question_extractor,,5.2.0,,1.0,,,
630065331,378226,2854185.0,28567,T0,2025-04-12 02:58:47 UTC,107912683,question_extractor,1.0,5.2.0,,,,,
630065331,378226,2854185.0,28567,T1,2025-04-12 02:58:47 UTC,107912683,question_extractor,,5.2.0,,,,,
630065340,378226,2854185.0,28567,T0,2025-04-12 02:58:50 UTC,107912659,question_extractor,1.0,5.2.0,,,,,
630065340,378226,2854185.0,28567,T1,2025-04-12 02:58:50 UTC,107912659,question_extractor,,5.2.0,,,,,
630065354,378226,2854185.0,28567,T0,2025-04-12 02:58:55 UTC,107912638,question_extractor,1.0,5.2.0,,,,,
630065354,378226,2854185.0,28567,T1,2025-04-12 02:58:55 UTC,107912638,question_extractor,,5.2.0,,,,,
630065458,378226,2854185.0,28567,T0,2025-04-12 02:59:37 UTC,107912674,question_extractor,1.0,5.2.0,,,,,
630065458,378226,2854185.0,28567,T1,2025-04-12 02:59:37 UTC,107912674,question_extractor,,5.2.0,,,,,
630065466,378226,2854185.0,28567,T0,2025-04-12 02:59:39 UTC,107912704,question_extractor,1.0,5.2.0,,,,,
630065466,378226,2854185.0,28567,T1,2025-04-12 02:59:39 UTC,107912704,question_extractor,,5.2.0,,,,,
630065477,378226,2854185.0,28567,T0,2025-04-12 02:59:43 UTC,107912702,question_extractor,,5.2.0,1.0,,,,
630065477,378226,2854185.0,28567,T1,2025-04-12 02:59:43 UTC,107912702,question_extractor,,5.2.0,,1.0,,,
630065486,378226,2854185.0,28567,T0,2025-04-12 02:59:47 UTC,107912715,question_extractor,,5.2.0,1.0,,,,
630065486,378226,2854185.0,28567,T1,2025-04-12 02:59:47 UTC,107912715,question_extractor,,5.2.0,,1.0,,,
630065492,378226,2854185.0,28567,T0,2025-04-12 02:59:49 UTC,107912714,question_extractor,1.0,5.2.0,,,,,
630065492,378226,2854185.0,28567,T1,2025-04-12 02:59:49 UTC,107912714,question_extractor,,5.2.0,,,,,
630065500,378226,2854185.0,28567,T0,2025-04-12 02:59:51 UTC,107912711,question_extractor,1.0,5.2.0,,,,,
630065500,378226,2854185.0,28567,T1,2025-04-12 02:59:51 UTC,107912711,question_extractor,,5.2.0,,,,,
630065528,378226,2854185.0,28567,T0,2025-04-12 03:00:02 UTC,107912672,question_extractor,,5.2.0,1.0,,,,
630065528,378226,2854185.0,28567,T1,2025-04-12 03:00:02 UTC,107912672,question_extractor,,5.2.0,,1.0,,,
630065540,378226,2854185.0,28567,T0,2025-04-12 03:00:10 UTC,107912692,question_extractor,,5.2.0,1.0,,,,
630065540,378226,2854185.0,28567,T1,2025-04-12 03:00:10 UTC,107912692,question_extractor,,5.2.0,,,1.0,,
630065546,378226,2854185.0,28567,T0,2025-04-12 03:00:11 UTC,107912641,question_extractor,1.0,5.2.0,,,,,
630065546,378226,2854185.0,28567,T1,2025-04-12 03:00:11 UTC,107912641,question_extractor,,5.2.0,,,,,
630065560,378226,2854185.0,28567,T0,2025-04-12 03:00:18 UTC,107912670,question_extractor,,5.2.0,1.0,,,,
630065560,378226,2854185.0,28567,T1,2025-04-12 03:00:18 UTC,107912670,question_extractor,,5.2.0,,1.0,,,
630065596,378226,2854185.0,28567,T0,2025-04-12 03:00:30 UTC,107912644,question_extractor,,5.2.0,1.0,,,,
630065596,378226,2854185.0,28567,T1,2025-04-12 03:00:30 UTC,107912644,question_extractor,,5.2.0,,1.0,,,
630065607,378226,2854185.0,28567,T0,2025-04-12 03:00:34 UTC,107912702,question_extractor,,5.2.0,1.0,,,,
630065607,378226,2854185.0,28567,T1,2025-04-12 03:00:34 UTC,107912702,question_extractor,,5.2.0,,1.0,,,
630065626,378226,2854185.0,28567,T0,2025-04-12 03:00:39 UTC,107912717,question_extractor,,5.2.0,1.0,,,,
630065626,378226,2854185.0,28567,T1,2025-04-12 03:00:39 UTC,107912717,question_extractor,,5.2.0,,1.0,,,
630065630,378226,2854185.0,28567,T0,2025-04-12 03:00:40 UTC,107912714,question_extractor,1.0,5.2.0,,,,,
630065630,378226,2854185.0,28567,T1,2025-04-12 03:00:40 UTC,107912714,question_extractor,,5.2.0,,,,,
630065647,378226,2854185.0,28567,T0,2025-04-12 03:00:48 UTC,107912673,question_extractor,,5.2.0,1.0,,,,
630065647,378226,2854185.0,28567,T1,2025-04-12 03:00:48 UTC,107912673,question_extractor,,5.2.0,,1.0,,,
630065650,378226,2854185.0,28567,T0,2025-04-12 03:00:50 UTC,107912682,question_extractor,1.0,5.2.0,,,,,
630065650,378226,2854185.0,28567,T1,2025-04-12 03:00:50 UTC,107912682,question_extractor,,5.2.0,,,,,
630065661,378226,2854185.0,28567,T0,2025-04-12 03:00:54 UTC,107912657,question_extractor,,5.2.0,1.0,,,,
630065661,378226,2854185.0,28567,T1,2025-04-12 03:00:54 UTC,107912657,question_extractor,,5.2.0,,1.0,,,
630065668,378226,2854185.0,28567,T0,2025-04-12 03:00:57 UTC,107912694,question_extractor,,5.2.0,1.0,,,,
630065668,378226,2854185.0,28567,T1,2025-04-12 03:00:57 UTC,107912694,question_extractor,,5.2.0,,1.0,,,
630065677,378226,2854185.0,28567,T0,2025-04-12 03:01:00 UTC,107912668,question_extractor,1.0,5.2.0,,,,,
630065677,378226,2854185.0,28567,T1,2025-04-12 03:01:00 UTC,107912668,question_extractor,,5.2.0,,,,,
630065686,378226,2854185.0,28567,T0,2025-04-12 03:01:04 UTC,107912715,question_extractor,,5.2.0,1.0,,,,
630065686,378226,2854185.0,28567,T1,2025-04-12 03:01:04 UTC,107912715,question_extractor,,5.2.0,,1.0,,,
630065690,378226,2854185.0,28567,T0,2025-04-12 03:01:06 UTC,107912710,question_extractor,1.0,5.2.0,,,,,
630065690,378226,2854185.0,28567,T1,2025-04-12 03:01:06 UTC,107912710,question_extractor,,5.2.0,,,,,
630065748,378226,2854185.0,28567,T0,2025-04-12 03:01:26 UTC,107912704,question_extractor,1.0,5.2.0,,,,,
630065748,378226,2854185.0,28567,T1,2025-04-12 03:01:26 UTC,107912704,question_extractor,,5.2.0,,,,,
630065756,378226,2854185.0,28567,T0,2025-04-12 03:01:29 UTC,107912660,question_extractor,1.0,5.2.0,,,,,
630065756,378226,2854185.0,28567,T1,2025-04-12 03:01:29 UTC,107912660,question_extractor,,5.2.0,,,,,
630065763,378226,2854185.0,28567,T0,2025-04-12 03:01:31 UTC,107912639,question_extractor,1.0,5.2.0,,,,,
630065763,378226,2854185.0,28567,T1,2025-04-12 03:01:31 UTC,107912639,question_extractor,,5.2.0,,,,,
630065777,378226,2854185.0,28567,T0,2025-04-12 03:01:37 UTC,107912654,question_extractor,,5.2.0,1.0,,,,
630065777,378226,2854185.0,28567,T1,2025-04-12 03:01:37 UTC,107912654,question_extractor,,5.2.0,,1.0,,,
630065780,378226,2854185.0,28567,T0,2025-04-12 03:01:39 UTC,107912636,question_extractor,1.0,5.2.0,,,,,
630065780,378226,2854185.0,28567,T1,2025-04-12 03:01:39 UTC,107912636,question_extractor,,5.2.0,,,,,
630065793,378226,2854185.0,28567,T0,2025-04-12 03:01:42 UTC,107912651,question_extractor,,5.2.0,1.0,,,,
630065793,378226,2854185.0,28567,T1,2025-04-12 03:01:42 UTC,107912651,question_extractor,,5.2.0,,1.0,,,
630065801,378226,2854185.0,28567,T0,2025-04-12 03:01:44 UTC,107912662,question_extractor,1.0,5.2.0,,,,,
630065801,378226,2854185.0,28567,T1,2025-04-12 03:01:44 UTC,107912662,question_extractor,,5.2.0,,,,,
630065817,378226,2854185.0,28567,T0,2025-04-12 03:01:49 UTC,107912687,question_extractor,,5.2.0,1.0,,,,
630065817,378226,2854185.0,28567,T1,2025-04-12 03:01:49 UTC,107912687,question_extractor,,5.2.0,,1.0,,,
630065829,378226,2854185.0,28567,T0,2025-04-12 03:01:53 UTC,107912661,question_extractor,1.0,5.2.0,,,,,
630065829,378226,2854185.0,28567,T1,2025-04-12 03:01:53 UTC,107912661,question_extractor,,5.2.0,,,,,
630065839,378226,2854185.0,28567,T0,2025-04-12 03:01:57 UTC,107912685,question_extractor,,5.2.0,1.0,,,,
630065839,378226,2854185.0,28567,T1,2025-04-12 03:01:57 UTC,107912685,question_extractor,,5.2.0,,1.0,,,
630065846,378226,2854185.0,28567,T0,2025-04-12 03:01:59 UTC,107912705,question_extractor,1.0,5.2.0,,,,,
630065846,378226,2854185.0,28567,T1,2025-04-12 03:01:59 UTC,107912705,question_extractor,,5.2.0,,,,,
630065869,378226,2854185.0,28567,T0,2025-04-12 03:02:10 UTC,107912701,question_extractor,,5.2.0,1.0,,,,
630065869,378226,2854185.0,28567,T1,2025-04-12 03:02:10 UTC,107912701,question_extractor,,5.2.0,,1.0,,,
630066284,378226,2854185.0,28567,T0,2025-04-12 03:05:22 UTC,107912714,question_extractor,1.0,5.2.0,,,,,
630066284,378226,2854185.0,28567,T1,2025-04-12 03:05:22 UTC,107912714,question_extractor,,5.2.0,,,,,
630066293,378226,2854185.0,28567,T0,2025-04-12 03:05:26 UTC,107912650,question_extractor,,5.2.0,1.0,,,,
630066293,378226,2854185.0,28567,T1,2025-04-12 03:05:26 UTC,107912650,question_extractor,,5.2.0,,1.0,,,
630066301,378226,2854185.0,28567,T0,2025-04-12 03:05:29 UTC,107912633,question_extractor,1.0,5.2.0,,,,,
630066301,378226,2854185.0,28567,T1,2025-04-12 03:05:29 UTC,107912633,question_extractor,,5.2.0,,,,,
630066311,378226,2854185.0,28567,T0,2025-04-12 03:05:32 UTC,107912717,question_extractor,,5.2.0,1.0,,,,
630066311,378226,2854185.0,28567,T1,2025-04-12 03:05:32 UTC,107912717,question_extractor,,5.2.0,,1.0,,,
630066317,378226,2854185.0,28567,T0,2025-04-12 03:05:35 UTC,107912677,question_extractor,,5.2.0,1.0,,,,
630066317,378226,2854185.0,28567,T1,2025-04-12 03:05:35 UTC,107912677,question_extractor,,5.2.0,,1.0,,,
630066324,378226,2854185.0,28567,T0,2025-04-12 03:05:38 UTC,107912657,question_extractor,,5.2.0,1.0,,,,
630066324,378226,2854185.0,28567,T1,2025-04-12 03:05:38 UTC,107912657,question_extractor,,5.2.0,,1.0,,,
630066331,378226,2854185.0,28567,T0,2025-04-12 03:05:42 UTC,107912699,question_extractor,,5.2.0,1.0,,,,
630066331,378226,2854185.0,28567,T1,2025-04-12 03:05:42 UTC,107912699,question_extractor,,5.2.0,,1.0,,,
630066354,378226,2854185.0,28567,T0,2025-04-12 03:05:55 UTC,107912650,question_extractor,,5.2.0,1.0,,,,
630066354,378226,2854185.0,28567,T1,2025-04-12 03:05:55 UTC,107912650,question_extractor,,5.2.0,,1.0,,,
630066449,378226,2854185.0,28567,T0,2025-04-12 03:06:29 UTC,107912651,question_extractor,,5.2.0,1.0,,,,
630066449,378226,2854185.0,28567,T1,2025-04-12 03:06:29 UTC,107912651,question_extractor,,5.2.0,,1.0,,,
630066459,378226,2854185.0,28567,T0,2025-04-12 03:06:31 UTC,107912710,question_extractor,1.0,5.2.0,,,,,
630066459,378226,2854185.0,28567,T1,2025-04-12 03:06:31 UTC,107912710,question_extractor,,5.2.0,,,,,
630066467,378226,2854185.0,28567,T0,2025-04-12 03:06:36 UTC,107912620,question_extractor,,5.2.0,1.0,,,,
630066467,378226,2854185.0,28567,T1,2025-04-12 03:06:36 UTC,107912620,question_extractor,,5.2.0,,1.0,,,
630066677,378226,2854185.0,28567,T0,2025-04-12 03:08:07 UTC,107912621,question_extractor,,5.2.0,1.0,,,,
630066677,378226,2854185.0,28567,T1,2025-04-12 03:08:07 UTC,107912621,question_extractor,,5.2.0,,1.0,,,
630066935,378226,2854185.0,28567,T0,2025-04-12 03:09:52 UTC,107912622,question_extractor,,5.2.0,1.0,,,,
630066935,378226,2854185.0,28567,T1,2025-04-12 03:09:52 UTC,107912622,question_extractor,,5.2.0,,1.0,,,
630066972,378226,2854185.0,28567,T0,2025-04-12 03:10:13 UTC,107912697,question_extractor,1.0,5.2.0,,,,,
630066972,378226,2854185.0,28567,T1,2025-04-12 03:10:13 UTC,107912697,question_extractor,,5.2.0,,,,,
630066980,378226,2854185.0,28567,T0,2025-04-12 03:10:17 UTC,107912672,question_extractor,,5.2.0,1.0,,,,
630066980,378226,2854185.0,28567,T1,2025-04-12 03:10:17 UTC,107912672,question_extractor,,5.2.0,,1.0,,,
630066983,378226,2854185.0,28567,T0,2025-04-12 03:10:19 UTC,107912714,question_extractor,1.0,5.2.0,,,,,
630066983,378226,2854185.0,28567,T1,2025-04-12 03:10:19 UTC,107912714,question_extractor,,5.2.0,,,,,
630066990,378226,2854185.0,28567,T0,2025-04-12 03:10:22 UTC,107912652,question_extractor,,5.2.0,1.0,,,,
630066990,378226,2854185.0,28567,T1,2025-04-12 03:10:22 UTC,107912652,question_extractor,,5.2.0,,1.0,,,
630066995,378226,2854185.0,28567,T0,2025-04-12 03:10:24 UTC,107912638,question_extractor,1.0,5.2.0,,,,,
630066995,378226,2854185.0,28567,T1,2025-04-12 03:10:24 UTC,107912638,question_extractor,,5.2.0,,,,,
630067000,378226,2854185.0,28567,T0,2025-04-12 03:10:26 UTC,107912703,question_extractor,1.0,5.2.0,,,,,
630067000,378226,2854185.0,28567,T1,2025-04-12 03:10:26 UTC,107912703,question_extractor,,5.2.0,,,,,
630067004,378226,2854185.0,28567,T0,2025-04-12 03:10:29 UTC,107912643,question_extractor,,5.2.0,1.0,,,,
630067004,378226,2854185.0,28567,T1,2025-04-12 03:10:29 UTC,107912643,question_extractor,,5.2.0,,1.0,,,
630067007,378226,2854185.0,28567,T0,2025-04-12 03:10:31 UTC,107912656,question_extractor,1.0,5.2.0,,,,,
630067007,378226,2854185.0,28567,T1,2025-04-12 03:10:31 UTC,107912656,question_extractor,,5.2.0,,,,,
630067010,378226,2854185.0,28567,T0,2025-04-12 03:10:33 UTC,107912619,question_extractor,1.0,5.2.0,,,,,
630067010,378226,2854185.0,28567,T1,2025-04-12 03:10:33 UTC,107912619,question_extractor,,5.2.0,,,,,
630067014,378226,2854185.0,28567,T0,2025-04-12 03:10:35 UTC,107912669,question_extractor,1.0,5.2.0,,,,,
630067014,378226,2854185.0,28567,T1,2025-04-12 03:10:35 UTC,107912669,question_extractor,,5.2.0,,,,,
630067017,378226,2854185.0,28567,T0,2025-04-12 03:10:37 UTC,107912648,question_extractor,1.0,5.2.0,,,,,
630067017,378226,2854185.0,28567,T1,2025-04-12 03:10:37 UTC,107912648,question_extractor,,5.2.0,,,,,
630067042,378226,2854185.0,28567,T0,2025-04-12 03:10:51 UTC,107912643,question_extractor,,5.2.0,1.0,,,,
630067042,378226,2854185.0,28567,T1,2025-04-12 03:10:51 UTC,107912643,question_extractor,,5.2.0,,1.0,,,
630067814,378226,2854185.0,28567,T0,2025-04-12 03:17:31 UTC,107912673,question_extractor,1.0,5.2.0,,,,,
630067814,378226,2854185.0,28567,T1,2025-04-12 03:17:31 UTC,107912673,question_extractor,,5.2.0,,,,,
630067824,378226,2854185.0,28567,T0,2025-04-12 03:17:35 UTC,107912677,question_extractor,,5.2.0,1.0,,,,
630067824,378226,2854185.0,28567,T1,2025-04-12 03:17:35 UTC,107912677,question_extractor,,5.2.0,,1.0,,,
630067850,378226,2854185.0,28567,T0,2025-04-12 03:17:48 UTC,107912691,question_extractor,1.0,5.2.0,,,,,
630067850,378226,2854185.0,28567,T1,2025-04-12 03:17:48 UTC,107912691,question_extractor,,5.2.0,,,,,
630067853,378226,2854185.0,28567,T0,2025-04-12 03:17:50 UTC,107912714,question_extractor,1.0,5.2.0,,,,,
630067853,378226,2854185.0,28567,T1,2025-04-12 03:17:50 UTC,107912714,question_extractor,,5.2.0,,,,,
630067862,378226,2854185.0,28567,T0,2025-04-12 03:17:52 UTC,107912644,question_extractor,,5.2.0,1.0,,,,
630067862,378226,2854185.0,28567,T1,2025-04-12 03:17:52 UTC,107912644,question_extractor,,5.2.0,,1.0,,,
630067874,378226,2854185.0,28567,T0,2025-04-12 03:18:00 UTC,107912701,question_extractor,,5.2.0,1.0,,,,
630067874,378226,2854185.0,28567,T1,2025-04-12 03:18:00 UTC,107912701,question_extractor,,5.2.0,,1.0,,,
630067881,378226,2854185.0,28567,T0,2025-04-12 03:18:02 UTC,107912670,question_extractor,1.0,5.2.0,,,,,
630067881,378226,2854185.0,28567,T1,2025-04-12 03:18:02 UTC,107912670,question_extractor,,5.2.0,,,,,
630067883,378226,2854185.0,28567,T0,2025-04-12 03:18:04 UTC,107912686,question_extractor,1.0,5.2.0,,,,,
630067883,378226,2854185.0,28567,T1,2025-04-12 03:18:04 UTC,107912686,question_extractor,,5.2.0,,,,,
630067900,378226,2854185.0,28567,T0,2025-04-12 03:18:09 UTC,107912698,question_extractor,1.0,5.2.0,,,,,
630067900,378226,2854185.0,28567,T1,2025-04-12 03:18:09 UTC,107912698,question_extractor,,5.2.0,,,,,
630067905,378226,2854185.0,28567,T0,2025-04-12 03:18:11 UTC,107912648,question_extractor,1.0,5.2.0,,,,,
630067905,378226,2854185.0,28567,T1,2025-04-12 03:18:11 UTC,107912648,question_extractor,,5.2.0,,,,,
630067908,378226,2854185.0,28567,T0,2025-04-12 03:18:13 UTC,107912706,question_extractor,1.0,5.2.0,,,,,
630067908,378226,2854185.0,28567,T1,2025-04-12 03:18:13 UTC,107912706,question_extractor,,5.2.0,,,,,
630067915,378226,2854185.0,28567,T0,2025-04-12 03:18:15 UTC,107912683,question_extractor,1.0,5.2.0,,,,,
630067915,378226,2854185.0,28567,T1,2025-04-12 03:18:15 UTC,107912683,question_extractor,,5.2.0,,,,,
630067925,378226,2854185.0,28567,T0,2025-04-12 03:18:18 UTC,107912626,question_extractor,,5.2.0,1.0,,,,
630067925,378226,2854185.0,28567,T1,2025-04-12 03:18:18 UTC,107912626,question_extractor,,5.2.0,,1.0,,,
630067945,378226,2854185.0,28567,T0,2025-04-12 03:18:27 UTC,107912665,question_extractor,1.0,5.2.0,,,,,
630067945,378226,2854185.0,28567,T1,2025-04-12 03:18:27 UTC,107912665,question_extractor,,5.2.0,,,,,
630067959,378226,2854185.0,28567,T0,2025-04-12 03:18:32 UTC,107912715,question_extractor,,5.2.0,1.0,,,,
630067959,378226,2854185.0,28567,T1,2025-04-12 03:18:32 UTC,107912715,question_extractor,,5.2.0,,1.0,,,
630067965,378226,2854185.0,28567,T0,2025-04-12 03:18:34 UTC,107912641,question_extractor,1.0,5.2.0,,,,,
630067965,378226,2854185.0,28567,T1,2025-04-12 03:18:34 UTC,107912641,question_extractor,,5.2.0,,,,,
630067968,378226,2854185.0,28567,T0,2025-04-12 03:18:36 UTC,107912686,question_extractor,1.0,5.2.0,,,,,
630067968,378226,2854185.0,28567,T1,2025-04-12 03:18:36 UTC,107912686,question_extractor,,5.2.0,,,,,
630067975,378226,2854185.0,28567,T0,2025-04-12 03:18:39 UTC,107912699,question_extractor,,5.2.0,1.0,,,,
630067975,378226,2854185.0,28567,T1,2025-04-12 03:18:39 UTC,107912699,question_extractor,,5.2.0,,1.0,,,
630067985,378226,2854185.0,28567,T0,2025-04-12 03:18:43 UTC,107912685,question_extractor,,5.2.0,1.0,,,,
630067985,378226,2854185.0,28567,T1,2025-04-12 03:18:43 UTC,107912685,question_extractor,,5.2.0,,1.0,,,
630068006,378226,2854185.0,28567,T0,2025-04-12 03:18:53 UTC,107912634,question_extractor,1.0,5.2.0,,,,,
630068006,378226,2854185.0,28567,T1,2025-04-12 03:18:53 UTC,107912634,question_extractor,,5.2.0,,,,,
630068015,378226,2854185.0,28567,T0,2025-04-12 03:18:55 UTC,107912709,question_extractor,1.0,5.2.0,,,,,
630068015,378226,2854185.0,28567,T1,2025-04-12 03:18:55 UTC,107912709,question_extractor,,5.2.0,,,,,
630068017,378226,2854185.0,28567,T0,2025-04-12 03:18:57 UTC,107912656,question_extractor,1.0,5.2.0,,,,,
630068017,378226,2854185.0,28567,T1,2025-04-12 03:18:57 UTC,107912656,question_extractor,,5.2.0,,,,,
630068048,378226,2854185.0,28567,T0,2025-04-12 03:19:10 UTC,107912716,question_extractor,,5.2.0,1.0,,,,
630068048,378226,2854185.0,28567,T1,2025-04-12 03:19:10 UTC,107912716,question_extractor,,5.2.0,,1.0,,,
630068064,378226,2854185.0,28567,T0,2025-04-12 03:19:17 UTC,107912689,question_extractor,,5.2.0,1.0,,,,
630068064,378226,2854185.0,28567,T1,2025-04-12 03:19:17 UTC,107912689,question_extractor,,5.2.0,,1.0,,,
630068109,378226,2854185.0,28567,T0,2025-04-12 03:19:36 UTC,107912679,question_extractor,1.0,5.2.0,,,,,
630068109,378226,2854185.0,28567,T1,2025-04-12 03:19:36 UTC,107912679,question_extractor,,5.2.0,,,,,
630068137,378226,2854185.0,28567,T0,2025-04-12 03:19:48 UTC,107912691,question_extractor,,5.2.0,1.0,,,,
630068137,378226,2854185.0,28567,T1,2025-04-12 03:19:48 UTC,107912691,question_extractor,,5.2.0,,1.0,,,
630068142,378226,2854185.0,28567,T0,2025-04-12 03:19:49 UTC,107912655,question_extractor,1.0,5.2.0,,,,,
630068142,378226,2854185.0,28567,T1,2025-04-12 03:19:49 UTC,107912655,question_extractor,,5.2.0,,,,,
630068149,378226,2854185.0,28567,T0,2025-04-12 03:19:52 UTC,107912618,question_extractor,1.0,5.2.0,,,,,
630068149,378226,2854185.0,28567,T1,2025-04-12 03:19:52 UTC,107912618,question_extractor,,5.2.0,,,,,
630068156,378226,2854185.0,28567,T0,2025-04-12 03:19:55 UTC,107912684,question_extractor,1.0,5.2.0,,,,,
630068156,378226,2854185.0,28567,T1,2025-04-12 03:19:55 UTC,107912684,question_extractor,,5.2.0,,,,,
630068164,378226,2854185.0,28567,T0,2025-04-12 03:19:57 UTC,107912633,question_extractor,1.0,5.2.0,,,,,
630068164,378226,2854185.0,28567,T1,2025-04-12 03:19:57 UTC,107912633,question_extractor,,5.2.0,,,,,
630068171,378226,2854185.0,28567,T0,2025-04-12 03:19:59 UTC,107912662,question_extractor,1.0,5.2.0,,,,,
630068171,378226,2854185.0,28567,T1,2025-04-12 03:19:59 UTC,107912662,question_extractor,,5.2.0,,,,,
630068177,378226,2854185.0,28567,T0,2025-04-12 03:20:01 UTC,107912683,question_extractor,1.0,5.2.0,,,,,
630068177,378226,2854185.0,28567,T1,2025-04-12 03:20:01 UTC,107912683,question_extractor,,5.2.0,,,,,
630068185,378226,2854185.0,28567,T0,2025-04-12 03:20:03 UTC,107912711,question_extractor,1.0,5.2.0,,,,,
630068185,378226,2854185.0,28567,T1,2025-04-12 03:20:03 UTC,107912711,question_extractor,,5.2.0,,,,,
630068191,378226,2854185.0,28567,T0,2025-04-12 03:20:05 UTC,107912635,question_extractor,1.0,5.2.0,,,,,
630068191,378226,2854185.0,28567,T1,2025-04-12 03:20:05 UTC,107912635,question_extractor,,5.2.0,,,,,
630068204,378226,2854185.0,28567,T0,2025-04-12 03:20:11 UTC,107912716,question_extractor,,5.2.0,1.0,,,,
630068204,378226,2854185.0,28567,T1,2025-04-12 03:20:11 UTC,107912716,question_extractor,,5.2.0,,1.0,,,
630070257,golddd01,2855172.0,28567,T0,2025-04-12 03:38:15 UTC,107912702,question_extractor,1.0,5.2.0,,,,,
630070257,golddd01,2855172.0,28567,T1,2025-04-12 03:38:15 UTC,107912702,question_extractor,,5.2.0,,,,,
630070264,golddd01,2855172.0,28567,T0,2025-04-12 03:38:20 UTC,107912728,question_extractor,1.0,5.2.0,,,,,
630070264,golddd01,2855172.0,28567,T1,2025-04-12 03:38:20 UTC,107912728,question_extractor,,5.2.0,,,,,
630070276,golddd01,2855172.0,28567,T0,2025-04-12 03:38:30 UTC,107912738,question_extractor,,5.2.0,1.0,,,,
630070276,golddd01,2855172.0,28567,T1,2025-04-12 03:38:30 UTC,107912738,question_extractor,,5.2.0,,1.0,,,
630070288,golddd01,2855172.0,28567,T0,2025-04-12 03:38:36 UTC,107912801,question_extractor,1.0,5.2.0,,,,,
630070288,golddd01,2855172.0,28567,T1,2025-04-12 03:38:36 UTC,107912801,question_extractor,,5.2.0,,,,,
630075248,golddd01,2855172.0,28567,T0,2025-04-12 04:29:44 UTC,107912765,question_extractor,,5.2.0,1.0,,,,
630075248,golddd01,2855172.0,28567,T1,2025-04-12 04:29:44 UTC,107912765,question_extractor,,5.2.0,,1.0,,,
630075270,golddd01,2855172.0,28567,T0,2025-04-12 04:30:02 UTC,107912834,question_extractor,,5.2.0,1.0,,,,
630075270,golddd01,2855172.0,28567,T1,2025-04-12 04:30:02 UTC,107912834,question_extractor,,5.2.0,,1.0,,,
630075281,golddd01,2855172.0,28567,T0,2025-04-12 04:30:10 UTC,107912813,question_extractor,1.0,5.2.0,,,,,
630075281,golddd01,2855172.0,28567,T1,2025-04-12 04:30:10 UTC,107912813,question_extractor,,5.2.0,,,,,
630075296,golddd01,2855172.0,28567,T0,2025-04-12 04:30:17 UTC,107912767,question_extractor,,5.2.0,1.0,,,,
630075296,golddd01,2855172.0,28567,T1,2025-04-12 04:30:17 UTC,107912767,question_extractor,,5.2.0,,1.0,,,
630075306,golddd01,2855172.0,28567,T0,2025-04-12 04:30:27 UTC,107912863,question_extractor,,5.2.0,1.0,,,,
630075306,golddd01,2855172.0,28567,T1,2025-04-12 04:30:27 UTC,107912863,question_extractor,,5.2.0,,1.0,,,
630075320,golddd01,2855172.0,28567,T0,2025-04-12 04:30:36 UTC,107912822,question_extractor,,5.2.0,1.0,,,,
630075320,golddd01,2855172.0,28567,T1,2025-04-12 04:30:36 UTC,107912822,question_extractor,,5.2.0,,1.0,,,
630075331,golddd01,2855172.0,28567,T0,2025-04-12 04:30:43 UTC,107912893,question_extractor,,5.2.0,1.0,,,,
630075331,golddd01,2855172.0,28567,T1,2025-04-12 04:30:43 UTC,107912893,question_extractor,,5.2.0,,1.0,,,
630075343,golddd01,2855172.0,28567,T0,2025-04-12 04:30:52 UTC,107912623,question_extractor,,5.2.0,1.0,,,,
630075343,golddd01,2855172.0,28567,T1,2025-04-12 04:30:52 UTC,107912623,question_extractor,,5.2.0,,1.0,,,
630075354,golddd01,2855172.0,28567,T0,2025-04-12 04:30:58 UTC,107912736,question_extractor,1.0,5.2.0,,,,,
630075354,golddd01,2855172.0,28567,T1,2025-04-12 04:30:58 UTC,107912736,question_extractor,,5.2.0,,,,,
630075361,golddd01,2855172.0,28567,T0,2025-04-12 04:31:04 UTC,107912832,question_extractor,1.0,5.2.0,,,,,
630075361,golddd01,2855172.0,28567,T1,2025-04-12 04:31:04 UTC,107912832,question_extractor,,5.2.0,,,,,
630075365,golddd01,2855172.0,28567,T0,2025-04-12 04:31:08 UTC,107912708,question_extractor,1.0,5.2.0,,,,,
630075365,golddd01,2855172.0,28567,T1,2025-04-12 04:31:08 UTC,107912708,question_extractor,,5.2.0,,,,,
630075383,golddd01,2855172.0,28567,T0,2025-04-12 04:31:21 UTC,107912667,question_extractor,,5.2.0,1.0,,,,
630075383,golddd01,2855172.0,28567,T1,2025-04-12 04:31:21 UTC,107912667,question_extractor,,5.2.0,,1.0,,,
630075389,golddd01,2855172.0,28567,T0,2025-04-12 04:31:25 UTC,107912662,question_extractor,1.0,5.2.0,,,,,
630075389,golddd01,2855172.0,28567,T1,2025-04-12 04:31:25 UTC,107912662,question_extractor,,5.2.0,,,,,
630075394,golddd01,2855172.0,28567,T0,2025-04-12 04:31:29 UTC,107912921,question_extractor,1.0,5.2.0,,,,,
630075394,golddd01,2855172.0,28567,T1,2025-04-12 04:31:29 UTC,107912921,question_extractor,,5.2.0,,,,,
630075399,golddd01,2855172.0,28567,T0,2025-04-12 04:31:33 UTC,107912788,question_extractor,1.0,5.2.0,,,,,
630075399,golddd01,2855172.0,28567,T1,2025-04-12 04:31:33 UTC,107912788,question_extractor,,5.2.0,,,,,
630075424,golddd01,2855172.0,28567,T0,2025-04-12 04:31:49 UTC,107912885,question_extractor,,5.2.0,1.0,,,,
630075424,golddd01,2855172.0,28567,T1,2025-04-12 04:31:49 UTC,107912885,question_extractor,,5.2.0,,1.0,,,
630075434,golddd01,2855172.0,28567,T0,2025-04-12 04:31:54 UTC,107912752,question_extractor,1.0,5.2.0,,,,,
630075434,golddd01,2855172.0,28567,T1,2025-04-12 04:31:54 UTC,107912752,question_extractor,,5.2.0,,,,,
630075444,golddd01,2855172.0,28567,T0,2025-04-12 04:32:00 UTC,107912760,question_extractor,,5.2.0,1.0,,,,
630075444,golddd01,2855172.0,28567,T1,2025-04-12 04:32:00 UTC,107912760,question_extractor,,5.2.0,,1.0,,,
630075451,golddd01,2855172.0,28567,T0,2025-04-12 04:32:05 UTC,107912618,question_extractor,1.0,5.2.0,,,,,
630075451,golddd01,2855172.0,28567,T1,2025-04-12 04:32:05 UTC,107912618,question_extractor,,5.2.0,,,,,
630075478,golddd01,2855172.0,28567,T0,2025-04-12 04:32:20 UTC,107912872,question_extractor,,5.2.0,1.0,,,,
630075478,golddd01,2855172.0,28567,T1,2025-04-12 04:32:20 UTC,107912872,question_extractor,,5.2.0,,1.0,,,
630080622,golddd01,2855172.0,28567,T0,2025-04-12 05:31:29 UTC,107912798,question_extractor,,5.2.0,1.0,,,,
630080622,golddd01,2855172.0,28567,T1,2025-04-12 05:31:29 UTC,107912798,question_extractor,,5.2.0,,1.0,,,
630080634,golddd01,2855172.0,28567,T0,2025-04-12 05:31:43 UTC,107912829,question_extractor,1.0,5.2.0,,,,,
630080634,golddd01,2855172.0,28567,T1,2025-04-12 05:31:43 UTC,107912829,question_extractor,,5.2.0,,,,,
630080723,golddd01,2855172.0,28567,T0,2025-04-12 05:32:57 UTC,107912804,question_extractor,1.0,5.2.0,,,,,
630080723,golddd01,2855172.0,28567,T1,2025-04-12 05:32:57 UTC,107912804,question_extractor,,5.2.0,,,,,
630080728,golddd01,2855172.0,28567,T0,2025-04-12 05:33:03 UTC,107912861,question_extractor,1.0,5.2.0,,,,,
630080728,golddd01,2855172.0,28567,T1,2025-04-12 05:33:03 UTC,107912861,question_extractor,,5.2.0,,,,,
630080760,golddd01,2855172.0,28567,T0,2025-04-12 05:33:34 UTC,107912914,question_extractor,1.0,5.2.0,,,,,
630080760,golddd01,2855172.0,28567,T1,2025-04-12 05:33:34 UTC,107912914,question_extractor,,5.2.0,,,,,
630080766,golddd01,2855172.0,28567,T0,2025-04-12 05:33:40 UTC,107912797,question_extractor,1.0,5.2.0,,,,,
630080766,golddd01,2855172.0,28567,T1,2025-04-12 05:33:40 UTC,107912797,question_extractor,,5.2.0,,,,,
630080782,golddd01,2855172.0,28567,T0,2025-04-12 05:33:51 UTC,107912685,question_extractor,,5.2.0,1.0,,,,
630080782,golddd01,2855172.0,28567,T1,2025-04-12 05:33:51 UTC,107912685,question_extractor,,5.2.0,,1.0,,,
630080800,golddd01,2855172.0,28567,T0,2025-04-12 05:34:06 UTC,107912803,question_extractor,1.0,5.2.0,,,,,
630080800,golddd01,2855172.0,28567,T1,2025-04-12 05:34:06 UTC,107912803,question_extractor,,5.2.0,,,,,
630080843,golddd01,2855172.0,28567,T0,2025-04-12 05:34:39 UTC,107912944,question_extractor,1.0,5.2.0,,,,,
630080843,golddd01,2855172.0,28567,T1,2025-04-12 05:34:39 UTC,107912944,question_extractor,,5.2.0,,,,,
630080853,golddd01,2855172.0,28567,T0,2025-04-12 05:34:49 UTC,107912852,question_extractor,1.0,5.2.0,,,,,
630080853,golddd01,2855172.0,28567,T1,2025-04-12 05:34:49 UTC,107912852,question_extractor,,5.2.0,,,,,
630080858,golddd01,2855172.0,28567,T0,2025-04-12 05:34:53 UTC,107912659,question_extractor,1.0,5.2.0,,,,,
630080858,golddd01,2855172.0,28567,T1,2025-04-12 05:34:53 UTC,107912659,question_extractor,,5.2.0,,,,,
630080865,golddd01,2855172.0,28567,T0,2025-04-12 05:35:02 UTC,107912779,question_extractor,,5.2.0,1.0,,,,
630080865,golddd01,2855172.0,28567,T1,2025-04-12 05:35:02 UTC,107912779,question_extractor,,5.2.0,,1.0,,,
630080928,golddd01,2855172.0,28567,T0,2025-04-12 05:35:58 UTC,107912768,question_extractor,1.0,5.2.0,,,,,
630080928,golddd01,2855172.0,28567,T1,2025-04-12 05:35:58 UTC,107912768,question_extractor,,5.2.0,,,,,
630080995,golddd01,2855172.0,28567,T0,2025-04-12 05:37:02 UTC,107912748,question_extractor,,5.2.0,1.0,,,,
630080995,golddd01,2855172.0,28567,T1,2025-04-12 05:37:02 UTC,107912748,question_extractor,,5.2.0,,1.0,,,
630081013,golddd01,2855172.0,28567,T0,2025-04-12 05:37:17 UTC,107912643,question_extractor,,5.2.0,1.0,,,,
630081013,golddd01,2855172.0,28567,T1,2025-04-12 05:37:17 UTC,107912643,question_extractor,,5.2.0,,1.0,,,
630081017,golddd01,2855172.0,28567,T0,2025-04-12 05:37:21 UTC,107912758,question_extractor,1.0,5.2.0,,,,,
630081017,golddd01,2855172.0,28567,T1,2025-04-12 05:37:21 UTC,107912758,question_extractor,,5.2.0,,,,,
630081027,golddd01,2855172.0,28567,T0,2025-04-12 05:37:30 UTC,107912907,question_extractor,,5.2.0,1.0,,,,
630081027,golddd01,2855172.0,28567,T1,2025-04-12 05:37:30 UTC,107912907,question_extractor,,5.2.0,,1.0,,,
630081038,golddd01,2855172.0,28567,T0,2025-04-12 05:37:41 UTC,107912722,question_extractor,,5.2.0,1.0,,,,
630081038,golddd01,2855172.0,28567,T1,2025-04-12 05:37:41 UTC,107912722,question_extractor,,5.2.0,,1.0,,,
630081073,golddd01,2855172.0,28567,T0,2025-04-12 05:38:11 UTC,107912808,question_extractor,,5.2.0,1.0,,,,
630081073,golddd01,2855172.0,28567,T1,2025-04-12 05:38:11 UTC,107912808,question_extractor,,5.2.0,,1.0,,,
630081078,golddd01,2855172.0,28567,T0,2025-04-12 05:38:16 UTC,107912781,question_extractor,1.0,5.2.0,,,,,
630081078,golddd01,2855172.0,28567,T1,2025-04-12 05:38:16 UTC,107912781,question_extractor,,5.2.0,,,,,
630081094,golddd01,2855172.0,28567,T0,2025-04-12 05:38:27 UTC,107912958,question_extractor,,5.2.0,1.0,,,,
630081094,golddd01,2855172.0,28567,T1,2025-04-12 05:38:27 UTC,107912958,question_extractor,,5.2.0,,1.0,,,
630081104,golddd01,2855172.0,28567,T0,2025-04-12 05:38:35 UTC,107912815,question_extractor,1.0,5.2.0,,,,,
630081104,golddd01,2855172.0,28567,T1,2025-04-12 05:38:35 UTC,107912815,question_extractor,,5.2.0,,,,,
630081107,golddd01,2855172.0,28567,T0,2025-04-12 05:38:39 UTC,107912769,question_extractor,1.0,5.2.0,,,,,
630081107,golddd01,2855172.0,28567,T1,2025-04-12 05:38:39 UTC,107912769,question_extractor,,5.2.0,,,,,
630081113,golddd01,2855172.0,28567,T0,2025-04-12 05:38:46 UTC,107912783,question_extractor,,5.2.0,1.0,,,,
630081113,golddd01,2855172.0,28567,T1,2025-04-12 05:38:46 UTC,107912783,question_extractor,,5.2.0,,1.0,,,
630081186,golddd01,2855172.0,28567,T0,2025-04-12 05:39:28 UTC,107912817,question_extractor,,5.2.0,1.0,,,,
630081186,golddd01,2855172.0,28567,T1,2025-04-12 05:39:28 UTC,107912817,question_extractor,,5.2.0,,,1.0,,
630081204,golddd01,2855172.0,28567,T0,2025-04-12 05:39:32 UTC,107912875,question_extractor,1.0,5.2.0,,,,,
630081204,golddd01,2855172.0,28567,T1,2025-04-12 05:39:32 UTC,107912875,question_extractor,,5.2.0,,,,,
630081233,golddd01,2855172.0,28567,T0,2025-04-12 05:39:41 UTC,107912658,question_extractor,1.0,5.2.0,,,,,
630081233,golddd01,2855172.0,28567,T1,2025-04-12 05:39:41 UTC,107912658,question_extractor,,5.2.0,,,,,
630081245,golddd01,2855172.0,28567,T0,2025-04-12 05:39:48 UTC,107912709,question_extractor,1.0,5.2.0,,,,,
630081245,golddd01,2855172.0,28567,T1,2025-04-12 05:39:48 UTC,107912709,question_extractor,,5.2.0,,,,,
630081355,golddd01,2855172.0,28567,T0,2025-04-12 05:40:43 UTC,107912647,question_extractor,,5.2.0,1.0,,,,
630081355,golddd01,2855172.0,28567,T1,2025-04-12 05:40:43 UTC,107912647,question_extractor,,5.2.0,,,1.0,,
630081370,golddd01,2855172.0,28567,T0,2025-04-12 05:40:50 UTC,107912690,question_extractor,,5.2.0,1.0,,,,
630081370,golddd01,2855172.0,28567,T1,2025-04-12 05:40:50 UTC,107912690,question_extractor,,5.2.0,,1.0,,,
630081419,golddd01,2855172.0,28567,T0,2025-04-12 05:41:09 UTC,107912677,question_extractor,,5.2.0,1.0,,,,
630081419,golddd01,2855172.0,28567,T1,2025-04-12 05:41:09 UTC,107912677,question_extractor,,5.2.0,,,1.0,,
630082264,golddd01,2855172.0,28567,T0,2025-04-12 05:48:47 UTC,107912643,question_extractor,,5.2.0,1.0,,,,
630082264,golddd01,2855172.0,28567,T1,2025-04-12 05:48:47 UTC,107912643,question_extractor,,5.2.0,,1.0,,,
630210828,378226,2854185.0,28567,T0,2025-04-12 21:15:22 UTC,107912709,question_extractor,1.0,5.2.0,,,,,
630210828,378226,2854185.0,28567,T1,2025-04-12 21:15:22 UTC,107912709,question_extractor,,5.2.0,,,,,
630210829,378226,2854185.0,28567,T0,2025-04-12 21:15:22 UTC,107912634,question_extractor,1.0,5.2.0,,,,,
630210829,378226,2854185.0,28567,T1,2025-04-12 21:15:22 UTC,107912634,question_extractor,,5.2.0,,,,,
630210842,378226,2854185.0,28567,T0,2025-04-12 21:15:26 UTC,107912649,question_extractor,1.0,5.2.0,,,,,
630210842,378226,2854185.0,28567,T1,2025-04-12 21:15:26 UTC,107912649,question_extractor,,5.2.0,,,,,
630210916,378226,2854185.0,28567,T0,2025-04-12 21:15:46 UTC,107912717,question_extractor,,5.2.0,1.0,,,,
630210916,378226,2854185.0,28567,T1,2025-04-12 21:15:46 UTC,107912717,question_extractor,,5.2.0,,1.0,,,
630210922,378226,2854185.0,28567,T0,2025-04-12 21:15:48 UTC,107912638,question_extractor,1.0,5.2.0,,,,,
630210922,378226,2854185.0,28567,T1,2025-04-12 21:15:48 UTC,107912638,question_extractor,,5.2.0,,,,,
630210929,378226,2854185.0,28567,T0,2025-04-12 21:15:49 UTC,107912661,question_extractor,1.0,5.2.0,,,,,
630210929,378226,2854185.0,28567,T1,2025-04-12 21:15:49 UTC,107912661,question_extractor,,5.2.0,,,,,
630210941,378226,2854185.0,28567,T0,2025-04-12 21:15:53 UTC,107912631,question_extractor,1.0,5.2.0,,,,,
630210941,378226,2854185.0,28567,T1,2025-04-12 21:15:53 UTC,107912631,question_extractor,,5.2.0,,,,,
630210949,378226,2854185.0,28567,T0,2025-04-12 21:15:54 UTC,107912706,question_extractor,1.0,5.2.0,,,,,
630210949,378226,2854185.0,28567,T1,2025-04-12 21:15:54 UTC,107912706,question_extractor,,5.2.0,,,,,
630210955,378226,2854185.0,28567,T0,2025-04-12 21:15:56 UTC,107912662,question_extractor,1.0,5.2.0,,,,,
630210955,378226,2854185.0,28567,T1,2025-04-12 21:15:56 UTC,107912662,question_extractor,,5.2.0,,,,,
630210992,378226,2854185.0,28567,T0,2025-04-12 21:16:06 UTC,107912694,question_extractor,1.0,5.2.0,,,,,
630210992,378226,2854185.0,28567,T1,2025-04-12 21:16:06 UTC,107912694,question_extractor,,5.2.0,,,,,
630211012,378226,2854185.0,28567,T0,2025-04-12 21:16:11 UTC,107912622,question_extractor,,5.2.0,1.0,,,,
630211012,378226,2854185.0,28567,T1,2025-04-12 21:16:11 UTC,107912622,question_extractor,,5.2.0,,1.0,,,
630211161,378226,2854185.0,28567,T0,2025-04-12 21:17:01 UTC,107912691,question_extractor,,5.2.0,1.0,,,,
630211161,378226,2854185.0,28567,T1,2025-04-12 21:17:01 UTC,107912691,question_extractor,,5.2.0,,1.0,,,
630211169,378226,2854185.0,28567,T0,2025-04-12 21:17:03 UTC,107912686,question_extractor,1.0,5.2.0,,,,,
630211169,378226,2854185.0,28567,T1,2025-04-12 21:17:03 UTC,107912686,question_extractor,,5.2.0,,,,,
630211180,378226,2854185.0,28567,T0,2025-04-12 21:17:06 UTC,107912644,question_extractor,,5.2.0,1.0,,,,
630211180,378226,2854185.0,28567,T1,2025-04-12 21:17:06 UTC,107912644,question_extractor,,5.2.0,,1.0,,,
630211196,378226,2854185.0,28567,T0,2025-04-12 21:17:09 UTC,107912699,question_extractor,,5.2.0,1.0,,,,
630211196,378226,2854185.0,28567,T1,2025-04-12 21:17:09 UTC,107912699,question_extractor,,5.2.0,,1.0,,,
630211249,378226,2854185.0,28567,T0,2025-04-12 21:17:23 UTC,107912709,question_extractor,1.0,5.2.0,,,,,
630211249,378226,2854185.0,28567,T1,2025-04-12 21:17:23 UTC,107912709,question_extractor,,5.2.0,,,,,
630211277,378226,2854185.0,28567,T0,2025-04-12 21:17:29 UTC,107912630,question_extractor,,5.2.0,1.0,,,,
630211277,378226,2854185.0,28567,T1,2025-04-12 21:17:29 UTC,107912630,question_extractor,,5.2.0,,1.0,,,
630211294,378226,2854185.0,28567,T0,2025-04-12 21:17:33 UTC,107912716,question_extractor,,5.2.0,1.0,,,,
630211294,378226,2854185.0,28567,T1,2025-04-12 21:17:33 UTC,107912716,question_extractor,,5.2.0,,1.0,,,
630211310,378226,2854185.0,28567,T0,2025-04-12 21:17:36 UTC,107912637,question_extractor,1.0,5.2.0,,,,,
630211310,378226,2854185.0,28567,T1,2025-04-12 21:17:36 UTC,107912637,question_extractor,,5.2.0,,,,,
630211336,378226,2854185.0,28567,T0,2025-04-12 21:17:42 UTC,107912627,question_extractor,,5.2.0,1.0,,,,
630211336,378226,2854185.0,28567,T1,2025-04-12 21:17:42 UTC,107912627,question_extractor,,5.2.0,,1.0,,,
630211383,378226,2854185.0,28567,T0,2025-04-12 21:17:53 UTC,107912621,question_extractor,,5.2.0,1.0,,,,
630211383,378226,2854185.0,28567,T1,2025-04-12 21:17:53 UTC,107912621,question_extractor,,5.2.0,,1.0,,,
630211413,378226,2854185.0,28567,T0,2025-04-12 21:18:00 UTC,107912686,question_extractor,1.0,5.2.0,,,,,
630211413,378226,2854185.0,28567,T1,2025-04-12 21:18:00 UTC,107912686,question_extractor,,5.2.0,,,,,
630211420,378226,2854185.0,28567,T0,2025-04-12 21:18:02 UTC,107912635,question_extractor,1.0,5.2.0,,,,,
630211420,378226,2854185.0,28567,T1,2025-04-12 21:18:02 UTC,107912635,question_extractor,,5.2.0,,,,,
630211425,378226,2854185.0,28567,T0,2025-04-12 21:18:03 UTC,107912638,question_extractor,1.0,5.2.0,,,,,
630211425,378226,2854185.0,28567,T1,2025-04-12 21:18:03 UTC,107912638,question_extractor,,5.2.0,,,,,
630211431,378226,2854185.0,28567,T0,2025-04-12 21:18:04 UTC,107912669,question_extractor,1.0,5.2.0,,,,,
630211431,378226,2854185.0,28567,T1,2025-04-12 21:18:04 UTC,107912669,question_extractor,,5.2.0,,,,,
630211440,378226,2854185.0,28567,T0,2025-04-12 21:18:06 UTC,107912709,question_extractor,1.0,5.2.0,,,,,
630211440,378226,2854185.0,28567,T1,2025-04-12 21:18:06 UTC,107912709,question_extractor,,5.2.0,,,,,
630211446,378226,2854185.0,28567,T0,2025-04-12 21:18:08 UTC,107912665,question_extractor,1.0,5.2.0,,,,,
630211446,378226,2854185.0,28567,T1,2025-04-12 21:18:08 UTC,107912665,question_extractor,,5.2.0,,,,,
630211475,378226,2854185.0,28567,T0,2025-04-12 21:18:18 UTC,107912688,question_extractor,1.0,5.2.0,,,,,
630211475,378226,2854185.0,28567,T1,2025-04-12 21:18:18 UTC,107912688,question_extractor,,5.2.0,,,,,
630211490,378226,2854185.0,28567,T0,2025-04-12 21:18:24 UTC,107912696,question_extractor,,5.2.0,1.0,,,,
630211490,378226,2854185.0,28567,T1,2025-04-12 21:18:24 UTC,107912696,question_extractor,,5.2.0,,,1.0,,
630211515,378226,2854185.0,28567,T0,2025-04-12 21:18:31 UTC,107912692,question_extractor,,5.2.0,1.0,,,,
630211515,378226,2854185.0,28567,T1,2025-04-12 21:18:31 UTC,107912692,question_extractor,,5.2.0,,,1.0,,
630211529,378226,2854185.0,28567,T0,2025-04-12 21:18:36 UTC,107912695,question_extractor,,5.2.0,1.0,,,,
630211529,378226,2854185.0,28567,T1,2025-04-12 21:18:36 UTC,107912695,question_extractor,,5.2.0,,1.0,,,
630211535,378226,2854185.0,28567,T0,2025-04-12 21:18:38 UTC,107912697,question_extractor,1.0,5.2.0,,,,,
630211535,378226,2854185.0,28567,T1,2025-04-12 21:18:38 UTC,107912697,question_extractor,,5.2.0,,,,,
630211570,378226,2854185.0,28567,T0,2025-04-12 21:18:48 UTC,107912629,question_extractor,,5.2.0,1.0,,,,
630211570,378226,2854185.0,28567,T1,2025-04-12 21:18:48 UTC,107912629,question_extractor,,5.2.0,,1.0,,,
630211580,378226,2854185.0,28567,T0,2025-04-12 21:18:51 UTC,107912648,question_extractor,1.0,5.2.0,,,,,
630211580,378226,2854185.0,28567,T1,2025-04-12 21:18:51 UTC,107912648,question_extractor,,5.2.0,,,,,
630211596,378226,2854185.0,28567,T0,2025-04-12 21:18:56 UTC,107912709,question_extractor,1.0,5.2.0,,,,,
630211596,378226,2854185.0,28567,T1,2025-04-12 21:18:56 UTC,107912709,question_extractor,,5.2.0,,,,,
630211914,378226,2854185.0,28567,T0,2025-04-12 21:20:21 UTC,107912701,question_extractor,,5.2.0,1.0,,,,
630211914,378226,2854185.0,28567,T1,2025-04-12 21:20:21 UTC,107912701,question_extractor,,5.2.0,,,1.0,,
630211936,378226,2854185.0,28567,T0,2025-04-12 21:20:26 UTC,107912716,question_extractor,,5.2.0,1.0,,,,
630211936,378226,2854185.0,28567,T1,2025-04-12 21:20:26 UTC,107912716,question_extractor,,5.2.0,,1.0,,,
630211982,378226,2854185.0,28567,T0,2025-04-12 21:20:40 UTC,107912705,question_extractor,1.0,5.2.0,,,,,
630211982,378226,2854185.0,28567,T1,2025-04-12 21:20:40 UTC,107912705,question_extractor,,5.2.0,,,,,
630212067,378226,2854185.0,28567,T0,2025-04-12 21:21:05 UTC,107912640,question_extractor,,5.2.0,1.0,,,,
630212067,378226,2854185.0,28567,T1,2025-04-12 21:21:05 UTC,107912640,question_extractor,,5.2.0,,1.0,,,
630212117,378226,2854185.0,28567,T0,2025-04-12 21:21:20 UTC,107912691,question_extractor,,5.2.0,1.0,,,,
630212117,378226,2854185.0,28567,T1,2025-04-12 21:21:20 UTC,107912691,question_extractor,,5.2.0,,1.0,,,
630212210,378226,2854185.0,28567,T0,2025-04-12 21:21:50 UTC,107912628,question_extractor,,5.2.0,1.0,,,,
630212210,378226,2854185.0,28567,T1,2025-04-12 21:21:50 UTC,107912628,question_extractor,,5.2.0,,1.0,,,
630212286,378226,2854185.0,28567,T0,2025-04-12 21:22:08 UTC,107912659,question_extractor,1.0,5.2.0,,,,,
630212286,378226,2854185.0,28567,T1,2025-04-12 21:22:08 UTC,107912659,question_extractor,,5.2.0,,,,,
630212291,378226,2854185.0,28567,T0,2025-04-12 21:22:10 UTC,107912674,question_extractor,1.0,5.2.0,,,,,
630212291,378226,2854185.0,28567,T1,2025-04-12 21:22:10 UTC,107912674,question_extractor,,5.2.0,,,,,
630212315,378226,2854185.0,28567,T0,2025-04-12 21:22:18 UTC,107912708,question_extractor,1.0,5.2.0,,,,,
630212315,378226,2854185.0,28567,T1,2025-04-12 21:22:18 UTC,107912708,question_extractor,,5.2.0,,,,,
630212320,378226,2854185.0,28567,T0,2025-04-12 21:22:20 UTC,107912639,question_extractor,1.0,5.2.0,,,,,
630212320,378226,2854185.0,28567,T1,2025-04-12 21:22:20 UTC,107912639,question_extractor,,5.2.0,,,,,
630212333,378226,2854185.0,28567,T0,2025-04-12 21:22:23 UTC,107912680,question_extractor,1.0,5.2.0,,,,,
630212333,378226,2854185.0,28567,T1,2025-04-12 21:22:23 UTC,107912680,question_extractor,,5.2.0,,,,,
630212360,378226,2854185.0,28567,T0,2025-04-12 21:22:31 UTC,107912672,question_extractor,,5.2.0,1.0,,,,
630212360,378226,2854185.0,28567,T1,2025-04-12 21:22:31 UTC,107912672,question_extractor,,5.2.0,,1.0,,,
630212366,378226,2854185.0,28567,T0,2025-04-12 21:22:33 UTC,107912695,question_extractor,1.0,5.2.0,,,,,
630212366,378226,2854185.0,28567,T1,2025-04-12 21:22:33 UTC,107912695,question_extractor,,5.2.0,,,,,
630212380,378226,2854185.0,28567,T0,2025-04-12 21:22:37 UTC,107912701,question_extractor,,5.2.0,1.0,,,,
630212380,378226,2854185.0,28567,T1,2025-04-12 21:22:37 UTC,107912701,question_extractor,,5.2.0,,1.0,,,
630212657,378226,2854185.0,28567,T0,2025-04-12 21:23:56 UTC,107912629,question_extractor,,5.2.0,1.0,,,,
630212657,378226,2854185.0,28567,T1,2025-04-12 21:23:56 UTC,107912629,question_extractor,,5.2.0,,1.0,,,
630212731,378226,2854185.0,28567,T0,2025-04-12 21:24:14 UTC,107912713,question_extractor,1.0,5.2.0,,,,,
630212731,378226,2854185.0,28567,T1,2025-04-12 21:24:14 UTC,107912713,question_extractor,,5.2.0,,,,,
630212738,378226,2854185.0,28567,T0,2025-04-12 21:24:16 UTC,107912639,question_extractor,1.0,5.2.0,,,,,
630212738,378226,2854185.0,28567,T1,2025-04-12 21:24:16 UTC,107912639,question_extractor,,5.2.0,,,,,
630212886,378226,2854185.0,28567,T0,2025-04-12 21:25:03 UTC,107912660,question_extractor,1.0,5.2.0,,,,,
630212886,378226,2854185.0,28567,T1,2025-04-12 21:25:03 UTC,107912660,question_extractor,,5.2.0,,,,,
630212910,378226,2854185.0,28567,T0,2025-04-12 21:25:13 UTC,107912640,question_extractor,,5.2.0,1.0,,,,
630212910,378226,2854185.0,28567,T1,2025-04-12 21:25:13 UTC,107912640,question_extractor,,5.2.0,,,1.0,,
630212955,378226,2854185.0,28567,T0,2025-04-12 21:25:27 UTC,107912693,question_extractor,,5.2.0,1.0,,,,
630212955,378226,2854185.0,28567,T1,2025-04-12 21:25:27 UTC,107912693,question_extractor,,5.2.0,,,1.0,,
630212958,378226,2854185.0,28567,T0,2025-04-12 21:25:28 UTC,107912684,question_extractor,1.0,5.2.0,,,,,
630212958,378226,2854185.0,28567,T1,2025-04-12 21:25:28 UTC,107912684,question_extractor,,5.2.0,,,,,
630212974,378226,2854185.0,28567,T0,2025-04-12 21:25:31 UTC,107912670,question_extractor,,5.2.0,1.0,,,,
630212974,378226,2854185.0,28567,T1,2025-04-12 21:25:31 UTC,107912670,question_extractor,,5.2.0,,1.0,,,
630212998,378226,2854185.0,28567,T0,2025-04-12 21:25:37 UTC,107912625,question_extractor,,5.2.0,1.0,,,,
630212998,378226,2854185.0,28567,T1,2025-04-12 21:25:37 UTC,107912625,question_extractor,,5.2.0,,1.0,,,
630213099,378226,2854185.0,28567,T0,2025-04-12 21:26:01 UTC,107912633,question_extractor,1.0,5.2.0,,,,,
630213099,378226,2854185.0,28567,T1,2025-04-12 21:26:01 UTC,107912633,question_extractor,,5.2.0,,,,,
630213102,378226,2854185.0,28567,T0,2025-04-12 21:26:01 UTC,107912669,question_extractor,1.0,5.2.0,,,,,
630213102,378226,2854185.0,28567,T1,2025-04-12 21:26:01 UTC,107912669,question_extractor,,5.2.0,,,,,
630213106,378226,2854185.0,28567,T0,2025-04-12 21:26:01 UTC,107912716,question_extractor,,5.2.0,1.0,,,,
630213106,378226,2854185.0,28567,T1,2025-04-12 21:26:01 UTC,107912716,question_extractor,,5.2.0,,1.0,,,
630213168,378226,2854185.0,28567,T0,2025-04-12 21:26:14 UTC,107912678,question_extractor,,5.2.0,1.0,,,,
630213168,378226,2854185.0,28567,T1,2025-04-12 21:26:14 UTC,107912678,question_extractor,,5.2.0,,1.0,,,
630213171,378226,2854185.0,28567,T0,2025-04-12 21:26:15 UTC,107912632,question_extractor,1.0,5.2.0,,,,,
630213171,378226,2854185.0,28567,T1,2025-04-12 21:26:15 UTC,107912632,question_extractor,,5.2.0,,,,,
630213179,378226,2854185.0,28567,T0,2025-04-12 21:26:17 UTC,107912651,question_extractor,1.0,5.2.0,,,,,
630213179,378226,2854185.0,28567,T1,2025-04-12 21:26:17 UTC,107912651,question_extractor,,5.2.0,,,,,
630213187,378226,2854185.0,28567,T0,2025-04-12 21:26:19 UTC,107912711,question_extractor,1.0,5.2.0,,,,,
630213187,378226,2854185.0,28567,T1,2025-04-12 21:26:19 UTC,107912711,question_extractor,,5.2.0,,,,,
630213193,378226,2854185.0,28567,T0,2025-04-12 21:26:21 UTC,107912680,question_extractor,1.0,5.2.0,,,,,
630213193,378226,2854185.0,28567,T1,2025-04-12 21:26:21 UTC,107912680,question_extractor,,5.2.0,,,,,
630213215,378226,2854185.0,28567,T0,2025-04-12 21:26:29 UTC,107912671,question_extractor,,5.2.0,1.0,,,,
630213215,378226,2854185.0,28567,T1,2025-04-12 21:26:29 UTC,107912671,question_extractor,,5.2.0,,,1.0,,
630213252,378226,2854185.0,28567,T0,2025-04-12 21:26:37 UTC,107912640,question_extractor,,5.2.0,1.0,,,,
630213252,378226,2854185.0,28567,T1,2025-04-12 21:26:37 UTC,107912640,question_extractor,,5.2.0,,,1.0,,
630213321,378226,2854185.0,28567,T0,2025-04-12 21:26:58 UTC,107912650,question_extractor,,5.2.0,1.0,,,,
630213321,378226,2854185.0,28567,T1,2025-04-12 21:26:58 UTC,107912650,question_extractor,,5.2.0,,1.0,,,
630213325,378226,2854185.0,28567,T0,2025-04-12 21:27:00 UTC,107912713,question_extractor,1.0,5.2.0,,,,,
630213325,378226,2854185.0,28567,T1,2025-04-12 21:27:00 UTC,107912713,question_extractor,,5.2.0,,,,,
630213345,378226,2854185.0,28567,T0,2025-04-12 21:27:07 UTC,107912653,question_extractor,,5.2.0,1.0,,,,
630213345,378226,2854185.0,28567,T1,2025-04-12 21:27:07 UTC,107912653,question_extractor,,5.2.0,,1.0,,,
630213351,378226,2854185.0,28567,T0,2025-04-12 21:27:09 UTC,107912634,question_extractor,1.0,5.2.0,,,,,
630213351,378226,2854185.0,28567,T1,2025-04-12 21:27:09 UTC,107912634,question_extractor,,5.2.0,,,,,
630213377,378226,2854185.0,28567,T0,2025-04-12 21:27:19 UTC,107912692,question_extractor,,5.2.0,1.0,,,,
630213377,378226,2854185.0,28567,T1,2025-04-12 21:27:19 UTC,107912692,question_extractor,,5.2.0,,,1.0,,
630213396,378226,2854185.0,28567,T0,2025-04-12 21:27:27 UTC,107912682,question_extractor,1.0,5.2.0,,,,,
630213396,378226,2854185.0,28567,T1,2025-04-12 21:27:27 UTC,107912682,question_extractor,,5.2.0,,,,,
630213874,378226,2854185.0,28567,T0,2025-04-12 21:29:44 UTC,107912696,question_extractor,,5.2.0,1.0,,,,
630213874,378226,2854185.0,28567,T1,2025-04-12 21:29:44 UTC,107912696,question_extractor,,5.2.0,,1.0,,,
630213875,378226,2854185.0,28567,T0,2025-04-12 21:29:44 UTC,107912707,question_extractor,1.0,5.2.0,,,,,
630213875,378226,2854185.0,28567,T1,2025-04-12 21:29:44 UTC,107912707,question_extractor,,5.2.0,,,,,
630213885,378226,2854185.0,28567,T0,2025-04-12 21:29:48 UTC,107912657,question_extractor,,5.2.0,1.0,,,,
630213885,378226,2854185.0,28567,T1,2025-04-12 21:29:48 UTC,107912657,question_extractor,,5.2.0,,1.0,,,
630213901,378226,2854185.0,28567,T0,2025-04-12 21:29:52 UTC,107912618,question_extractor,1.0,5.2.0,,,,,
630213901,378226,2854185.0,28567,T1,2025-04-12 21:29:52 UTC,107912618,question_extractor,,5.2.0,,,,,
630213915,378226,2854185.0,28567,T0,2025-04-12 21:29:57 UTC,107912663,question_extractor,,5.2.0,1.0,,,,
630213915,378226,2854185.0,28567,T1,2025-04-12 21:29:57 UTC,107912663,question_extractor,,5.2.0,,,1.0,,
630213948,378226,2854185.0,28567,T0,2025-04-12 21:30:09 UTC,107912676,question_extractor,,5.2.0,1.0,,,,
630213948,378226,2854185.0,28567,T1,2025-04-12 21:30:09 UTC,107912676,question_extractor,,5.2.0,,1.0,,,
630213998,378226,2854185.0,28567,T0,2025-04-12 21:30:30 UTC,107912662,question_extractor,1.0,5.2.0,,,,,
630213998,378226,2854185.0,28567,T1,2025-04-12 21:30:30 UTC,107912662,question_extractor,,5.2.0,,,,,
630214014,378226,2854185.0,28567,T0,2025-04-12 21:30:35 UTC,107912717,question_extractor,1.0,5.2.0,,,,,
630214014,378226,2854185.0,28567,T1,2025-04-12 21:30:35 UTC,107912717,question_extractor,,5.2.0,,,,,
630214055,378226,2854185.0,28567,T0,2025-04-12 21:30:48 UTC,107912630,question_extractor,1.0,5.2.0,,,,,
630214055,378226,2854185.0,28567,T1,2025-04-12 21:30:48 UTC,107912630,question_extractor,,5.2.0,,,,,
630214064,378226,2854185.0,28567,T0,2025-04-12 21:30:50 UTC,107912638,question_extractor,1.0,5.2.0,,,,,
630214064,378226,2854185.0,28567,T1,2025-04-12 21:30:50 UTC,107912638,question_extractor,,5.2.0,,,,,
630214072,378226,2854185.0,28567,T0,2025-04-12 21:30:54 UTC,107912701,question_extractor,,5.2.0,1.0,,,,
630214072,378226,2854185.0,28567,T1,2025-04-12 21:30:54 UTC,107912701,question_extractor,,5.2.0,,1.0,,,
630218437,378226,2854185.0,28567,T0,2025-04-12 21:50:49 UTC,107912686,question_extractor,1.0,5.2.0,,,,,
630218437,378226,2854185.0,28567,T1,2025-04-12 21:50:49 UTC,107912686,question_extractor,,5.2.0,,,,,
630218438,378226,2854185.0,28567,T0,2025-04-12 21:50:49 UTC,107912692,question_extractor,,5.2.0,1.0,,,,
630218438,378226,2854185.0,28567,T1,2025-04-12 21:50:49 UTC,107912692,question_extractor,,5.2.0,,,1.0,,
630223468,378226,2854185.0,28567,T0,2025-04-12 22:16:19 UTC,107912632,question_extractor,1.0,5.2.0,,,,,
630223468,378226,2854185.0,28567,T1,2025-04-12 22:16:19 UTC,107912632,question_extractor,,5.2.0,,,,,
630223476,378226,2854185.0,28567,T0,2025-04-12 22:16:22 UTC,107912657,question_extractor,,5.2.0,1.0,,,,
630223476,378226,2854185.0,28567,T1,2025-04-12 22:16:22 UTC,107912657,question_extractor,,5.2.0,,1.0,,,
630247615,378226,2854185.0,28567,T0,2025-04-13 00:40:07 UTC,107912646,question_extractor,,5.2.0,1.0,,,,
630247615,378226,2854185.0,28567,T1,2025-04-13 00:40:07 UTC,107912646,question_extractor,,5.2.0,,1.0,,,
630247628,378226,2854185.0,28567,T0,2025-04-13 00:40:11 UTC,107912657,question_extractor,,5.2.0,1.0,,,,
630247628,378226,2854185.0,28567,T1,2025-04-13 00:40:11 UTC,107912657,question_extractor,,5.2.0,,1.0,,,
630247638,378226,2854185.0,28567,T0,2025-04-13 00:40:12 UTC,107912639,question_extractor,1.0,5.2.0,,,,,
630247638,378226,2854185.0,28567,T1,2025-04-13 00:40:12 UTC,107912639,question_extractor,,5.2.0,,,,,
630247648,378226,2854185.0,28567,T0,2025-04-13 00:40:15 UTC,107912712,question_extractor,1.0,5.2.0,,,,,
630247648,378226,2854185.0,28567,T1,2025-04-13 00:40:15 UTC,107912712,question_extractor,,5.2.0,,,,,
630247671,378226,2854185.0,28567,T0,2025-04-13 00:40:19 UTC,107912664,question_extractor,,5.2.0,1.0,,,,
630247671,378226,2854185.0,28567,T1,2025-04-13 00:40:19 UTC,107912664,question_extractor,,5.2.0,,1.0,,,
630247680,378226,2854185.0,28567,T0,2025-04-13 00:40:21 UTC,107912679,question_extractor,1.0,5.2.0,,,,,
630247680,378226,2854185.0,28567,T1,2025-04-13 00:40:21 UTC,107912679,question_extractor,,5.2.0,,,,,
630247690,378226,2854185.0,28567,T0,2025-04-13 00:40:23 UTC,107912685,question_extractor,,5.2.0,1.0,,,,
630247690,378226,2854185.0,28567,T1,2025-04-13 00:40:23 UTC,107912685,question_extractor,,5.2.0,,1.0,,,
630247711,378226,2854185.0,28567,T0,2025-04-13 00:40:26 UTC,107912642,question_extractor,1.0,5.2.0,,,,,
630247711,378226,2854185.0,28567,T1,2025-04-13 00:40:26 UTC,107912642,question_extractor,,5.2.0,,,,,
630247717,378226,2854185.0,28567,T0,2025-04-13 00:40:28 UTC,107912631,question_extractor,1.0,5.2.0,,,,,
630247717,378226,2854185.0,28567,T1,2025-04-13 00:40:28 UTC,107912631,question_extractor,,5.2.0,,,,,
630247725,378226,2854185.0,28567,T0,2025-04-13 00:40:29 UTC,107912656,question_extractor,1.0,5.2.0,,,,,
630247725,378226,2854185.0,28567,T1,2025-04-13 00:40:29 UTC,107912656,question_extractor,,5.2.0,,,,,
630247732,378226,2854185.0,28567,T0,2025-04-13 00:40:30 UTC,107912707,question_extractor,1.0,5.2.0,,,,,
630247732,378226,2854185.0,28567,T1,2025-04-13 00:40:30 UTC,107912707,question_extractor,,5.2.0,,,,,
630247742,378226,2854185.0,28567,T0,2025-04-13 00:40:33 UTC,107912644,question_extractor,,5.2.0,1.0,,,,
630247742,378226,2854185.0,28567,T1,2025-04-13 00:40:33 UTC,107912644,question_extractor,,5.2.0,,1.0,,,
630247754,378226,2854185.0,28567,T0,2025-04-13 00:40:36 UTC,107912620,question_extractor,,5.2.0,1.0,,,,
630247754,378226,2854185.0,28567,T1,2025-04-13 00:40:36 UTC,107912620,question_extractor,,5.2.0,,1.0,,,
630247764,378226,2854185.0,28567,T0,2025-04-13 00:40:39 UTC,107912634,question_extractor,1.0,5.2.0,,,,,
630247764,378226,2854185.0,28567,T1,2025-04-13 00:40:39 UTC,107912634,question_extractor,,5.2.0,,,,,
630247771,378226,2854185.0,28567,T0,2025-04-13 00:40:41 UTC,107912684,question_extractor,1.0,5.2.0,,,,,
630247771,378226,2854185.0,28567,T1,2025-04-13 00:40:41 UTC,107912684,question_extractor,,5.2.0,,,,,
630247780,378226,2854185.0,28567,T0,2025-04-13 00:40:42 UTC,107912635,question_extractor,1.0,5.2.0,,,,,
630247780,378226,2854185.0,28567,T1,2025-04-13 00:40:42 UTC,107912635,question_extractor,,5.2.0,,,,,
630247790,378226,2854185.0,28567,T0,2025-04-13 00:40:44 UTC,107912712,question_extractor,1.0,5.2.0,,,,,
630247790,378226,2854185.0,28567,T1,2025-04-13 00:40:44 UTC,107912712,question_extractor,,5.2.0,,,,,
630247814,378226,2854185.0,28567,T0,2025-04-13 00:40:51 UTC,107912647,question_extractor,,5.2.0,1.0,,,,
630247814,378226,2854185.0,28567,T1,2025-04-13 00:40:51 UTC,107912647,question_extractor,,5.2.0,,1.0,,,
630247907,378226,2854185.0,28567,T0,2025-04-13 00:41:12 UTC,107912650,question_extractor,,5.2.0,1.0,,,,
630247907,378226,2854185.0,28567,T1,2025-04-13 00:41:12 UTC,107912650,question_extractor,,5.2.0,,1.0,,,
630247921,378226,2854185.0,28567,T0,2025-04-13 00:41:14 UTC,107912648,question_extractor,1.0,5.2.0,,,,,
630247921,378226,2854185.0,28567,T1,2025-04-13 00:41:14 UTC,107912648,question_extractor,,5.2.0,,,,,
630247951,378226,2854185.0,28567,T0,2025-04-13 00:41:21 UTC,107912651,question_extractor,,5.2.0,1.0,,,,
630247951,378226,2854185.0,28567,T1,2025-04-13 00:41:21 UTC,107912651,question_extractor,,5.2.0,,1.0,,,
630247996,378226,2854185.0,28567,T0,2025-04-13 00:41:30 UTC,107912645,question_extractor,1.0,5.2.0,,,,,
630247996,378226,2854185.0,28567,T1,2025-04-13 00:41:30 UTC,107912645,question_extractor,,5.2.0,,,,,
630248015,378226,2854185.0,28567,T0,2025-04-13 00:41:32 UTC,107912688,question_extractor,1.0,5.2.0,,,,,
630248015,378226,2854185.0,28567,T1,2025-04-13 00:41:32 UTC,107912688,question_extractor,,5.2.0,,,,,
630248024,378226,2854185.0,28567,T0,2025-04-13 00:41:35 UTC,107912710,question_extractor,1.0,5.2.0,,,,,
630248024,378226,2854185.0,28567,T1,2025-04-13 00:41:35 UTC,107912710,question_extractor,,5.2.0,,,,,
630248035,378226,2854185.0,28567,T0,2025-04-13 00:41:37 UTC,107912694,question_extractor,1.0,5.2.0,,,,,
630248035,378226,2854185.0,28567,T1,2025-04-13 00:41:37 UTC,107912694,question_extractor,,5.2.0,,,,,
630248219,378226,2854185.0,28567,T0,2025-04-13 00:42:21 UTC,107912671,question_extractor,,5.2.0,1.0,,,,
630248219,378226,2854185.0,28567,T1,2025-04-13 00:42:21 UTC,107912671,question_extractor,,5.2.0,,1.0,,,
630254421,378226,2854185.0,28567,T0,2025-04-13 01:11:53 UTC,107912637,question_extractor,1.0,5.2.0,,,,,
630254421,378226,2854185.0,28567,T1,2025-04-13 01:11:53 UTC,107912637,question_extractor,,5.2.0,,,,,
630254428,378226,2854185.0,28567,T0,2025-04-13 01:11:55 UTC,107912708,question_extractor,1.0,5.2.0,,,,,
630254428,378226,2854185.0,28567,T1,2025-04-13 01:11:55 UTC,107912708,question_extractor,,5.2.0,,,,,
630254432,378226,2854185.0,28567,T0,2025-04-13 01:11:57 UTC,107912660,question_extractor,1.0,5.2.0,,,,,
630254432,378226,2854185.0,28567,T1,2025-04-13 01:11:57 UTC,107912660,question_extractor,,5.2.0,,,,,
630254449,378226,2854185.0,28567,T0,2025-04-13 01:12:01 UTC,107912623,question_extractor,,5.2.0,1.0,,,,
630254449,378226,2854185.0,28567,T1,2025-04-13 01:12:01 UTC,107912623,question_extractor,,5.2.0,,1.0,,,
630254463,378226,2854185.0,28567,T0,2025-04-13 01:12:06 UTC,107912694,question_extractor,1.0,5.2.0,,,,,
630254463,378226,2854185.0,28567,T1,2025-04-13 01:12:06 UTC,107912694,question_extractor,,5.2.0,,,,,
630254468,378226,2854185.0,28567,T0,2025-04-13 01:12:07 UTC,107912639,question_extractor,1.0,5.2.0,,,,,
630254468,378226,2854185.0,28567,T1,2025-04-13 01:12:07 UTC,107912639,question_extractor,,5.2.0,,,,,
630254475,378226,2854185.0,28567,T0,2025-04-13 01:12:09 UTC,107912705,question_extractor,1.0,5.2.0,,,,,
630254475,378226,2854185.0,28567,T1,2025-04-13 01:12:09 UTC,107912705,question_extractor,,5.2.0,,,,,
630254482,378226,2854185.0,28567,T0,2025-04-13 01:12:11 UTC,107912641,question_extractor,1.0,5.2.0,,,,,
630254482,378226,2854185.0,28567,T1,2025-04-13 01:12:11 UTC,107912641,question_extractor,,5.2.0,,,,,
630254503,378226,2854185.0,28567,T0,2025-04-13 01:12:17 UTC,107912676,question_extractor,,5.2.0,1.0,,,,
630254503,378226,2854185.0,28567,T1,2025-04-13 01:12:17 UTC,107912676,question_extractor,,5.2.0,,1.0,,,
630254512,378226,2854185.0,28567,T0,2025-04-13 01:12:20 UTC,107912687,question_extractor,1.0,5.2.0,,,,,
630254512,378226,2854185.0,28567,T1,2025-04-13 01:12:20 UTC,107912687,question_extractor,,5.2.0,,,,,
630254517,378226,2854185.0,28567,T0,2025-04-13 01:12:21 UTC,107912632,question_extractor,1.0,5.2.0,,,,,
630254517,378226,2854185.0,28567,T1,2025-04-13 01:12:21 UTC,107912632,question_extractor,,5.2.0,,,,,
630254544,378226,2854185.0,28567,T0,2025-04-13 01:12:31 UTC,107912675,question_extractor,,5.2.0,1.0,,,,
630254544,378226,2854185.0,28567,T1,2025-04-13 01:12:31 UTC,107912675,question_extractor,,5.2.0,,1.0,,,
630254556,378226,2854185.0,28567,T0,2025-04-13 01:12:34 UTC,107912653,question_extractor,,5.2.0,1.0,,,,
630254556,378226,2854185.0,28567,T1,2025-04-13 01:12:34 UTC,107912653,question_extractor,,5.2.0,,1.0,,,
630254569,378226,2854185.0,28567,T0,2025-04-13 01:12:37 UTC,107912631,question_extractor,1.0,5.2.0,,,,,
630254569,378226,2854185.0,28567,T1,2025-04-13 01:12:37 UTC,107912631,question_extractor,,5.2.0,,,,,
630254587,378226,2854185.0,28567,T0,2025-04-13 01:12:42 UTC,107912698,question_extractor,1.0,5.2.0,,,,,
630254587,378226,2854185.0,28567,T1,2025-04-13 01:12:42 UTC,107912698,question_extractor,,5.2.0,,,,,
630254594,378226,2854185.0,28567,T0,2025-04-13 01:12:45 UTC,107912627,question_extractor,,5.2.0,1.0,,,,
630254594,378226,2854185.0,28567,T1,2025-04-13 01:12:45 UTC,107912627,question_extractor,,5.2.0,,1.0,,,
630254608,378226,2854185.0,28567,T0,2025-04-13 01:12:49 UTC,107912652,question_extractor,,5.2.0,1.0,,,,
630254608,378226,2854185.0,28567,T1,2025-04-13 01:12:49 UTC,107912652,question_extractor,,5.2.0,,1.0,,,
630254612,378226,2854185.0,28567,T0,2025-04-13 01:12:50 UTC,107912712,question_extractor,1.0,5.2.0,,,,,
630254612,378226,2854185.0,28567,T1,2025-04-13 01:12:50 UTC,107912712,question_extractor,,5.2.0,,,,,
630254624,378226,2854185.0,28567,T0,2025-04-13 01:12:55 UTC,107912667,question_extractor,,5.2.0,1.0,,,,
630254624,378226,2854185.0,28567,T1,2025-04-13 01:12:55 UTC,107912667,question_extractor,,5.2.0,,1.0,,,
630254645,378226,2854185.0,28567,T0,2025-04-13 01:13:01 UTC,107912707,question_extractor,1.0,5.2.0,,,,,
630254645,378226,2854185.0,28567,T1,2025-04-13 01:13:01 UTC,107912707,question_extractor,,5.2.0,,,,,
630281878,378226,2854185.0,28567,T0,2025-04-13 05:09:58 UTC,107912704,question_extractor,1.0,5.2.0,,,,,
630281878,378226,2854185.0,28567,T1,2025-04-13 05:09:58 UTC,107912704,question_extractor,,5.2.0,,,,,
630281886,378226,2854185.0,28567,T0,2025-04-13 05:10:03 UTC,107912652,question_extractor,,5.2.0,1.0,,,,
630281886,378226,2854185.0,28567,T1,2025-04-13 05:10:03 UTC,107912652,question_extractor,,5.2.0,,1.0,,,
630281889,378226,2854185.0,28567,T0,2025-04-13 05:10:06 UTC,107912665,question_extractor,1.0,5.2.0,,,,,
630281889,378226,2854185.0,28567,T1,2025-04-13 05:10:06 UTC,107912665,question_extractor,,5.2.0,,,,,
630281892,378226,2854185.0,28567,T0,2025-04-13 05:10:08 UTC,107912713,question_extractor,1.0,5.2.0,,,,,
630281892,378226,2854185.0,28567,T1,2025-04-13 05:10:08 UTC,107912713,question_extractor,,5.2.0,,,,,
630281897,378226,2854185.0,28567,T0,2025-04-13 05:10:09 UTC,107912641,question_extractor,1.0,5.2.0,,,,,
630281897,378226,2854185.0,28567,T1,2025-04-13 05:10:09 UTC,107912641,question_extractor,,5.2.0,,,,,
630281900,378226,2854185.0,28567,T0,2025-04-13 05:10:11 UTC,107912658,question_extractor,1.0,5.2.0,,,,,
630281900,378226,2854185.0,28567,T1,2025-04-13 05:10:11 UTC,107912658,question_extractor,,5.2.0,,,,,
630281904,378226,2854185.0,28567,T0,2025-04-13 05:10:15 UTC,107912622,question_extractor,,5.2.0,1.0,,,,
630281904,378226,2854185.0,28567,T1,2025-04-13 05:10:15 UTC,107912622,question_extractor,,5.2.0,,1.0,,,
630281906,378226,2854185.0,28567,T0,2025-04-13 05:10:17 UTC,107912669,question_extractor,1.0,5.2.0,,,,,
630281906,378226,2854185.0,28567,T1,2025-04-13 05:10:17 UTC,107912669,question_extractor,,5.2.0,,,,,
630302560,juliettegard,2855536.0,28567,T0,2025-04-13 09:19:12 UTC,107912781,question_extractor,1.0,5.2.0,,,,,
630302560,juliettegard,2855536.0,28567,T1,2025-04-13 09:19:12 UTC,107912781,question_extractor,,5.2.0,,,,,
630302592,juliettegard,2855536.0,28567,T0,2025-04-13 09:19:35 UTC,107912822,question_extractor,,5.2.0,1.0,,,,
630302592,juliettegard,2855536.0,28567,T1,2025-04-13 09:19:35 UTC,107912822,question_extractor,,5.2.0,,1.0,,,
630302606,juliettegard,2855536.0,28567,T0,2025-04-13 09:19:42 UTC,107912752,question_extractor,1.0,5.2.0,,,,,
630302606,juliettegard,2855536.0,28567,T1,2025-04-13 09:19:42 UTC,107912752,question_extractor,,5.2.0,,,,,
630302634,juliettegard,2855536.0,28567,T0,2025-04-13 09:19:59 UTC,107912651,question_extractor,,5.2.0,1.0,,,,
630302634,juliettegard,2855536.0,28567,T1,2025-04-13 09:19:59 UTC,107912651,question_extractor,,5.2.0,,,1.0,,
630302685,juliettegard,2855536.0,28567,T0,2025-04-13 09:20:36 UTC,107912834,question_extractor,1.0,5.2.0,,,,,
630302685,juliettegard,2855536.0,28567,T1,2025-04-13 09:20:36 UTC,107912834,question_extractor,,5.2.0,,,,,
630302710,juliettegard,2855536.0,28567,T0,2025-04-13 09:20:53 UTC,107912765,question_extractor,,5.2.0,,,,,1.0
630302710,juliettegard,2855536.0,28567,T1,2025-04-13 09:20:53 UTC,107912765,question_extractor,,5.2.0,,,,,
630302720,juliettegard,2855536.0,28567,T0,2025-04-13 09:21:00 UTC,107912736,question_extractor,1.0,5.2.0,,,,,
630302720,juliettegard,2855536.0,28567,T1,2025-04-13 09:21:00 UTC,107912736,question_extractor,,5.2.0,,,,,
630302726,juliettegard,2855536.0,28567,T0,2025-04-13 09:21:04 UTC,107912618,question_extractor,1.0,5.2.0,,,,,
630302726,juliettegard,2855536.0,28567,T1,2025-04-13 09:21:04 UTC,107912618,question_extractor,,5.2.0,,,,,
630302734,juliettegard,2855536.0,28567,T0,2025-04-13 09:21:12 UTC,107912769,question_extractor,1.0,5.2.0,,,,,
630302734,juliettegard,2855536.0,28567,T1,2025-04-13 09:21:12 UTC,107912769,question_extractor,,5.2.0,,,,,
630302750,juliettegard,2855536.0,28567,T0,2025-04-13 09:21:23 UTC,107912767,question_extractor,,5.2.0,1.0,,,,
630302750,juliettegard,2855536.0,28567,T1,2025-04-13 09:21:23 UTC,107912767,question_extractor,,5.2.0,,1.0,,,
630302762,juliettegard,2855536.0,28567,T0,2025-04-13 09:21:29 UTC,107912813,question_extractor,1.0,5.2.0,,,,,
630302762,juliettegard,2855536.0,28567,T1,2025-04-13 09:21:29 UTC,107912813,question_extractor,,5.2.0,,,,,
630302784,juliettegard,2855536.0,28567,T0,2025-04-13 09:21:44 UTC,107912860,question_extractor,1.0,5.2.0,,,,,
630302784,juliettegard,2855536.0,28567,T1,2025-04-13 09:21:44 UTC,107912860,question_extractor,,5.2.0,,,,,
630302803,juliettegard,2855536.0,28567,T0,2025-04-13 09:21:55 UTC,107912845,question_extractor,,5.2.0,1.0,,,,
630302803,juliettegard,2855536.0,28567,T1,2025-04-13 09:21:55 UTC,107912845,question_extractor,,5.2.0,,1.0,,,
630302818,juliettegard,2855536.0,28567,T0,2025-04-13 09:22:01 UTC,107912681,question_extractor,1.0,5.2.0,,,,,
630302818,juliettegard,2855536.0,28567,T1,2025-04-13 09:22:01 UTC,107912681,question_extractor,,5.2.0,,,,,
630302845,juliettegard,2855536.0,28567,T0,2025-04-13 09:22:11 UTC,107912748,question_extractor,,5.2.0,1.0,,,,
630302845,juliettegard,2855536.0,28567,T1,2025-04-13 09:22:11 UTC,107912748,question_extractor,,5.2.0,,1.0,,,
630302862,juliettegard,2855536.0,28567,T0,2025-04-13 09:22:17 UTC,107912803,question_extractor,1.0,5.2.0,,,,,
630302862,juliettegard,2855536.0,28567,T1,2025-04-13 09:22:17 UTC,107912803,question_extractor,,5.2.0,,,,,
630302902,juliettegard,2855536.0,28567,T0,2025-04-13 09:22:36 UTC,107912817,question_extractor,,5.2.0,1.0,,,,
630302902,juliettegard,2855536.0,28567,T1,2025-04-13 09:22:36 UTC,107912817,question_extractor,,5.2.0,,1.0,,,
630302920,juliettegard,2855536.0,28567,T0,2025-04-13 09:22:43 UTC,107912659,question_extractor,1.0,5.2.0,,,,,
630302920,juliettegard,2855536.0,28567,T1,2025-04-13 09:22:43 UTC,107912659,question_extractor,,5.2.0,,,,,
630364575,378226,2854185.0,28567,T0,2025-04-13 16:49:30 UTC,107912691,question_extractor,,5.2.0,1.0,,,,
630364575,378226,2854185.0,28567,T1,2025-04-13 16:49:30 UTC,107912691,question_extractor,,5.2.0,,1.0,,,
630364590,378226,2854185.0,28567,T0,2025-04-13 16:49:34 UTC,107912670,question_extractor,,5.2.0,1.0,,,,
630364590,378226,2854185.0,28567,T1,2025-04-13 16:49:34 UTC,107912670,question_extractor,,5.2.0,,1.0,,,
630364616,378226,2854185.0,28567,T0,2025-04-13 16:49:40 UTC,107912695,question_extractor,1.0,5.2.0,,,,,
630364616,378226,2854185.0,28567,T1,2025-04-13 16:49:40 UTC,107912695,question_extractor,,5.2.0,,,,,
630364631,378226,2854185.0,28567,T0,2025-04-13 16:49:44 UTC,107912640,question_extractor,,5.2.0,1.0,,,,
630364631,378226,2854185.0,28567,T1,2025-04-13 16:49:44 UTC,107912640,question_extractor,,5.2.0,,,1.0,,
630364638,378226,2854185.0,28567,T0,2025-04-13 16:49:46 UTC,107912639,question_extractor,1.0,5.2.0,,,,,
630364638,378226,2854185.0,28567,T1,2025-04-13 16:49:46 UTC,107912639,question_extractor,,5.2.0,,,,,
630364644,378226,2854185.0,28567,T0,2025-04-13 16:49:48 UTC,107912683,question_extractor,1.0,5.2.0,,,,,
630364644,378226,2854185.0,28567,T1,2025-04-13 16:49:48 UTC,107912683,question_extractor,,5.2.0,,,,,
630364653,378226,2854185.0,28567,T0,2025-04-13 16:49:50 UTC,107912713,question_extractor,1.0,5.2.0,,,,,
630364653,378226,2854185.0,28567,T1,2025-04-13 16:49:50 UTC,107912713,question_extractor,,5.2.0,,,,,
630364676,378226,2854185.0,28567,T0,2025-04-13 16:49:56 UTC,107912694,question_extractor,1.0,5.2.0,,,,,
630364676,378226,2854185.0,28567,T1,2025-04-13 16:49:56 UTC,107912694,question_extractor,,5.2.0,,,,,
630364687,378226,2854185.0,28567,T0,2025-04-13 16:49:58 UTC,107912661,question_extractor,1.0,5.2.0,,,,,
630364687,378226,2854185.0,28567,T1,2025-04-13 16:49:58 UTC,107912661,question_extractor,,5.2.0,,,,,
630364718,378226,2854185.0,28567,T0,2025-04-13 16:50:06 UTC,107912647,question_extractor,,5.2.0,1.0,,,,
630364718,378226,2854185.0,28567,T1,2025-04-13 16:50:06 UTC,107912647,question_extractor,,5.2.0,,1.0,,,
630364727,378226,2854185.0,28567,T0,2025-04-13 16:50:09 UTC,107912697,question_extractor,1.0,5.2.0,,,,,
630364727,378226,2854185.0,28567,T1,2025-04-13 16:50:09 UTC,107912697,question_extractor,,5.2.0,,,,,
630364736,378226,2854185.0,28567,T0,2025-04-13 16:50:12 UTC,107912674,question_extractor,1.0,5.2.0,,,,,
630364736,378226,2854185.0,28567,T1,2025-04-13 16:50:12 UTC,107912674,question_extractor,,5.2.0,,,,,
630364752,378226,2854185.0,28567,T0,2025-04-13 16:50:15 UTC,107912676,question_extractor,,5.2.0,1.0,,,,
630364752,378226,2854185.0,28567,T1,2025-04-13 16:50:15 UTC,107912676,question_extractor,,5.2.0,,1.0,,,
630364766,378226,2854185.0,28567,T0,2025-04-13 16:50:19 UTC,107912624,question_extractor,,5.2.0,1.0,,,,
630364766,378226,2854185.0,28567,T1,2025-04-13 16:50:19 UTC,107912624,question_extractor,,5.2.0,,1.0,,,
630365123,378226,2854185.0,28567,T0,2025-04-13 16:51:47 UTC,107912693,question_extractor,,5.2.0,1.0,,,,
630365123,378226,2854185.0,28567,T1,2025-04-13 16:51:47 UTC,107912693,question_extractor,,5.2.0,,1.0,,,
630365155,378226,2854185.0,28567,T0,2025-04-13 16:51:55 UTC,107912663,question_extractor,,5.2.0,1.0,,,,
630365155,378226,2854185.0,28567,T1,2025-04-13 16:51:55 UTC,107912663,question_extractor,,5.2.0,,1.0,,,
630365163,378226,2854185.0,28567,T0,2025-04-13 16:51:57 UTC,107912697,question_extractor,1.0,5.2.0,,,,,
630365163,378226,2854185.0,28567,T1,2025-04-13 16:51:57 UTC,107912697,question_extractor,,5.2.0,,,,,
630365172,378226,2854185.0,28567,T0,2025-04-13 16:52:00 UTC,107912678,question_extractor,,5.2.0,1.0,,,,
630365172,378226,2854185.0,28567,T1,2025-04-13 16:52:00 UTC,107912678,question_extractor,,5.2.0,,1.0,,,
630365298,378226,2854185.0,28567,T0,2025-04-13 16:52:36 UTC,107912701,question_extractor,,5.2.0,1.0,,,,
630365298,378226,2854185.0,28567,T1,2025-04-13 16:52:36 UTC,107912701,question_extractor,,5.2.0,,1.0,,,
630365314,378226,2854185.0,28567,T0,2025-04-13 16:52:39 UTC,107912632,question_extractor,1.0,5.2.0,,,,,
630365314,378226,2854185.0,28567,T1,2025-04-13 16:52:39 UTC,107912632,question_extractor,,5.2.0,,,,,
630365330,378226,2854185.0,28567,T0,2025-04-13 16:52:42 UTC,107912705,question_extractor,1.0,5.2.0,,,,,
630365330,378226,2854185.0,28567,T1,2025-04-13 16:52:42 UTC,107912705,question_extractor,,5.2.0,,,,,
630365387,378226,2854185.0,28567,T0,2025-04-13 16:52:55 UTC,107912672,question_extractor,,5.2.0,1.0,,,,
630365387,378226,2854185.0,28567,T1,2025-04-13 16:52:55 UTC,107912672,question_extractor,,5.2.0,,1.0,,,
630365396,378226,2854185.0,28567,T0,2025-04-13 16:52:58 UTC,107912709,question_extractor,1.0,5.2.0,,,,,
630365396,378226,2854185.0,28567,T1,2025-04-13 16:52:58 UTC,107912709,question_extractor,,5.2.0,,,,,
630365408,378226,2854185.0,28567,T0,2025-04-13 16:53:01 UTC,107912706,question_extractor,1.0,5.2.0,,,,,
630365408,378226,2854185.0,28567,T1,2025-04-13 16:53:01 UTC,107912706,question_extractor,,5.2.0,,,,,
630365446,378226,2854185.0,28567,T0,2025-04-13 16:53:13 UTC,107912644,question_extractor,,5.2.0,1.0,,,,
630365446,378226,2854185.0,28567,T1,2025-04-13 16:53:13 UTC,107912644,question_extractor,,5.2.0,,,1.0,,
630365468,378226,2854185.0,28567,T0,2025-04-13 16:53:21 UTC,107912652,question_extractor,,5.2.0,1.0,,,,
630365468,378226,2854185.0,28567,T1,2025-04-13 16:53:21 UTC,107912652,question_extractor,,5.2.0,,1.0,,,
630365485,378226,2854185.0,28567,T0,2025-04-13 16:53:26 UTC,107912626,question_extractor,,5.2.0,1.0,,,,
630365485,378226,2854185.0,28567,T1,2025-04-13 16:53:26 UTC,107912626,question_extractor,,5.2.0,,1.0,,,
630365496,378226,2854185.0,28567,T0,2025-04-13 16:53:30 UTC,107912657,question_extractor,,5.2.0,1.0,,,,
630365496,378226,2854185.0,28567,T1,2025-04-13 16:53:30 UTC,107912657,question_extractor,,5.2.0,,1.0,,,
630365504,378226,2854185.0,28567,T0,2025-04-13 16:53:32 UTC,107912637,question_extractor,1.0,5.2.0,,,,,
630365504,378226,2854185.0,28567,T1,2025-04-13 16:53:32 UTC,107912637,question_extractor,,5.2.0,,,,,
630365529,378226,2854185.0,28567,T0,2025-04-13 16:53:37 UTC,107912620,question_extractor,,5.2.0,1.0,,,,
630365529,378226,2854185.0,28567,T1,2025-04-13 16:53:37 UTC,107912620,question_extractor,,5.2.0,,1.0,,,
630365564,378226,2854185.0,28567,T0,2025-04-13 16:53:49 UTC,107912640,question_extractor,,5.2.0,1.0,,,,
630365564,378226,2854185.0,28567,T1,2025-04-13 16:53:49 UTC,107912640,question_extractor,,5.2.0,,1.0,,,
630365572,378226,2854185.0,28567,T0,2025-04-13 16:53:53 UTC,107912670,question_extractor,,5.2.0,1.0,,,,
630365572,378226,2854185.0,28567,T1,2025-04-13 16:53:53 UTC,107912670,question_extractor,,5.2.0,,1.0,,,
630365596,378226,2854185.0,28567,T0,2025-04-13 16:54:00 UTC,107912666,question_extractor,1.0,5.2.0,,,,,
630365596,378226,2854185.0,28567,T1,2025-04-13 16:54:00 UTC,107912666,question_extractor,,5.2.0,,,,,
630365606,378226,2854185.0,28567,T0,2025-04-13 16:54:04 UTC,107912713,question_extractor,1.0,5.2.0,,,,,
630365606,378226,2854185.0,28567,T1,2025-04-13 16:54:04 UTC,107912713,question_extractor,,5.2.0,,,,,
630365614,378226,2854185.0,28567,T0,2025-04-13 16:54:06 UTC,107912624,question_extractor,,5.2.0,1.0,,,,
630365614,378226,2854185.0,28567,T1,2025-04-13 16:54:06 UTC,107912624,question_extractor,,5.2.0,,1.0,,,
630365620,378226,2854185.0,28567,T0,2025-04-13 16:54:08 UTC,107912688,question_extractor,1.0,5.2.0,,,,,
630365620,378226,2854185.0,28567,T1,2025-04-13 16:54:08 UTC,107912688,question_extractor,,5.2.0,,,,,
630365626,378226,2854185.0,28567,T0,2025-04-13 16:54:10 UTC,107912710,question_extractor,1.0,5.2.0,,,,,
630365626,378226,2854185.0,28567,T1,2025-04-13 16:54:10 UTC,107912710,question_extractor,,5.2.0,,,,,
630365640,378226,2854185.0,28567,T0,2025-04-13 16:54:14 UTC,107912653,question_extractor,,5.2.0,1.0,,,,
630365640,378226,2854185.0,28567,T1,2025-04-13 16:54:14 UTC,107912653,question_extractor,,5.2.0,,1.0,,,
630365658,378226,2854185.0,28567,T0,2025-04-13 16:54:18 UTC,107912622,question_extractor,,5.2.0,1.0,,,,
630365658,378226,2854185.0,28567,T1,2025-04-13 16:54:18 UTC,107912622,question_extractor,,5.2.0,,1.0,,,
630365666,378226,2854185.0,28567,T0,2025-04-13 16:54:22 UTC,107912695,question_extractor,,5.2.0,1.0,,,,
630365666,378226,2854185.0,28567,T1,2025-04-13 16:54:22 UTC,107912695,question_extractor,,5.2.0,,1.0,,,
630365675,378226,2854185.0,28567,T0,2025-04-13 16:54:24 UTC,107912705,question_extractor,1.0,5.2.0,,,,,
630365675,378226,2854185.0,28567,T1,2025-04-13 16:54:24 UTC,107912705,question_extractor,,5.2.0,,,,,
630365700,378226,2854185.0,28567,T0,2025-04-13 16:54:33 UTC,107912654,question_extractor,,5.2.0,1.0,,,,
630365700,378226,2854185.0,28567,T1,2025-04-13 16:54:33 UTC,107912654,question_extractor,,5.2.0,,1.0,,,
630365708,378226,2854185.0,28567,T0,2025-04-13 16:54:38 UTC,107912640,question_extractor,,5.2.0,1.0,,,,
630365708,378226,2854185.0,28567,T1,2025-04-13 16:54:38 UTC,107912640,question_extractor,,5.2.0,,1.0,,,
630365745,378226,2854185.0,28567,T0,2025-04-13 16:54:51 UTC,107912659,question_extractor,1.0,5.2.0,,,,,
630365745,378226,2854185.0,28567,T1,2025-04-13 16:54:51 UTC,107912659,question_extractor,,5.2.0,,,,,
630365770,378226,2854185.0,28567,T0,2025-04-13 16:54:59 UTC,107912698,question_extractor,,5.2.0,1.0,,,,
630365770,378226,2854185.0,28567,T1,2025-04-13 16:54:59 UTC,107912698,question_extractor,,5.2.0,,1.0,,,
630365777,378226,2854185.0,28567,T0,2025-04-13 16:55:01 UTC,107912648,question_extractor,1.0,5.2.0,,,,,
630365777,378226,2854185.0,28567,T1,2025-04-13 16:55:01 UTC,107912648,question_extractor,,5.2.0,,,,,
630365786,378226,2854185.0,28567,T0,2025-04-13 16:55:04 UTC,107912711,question_extractor,1.0,5.2.0,,,,,
630365786,378226,2854185.0,28567,T1,2025-04-13 16:55:04 UTC,107912711,question_extractor,,5.2.0,,,,,
630365793,378226,2854185.0,28567,T0,2025-04-13 16:55:06 UTC,107912681,question_extractor,1.0,5.2.0,,,,,
630365793,378226,2854185.0,28567,T1,2025-04-13 16:55:06 UTC,107912681,question_extractor,,5.2.0,,,,,
630365799,378226,2854185.0,28567,T0,2025-04-13 16:55:07 UTC,107912665,question_extractor,1.0,5.2.0,,,,,
630365799,378226,2854185.0,28567,T1,2025-04-13 16:55:07 UTC,107912665,question_extractor,,5.2.0,,,,,
630365805,378226,2854185.0,28567,T0,2025-04-13 16:55:10 UTC,107912633,question_extractor,1.0,5.2.0,,,,,
630365805,378226,2854185.0,28567,T1,2025-04-13 16:55:10 UTC,107912633,question_extractor,,5.2.0,,,,,
630365814,378226,2854185.0,28567,T0,2025-04-13 16:55:13 UTC,107912705,question_extractor,1.0,5.2.0,,,,,
630365814,378226,2854185.0,28567,T1,2025-04-13 16:55:13 UTC,107912705,question_extractor,,5.2.0,,,,,
630365820,378226,2854185.0,28567,T0,2025-04-13 16:55:14 UTC,107912683,question_extractor,1.0,5.2.0,,,,,
630365820,378226,2854185.0,28567,T1,2025-04-13 16:55:14 UTC,107912683,question_extractor,,5.2.0,,,,,
630365824,378226,2854185.0,28567,T0,2025-04-13 16:55:16 UTC,107912648,question_extractor,1.0,5.2.0,,,,,
630365824,378226,2854185.0,28567,T1,2025-04-13 16:55:16 UTC,107912648,question_extractor,,5.2.0,,,,,
630365842,378226,2854185.0,28567,T0,2025-04-13 16:55:21 UTC,107912677,question_extractor,,5.2.0,1.0,,,,
630365842,378226,2854185.0,28567,T1,2025-04-13 16:55:21 UTC,107912677,question_extractor,,5.2.0,,1.0,,,
630617944,jaslynlomibao,2854182.0,28567,T0,2025-04-14 16:00:15 UTC,107912767,question_extractor,,5.2.0,1.0,,,,
630617944,jaslynlomibao,2854182.0,28567,T1,2025-04-14 16:00:15 UTC,107912767,question_extractor,,5.2.0,,1.0,,,
630617986,jaslynlomibao,2854182.0,28567,T0,2025-04-14 16:00:24 UTC,107912925,question_extractor,,5.2.0,1.0,,,,
630617986,jaslynlomibao,2854182.0,28567,T1,2025-04-14 16:00:24 UTC,107912925,question_extractor,,5.2.0,,,1.0,,
630618037,jaslynlomibao,2854182.0,28567,T0,2025-04-14 16:00:33 UTC,107912651,question_extractor,,5.2.0,1.0,,,,
630618037,jaslynlomibao,2854182.0,28567,T1,2025-04-14 16:00:33 UTC,107912651,question_extractor,,5.2.0,,,1.0,,
630618097,jaslynlomibao,2854182.0,28567,T0,2025-04-14 16:00:42 UTC,107912779,question_extractor,,5.2.0,,,,,1.0
630618097,jaslynlomibao,2854182.0,28567,T1,2025-04-14 16:00:42 UTC,107912779,question_extractor,,5.2.0,,,,,
630618127,jaslynlomibao,2854182.0,28567,T0,2025-04-14 16:00:49 UTC,107912860,question_extractor,1.0,5.2.0,,,,,
630618127,jaslynlomibao,2854182.0,28567,T1,2025-04-14 16:00:49 UTC,107912860,question_extractor,,5.2.0,,,,,
631518799,not-logged-in-5e7e709a330af4e76151,,28567,T0,2025-04-17 20:52:40 UTC,108160187,question_extractor,1.0,5.2.0,,,,,
631518799,not-logged-in-5e7e709a330af4e76151,,28567,T1,2025-04-17 20:52:40 UTC,108160187,question_extractor,,5.2.0,,,,,
631518818,not-logged-in-5e7e709a330af4e76151,,28567,T0,2025-04-17 20:52:46 UTC,108159898,question_extractor,1.0,5.2.0,,,,,
631518818,not-logged-in-5e7e709a330af4e76151,,28567,T1,2025-04-17 20:52:46 UTC,108159898,question_extractor,,5.2.0,,,,,
631518928,samanthamcd20,2851430.0,28567,T0,2025-04-17 20:53:15 UTC,108160093,question_extractor,1.0,5.2.0,,,,,
631518928,samanthamcd20,2851430.0,28567,T1,2025-04-17 20:53:15 UTC,108160093,question_extractor,,5.2.0,,,,,
631518954,samanthamcd20,2851430.0,28567,T0,2025-04-17 20:53:21 UTC,108159933,question_extractor,1.0,5.2.0,,,,,
631518954,samanthamcd20,2851430.0,28567,T1,2025-04-17 20:53:21 UTC,108159933,question_extractor,,5.2.0,,,,,
631518979,samanthamcd20,2851430.0,28567,T0,2025-04-17 20:53:28 UTC,108159976,question_extractor,,5.2.0,1.0,,,,
631518979,samanthamcd20,2851430.0,28567,T1,2025-04-17 20:53:28 UTC,108159976,question_extractor,,5.2.0,,,1.0,,
631519003,samanthamcd20,2851430.0,28567,T0,2025-04-17 20:53:34 UTC,108160113,question_extractor,1.0,5.2.0,,,,,
631519003,samanthamcd20,2851430.0,28567,T1,2025-04-17 20:53:34 UTC,108160113,question_extractor,,5.2.0,,,,,
631519289,samanthamcd20,2851430.0,28567,T0,2025-04-17 20:54:49 UTC,108160129,question_extractor,,5.2.0,,,,,1.0
631519289,samanthamcd20,2851430.0,28567,T1,2025-04-17 20:54:49 UTC,108160129,question_extractor,,5.2.0,,,,,
631519314,samanthamcd20,2851430.0,28567,T0,2025-04-17 20:54:54 UTC,108160064,question_extractor,1.0,5.2.0,,,,,
631519314,samanthamcd20,2851430.0,28567,T1,2025-04-17 20:54:54 UTC,108160064,question_extractor,,5.2.0,,,,,
631519343,samanthamcd20,2851430.0,28567,T0,2025-04-17 20:55:01 UTC,108160075,question_extractor,,5.2.0,1.0,,,,
631519343,samanthamcd20,2851430.0,28567,T1,2025-04-17 20:55:01 UTC,108160075,question_extractor,,5.2.0,,,1.0,,
631590681,378226,2854185.0,28567,T0,2025-04-18 04:49:37 UTC,108160097,question_extractor,,5.2.0,1.0,,,,
631590681,378226,2854185.0,28567,T1,2025-04-18 04:49:37 UTC,108160097,question_extractor,,5.2.0,,1.0,,,
631590710,378226,2854185.0,28567,T0,2025-04-18 04:49:51 UTC,108160047,question_extractor,,5.2.0,1.0,,,,
631590710,378226,2854185.0,28567,T1,2025-04-18 04:49:51 UTC,108160047,question_extractor,,5.2.0,,1.0,,,
631590721,378226,2854185.0,28567,T0,2025-04-18 04:49:58 UTC,108159993,question_extractor,,5.2.0,1.0,,,,
631590721,378226,2854185.0,28567,T1,2025-04-18 04:49:58 UTC,108159993,question_extractor,,5.2.0,,1.0,,,
631590739,378226,2854185.0,28567,T0,2025-04-18 04:50:07 UTC,108160080,question_extractor,1.0,5.2.0,,,,,
631590739,378226,2854185.0,28567,T1,2025-04-18 04:50:07 UTC,108160080,question_extractor,,5.2.0,,,,,
631590751,378226,2854185.0,28567,T0,2025-04-18 04:50:12 UTC,108160022,question_extractor,,5.2.0,1.0,,,,
631590751,378226,2854185.0,28567,T1,2025-04-18 04:50:12 UTC,108160022,question_extractor,,5.2.0,,1.0,,,
631590757,378226,2854185.0,28567,T0,2025-04-18 04:50:16 UTC,108160048,question_extractor,,5.2.0,1.0,,,,
631590757,378226,2854185.0,28567,T1,2025-04-18 04:50:16 UTC,108160048,question_extractor,,5.2.0,,1.0,,,
631590769,378226,2854185.0,28567,T0,2025-04-18 04:50:24 UTC,108160175,question_extractor,,5.2.0,1.0,,,,
631590769,378226,2854185.0,28567,T1,2025-04-18 04:50:24 UTC,108160175,question_extractor,,5.2.0,,1.0,,,
631590791,378226,2854185.0,28567,T0,2025-04-18 04:50:39 UTC,108160129,question_extractor,,5.2.0,1.0,,,,
631590791,378226,2854185.0,28567,T1,2025-04-18 04:50:39 UTC,108160129,question_extractor,,5.2.0,,,1.0,,
631590819,378226,2854185.0,28567,T0,2025-04-18 04:50:53 UTC,108159932,question_extractor,,5.2.0,1.0,,,,
631590819,378226,2854185.0,28567,T1,2025-04-18 04:50:53 UTC,108159932,question_extractor,,5.2.0,,1.0,,,
631590847,378226,2854185.0,28567,T0,2025-04-18 04:51:11 UTC,108160101,question_extractor,,5.2.0,1.0,,,,
631590847,378226,2854185.0,28567,T1,2025-04-18 04:51:11 UTC,108160101,question_extractor,,5.2.0,,1.0,,,
631590860,378226,2854185.0,28567,T0,2025-04-18 04:51:21 UTC,108160083,question_extractor,1.0,5.2.0,,,,,
631590860,378226,2854185.0,28567,T1,2025-04-18 04:51:21 UTC,108160083,question_extractor,,5.2.0,,,,,
631590876,378226,2854185.0,28567,T0,2025-04-18 04:51:31 UTC,108160151,question_extractor,1.0,5.2.0,,,,,
631590876,378226,2854185.0,28567,T1,2025-04-18 04:51:31 UTC,108160151,question_extractor,,5.2.0,,,,,
631590884,378226,2854185.0,28567,T0,2025-04-18 04:51:39 UTC,108160115,question_extractor,1.0,5.2.0,,,,,
631590884,378226,2854185.0,28567,T1,2025-04-18 04:51:39 UTC,108160115,question_extractor,,5.2.0,,,,,
631590887,378226,2854185.0,28567,T0,2025-04-18 04:51:42 UTC,108160012,question_extractor,1.0,5.2.0,,,,,
631590887,378226,2854185.0,28567,T1,2025-04-18 04:51:42 UTC,108160012,question_extractor,,5.2.0,,,,,
631590890,378226,2854185.0,28567,T0,2025-04-18 04:51:45 UTC,108160084,question_extractor,1.0,5.2.0,,,,,
631590890,378226,2854185.0,28567,T1,2025-04-18 04:51:45 UTC,108160084,question_extractor,,5.2.0,,,,,
631590898,378226,2854185.0,28567,T0,2025-04-18 04:51:51 UTC,108160089,question_extractor,,5.2.0,1.0,,,,
631590898,378226,2854185.0,28567,T1,2025-04-18 04:51:51 UTC,108160089,question_extractor,,5.2.0,,1.0,,,
631590903,378226,2854185.0,28567,T0,2025-04-18 04:51:54 UTC,108160088,question_extractor,1.0,5.2.0,,,,,
631590903,378226,2854185.0,28567,T1,2025-04-18 04:51:54 UTC,108160088,question_extractor,,5.2.0,,,,,
631590915,378226,2854185.0,28567,T0,2025-04-18 04:52:02 UTC,108160121,question_extractor,,5.2.0,1.0,,,,
631590915,378226,2854185.0,28567,T1,2025-04-18 04:52:02 UTC,108160121,question_extractor,,5.2.0,,1.0,,,
631590961,378226,2854185.0,28567,T0,2025-04-18 04:52:35 UTC,108160005,question_extractor,,5.2.0,1.0,,,,
631590961,378226,2854185.0,28567,T1,2025-04-18 04:52:35 UTC,108160005,question_extractor,,5.2.0,,1.0,,,
631591016,378226,2854185.0,28567,T0,2025-04-18 04:53:04 UTC,108160125,question_extractor,,5.2.0,1.0,,,,
631591016,378226,2854185.0,28567,T1,2025-04-18 04:53:04 UTC,108160125,question_extractor,,5.2.0,,1.0,,,
631591055,378226,2854185.0,28567,T0,2025-04-18 04:53:29 UTC,108160149,question_extractor,,5.2.0,1.0,,,,
631591055,378226,2854185.0,28567,T1,2025-04-18 04:53:29 UTC,108160149,question_extractor,,5.2.0,,1.0,,,
631591060,378226,2854185.0,28567,T0,2025-04-18 04:53:32 UTC,108160021,question_extractor,1.0,5.2.0,,,,,
631591060,378226,2854185.0,28567,T1,2025-04-18 04:53:32 UTC,108160021,question_extractor,,5.2.0,,,,,
631591065,378226,2854185.0,28567,T0,2025-04-18 04:53:34 UTC,108159915,question_extractor,1.0,5.2.0,,,,,
631591065,378226,2854185.0,28567,T1,2025-04-18 04:53:34 UTC,108159915,question_extractor,,5.2.0,,,,,
631591071,378226,2854185.0,28567,T0,2025-04-18 04:53:37 UTC,108160010,question_extractor,1.0,5.2.0,,,,,
631591071,378226,2854185.0,28567,T1,2025-04-18 04:53:37 UTC,108160010,question_extractor,,5.2.0,,,,,
631591103,378226,2854185.0,28567,T0,2025-04-18 04:53:59 UTC,108159948,question_extractor,1.0,5.2.0,,,,,
631591103,378226,2854185.0,28567,T1,2025-04-18 04:53:59 UTC,108159948,question_extractor,,5.2.0,,,,,
631591179,378226,2854185.0,28567,T0,2025-04-18 04:54:59 UTC,108160148,question_extractor,,5.2.0,1.0,,,,
631591179,378226,2854185.0,28567,T1,2025-04-18 04:54:59 UTC,108160148,question_extractor,,5.2.0,,1.0,,,
631591189,378226,2854185.0,28567,T0,2025-04-18 04:55:11 UTC,108159967,question_extractor,1.0,5.2.0,,,,,
631591189,378226,2854185.0,28567,T1,2025-04-18 04:55:11 UTC,108159967,question_extractor,,5.2.0,,,,,
631591194,378226,2854185.0,28567,T0,2025-04-18 04:55:15 UTC,108159882,question_extractor,1.0,5.2.0,,,,,
631591194,378226,2854185.0,28567,T1,2025-04-18 04:55:15 UTC,108159882,question_extractor,,5.2.0,,,,,
631591207,378226,2854185.0,28567,T0,2025-04-18 04:55:26 UTC,108160102,question_extractor,1.0,5.2.0,,,,,
631591207,378226,2854185.0,28567,T1,2025-04-18 04:55:26 UTC,108160102,question_extractor,,5.2.0,,,,,
631591221,378226,2854185.0,28567,T0,2025-04-18 04:55:38 UTC,108160124,question_extractor,,5.2.0,1.0,,,,
631591221,378226,2854185.0,28567,T1,2025-04-18 04:55:38 UTC,108160124,question_extractor,,5.2.0,,1.0,,,
631591241,378226,2854185.0,28567,T0,2025-04-18 04:55:50 UTC,108160191,question_extractor,,5.2.0,1.0,,,,
631591241,378226,2854185.0,28567,T1,2025-04-18 04:55:50 UTC,108160191,question_extractor,,5.2.0,,1.0,,,
631591304,378226,2854185.0,28567,T0,2025-04-18 04:56:42 UTC,108160131,question_extractor,,5.2.0,1.0,,,,
631591304,378226,2854185.0,28567,T1,2025-04-18 04:56:42 UTC,108160131,question_extractor,,5.2.0,,,1.0,,
631591316,378226,2854185.0,28567,T0,2025-04-18 04:56:48 UTC,108160071,question_extractor,,5.2.0,1.0,,,,
631591316,378226,2854185.0,28567,T1,2025-04-18 04:56:48 UTC,108160071,question_extractor,,5.2.0,,1.0,,,
631591339,378226,2854185.0,28567,T0,2025-04-18 04:57:01 UTC,108159938,question_extractor,1.0,5.2.0,,,,,
631591339,378226,2854185.0,28567,T1,2025-04-18 04:57:01 UTC,108159938,question_extractor,,5.2.0,,,,,
631591349,378226,2854185.0,28567,T0,2025-04-18 04:57:08 UTC,108160147,question_extractor,,5.2.0,1.0,,,,
631591349,378226,2854185.0,28567,T1,2025-04-18 04:57:08 UTC,108160147,question_extractor,,5.2.0,,1.0,,,
631591387,378226,2854185.0,28567,T0,2025-04-18 04:57:30 UTC,108159959,question_extractor,,5.2.0,1.0,,,,
631591387,378226,2854185.0,28567,T1,2025-04-18 04:57:30 UTC,108159959,question_extractor,,5.2.0,,1.0,,,
631591424,378226,2854185.0,28567,T0,2025-04-18 04:57:59 UTC,108159989,question_extractor,,5.2.0,1.0,,,,
631591424,378226,2854185.0,28567,T1,2025-04-18 04:57:59 UTC,108159989,question_extractor,,5.2.0,,1.0,,,
631591458,378226,2854185.0,28567,T0,2025-04-18 04:58:30 UTC,108159935,question_extractor,1.0,5.2.0,,,,,
631591458,378226,2854185.0,28567,T1,2025-04-18 04:58:30 UTC,108159935,question_extractor,,5.2.0,,,,,
631591461,378226,2854185.0,28567,T0,2025-04-18 04:58:33 UTC,108160062,question_extractor,1.0,5.2.0,,,,,
631591461,378226,2854185.0,28567,T1,2025-04-18 04:58:33 UTC,108160062,question_extractor,,5.2.0,,,,,
631591465,378226,2854185.0,28567,T0,2025-04-18 04:58:35 UTC,108160090,question_extractor,1.0,5.2.0,,,,,
631591465,378226,2854185.0,28567,T1,2025-04-18 04:58:35 UTC,108160090,question_extractor,,5.2.0,,,,,
631591477,378226,2854185.0,28567,T0,2025-04-18 04:58:47 UTC,108160028,question_extractor,1.0,5.2.0,,,,,
631591477,378226,2854185.0,28567,T1,2025-04-18 04:58:47 UTC,108160028,question_extractor,,5.2.0,,,,,
631591515,378226,2854185.0,28567,T0,2025-04-18 04:59:14 UTC,108160026,question_extractor,,5.2.0,1.0,,,,
631591515,378226,2854185.0,28567,T1,2025-04-18 04:59:14 UTC,108160026,question_extractor,,5.2.0,,1.0,,,
631591522,378226,2854185.0,28567,T0,2025-04-18 04:59:19 UTC,108160117,question_extractor,,5.2.0,1.0,,,,
631591522,378226,2854185.0,28567,T1,2025-04-18 04:59:19 UTC,108160117,question_extractor,,5.2.0,,1.0,,,
631591524,378226,2854185.0,28567,T0,2025-04-18 04:59:22 UTC,108160064,question_extractor,1.0,5.2.0,,,,,
631591524,378226,2854185.0,28567,T1,2025-04-18 04:59:22 UTC,108160064,question_extractor,,5.2.0,,,,,
631591527,378226,2854185.0,28567,T0,2025-04-18 04:59:24 UTC,108160034,question_extractor,1.0,5.2.0,,,,,
631591527,378226,2854185.0,28567,T1,2025-04-18 04:59:24 UTC,108160034,question_extractor,,5.2.0,,,,,
631591534,378226,2854185.0,28567,T0,2025-04-18 04:59:31 UTC,108159927,question_extractor,,5.2.0,1.0,,,,
631591534,378226,2854185.0,28567,T1,2025-04-18 04:59:31 UTC,108159927,question_extractor,,5.2.0,,1.0,,,
631591544,378226,2854185.0,28567,T0,2025-04-18 04:59:36 UTC,108160055,question_extractor,,5.2.0,1.0,,,,
631591544,378226,2854185.0,28567,T1,2025-04-18 04:59:36 UTC,108160055,question_extractor,,5.2.0,,1.0,,,
631591556,378226,2854185.0,28567,T0,2025-04-18 04:59:44 UTC,108159952,question_extractor,,5.2.0,1.0,,,,
631591556,378226,2854185.0,28567,T1,2025-04-18 04:59:44 UTC,108159952,question_extractor,,5.2.0,,,1.0,,
631591573,378226,2854185.0,28567,T0,2025-04-18 04:59:59 UTC,108160162,question_extractor,,5.2.0,1.0,,,,
631591573,378226,2854185.0,28567,T1,2025-04-18 04:59:59 UTC,108160162,question_extractor,,5.2.0,,1.0,,,
631591601,378226,2854185.0,28567,T0,2025-04-18 05:00:20 UTC,108159895,question_extractor,,5.2.0,1.0,,,,
631591601,378226,2854185.0,28567,T1,2025-04-18 05:00:20 UTC,108159895,question_extractor,,5.2.0,,1.0,,,
631591606,378226,2854185.0,28567,T0,2025-04-18 05:00:25 UTC,108159925,question_extractor,1.0,5.2.0,,,,,
631591606,378226,2854185.0,28567,T1,2025-04-18 05:00:25 UTC,108159925,question_extractor,,5.2.0,,,,,
631591615,378226,2854185.0,28567,T0,2025-04-18 05:00:30 UTC,108160195,question_extractor,,5.2.0,1.0,,,,
631591615,378226,2854185.0,28567,T1,2025-04-18 05:00:30 UTC,108160195,question_extractor,,5.2.0,,1.0,,,
631591617,378226,2854185.0,28567,T0,2025-04-18 05:00:33 UTC,108159943,question_extractor,1.0,5.2.0,,,,,
631591617,378226,2854185.0,28567,T1,2025-04-18 05:00:33 UTC,108159943,question_extractor,,5.2.0,,,,,
631591628,378226,2854185.0,28567,T0,2025-04-18 05:00:40 UTC,108159930,question_extractor,,5.2.0,1.0,,,,
631591628,378226,2854185.0,28567,T1,2025-04-18 05:00:40 UTC,108159930,question_extractor,,5.2.0,,,1.0,,
631591639,378226,2854185.0,28567,T0,2025-04-18 05:00:47 UTC,108160057,question_extractor,1.0,5.2.0,,,,,
631591639,378226,2854185.0,28567,T1,2025-04-18 05:00:47 UTC,108160057,question_extractor,,5.2.0,,,,,
631591722,378226,2854185.0,28567,T0,2025-04-18 05:01:50 UTC,108160145,question_extractor,1.0,5.2.0,,,,,
631591722,378226,2854185.0,28567,T1,2025-04-18 05:01:50 UTC,108160145,question_extractor,,5.2.0,,,,,
631591797,378226,2854185.0,28567,T0,2025-04-18 05:02:51 UTC,108160009,question_extractor,1.0,5.2.0,,,,,
631591797,378226,2854185.0,28567,T1,2025-04-18 05:02:51 UTC,108160009,question_extractor,,5.2.0,,,,,
631591804,378226,2854185.0,28567,T0,2025-04-18 05:02:56 UTC,108159883,question_extractor,1.0,5.2.0,,,,,
631591804,378226,2854185.0,28567,T1,2025-04-18 05:02:56 UTC,108159883,question_extractor,,5.2.0,,,,,
631591808,378226,2854185.0,28567,T0,2025-04-18 05:02:59 UTC,108159962,question_extractor,1.0,5.2.0,,,,,
631591808,378226,2854185.0,28567,T1,2025-04-18 05:02:59 UTC,108159962,question_extractor,,5.2.0,,,,,
631591815,378226,2854185.0,28567,T0,2025-04-18 05:03:04 UTC,108159960,question_extractor,,5.2.0,1.0,,,,
631591815,378226,2854185.0,28567,T1,2025-04-18 05:03:04 UTC,108159960,question_extractor,,5.2.0,,1.0,,,
631591837,378226,2854185.0,28567,T0,2025-04-18 05:03:25 UTC,108160202,question_extractor,1.0,5.2.0,,,,,
631591837,378226,2854185.0,28567,T1,2025-04-18 05:03:25 UTC,108160202,question_extractor,,5.2.0,,,,,
631591842,378226,2854185.0,28567,T0,2025-04-18 05:03:28 UTC,108160158,question_extractor,1.0,5.2.0,,,,,
631591842,378226,2854185.0,28567,T1,2025-04-18 05:03:28 UTC,108160158,question_extractor,,5.2.0,,,,,
631591843,378226,2854185.0,28567,T0,2025-04-18 05:03:30 UTC,108159898,question_extractor,1.0,5.2.0,,,,,
631591843,378226,2854185.0,28567,T1,2025-04-18 05:03:30 UTC,108159898,question_extractor,,5.2.0,,,,,
631591853,378226,2854185.0,28567,T0,2025-04-18 05:03:40 UTC,108160077,question_extractor,,5.2.0,1.0,,,,
631591853,378226,2854185.0,28567,T1,2025-04-18 05:03:40 UTC,108160077,question_extractor,,5.2.0,,1.0,,,
631591861,378226,2854185.0,28567,T0,2025-04-18 05:03:44 UTC,108160095,question_extractor,,5.2.0,1.0,,,,
631591861,378226,2854185.0,28567,T1,2025-04-18 05:03:44 UTC,108160095,question_extractor,,5.2.0,,1.0,,,
631591864,378226,2854185.0,28567,T0,2025-04-18 05:03:48 UTC,108160092,question_extractor,1.0,5.2.0,,,,,
631591864,378226,2854185.0,28567,T1,2025-04-18 05:03:48 UTC,108160092,question_extractor,,5.2.0,,,,,
631591870,378226,2854185.0,28567,T0,2025-04-18 05:03:52 UTC,108159997,question_extractor,1.0,5.2.0,,,,,
631591870,378226,2854185.0,28567,T1,2025-04-18 05:03:52 UTC,108159997,question_extractor,,5.2.0,,,,,
631591885,378226,2854185.0,28567,T0,2025-04-18 05:04:01 UTC,108160187,question_extractor,,5.2.0,1.0,,,,
631591885,378226,2854185.0,28567,T1,2025-04-18 05:04:01 UTC,108160187,question_extractor,,5.2.0,,1.0,,,
631591901,378226,2854185.0,28567,T0,2025-04-18 05:04:14 UTC,108160172,question_extractor,,5.2.0,1.0,,,,
631591901,378226,2854185.0,28567,T1,2025-04-18 05:04:14 UTC,108160172,question_extractor,,5.2.0,,,1.0,,
631591926,378226,2854185.0,28567,T0,2025-04-18 05:04:30 UTC,108159992,question_extractor,1.0,5.2.0,,,,,
631591926,378226,2854185.0,28567,T1,2025-04-18 05:04:30 UTC,108159992,question_extractor,,5.2.0,,,,,
631591934,378226,2854185.0,28567,T0,2025-04-18 05:04:38 UTC,108160133,question_extractor,,5.2.0,1.0,,,,
631591934,378226,2854185.0,28567,T1,2025-04-18 05:04:38 UTC,108160133,question_extractor,,5.2.0,,1.0,,,
631591945,378226,2854185.0,28567,T0,2025-04-18 05:04:44 UTC,108159909,question_extractor,,5.2.0,1.0,,,,
631591945,378226,2854185.0,28567,T1,2025-04-18 05:04:44 UTC,108159909,question_extractor,,5.2.0,,1.0,,,
631591951,378226,2854185.0,28567,T0,2025-04-18 05:04:48 UTC,108160166,question_extractor,,5.2.0,1.0,,,,
631591951,378226,2854185.0,28567,T1,2025-04-18 05:04:48 UTC,108160166,question_extractor,,5.2.0,,1.0,,,
631591958,378226,2854185.0,28567,T0,2025-04-18 05:04:51 UTC,108160110,question_extractor,1.0,5.2.0,,,,,
631591958,378226,2854185.0,28567,T1,2025-04-18 05:04:51 UTC,108160110,question_extractor,,5.2.0,,,,,
631591972,378226,2854185.0,28567,T0,2025-04-18 05:05:05 UTC,108160100,question_extractor,,5.2.0,1.0,,,,
631591972,378226,2854185.0,28567,T1,2025-04-18 05:05:05 UTC,108160100,question_extractor,,5.2.0,,1.0,,,
631591981,378226,2854185.0,28567,T0,2025-04-18 05:05:10 UTC,108159978,question_extractor,,5.2.0,1.0,,,,
631591981,378226,2854185.0,28567,T1,2025-04-18 05:05:10 UTC,108159978,question_extractor,,5.2.0,,1.0,,,
631592123,378226,2854185.0,28567,T0,2025-04-18 05:06:58 UTC,108159968,question_extractor,1.0,5.2.0,,,,,
631592123,378226,2854185.0,28567,T1,2025-04-18 05:06:58 UTC,108159968,question_extractor,,5.2.0,,,,,
631592140,378226,2854185.0,28567,T0,2025-04-18 05:07:04 UTC,108160052,question_extractor,,5.2.0,1.0,,,,
631592140,378226,2854185.0,28567,T1,2025-04-18 05:07:04 UTC,108160052,question_extractor,,5.2.0,,1.0,,,
631592161,378226,2854185.0,28567,T0,2025-04-18 05:07:14 UTC,108160074,question_extractor,,5.2.0,1.0,,,,
631592161,378226,2854185.0,28567,T1,2025-04-18 05:07:14 UTC,108160074,question_extractor,,5.2.0,,1.0,,,
631592185,378226,2854185.0,28567,T0,2025-04-18 05:07:25 UTC,108160188,question_extractor,,5.2.0,1.0,,,,
631592185,378226,2854185.0,28567,T1,2025-04-18 05:07:25 UTC,108160188,question_extractor,,5.2.0,,,1.0,,
631592295,378226,2854185.0,28567,T0,2025-04-18 05:08:34 UTC,108160087,question_extractor,1.0,5.2.0,,,,,
631592295,378226,2854185.0,28567,T1,2025-04-18 05:08:34 UTC,108160087,question_extractor,,5.2.0,,,,,
631592300,378226,2854185.0,28567,T0,2025-04-18 05:08:37 UTC,108160109,question_extractor,1.0,5.2.0,,,,,
631592300,378226,2854185.0,28567,T1,2025-04-18 05:08:37 UTC,108160109,question_extractor,,5.2.0,,,,,
631592314,378226,2854185.0,28567,T0,2025-04-18 05:08:45 UTC,108160116,question_extractor,,5.2.0,1.0,,,,
631592314,378226,2854185.0,28567,T1,2025-04-18 05:08:45 UTC,108160116,question_extractor,,5.2.0,,1.0,,,
631592319,378226,2854185.0,28567,T0,2025-04-18 05:08:48 UTC,108159916,question_extractor,1.0,5.2.0,,,,,
631592319,378226,2854185.0,28567,T1,2025-04-18 05:08:48 UTC,108159916,question_extractor,,5.2.0,,,,,
631592328,378226,2854185.0,28567,T0,2025-04-18 05:08:56 UTC,108160056,question_extractor,,5.2.0,1.0,,,,
631592328,378226,2854185.0,28567,T1,2025-04-18 05:08:56 UTC,108160056,question_extractor,,5.2.0,,1.0,,,
631592338,378226,2854185.0,28567,T0,2025-04-18 05:09:00 UTC,108159905,question_extractor,,5.2.0,1.0,,,,
631592338,378226,2854185.0,28567,T1,2025-04-18 05:09:00 UTC,108159905,question_extractor,,5.2.0,,1.0,,,
631592343,378226,2854185.0,28567,T0,2025-04-18 05:09:05 UTC,108159986,question_extractor,,5.2.0,1.0,,,,
631592343,378226,2854185.0,28567,T1,2025-04-18 05:09:05 UTC,108159986,question_extractor,,5.2.0,,1.0,,,
631592345,378226,2854185.0,28567,T0,2025-04-18 05:09:08 UTC,108160107,question_extractor,1.0,5.2.0,,,,,
631592345,378226,2854185.0,28567,T1,2025-04-18 05:09:08 UTC,108160107,question_extractor,,5.2.0,,,,,
631592353,378226,2854185.0,28567,T0,2025-04-18 05:09:13 UTC,108159926,question_extractor,1.0,5.2.0,,,,,
631592353,378226,2854185.0,28567,T1,2025-04-18 05:09:13 UTC,108159926,question_extractor,,5.2.0,,,,,
631592355,378226,2854185.0,28567,T0,2025-04-18 05:09:15 UTC,108160030,question_extractor,1.0,5.2.0,,,,,
631592355,378226,2854185.0,28567,T1,2025-04-18 05:09:15 UTC,108160030,question_extractor,,5.2.0,,,,,
631592367,378226,2854185.0,28567,T0,2025-04-18 05:09:20 UTC,108160023,question_extractor,,5.2.0,1.0,,,,
631592367,378226,2854185.0,28567,T1,2025-04-18 05:09:20 UTC,108160023,question_extractor,,5.2.0,,1.0,,,
631592464,378226,2854185.0,28567,T0,2025-04-18 05:10:29 UTC,108159894,question_extractor,,5.2.0,1.0,,,,
631592464,378226,2854185.0,28567,T1,2025-04-18 05:10:29 UTC,108159894,question_extractor,,5.2.0,,1.0,,,
631592481,378226,2854185.0,28567,T0,2025-04-18 05:10:36 UTC,108159900,question_extractor,1.0,5.2.0,,,,,
631592481,378226,2854185.0,28567,T1,2025-04-18 05:10:36 UTC,108159900,question_extractor,,5.2.0,,,,,
631592489,378226,2854185.0,28567,T0,2025-04-18 05:10:41 UTC,108160190,question_extractor,,5.2.0,1.0,,,,
631592489,378226,2854185.0,28567,T1,2025-04-18 05:10:41 UTC,108160190,question_extractor,,5.2.0,,,1.0,,
631592498,378226,2854185.0,28567,T0,2025-04-18 05:10:45 UTC,108160058,question_extractor,1.0,5.2.0,,,,,
631592498,378226,2854185.0,28567,T1,2025-04-18 05:10:45 UTC,108160058,question_extractor,,5.2.0,,,,,
631592507,378226,2854185.0,28567,T0,2025-04-18 05:10:50 UTC,108160174,question_extractor,,5.2.0,1.0,,,,
631592507,378226,2854185.0,28567,T1,2025-04-18 05:10:50 UTC,108160174,question_extractor,,5.2.0,,,1.0,,
631592516,378226,2854185.0,28567,T0,2025-04-18 05:10:55 UTC,108160046,question_extractor,,5.2.0,1.0,,,,
631592516,378226,2854185.0,28567,T1,2025-04-18 05:10:55 UTC,108160046,question_extractor,,5.2.0,,1.0,,,
631592521,378226,2854185.0,28567,T0,2025-04-18 05:10:58 UTC,108160139,question_extractor,1.0,5.2.0,,,,,
631592521,378226,2854185.0,28567,T1,2025-04-18 05:10:58 UTC,108160139,question_extractor,,5.2.0,,,,,
631592531,378226,2854185.0,28567,T0,2025-04-18 05:11:05 UTC,108160197,question_extractor,,5.2.0,1.0,,,,
631592531,378226,2854185.0,28567,T1,2025-04-18 05:11:05 UTC,108160197,question_extractor,,5.2.0,,,1.0,,
631592551,378226,2854185.0,28567,T0,2025-04-18 05:11:15 UTC,108159969,question_extractor,1.0,5.2.0,,,,,
631592551,378226,2854185.0,28567,T1,2025-04-18 05:11:15 UTC,108159969,question_extractor,,5.2.0,,,,,
631592555,378226,2854185.0,28567,T0,2025-04-18 05:11:17 UTC,108159940,question_extractor,1.0,5.2.0,,,,,
631592555,378226,2854185.0,28567,T1,2025-04-18 05:11:17 UTC,108159940,question_extractor,,5.2.0,,,,,
631592564,378226,2854185.0,28567,T0,2025-04-18 05:11:22 UTC,108160171,question_extractor,,5.2.0,1.0,,,,
631592564,378226,2854185.0,28567,T1,2025-04-18 05:11:22 UTC,108160171,question_extractor,,5.2.0,,,1.0,,
631592569,378226,2854185.0,28567,T0,2025-04-18 05:11:25 UTC,108160093,question_extractor,1.0,5.2.0,,,,,
631592569,378226,2854185.0,28567,T1,2025-04-18 05:11:25 UTC,108160093,question_extractor,,5.2.0,,,,,
631592615,378226,2854185.0,28567,T0,2025-04-18 05:12:00 UTC,108160181,question_extractor,,5.2.0,1.0,,,,
631592615,378226,2854185.0,28567,T1,2025-04-18 05:12:00 UTC,108160181,question_extractor,,5.2.0,,,1.0,,
631592627,378226,2854185.0,28567,T0,2025-04-18 05:12:11 UTC,108160043,question_extractor,1.0,5.2.0,,,,,
631592627,378226,2854185.0,28567,T1,2025-04-18 05:12:11 UTC,108160043,question_extractor,,5.2.0,,,,,
631592641,378226,2854185.0,28567,T0,2025-04-18 05:12:26 UTC,108159934,question_extractor,,5.2.0,1.0,,,,
631592641,378226,2854185.0,28567,T1,2025-04-18 05:12:26 UTC,108159934,question_extractor,,5.2.0,,1.0,,,
631592646,378226,2854185.0,28567,T0,2025-04-18 05:12:31 UTC,108160007,question_extractor,,5.2.0,1.0,,,,
631592646,378226,2854185.0,28567,T1,2025-04-18 05:12:31 UTC,108160007,question_extractor,,5.2.0,,1.0,,,
631592654,378226,2854185.0,28567,T0,2025-04-18 05:12:37 UTC,108159999,question_extractor,,5.2.0,1.0,,,,
631592654,378226,2854185.0,28567,T1,2025-04-18 05:12:37 UTC,108159999,question_extractor,,5.2.0,,1.0,,,
631592659,378226,2854185.0,28567,T0,2025-04-18 05:12:40 UTC,108160038,question_extractor,1.0,5.2.0,,,,,
631592659,378226,2854185.0,28567,T1,2025-04-18 05:12:40 UTC,108160038,question_extractor,,5.2.0,,,,,
631592664,378226,2854185.0,28567,T0,2025-04-18 05:12:43 UTC,108160068,question_extractor,,5.2.0,1.0,,,,
631592664,378226,2854185.0,28567,T1,2025-04-18 05:12:43 UTC,108160068,question_extractor,,5.2.0,,1.0,,,
631592668,378226,2854185.0,28567,T0,2025-04-18 05:12:49 UTC,108159973,question_extractor,,5.2.0,1.0,,,,
631592668,378226,2854185.0,28567,T1,2025-04-18 05:12:49 UTC,108159973,question_extractor,,5.2.0,,1.0,,,
631592676,378226,2854185.0,28567,T0,2025-04-18 05:12:54 UTC,108160096,question_extractor,,5.2.0,1.0,,,,
631592676,378226,2854185.0,28567,T1,2025-04-18 05:12:54 UTC,108160096,question_extractor,,5.2.0,,,1.0,,
631592685,378226,2854185.0,28567,T0,2025-04-18 05:13:04 UTC,108160150,question_extractor,,5.2.0,1.0,,,,
631592685,378226,2854185.0,28567,T1,2025-04-18 05:13:04 UTC,108160150,question_extractor,,5.2.0,,,1.0,,
631592692,378226,2854185.0,28567,T0,2025-04-18 05:13:08 UTC,108160042,question_extractor,,5.2.0,1.0,,,,
631592692,378226,2854185.0,28567,T1,2025-04-18 05:13:08 UTC,108160042,question_extractor,,5.2.0,,1.0,,,
631592697,378226,2854185.0,28567,T0,2025-04-18 05:13:11 UTC,108159958,question_extractor,1.0,5.2.0,,,,,
631592697,378226,2854185.0,28567,T1,2025-04-18 05:13:11 UTC,108159958,question_extractor,,5.2.0,,,,,
631592699,378226,2854185.0,28567,T0,2025-04-18 05:13:14 UTC,108160156,question_extractor,1.0,5.2.0,,,,,
631592699,378226,2854185.0,28567,T1,2025-04-18 05:13:14 UTC,108160156,question_extractor,,5.2.0,,,,,
631592703,378226,2854185.0,28567,T0,2025-04-18 05:13:17 UTC,108160025,question_extractor,,5.2.0,1.0,,,,
631592703,378226,2854185.0,28567,T1,2025-04-18 05:13:17 UTC,108160025,question_extractor,,5.2.0,,1.0,,,
631592706,378226,2854185.0,28567,T0,2025-04-18 05:13:20 UTC,108159928,question_extractor,1.0,5.2.0,,,,,
631592706,378226,2854185.0,28567,T1,2025-04-18 05:13:20 UTC,108159928,question_extractor,,5.2.0,,,,,
631592714,378226,2854185.0,28567,T0,2025-04-18 05:13:26 UTC,108160020,question_extractor,,5.2.0,1.0,,,,
631592714,378226,2854185.0,28567,T1,2025-04-18 05:13:26 UTC,108160020,question_extractor,,5.2.0,,1.0,,,
631592718,378226,2854185.0,28567,T0,2025-04-18 05:13:28 UTC,108160136,question_extractor,1.0,5.2.0,,,,,
631592718,378226,2854185.0,28567,T1,2025-04-18 05:13:28 UTC,108160136,question_extractor,,5.2.0,,,,,
631592724,378226,2854185.0,28567,T0,2025-04-18 05:13:35 UTC,108159955,question_extractor,,5.2.0,1.0,,,,
631592724,378226,2854185.0,28567,T1,2025-04-18 05:13:35 UTC,108159955,question_extractor,,5.2.0,,,1.0,,
631592728,378226,2854185.0,28567,T0,2025-04-18 05:13:42 UTC,108160173,question_extractor,,5.2.0,1.0,,,,
631592728,378226,2854185.0,28567,T1,2025-04-18 05:13:42 UTC,108160173,question_extractor,,5.2.0,,,1.0,,
631592732,378226,2854185.0,28567,T0,2025-04-18 05:13:45 UTC,108160014,question_extractor,1.0,5.2.0,,,,,
631592732,378226,2854185.0,28567,T1,2025-04-18 05:13:45 UTC,108160014,question_extractor,,5.2.0,,,,,
631592741,378226,2854185.0,28567,T0,2025-04-18 05:13:55 UTC,108160180,question_extractor,,5.2.0,1.0,,,,
631592741,378226,2854185.0,28567,T1,2025-04-18 05:13:55 UTC,108160180,question_extractor,,5.2.0,,,1.0,,
631592744,378226,2854185.0,28567,T0,2025-04-18 05:14:00 UTC,108160189,question_extractor,,5.2.0,1.0,,,,
631592744,378226,2854185.0,28567,T1,2025-04-18 05:14:00 UTC,108160189,question_extractor,,5.2.0,,,1.0,,
631592748,378226,2854185.0,28567,T0,2025-04-18 05:14:02 UTC,108159963,question_extractor,1.0,5.2.0,,,,,
631592748,378226,2854185.0,28567,T1,2025-04-18 05:14:02 UTC,108159963,question_extractor,,5.2.0,,,,,
631592751,378226,2854185.0,28567,T0,2025-04-18 05:14:05 UTC,108159892,question_extractor,1.0,5.2.0,,,,,
631592751,378226,2854185.0,28567,T1,2025-04-18 05:14:05 UTC,108159892,question_extractor,,5.2.0,,,,,
631592754,378226,2854185.0,28567,T0,2025-04-18 05:14:10 UTC,108159950,question_extractor,,5.2.0,1.0,,,,
631592754,378226,2854185.0,28567,T1,2025-04-18 05:14:10 UTC,108159950,question_extractor,,5.2.0,,1.0,,,
631592756,378226,2854185.0,28567,T0,2025-04-18 05:14:14 UTC,108160123,question_extractor,,5.2.0,1.0,,,,
631592756,378226,2854185.0,28567,T1,2025-04-18 05:14:14 UTC,108160123,question_extractor,,5.2.0,,1.0,,,
631592762,378226,2854185.0,28567,T0,2025-04-18 05:14:18 UTC,108160167,question_extractor,,5.2.0,1.0,,,,
631592762,378226,2854185.0,28567,T1,2025-04-18 05:14:18 UTC,108160167,question_extractor,,5.2.0,,1.0,,,
631592765,378226,2854185.0,28567,T0,2025-04-18 05:14:23 UTC,108160182,question_extractor,,5.2.0,1.0,,,,
631592765,378226,2854185.0,28567,T1,2025-04-18 05:14:23 UTC,108160182,question_extractor,,5.2.0,,1.0,,,
631592771,378226,2854185.0,28567,T0,2025-04-18 05:14:27 UTC,108159881,question_extractor,,5.2.0,1.0,,,,
631592771,378226,2854185.0,28567,T1,2025-04-18 05:14:27 UTC,108159881,question_extractor,,5.2.0,,1.0,,,
631592776,378226,2854185.0,28567,T0,2025-04-18 05:14:31 UTC,108160078,question_extractor,,5.2.0,1.0,,,,
631592776,378226,2854185.0,28567,T1,2025-04-18 05:14:31 UTC,108160078,question_extractor,,5.2.0,,1.0,,,
631592778,378226,2854185.0,28567,T0,2025-04-18 05:14:36 UTC,108159980,question_extractor,,5.2.0,1.0,,,,
631592778,378226,2854185.0,28567,T1,2025-04-18 05:14:36 UTC,108159980,question_extractor,,5.2.0,,1.0,,,
631592781,378226,2854185.0,28567,T0,2025-04-18 05:14:41 UTC,108159982,question_extractor,,5.2.0,1.0,,,,
631592781,378226,2854185.0,28567,T1,2025-04-18 05:14:41 UTC,108159982,question_extractor,,5.2.0,,1.0,,,
631592785,378226,2854185.0,28567,T0,2025-04-18 05:14:44 UTC,108159979,question_extractor,,5.2.0,1.0,,,,
631592785,378226,2854185.0,28567,T1,2025-04-18 05:14:44 UTC,108159979,question_extractor,,5.2.0,,1.0,,,
631592789,378226,2854185.0,28567,T0,2025-04-18 05:14:47 UTC,108159922,question_extractor,1.0,5.2.0,,,,,
631592789,378226,2854185.0,28567,T1,2025-04-18 05:14:47 UTC,108159922,question_extractor,,5.2.0,,,,,
631592792,378226,2854185.0,28567,T0,2025-04-18 05:14:51 UTC,108160183,question_extractor,,5.2.0,1.0,,,,
631592792,378226,2854185.0,28567,T1,2025-04-18 05:14:51 UTC,108160183,question_extractor,,5.2.0,,,1.0,,
631592795,378226,2854185.0,28567,T0,2025-04-18 05:14:54 UTC,108159906,question_extractor,1.0,5.2.0,,,,,
631592795,378226,2854185.0,28567,T1,2025-04-18 05:14:54 UTC,108159906,question_extractor,,5.2.0,,,,,
631592801,378226,2854185.0,28567,T0,2025-04-18 05:14:57 UTC,108160033,question_extractor,1.0,5.2.0,,,,,
631592801,378226,2854185.0,28567,T1,2025-04-18 05:14:57 UTC,108160033,question_extractor,,5.2.0,,,,,
631592804,378226,2854185.0,28567,T0,2025-04-18 05:15:00 UTC,108159942,question_extractor,1.0,5.2.0,,,,,
631592804,378226,2854185.0,28567,T1,2025-04-18 05:15:00 UTC,108159942,question_extractor,,5.2.0,,,,,
631592809,378226,2854185.0,28567,T0,2025-04-18 05:15:04 UTC,108160024,question_extractor,1.0,5.2.0,,,,,
631592809,378226,2854185.0,28567,T1,2025-04-18 05:15:04 UTC,108160024,question_extractor,,5.2.0,,,,,
631592812,378226,2854185.0,28567,T0,2025-04-18 05:15:08 UTC,108160140,question_extractor,1.0,5.2.0,,,,,
631592812,378226,2854185.0,28567,T1,2025-04-18 05:15:08 UTC,108160140,question_extractor,,5.2.0,,,,,
631592823,378226,2854185.0,28567,T0,2025-04-18 05:15:22 UTC,108160130,question_extractor,,5.2.0,1.0,,,,
631592823,378226,2854185.0,28567,T1,2025-04-18 05:15:22 UTC,108160130,question_extractor,,5.2.0,,,1.0,,
631592827,378226,2854185.0,28567,T0,2025-04-18 05:15:27 UTC,108159946,question_extractor,,5.2.0,1.0,,,,
631592827,378226,2854185.0,28567,T1,2025-04-18 05:15:27 UTC,108159946,question_extractor,,5.2.0,,,1.0,,
631592829,378226,2854185.0,28567,T0,2025-04-18 05:15:30 UTC,108160113,question_extractor,1.0,5.2.0,,,,,
631592829,378226,2854185.0,28567,T1,2025-04-18 05:15:30 UTC,108160113,question_extractor,,5.2.0,,,,,
631592837,378226,2854185.0,28567,T0,2025-04-18 05:15:41 UTC,108160178,question_extractor,,5.2.0,1.0,,,,
631592837,378226,2854185.0,28567,T1,2025-04-18 05:15:41 UTC,108160178,question_extractor,,5.2.0,,,1.0,,
631592840,378226,2854185.0,28567,T0,2025-04-18 05:15:46 UTC,108159880,question_extractor,1.0,5.2.0,,,,,
631592840,378226,2854185.0,28567,T1,2025-04-18 05:15:46 UTC,108159880,question_extractor,,5.2.0,,,,,
631592843,378226,2854185.0,28567,T0,2025-04-18 05:15:51 UTC,108160164,question_extractor,,5.2.0,1.0,,,,
631592843,378226,2854185.0,28567,T1,2025-04-18 05:15:51 UTC,108160164,question_extractor,,5.2.0,,1.0,,,
631592847,378226,2854185.0,28567,T0,2025-04-18 05:15:54 UTC,108159884,question_extractor,,5.2.0,1.0,,,,
631592847,378226,2854185.0,28567,T1,2025-04-18 05:15:54 UTC,108159884,question_extractor,,5.2.0,,1.0,,,
631592849,378226,2854185.0,28567,T0,2025-04-18 05:15:56 UTC,108159920,question_extractor,1.0,5.2.0,,,,,
631592849,378226,2854185.0,28567,T1,2025-04-18 05:15:56 UTC,108159920,question_extractor,,5.2.0,,,,,
631592852,378226,2854185.0,28567,T0,2025-04-18 05:15:59 UTC,108160118,question_extractor,,5.2.0,1.0,,,,
631592852,378226,2854185.0,28567,T1,2025-04-18 05:15:59 UTC,108160118,question_extractor,,5.2.0,,1.0,,,
631592855,378226,2854185.0,28567,T0,2025-04-18 05:16:03 UTC,108159957,question_extractor,,5.2.0,1.0,,,,
631592855,378226,2854185.0,28567,T1,2025-04-18 05:16:03 UTC,108159957,question_extractor,,5.2.0,,1.0,,,
631592858,378226,2854185.0,28567,T0,2025-04-18 05:16:06 UTC,108160122,question_extractor,,5.2.0,1.0,,,,
631592858,378226,2854185.0,28567,T1,2025-04-18 05:16:06 UTC,108160122,question_extractor,,5.2.0,,1.0,,,
631592859,378226,2854185.0,28567,T0,2025-04-18 05:16:10 UTC,108159951,question_extractor,,5.2.0,1.0,,,,
631592859,378226,2854185.0,28567,T1,2025-04-18 05:16:10 UTC,108159951,question_extractor,,5.2.0,,,1.0,,
631592865,378226,2854185.0,28567,T0,2025-04-18 05:16:13 UTC,108160016,question_extractor,1.0,5.2.0,,,,,
631592865,378226,2854185.0,28567,T1,2025-04-18 05:16:13 UTC,108160016,question_extractor,,5.2.0,,,,,
631592866,378226,2854185.0,28567,T0,2025-04-18 05:16:17 UTC,108160105,question_extractor,,5.2.0,1.0,,,,
631592866,378226,2854185.0,28567,T1,2025-04-18 05:16:17 UTC,108160105,question_extractor,,5.2.0,,1.0,,,
631592869,378226,2854185.0,28567,T0,2025-04-18 05:16:19 UTC,108159941,question_extractor,1.0,5.2.0,,,,,
631592869,378226,2854185.0,28567,T1,2025-04-18 05:16:19 UTC,108159941,question_extractor,,5.2.0,,,,,
631592871,378226,2854185.0,28567,T0,2025-04-18 05:16:23 UTC,108159985,question_extractor,,5.2.0,1.0,,,,
631592871,378226,2854185.0,28567,T1,2025-04-18 05:16:23 UTC,108159985,question_extractor,,5.2.0,,1.0,,,
631592874,378226,2854185.0,28567,T0,2025-04-18 05:16:26 UTC,108159918,question_extractor,1.0,5.2.0,,,,,
631592874,378226,2854185.0,28567,T1,2025-04-18 05:16:26 UTC,108159918,question_extractor,,5.2.0,,,,,
631592875,378226,2854185.0,28567,T0,2025-04-18 05:16:28 UTC,108160163,question_extractor,1.0,5.2.0,,,,,
631592875,378226,2854185.0,28567,T1,2025-04-18 05:16:28 UTC,108160163,question_extractor,,5.2.0,,,,,
631592877,378226,2854185.0,28567,T0,2025-04-18 05:16:30 UTC,108160177,question_extractor,1.0,5.2.0,,,,,
631592877,378226,2854185.0,28567,T1,2025-04-18 05:16:30 UTC,108160177,question_extractor,,5.2.0,,,,,
631592878,378226,2854185.0,28567,T0,2025-04-18 05:16:33 UTC,108160054,question_extractor,1.0,5.2.0,,,,,
631592878,378226,2854185.0,28567,T1,2025-04-18 05:16:33 UTC,108160054,question_extractor,,5.2.0,,,,,
631592884,378226,2854185.0,28567,T0,2025-04-18 05:16:37 UTC,108159908,question_extractor,,5.2.0,1.0,,,,
631592884,378226,2854185.0,28567,T1,2025-04-18 05:16:37 UTC,108159908,question_extractor,,5.2.0,,1.0,,,
631592889,378226,2854185.0,28567,T0,2025-04-18 05:16:42 UTC,108160069,question_extractor,,5.2.0,1.0,,,,
631592889,378226,2854185.0,28567,T1,2025-04-18 05:16:42 UTC,108160069,question_extractor,,5.2.0,,1.0,,,
631592913,378226,2854185.0,28567,T0,2025-04-18 05:17:09 UTC,108160132,question_extractor,,5.2.0,1.0,,,,
631592913,378226,2854185.0,28567,T1,2025-04-18 05:17:09 UTC,108160132,question_extractor,,5.2.0,,,1.0,,
631592918,378226,2854185.0,28567,T0,2025-04-18 05:17:13 UTC,108160017,question_extractor,,5.2.0,1.0,,,,
631592918,378226,2854185.0,28567,T1,2025-04-18 05:17:13 UTC,108160017,question_extractor,,5.2.0,,1.0,,,
631592925,378226,2854185.0,28567,T0,2025-04-18 05:17:19 UTC,108159931,question_extractor,,5.2.0,1.0,,,,
631592925,378226,2854185.0,28567,T1,2025-04-18 05:17:19 UTC,108159931,question_extractor,,5.2.0,,1.0,,,
631592931,378226,2854185.0,28567,T0,2025-04-18 05:17:25 UTC,108160032,question_extractor,,5.2.0,1.0,,,,
631592931,378226,2854185.0,28567,T1,2025-04-18 05:17:25 UTC,108160032,question_extractor,,5.2.0,,1.0,,,
631592933,378226,2854185.0,28567,T0,2025-04-18 05:17:28 UTC,108160138,question_extractor,1.0,5.2.0,,,,,
631592933,378226,2854185.0,28567,T1,2025-04-18 05:17:28 UTC,108160138,question_extractor,,5.2.0,,,,,
631592937,378226,2854185.0,28567,T0,2025-04-18 05:17:31 UTC,108160037,question_extractor,1.0,5.2.0,,,,,
631592937,378226,2854185.0,28567,T1,2025-04-18 05:17:31 UTC,108160037,question_extractor,,5.2.0,,,,,
631592943,378226,2854185.0,28567,T0,2025-04-18 05:17:36 UTC,108160000,question_extractor,,5.2.0,1.0,,,,
631592943,378226,2854185.0,28567,T1,2025-04-18 05:17:36 UTC,108160000,question_extractor,,5.2.0,,1.0,,,
631592946,378226,2854185.0,28567,T0,2025-04-18 05:17:40 UTC,108159910,question_extractor,,5.2.0,1.0,,,,
631592946,378226,2854185.0,28567,T1,2025-04-18 05:17:40 UTC,108159910,question_extractor,,5.2.0,,1.0,,,
631592951,378226,2854185.0,28567,T0,2025-04-18 05:17:43 UTC,108160029,question_extractor,1.0,5.2.0,,,,,
631592951,378226,2854185.0,28567,T1,2025-04-18 05:17:43 UTC,108160029,question_extractor,,5.2.0,,,,,
631592952,378226,2854185.0,28567,T0,2025-04-18 05:17:46 UTC,108160200,question_extractor,,5.2.0,1.0,,,,
631592952,378226,2854185.0,28567,T1,2025-04-18 05:17:46 UTC,108160200,question_extractor,,5.2.0,,,1.0,,
631592955,378226,2854185.0,28567,T0,2025-04-18 05:17:49 UTC,108160134,question_extractor,1.0,5.2.0,,,,,
631592955,378226,2854185.0,28567,T1,2025-04-18 05:17:49 UTC,108160134,question_extractor,,5.2.0,,,,,
631592958,378226,2854185.0,28567,T0,2025-04-18 05:17:52 UTC,108159911,question_extractor,1.0,5.2.0,,,,,
631592958,378226,2854185.0,28567,T1,2025-04-18 05:17:52 UTC,108159911,question_extractor,,5.2.0,,,,,
631592964,378226,2854185.0,28567,T0,2025-04-18 05:17:59 UTC,108160160,question_extractor,,5.2.0,1.0,,,,
631592964,378226,2854185.0,28567,T1,2025-04-18 05:17:59 UTC,108160160,question_extractor,,5.2.0,,1.0,,,
631592970,378226,2854185.0,28567,T0,2025-04-18 05:18:02 UTC,108160157,question_extractor,1.0,5.2.0,,,,,
631592970,378226,2854185.0,28567,T1,2025-04-18 05:18:02 UTC,108160157,question_extractor,,5.2.0,,,,,
631592976,378226,2854185.0,28567,T0,2025-04-18 05:18:04 UTC,108159961,question_extractor,1.0,5.2.0,,,,,
631592976,378226,2854185.0,28567,T1,2025-04-18 05:18:04 UTC,108159961,question_extractor,,5.2.0,,,,,
631592979,378226,2854185.0,28567,T0,2025-04-18 05:18:08 UTC,108160027,question_extractor,1.0,5.2.0,,,,,
631592979,378226,2854185.0,28567,T1,2025-04-18 05:18:08 UTC,108160027,question_extractor,,5.2.0,,,,,
631592983,378226,2854185.0,28567,T0,2025-04-18 05:18:11 UTC,108159976,question_extractor,,5.2.0,1.0,,,,
631592983,378226,2854185.0,28567,T1,2025-04-18 05:18:11 UTC,108159976,question_extractor,,5.2.0,,1.0,,,
631592989,378226,2854185.0,28567,T0,2025-04-18 05:18:15 UTC,108159991,question_extractor,1.0,5.2.0,,,,,
631592989,378226,2854185.0,28567,T1,2025-04-18 05:18:15 UTC,108159991,question_extractor,,5.2.0,,,,,
631592996,378226,2854185.0,28567,T0,2025-04-18 05:18:21 UTC,108160186,question_extractor,,5.2.0,1.0,,,,
631592996,378226,2854185.0,28567,T1,2025-04-18 05:18:21 UTC,108160186,question_extractor,,5.2.0,,,1.0,,
631592999,378226,2854185.0,28567,T0,2025-04-18 05:18:24 UTC,108160063,question_extractor,1.0,5.2.0,,,,,
631592999,378226,2854185.0,28567,T1,2025-04-18 05:18:24 UTC,108160063,question_extractor,,5.2.0,,,,,
631593004,378226,2854185.0,28567,T0,2025-04-18 05:18:28 UTC,108160199,question_extractor,,5.2.0,1.0,,,,
631593004,378226,2854185.0,28567,T1,2025-04-18 05:18:28 UTC,108160199,question_extractor,,5.2.0,,,1.0,,
631593008,378226,2854185.0,28567,T0,2025-04-18 05:18:32 UTC,108159966,question_extractor,,5.2.0,1.0,,,,
631593008,378226,2854185.0,28567,T1,2025-04-18 05:18:32 UTC,108159966,question_extractor,,5.2.0,,1.0,,,
631593019,378226,2854185.0,28567,T0,2025-04-18 05:18:38 UTC,108159924,question_extractor,1.0,5.2.0,,,,,
631593019,378226,2854185.0,28567,T1,2025-04-18 05:18:38 UTC,108159924,question_extractor,,5.2.0,,,,,
631593023,378226,2854185.0,28567,T0,2025-04-18 05:18:43 UTC,108159907,question_extractor,1.0,5.2.0,,,,,
631593023,378226,2854185.0,28567,T1,2025-04-18 05:18:43 UTC,108159907,question_extractor,,5.2.0,,,,,
631593028,378226,2854185.0,28567,T0,2025-04-18 05:18:47 UTC,108160153,question_extractor,1.0,5.2.0,,,,,
631593028,378226,2854185.0,28567,T1,2025-04-18 05:18:47 UTC,108160153,question_extractor,,5.2.0,,,,,
631593040,378226,2854185.0,28567,T0,2025-04-18 05:18:55 UTC,108160070,question_extractor,,5.2.0,1.0,,,,
631593040,378226,2854185.0,28567,T1,2025-04-18 05:18:55 UTC,108160070,question_extractor,,5.2.0,,1.0,,,
631593045,378226,2854185.0,28567,T0,2025-04-18 05:18:58 UTC,108160108,question_extractor,1.0,5.2.0,,,,,
631593045,378226,2854185.0,28567,T1,2025-04-18 05:18:58 UTC,108160108,question_extractor,,5.2.0,,,,,
631593051,378226,2854185.0,28567,T0,2025-04-18 05:19:02 UTC,108160143,question_extractor,,5.2.0,1.0,,,,
631593051,378226,2854185.0,28567,T1,2025-04-18 05:19:02 UTC,108160143,question_extractor,,5.2.0,,1.0,,,
631593075,378226,2854185.0,28567,T0,2025-04-18 05:19:18 UTC,108160120,question_extractor,,5.2.0,1.0,,,,
631593075,378226,2854185.0,28567,T1,2025-04-18 05:19:18 UTC,108160120,question_extractor,,5.2.0,,1.0,,,
631593080,378226,2854185.0,28567,T0,2025-04-18 05:19:21 UTC,108160049,question_extractor,1.0,5.2.0,,,,,
631593080,378226,2854185.0,28567,T1,2025-04-18 05:19:21 UTC,108160049,question_extractor,,5.2.0,,,,,
631593088,378226,2854185.0,28567,T0,2025-04-18 05:19:26 UTC,108159981,question_extractor,,5.2.0,1.0,,,,
631593088,378226,2854185.0,28567,T1,2025-04-18 05:19:26 UTC,108159981,question_extractor,,5.2.0,,1.0,,,
631593095,378226,2854185.0,28567,T0,2025-04-18 05:19:31 UTC,108159890,question_extractor,,5.2.0,1.0,,,,
631593095,378226,2854185.0,28567,T1,2025-04-18 05:19:31 UTC,108159890,question_extractor,,5.2.0,,,1.0,,
631593107,378226,2854185.0,28567,T0,2025-04-18 05:19:36 UTC,108160082,question_extractor,1.0,5.2.0,,,,,
631593107,378226,2854185.0,28567,T1,2025-04-18 05:19:36 UTC,108160082,question_extractor,,5.2.0,,,,,
631593112,378226,2854185.0,28567,T0,2025-04-18 05:19:39 UTC,108159914,question_extractor,1.0,5.2.0,,,,,
631593112,378226,2854185.0,28567,T1,2025-04-18 05:19:39 UTC,108159914,question_extractor,,5.2.0,,,,,
631593116,378226,2854185.0,28567,T0,2025-04-18 05:19:43 UTC,108160011,question_extractor,1.0,5.2.0,,,,,
631593116,378226,2854185.0,28567,T1,2025-04-18 05:19:43 UTC,108160011,question_extractor,,5.2.0,,,,,
631593122,378226,2854185.0,28567,T0,2025-04-18 05:19:47 UTC,108160003,question_extractor,,5.2.0,1.0,,,,
631593122,378226,2854185.0,28567,T1,2025-04-18 05:19:47 UTC,108160003,question_extractor,,5.2.0,,1.0,,,
631593159,378226,2854185.0,28567,T0,2025-04-18 05:20:14 UTC,108160103,question_extractor,1.0,5.2.0,,,,,
631593159,378226,2854185.0,28567,T1,2025-04-18 05:20:14 UTC,108160103,question_extractor,,5.2.0,,,,,
631593167,378226,2854185.0,28567,T0,2025-04-18 05:20:18 UTC,108160152,question_extractor,1.0,5.2.0,,,,,
631593167,378226,2854185.0,28567,T1,2025-04-18 05:20:18 UTC,108160152,question_extractor,,5.2.0,,,,,
631593172,378226,2854185.0,28567,T0,2025-04-18 05:20:21 UTC,108160040,question_extractor,1.0,5.2.0,,,,,
631593172,378226,2854185.0,28567,T1,2025-04-18 05:20:21 UTC,108160040,question_extractor,,5.2.0,,,,,
631593177,378226,2854185.0,28567,T0,2025-04-18 05:20:24 UTC,108160106,question_extractor,,5.2.0,1.0,,,,
631593177,378226,2854185.0,28567,T1,2025-04-18 05:20:24 UTC,108160106,question_extractor,,5.2.0,,1.0,,,
631593194,378226,2854185.0,28567,T0,2025-04-18 05:20:31 UTC,108160179,question_extractor,,5.2.0,1.0,,,,
631593194,378226,2854185.0,28567,T1,2025-04-18 05:20:31 UTC,108160179,question_extractor,,5.2.0,,1.0,,,
631593198,378226,2854185.0,28567,T0,2025-04-18 05:20:35 UTC,108159945,question_extractor,,5.2.0,1.0,,,,
631593198,378226,2854185.0,28567,T1,2025-04-18 05:20:35 UTC,108159945,question_extractor,,5.2.0,,1.0,,,
631593200,378226,2854185.0,28567,T0,2025-04-18 05:20:39 UTC,108159974,question_extractor,,5.2.0,1.0,,,,
631593200,378226,2854185.0,28567,T1,2025-04-18 05:20:39 UTC,108159974,question_extractor,,5.2.0,,1.0,,,
631593205,378226,2854185.0,28567,T0,2025-04-18 05:20:43 UTC,108160141,question_extractor,1.0,5.2.0,,,,,
631593205,378226,2854185.0,28567,T1,2025-04-18 05:20:43 UTC,108160141,question_extractor,,5.2.0,,,,,
631593213,378226,2854185.0,28567,T0,2025-04-18 05:20:50 UTC,108160198,question_extractor,,5.2.0,1.0,,,,
631593213,378226,2854185.0,28567,T1,2025-04-18 05:20:50 UTC,108160198,question_extractor,,5.2.0,,1.0,,,
631593216,378226,2854185.0,28567,T0,2025-04-18 05:20:52 UTC,108159933,question_extractor,1.0,5.2.0,,,,,
631593216,378226,2854185.0,28567,T1,2025-04-18 05:20:52 UTC,108159933,question_extractor,,5.2.0,,,,,
631593222,378226,2854185.0,28567,T0,2025-04-18 05:20:56 UTC,108160072,question_extractor,,5.2.0,1.0,,,,
631593222,378226,2854185.0,28567,T1,2025-04-18 05:20:56 UTC,108160072,question_extractor,,5.2.0,,1.0,,,
631593227,378226,2854185.0,28567,T0,2025-04-18 05:21:01 UTC,108160185,question_extractor,,5.2.0,1.0,,,,
631593227,378226,2854185.0,28567,T1,2025-04-18 05:21:01 UTC,108160185,question_extractor,,5.2.0,,1.0,,,
631593233,378226,2854185.0,28567,T0,2025-04-18 05:21:06 UTC,108159886,question_extractor,1.0,5.2.0,,,,,
631593233,378226,2854185.0,28567,T1,2025-04-18 05:21:06 UTC,108159886,question_extractor,,5.2.0,,,,,
631593238,378226,2854185.0,28567,T0,2025-04-18 05:21:11 UTC,108159937,question_extractor,,5.2.0,1.0,,,,
631593238,378226,2854185.0,28567,T1,2025-04-18 05:21:11 UTC,108159937,question_extractor,,5.2.0,,1.0,,,
631593245,378226,2854185.0,28567,T0,2025-04-18 05:21:17 UTC,108160168,question_extractor,,5.2.0,1.0,,,,
631593245,378226,2854185.0,28567,T1,2025-04-18 05:21:17 UTC,108160168,question_extractor,,5.2.0,,,1.0,,
631593248,378226,2854185.0,28567,T0,2025-04-18 05:21:20 UTC,108160194,question_extractor,,5.2.0,1.0,,,,
631593248,378226,2854185.0,28567,T1,2025-04-18 05:21:20 UTC,108160194,question_extractor,,5.2.0,,,1.0,,
631593253,378226,2854185.0,28567,T0,2025-04-18 05:21:24 UTC,108159902,question_extractor,,5.2.0,1.0,,,,
631593253,378226,2854185.0,28567,T1,2025-04-18 05:21:24 UTC,108159902,question_extractor,,5.2.0,,1.0,,,
631593255,378226,2854185.0,28567,T0,2025-04-18 05:21:27 UTC,108160035,question_extractor,1.0,5.2.0,,,,,
631593255,378226,2854185.0,28567,T1,2025-04-18 05:21:27 UTC,108160035,question_extractor,,5.2.0,,,,,
631593258,378226,2854185.0,28567,T0,2025-04-18 05:21:30 UTC,108160192,question_extractor,,5.2.0,1.0,,,,
631593258,378226,2854185.0,28567,T1,2025-04-18 05:21:30 UTC,108160192,question_extractor,,5.2.0,,,1.0,,
631593264,378226,2854185.0,28567,T0,2025-04-18 05:21:33 UTC,108159878,question_extractor,1.0,5.2.0,,,,,
631593264,378226,2854185.0,28567,T1,2025-04-18 05:21:33 UTC,108159878,question_extractor,,5.2.0,,,,,
631593269,378226,2854185.0,28567,T0,2025-04-18 05:21:38 UTC,108159944,question_extractor,,5.2.0,1.0,,,,
631593269,378226,2854185.0,28567,T1,2025-04-18 05:21:38 UTC,108159944,question_extractor,,5.2.0,,1.0,,,
631593274,378226,2854185.0,28567,T0,2025-04-18 05:21:42 UTC,108159949,question_extractor,,5.2.0,1.0,,,,
631593274,378226,2854185.0,28567,T1,2025-04-18 05:21:42 UTC,108159949,question_extractor,,5.2.0,,1.0,,,
631593278,378226,2854185.0,28567,T0,2025-04-18 05:21:44 UTC,108160041,question_extractor,1.0,5.2.0,,,,,
631593278,378226,2854185.0,28567,T1,2025-04-18 05:21:44 UTC,108160041,question_extractor,,5.2.0,,,,,
631593279,378226,2854185.0,28567,T0,2025-04-18 05:21:48 UTC,108159879,question_extractor,1.0,5.2.0,,,,,
631593279,378226,2854185.0,28567,T1,2025-04-18 05:21:48 UTC,108159879,question_extractor,,5.2.0,,,,,
631593282,378226,2854185.0,28567,T0,2025-04-18 05:21:50 UTC,108160006,question_extractor,1.0,5.2.0,,,,,
631593282,378226,2854185.0,28567,T1,2025-04-18 05:21:50 UTC,108160006,question_extractor,,5.2.0,,,,,
631593283,378226,2854185.0,28567,T0,2025-04-18 05:21:52 UTC,108159923,question_extractor,1.0,5.2.0,,,,,
631593283,378226,2854185.0,28567,T1,2025-04-18 05:21:52 UTC,108159923,question_extractor,,5.2.0,,,,,
631593285,378226,2854185.0,28567,T0,2025-04-18 05:21:56 UTC,108160004,question_extractor,1.0,5.2.0,,,,,
631593285,378226,2854185.0,28567,T1,2025-04-18 05:21:56 UTC,108160004,question_extractor,,5.2.0,,,,,
631593287,378226,2854185.0,28567,T0,2025-04-18 05:22:01 UTC,108160196,question_extractor,,5.2.0,1.0,,,,
631593287,378226,2854185.0,28567,T1,2025-04-18 05:22:01 UTC,108160196,question_extractor,,5.2.0,,1.0,,,
631593291,378226,2854185.0,28567,T0,2025-04-18 05:22:05 UTC,108159977,question_extractor,,5.2.0,1.0,,,,
631593291,378226,2854185.0,28567,T1,2025-04-18 05:22:05 UTC,108159977,question_extractor,,5.2.0,,1.0,,,
631593294,378226,2854185.0,28567,T0,2025-04-18 05:22:10 UTC,108159953,question_extractor,,5.2.0,1.0,,,,
631593294,378226,2854185.0,28567,T1,2025-04-18 05:22:10 UTC,108159953,question_extractor,,5.2.0,,1.0,,,
631593302,378226,2854185.0,28567,T0,2025-04-18 05:22:15 UTC,108160165,question_extractor,,5.2.0,1.0,,,,
631593302,378226,2854185.0,28567,T1,2025-04-18 05:22:15 UTC,108160165,question_extractor,,5.2.0,,,1.0,,
631593333,378226,2854185.0,28567,T0,2025-04-18 05:22:44 UTC,108159947,question_extractor,,5.2.0,1.0,,,,
631593333,378226,2854185.0,28567,T1,2025-04-18 05:22:44 UTC,108159947,question_extractor,,5.2.0,,,1.0,,
631593339,378226,2854185.0,28567,T0,2025-04-18 05:22:48 UTC,108160142,question_extractor,,5.2.0,1.0,,,,
631593339,378226,2854185.0,28567,T1,2025-04-18 05:22:48 UTC,108160142,question_extractor,,5.2.0,,1.0,,,
631804796,378226,2854185.0,28567,T0,2025-04-19 04:06:16 UTC,108159998,question_extractor,,5.2.0,1.0,,,,
631804796,378226,2854185.0,28567,T1,2025-04-19 04:06:16 UTC,108159998,question_extractor,,5.2.0,,1.0,,,
631804916,378226,2854185.0,28567,T0,2025-04-19 04:07:21 UTC,108159896,question_extractor,1.0,5.2.0,,,,,
631804916,378226,2854185.0,28567,T1,2025-04-19 04:07:21 UTC,108159896,question_extractor,,5.2.0,,,,,
631804930,378226,2854185.0,28567,T0,2025-04-19 04:07:26 UTC,108160128,question_extractor,,5.2.0,1.0,,,,
631804930,378226,2854185.0,28567,T1,2025-04-19 04:07:26 UTC,108160128,question_extractor,,5.2.0,,,1.0,,
631804940,378226,2854185.0,28567,T0,2025-04-19 04:07:30 UTC,108160159,question_extractor,,5.2.0,1.0,,,,
631804940,378226,2854185.0,28567,T1,2025-04-19 04:07:30 UTC,108160159,question_extractor,,5.2.0,,1.0,,,
631804960,378226,2854185.0,28567,T0,2025-04-19 04:07:41 UTC,108160086,question_extractor,1.0,5.2.0,,,,,
631804960,378226,2854185.0,28567,T1,2025-04-19 04:07:41 UTC,108160086,question_extractor,,5.2.0,,,,,
631804966,378226,2854185.0,28567,T0,2025-04-19 04:07:44 UTC,108159904,question_extractor,1.0,5.2.0,,,,,
631804966,378226,2854185.0,28567,T1,2025-04-19 04:07:44 UTC,108159904,question_extractor,,5.2.0,,,,,
631804969,378226,2854185.0,28567,T0,2025-04-19 04:07:48 UTC,108159965,question_extractor,1.0,5.2.0,,,,,
631804969,378226,2854185.0,28567,T1,2025-04-19 04:07:48 UTC,108159965,question_extractor,,5.2.0,,,,,
631804981,378226,2854185.0,28567,T0,2025-04-19 04:07:54 UTC,108159975,question_extractor,,5.2.0,1.0,,,,
631804981,378226,2854185.0,28567,T1,2025-04-19 04:07:54 UTC,108159975,question_extractor,,5.2.0,,,1.0,,
631805004,378226,2854185.0,28567,T0,2025-04-19 04:08:05 UTC,108160018,question_extractor,1.0,5.2.0,,,,,
631805004,378226,2854185.0,28567,T1,2025-04-19 04:08:05 UTC,108160018,question_extractor,,5.2.0,,,,,
631805017,378226,2854185.0,28567,T0,2025-04-19 04:08:09 UTC,108160053,question_extractor,,5.2.0,1.0,,,,
631805017,378226,2854185.0,28567,T1,2025-04-19 04:08:09 UTC,108160053,question_extractor,,5.2.0,,1.0,,,
631805025,378226,2854185.0,28567,T0,2025-04-19 04:08:15 UTC,108160036,question_extractor,,5.2.0,1.0,,,,
631805025,378226,2854185.0,28567,T1,2025-04-19 04:08:15 UTC,108160036,question_extractor,,5.2.0,,1.0,,,
631805031,378226,2854185.0,28567,T0,2025-04-19 04:08:18 UTC,108159903,question_extractor,1.0,5.2.0,,,,,
631805031,378226,2854185.0,28567,T1,2025-04-19 04:08:18 UTC,108159903,question_extractor,,5.2.0,,,,,
631805036,378226,2854185.0,28567,T0,2025-04-19 04:08:21 UTC,108159901,question_extractor,1.0,5.2.0,,,,,
631805036,378226,2854185.0,28567,T1,2025-04-19 04:08:21 UTC,108159901,question_extractor,,5.2.0,,,,,
631805050,378226,2854185.0,28567,T0,2025-04-19 04:08:27 UTC,108159891,question_extractor,,5.2.0,1.0,,,,
631805050,378226,2854185.0,28567,T1,2025-04-19 04:08:27 UTC,108159891,question_extractor,,5.2.0,,,1.0,,
631805072,378226,2854185.0,28567,T0,2025-04-19 04:08:37 UTC,108160031,question_extractor,1.0,5.2.0,,,,,
631805072,378226,2854185.0,28567,T1,2025-04-19 04:08:37 UTC,108160031,question_extractor,,5.2.0,,,,,
631805087,378226,2854185.0,28567,T0,2025-04-19 04:08:43 UTC,108160119,question_extractor,,5.2.0,1.0,,,,
631805087,378226,2854185.0,28567,T1,2025-04-19 04:08:43 UTC,108160119,question_extractor,,5.2.0,,,1.0,,
631805094,378226,2854185.0,28567,T0,2025-04-19 04:08:47 UTC,108159987,question_extractor,,5.2.0,1.0,,,,
631805094,378226,2854185.0,28567,T1,2025-04-19 04:08:47 UTC,108159987,question_extractor,,5.2.0,,1.0,,,
631805104,378226,2854185.0,28567,T0,2025-04-19 04:08:51 UTC,108160094,question_extractor,,5.2.0,1.0,,,,
631805104,378226,2854185.0,28567,T1,2025-04-19 04:08:51 UTC,108160094,question_extractor,,5.2.0,,1.0,,,
631805127,378226,2854185.0,28567,T0,2025-04-19 04:09:04 UTC,108159983,question_extractor,,5.2.0,1.0,,,,
631805127,378226,2854185.0,28567,T1,2025-04-19 04:09:04 UTC,108159983,question_extractor,,5.2.0,,,1.0,,
631805136,378226,2854185.0,28567,T0,2025-04-19 04:09:08 UTC,108159919,question_extractor,1.0,5.2.0,,,,,
631805136,378226,2854185.0,28567,T1,2025-04-19 04:09:08 UTC,108159919,question_extractor,,5.2.0,,,,,
631805143,378226,2854185.0,28567,T0,2025-04-19 04:09:12 UTC,108160155,question_extractor,1.0,5.2.0,,,,,
631805143,378226,2854185.0,28567,T1,2025-04-19 04:09:12 UTC,108160155,question_extractor,,5.2.0,,,,,
631805151,378226,2854185.0,28567,T0,2025-04-19 04:09:16 UTC,108159893,question_extractor,1.0,5.2.0,,,,,
631805151,378226,2854185.0,28567,T1,2025-04-19 04:09:16 UTC,108159893,question_extractor,,5.2.0,,,,,
631805159,378226,2854185.0,28567,T0,2025-04-19 04:09:19 UTC,108159899,question_extractor,1.0,5.2.0,,,,,
631805159,378226,2854185.0,28567,T1,2025-04-19 04:09:19 UTC,108159899,question_extractor,,5.2.0,,,,,
631805162,378226,2854185.0,28567,T0,2025-04-19 04:09:21 UTC,108160065,question_extractor,1.0,5.2.0,,,,,
631805162,378226,2854185.0,28567,T1,2025-04-19 04:09:21 UTC,108160065,question_extractor,,5.2.0,,,,,
631805168,378226,2854185.0,28567,T0,2025-04-19 04:09:25 UTC,108160019,question_extractor,1.0,5.2.0,,,,,
631805168,378226,2854185.0,28567,T1,2025-04-19 04:09:25 UTC,108160019,question_extractor,,5.2.0,,,,,
631805176,378226,2854185.0,28567,T0,2025-04-19 04:09:28 UTC,108160013,question_extractor,1.0,5.2.0,,,,,
631805176,378226,2854185.0,28567,T1,2025-04-19 04:09:28 UTC,108160013,question_extractor,,5.2.0,,,,,
631805203,378226,2854185.0,28567,T0,2025-04-19 04:09:40 UTC,108159936,question_extractor,1.0,5.2.0,,,,,
631805203,378226,2854185.0,28567,T1,2025-04-19 04:09:40 UTC,108159936,question_extractor,,5.2.0,,,,,
631805254,378226,2854185.0,28567,T0,2025-04-19 04:10:04 UTC,108160104,question_extractor,1.0,5.2.0,,,,,
631805254,378226,2854185.0,28567,T1,2025-04-19 04:10:04 UTC,108160104,question_extractor,,5.2.0,,,,,
631805263,378226,2854185.0,28567,T0,2025-04-19 04:10:09 UTC,108160154,question_extractor,1.0,5.2.0,,,,,
631805263,378226,2854185.0,28567,T1,2025-04-19 04:10:09 UTC,108160154,question_extractor,,5.2.0,,,,,
631805269,378226,2854185.0,28567,T0,2025-04-19 04:10:11 UTC,108160135,question_extractor,1.0,5.2.0,,,,,
631805269,378226,2854185.0,28567,T1,2025-04-19 04:10:11 UTC,108160135,question_extractor,,5.2.0,,,,,
631805281,378226,2854185.0,28567,T0,2025-04-19 04:10:20 UTC,108159970,question_extractor,1.0,5.2.0,,,,,
631805281,378226,2854185.0,28567,T1,2025-04-19 04:10:20 UTC,108159970,question_extractor,,5.2.0,,,,,
631805297,378226,2854185.0,28567,T0,2025-04-19 04:10:24 UTC,108159889,question_extractor,,5.2.0,1.0,,,,
631805297,378226,2854185.0,28567,T1,2025-04-19 04:10:24 UTC,108159889,question_extractor,,5.2.0,,,1.0,,
631805318,378226,2854185.0,28567,T0,2025-04-19 04:10:30 UTC,108160061,question_extractor,,5.2.0,1.0,,,,
631805318,378226,2854185.0,28567,T1,2025-04-19 04:10:30 UTC,108160061,question_extractor,,5.2.0,,,1.0,,
631805328,378226,2854185.0,28567,T0,2025-04-19 04:10:36 UTC,108159885,question_extractor,,5.2.0,1.0,,,,
631805328,378226,2854185.0,28567,T1,2025-04-19 04:10:36 UTC,108159885,question_extractor,,5.2.0,,,1.0,,
631805347,378226,2854185.0,28567,T0,2025-04-19 04:10:43 UTC,108159888,question_extractor,,5.2.0,1.0,,,,
631805347,378226,2854185.0,28567,T1,2025-04-19 04:10:43 UTC,108159888,question_extractor,,5.2.0,,1.0,,,
631805358,378226,2854185.0,28567,T0,2025-04-19 04:10:46 UTC,108159912,question_extractor,1.0,5.2.0,,,,,
631805358,378226,2854185.0,28567,T1,2025-04-19 04:10:46 UTC,108159912,question_extractor,,5.2.0,,,,,
631805363,378226,2854185.0,28567,T0,2025-04-19 04:10:48 UTC,108160112,question_extractor,1.0,5.2.0,,,,,
631805363,378226,2854185.0,28567,T1,2025-04-19 04:10:48 UTC,108160112,question_extractor,,5.2.0,,,,,
631805366,378226,2854185.0,28567,T0,2025-04-19 04:10:51 UTC,108159972,question_extractor,1.0,5.2.0,,,,,
631805366,378226,2854185.0,28567,T1,2025-04-19 04:10:51 UTC,108159972,question_extractor,,5.2.0,,,,,
631805375,378226,2854185.0,28567,T0,2025-04-19 04:10:56 UTC,108159956,question_extractor,,5.2.0,1.0,,,,
631805375,378226,2854185.0,28567,T1,2025-04-19 04:10:56 UTC,108159956,question_extractor,,5.2.0,,1.0,,,
631805380,378226,2854185.0,28567,T0,2025-04-19 04:10:59 UTC,108160015,question_extractor,1.0,5.2.0,,,,,
631805380,378226,2854185.0,28567,T1,2025-04-19 04:10:59 UTC,108160015,question_extractor,,5.2.0,,,,,
631805388,378226,2854185.0,28567,T0,2025-04-19 04:11:02 UTC,108160060,question_extractor,1.0,5.2.0,,,,,
631805388,378226,2854185.0,28567,T1,2025-04-19 04:11:02 UTC,108160060,question_extractor,,5.2.0,,,,,
631805394,378226,2854185.0,28567,T0,2025-04-19 04:11:05 UTC,108160081,question_extractor,1.0,5.2.0,,,,,
631805394,378226,2854185.0,28567,T1,2025-04-19 04:11:05 UTC,108160081,question_extractor,,5.2.0,,,,,
631805400,378226,2854185.0,28567,T0,2025-04-19 04:11:09 UTC,108160045,question_extractor,1.0,5.2.0,,,,,
631805400,378226,2854185.0,28567,T1,2025-04-19 04:11:09 UTC,108160045,question_extractor,,5.2.0,,,,,
631805405,378226,2854185.0,28567,T0,2025-04-19 04:11:11 UTC,108159921,question_extractor,1.0,5.2.0,,,,,
631805405,378226,2854185.0,28567,T1,2025-04-19 04:11:11 UTC,108159921,question_extractor,,5.2.0,,,,,
631805416,378226,2854185.0,28567,T0,2025-04-19 04:11:15 UTC,108160091,question_extractor,1.0,5.2.0,,,,,
631805416,378226,2854185.0,28567,T1,2025-04-19 04:11:15 UTC,108160091,question_extractor,,5.2.0,,,,,
631805503,378226,2854185.0,28567,T0,2025-04-19 04:12:00 UTC,108159917,question_extractor,,5.2.0,1.0,,,,
631805503,378226,2854185.0,28567,T1,2025-04-19 04:12:00 UTC,108159917,question_extractor,,5.2.0,,1.0,,,
631805513,378226,2854185.0,28567,T0,2025-04-19 04:12:04 UTC,108160039,question_extractor,1.0,5.2.0,,,,,
631805513,378226,2854185.0,28567,T1,2025-04-19 04:12:04 UTC,108160039,question_extractor,,5.2.0,,,,,
631805522,378226,2854185.0,28567,T0,2025-04-19 04:12:09 UTC,108160075,question_extractor,,5.2.0,1.0,,,,
631805522,378226,2854185.0,28567,T1,2025-04-19 04:12:09 UTC,108160075,question_extractor,,5.2.0,,1.0,,,
631805569,378226,2854185.0,28567,T0,2025-04-19 04:12:34 UTC,108159971,question_extractor,1.0,5.2.0,,,,,
631805569,378226,2854185.0,28567,T1,2025-04-19 04:12:34 UTC,108159971,question_extractor,,5.2.0,,,,,
631805581,378226,2854185.0,28567,T0,2025-04-19 04:12:38 UTC,108159994,question_extractor,1.0,5.2.0,,,,,
631805581,378226,2854185.0,28567,T1,2025-04-19 04:12:38 UTC,108159994,question_extractor,,5.2.0,,,,,
631805591,378226,2854185.0,28567,T0,2025-04-19 04:12:43 UTC,108160073,question_extractor,,5.2.0,1.0,,,,
631805591,378226,2854185.0,28567,T1,2025-04-19 04:12:43 UTC,108160073,question_extractor,,5.2.0,,1.0,,,
631805600,378226,2854185.0,28567,T0,2025-04-19 04:12:48 UTC,108160099,question_extractor,,5.2.0,1.0,,,,
631805600,378226,2854185.0,28567,T1,2025-04-19 04:12:48 UTC,108160099,question_extractor,,5.2.0,,,1.0,,
631805606,378226,2854185.0,28567,T0,2025-04-19 04:12:51 UTC,108160067,question_extractor,1.0,5.2.0,,,,,
631805606,378226,2854185.0,28567,T1,2025-04-19 04:12:51 UTC,108160067,question_extractor,,5.2.0,,,,,
631805631,378226,2854185.0,28567,T0,2025-04-19 04:13:03 UTC,108160126,question_extractor,,5.2.0,1.0,,,,
631805631,378226,2854185.0,28567,T1,2025-04-19 04:13:03 UTC,108160126,question_extractor,,5.2.0,,,1.0,,
631805637,378226,2854185.0,28567,T0,2025-04-19 04:13:06 UTC,108159929,question_extractor,1.0,5.2.0,,,,,
631805637,378226,2854185.0,28567,T1,2025-04-19 04:13:06 UTC,108159929,question_extractor,,5.2.0,,,,,
631805650,378226,2854185.0,28567,T0,2025-04-19 04:13:11 UTC,108160201,question_extractor,,5.2.0,1.0,,,,
631805650,378226,2854185.0,28567,T1,2025-04-19 04:13:11 UTC,108160201,question_extractor,,5.2.0,,,1.0,,
631805658,378226,2854185.0,28567,T0,2025-04-19 04:13:13 UTC,108160044,question_extractor,1.0,5.2.0,,,,,
631805658,378226,2854185.0,28567,T1,2025-04-19 04:13:13 UTC,108160044,question_extractor,,5.2.0,,,,,
631805667,378226,2854185.0,28567,T0,2025-04-19 04:13:18 UTC,108160169,question_extractor,,5.2.0,1.0,,,,
631805667,378226,2854185.0,28567,T1,2025-04-19 04:13:18 UTC,108160169,question_extractor,,5.2.0,,,1.0,,
631805673,378226,2854185.0,28567,T0,2025-04-19 04:13:22 UTC,108159887,question_extractor,,5.2.0,1.0,,,,
631805673,378226,2854185.0,28567,T1,2025-04-19 04:13:22 UTC,108159887,question_extractor,,5.2.0,,,1.0,,
631805679,378226,2854185.0,28567,T0,2025-04-19 04:13:25 UTC,108160176,question_extractor,1.0,5.2.0,,,,,
631805679,378226,2854185.0,28567,T1,2025-04-19 04:13:25 UTC,108160176,question_extractor,,5.2.0,,,,,
631805687,378226,2854185.0,28567,T0,2025-04-19 04:13:28 UTC,108160114,question_extractor,1.0,5.2.0,,,,,
631805687,378226,2854185.0,28567,T1,2025-04-19 04:13:28 UTC,108160114,question_extractor,,5.2.0,,,,,
631805700,378226,2854185.0,28567,T0,2025-04-19 04:13:34 UTC,108160050,question_extractor,,5.2.0,1.0,,,,
631805700,378226,2854185.0,28567,T1,2025-04-19 04:13:34 UTC,108160050,question_extractor,,5.2.0,,1.0,,,
631928749,378226,2854185.0,28567,T0,2025-04-19 21:00:29 UTC,108160170,question_extractor,,5.2.0,1.0,,,,
631928749,378226,2854185.0,28567,T1,2025-04-19 21:00:29 UTC,108160170,question_extractor,,5.2.0,,1.0,,,
631928759,378226,2854185.0,28567,T0,2025-04-19 21:00:34 UTC,108160001,question_extractor,,5.2.0,1.0,,,,
631928759,378226,2854185.0,28567,T1,2025-04-19 21:00:34 UTC,108160001,question_extractor,,5.2.0,,1.0,,,
631928769,378226,2854185.0,28567,T0,2025-04-19 21:00:38 UTC,108160161,question_extractor,,5.2.0,1.0,,,,
631928769,378226,2854185.0,28567,T1,2025-04-19 21:00:38 UTC,108160161,question_extractor,,5.2.0,,1.0,,,
631928780,378226,2854185.0,28567,T0,2025-04-19 21:00:43 UTC,108160076,question_extractor,,5.2.0,1.0,,,,
631928780,378226,2854185.0,28567,T1,2025-04-19 21:00:43 UTC,108160076,question_extractor,,5.2.0,,1.0,,,
631928788,378226,2854185.0,28567,T0,2025-04-19 21:00:47 UTC,108160193,question_extractor,,5.2.0,1.0,,,,
631928788,378226,2854185.0,28567,T1,2025-04-19 21:00:47 UTC,108160193,question_extractor,,5.2.0,,1.0,,,
631928802,378226,2854185.0,28567,T0,2025-04-19 21:00:49 UTC,108160085,question_extractor,1.0,5.2.0,,,,,
631928802,378226,2854185.0,28567,T1,2025-04-19 21:00:49 UTC,108160085,question_extractor,,5.2.0,,,,,
631928809,378226,2854185.0,28567,T0,2025-04-19 21:00:53 UTC,108159913,question_extractor,1.0,5.2.0,,,,,
631928809,378226,2854185.0,28567,T1,2025-04-19 21:00:53 UTC,108159913,question_extractor,,5.2.0,,,,,
631928838,378226,2854185.0,28567,T0,2025-04-19 21:01:04 UTC,108160144,question_extractor,,5.2.0,1.0,,,,
631928838,378226,2854185.0,28567,T1,2025-04-19 21:01:04 UTC,108160144,question_extractor,,5.2.0,,1.0,,,
631928846,378226,2854185.0,28567,T0,2025-04-19 21:01:07 UTC,108159990,question_extractor,1.0,5.2.0,,,,,
631928846,378226,2854185.0,28567,T1,2025-04-19 21:01:07 UTC,108159990,question_extractor,,5.2.0,,,,,
631928869,378226,2854185.0,28567,T0,2025-04-19 21:01:18 UTC,108159954,question_extractor,,5.2.0,1.0,,,,
631928869,378226,2854185.0,28567,T1,2025-04-19 21:01:18 UTC,108159954,question_extractor,,5.2.0,,1.0,,,
631928878,378226,2854185.0,28567,T0,2025-04-19 21:01:21 UTC,108160002,question_extractor,1.0,5.2.0,,,,,
631928878,378226,2854185.0,28567,T1,2025-04-19 21:01:21 UTC,108160002,question_extractor,,5.2.0,,,,,
631928892,378226,2854185.0,28567,T0,2025-04-19 21:01:27 UTC,108159996,question_extractor,,5.2.0,1.0,,,,
631928892,378226,2854185.0,28567,T1,2025-04-19 21:01:27 UTC,108159996,question_extractor,,5.2.0,,1.0,,,
631929012,378226,2854185.0,28567,T0,2025-04-19 21:02:21 UTC,108160008,question_extractor,,5.2.0,1.0,,,,
631929012,378226,2854185.0,28567,T1,2025-04-19 21:02:21 UTC,108160008,question_extractor,,5.2.0,,1.0,,,
631929022,378226,2854185.0,28567,T0,2025-04-19 21:02:25 UTC,108159988,question_extractor,1.0,5.2.0,,,,,
631929022,378226,2854185.0,28567,T1,2025-04-19 21:02:25 UTC,108159988,question_extractor,,5.2.0,,,,,
631929028,378226,2854185.0,28567,T0,2025-04-19 21:02:28 UTC,108160111,question_extractor,1.0,5.2.0,,,,,
631929028,378226,2854185.0,28567,T1,2025-04-19 21:02:28 UTC,108160111,question_extractor,,5.2.0,,,,,
631929063,378226,2854185.0,28567,T0,2025-04-19 21:02:41 UTC,108159984,question_extractor,,5.2.0,1.0,,,,
631929063,378226,2854185.0,28567,T1,2025-04-19 21:02:41 UTC,108159984,question_extractor,,5.2.0,,1.0,,,
631929080,378226,2854185.0,28567,T0,2025-04-19 21:02:45 UTC,108160059,question_extractor,1.0,5.2.0,,,,,
631929080,378226,2854185.0,28567,T1,2025-04-19 21:02:45 UTC,108160059,question_extractor,,5.2.0,,,,,
631929107,378226,2854185.0,28567,T0,2025-04-19 21:02:56 UTC,108159897,question_extractor,,5.2.0,1.0,,,,
631929107,378226,2854185.0,28567,T1,2025-04-19 21:02:56 UTC,108159897,question_extractor,,5.2.0,,1.0,,,
631929117,378226,2854185.0,28567,T0,2025-04-19 21:03:02 UTC,108160184,question_extractor,,5.2.0,1.0,,,,
631929117,378226,2854185.0,28567,T1,2025-04-19 21:03:02 UTC,108160184,question_extractor,,5.2.0,,1.0,,,
631929146,378226,2854185.0,28567,T0,2025-04-19 21:03:10 UTC,108160051,question_extractor,,5.2.0,1.0,,,,
631929146,378226,2854185.0,28567,T1,2025-04-19 21:03:10 UTC,108160051,question_extractor,,5.2.0,,1.0,,,
631929168,378226,2854185.0,28567,T0,2025-04-19 21:03:16 UTC,108160146,question_extractor,,5.2.0,1.0,,,,
631929168,378226,2854185.0,28567,T1,2025-04-19 21:03:16 UTC,108160146,question_extractor,,5.2.0,,1.0,,,
631929190,378226,2854185.0,28567,T0,2025-04-19 21:03:21 UTC,108160066,question_extractor,1.0,5.2.0,,,,,
631929190,378226,2854185.0,28567,T1,2025-04-19 21:03:21 UTC,108160066,question_extractor,,5.2.0,,,,,
631929203,378226,2854185.0,28567,T0,2025-04-19 21:03:24 UTC,108159964,question_extractor,1.0,5.2.0,,,,,
631929203,378226,2854185.0,28567,T1,2025-04-19 21:03:24 UTC,108159964,question_extractor,,5.2.0,,,,,
631929224,378226,2854185.0,28567,T0,2025-04-19 21:03:30 UTC,108160079,question_extractor,,5.2.0,1.0,,,,
631929224,378226,2854185.0,28567,T1,2025-04-19 21:03:30 UTC,108160079,question_extractor,,5.2.0,,1.0,,,
631929242,378226,2854185.0,28567,T0,2025-04-19 21:03:36 UTC,108160098,question_extractor,,5.2.0,1.0,,,,
631929242,378226,2854185.0,28567,T1,2025-04-19 21:03:36 UTC,108160098,question_extractor,,5.2.0,,,1.0,,
631929250,378226,2854185.0,28567,T0,2025-04-19 21:03:39 UTC,108159995,question_extractor,1.0,5.2.0,,,,,
631929250,378226,2854185.0,28567,T1,2025-04-19 21:03:39 UTC,108159995,question_extractor,,5.2.0,,,,,
631929266,378226,2854185.0,28567,T0,2025-04-19 21:03:43 UTC,108160127,question_extractor,,5.2.0,1.0,,,,
631929266,378226,2854185.0,28567,T1,2025-04-19 21:03:43 UTC,108160127,question_extractor,,5.2.0,,1.0,,,
631929279,378226,2854185.0,28567,T0,2025-04-19 21:03:46 UTC,108160137,question_extractor,1.0,5.2.0,,,,,
631929279,378226,2854185.0,28567,T1,2025-04-19 21:03:46 UTC,108160137,question_extractor,,5.2.0,,,,,
631929291,378226,2854185.0,28567,T0,2025-04-19 21:03:49 UTC,108159939,question_extractor,1.0,5.2.0,,,,,
631929291,378226,2854185.0,28567,T1,2025-04-19 21:03:49 UTC,108159939,question_extractor,,5.2.0,,,,,
631933588,378226,2854185.0,28567,T0,2025-04-19 21:21:58 UTC,108159976,question_extractor,,5.2.0,1.0,,,,
631933588,378226,2854185.0,28567,T1,2025-04-19 21:21:58 UTC,108159976,question_extractor,,5.2.0,,1.0,,,
631933597,378226,2854185.0,28567,T0,2025-04-19 21:22:02 UTC,108159966,question_extractor,,5.2.0,1.0,,,,
631933597,378226,2854185.0,28567,T1,2025-04-19 21:22:02 UTC,108159966,question_extractor,,5.2.0,,1.0,,,
631933604,378226,2854185.0,28567,T0,2025-04-19 21:22:05 UTC,108159963,question_extractor,1.0,5.2.0,,,,,
631933604,378226,2854185.0,28567,T1,2025-04-19 21:22:05 UTC,108159963,question_extractor,,5.2.0,,,,,
631933613,378226,2854185.0,28567,T0,2025-04-19 21:22:08 UTC,108159929,question_extractor,1.0,5.2.0,,,,,
631933613,378226,2854185.0,28567,T1,2025-04-19 21:22:08 UTC,108159929,question_extractor,,5.2.0,,,,,
631933622,378226,2854185.0,28567,T0,2025-04-19 21:22:11 UTC,108159922,question_extractor,1.0,5.2.0,,,,,
631933622,378226,2854185.0,28567,T1,2025-04-19 21:22:11 UTC,108159922,question_extractor,,5.2.0,,,,,
631933637,378226,2854185.0,28567,T0,2025-04-19 21:22:14 UTC,108159905,question_extractor,,5.2.0,1.0,,,,
631933637,378226,2854185.0,28567,T1,2025-04-19 21:22:14 UTC,108159905,question_extractor,,5.2.0,,1.0,,,
631933644,378226,2854185.0,28567,T0,2025-04-19 21:22:17 UTC,108159906,question_extractor,1.0,5.2.0,,,,,
631933644,378226,2854185.0,28567,T1,2025-04-19 21:22:17 UTC,108159906,question_extractor,,5.2.0,,,,,
631933658,378226,2854185.0,28567,T0,2025-04-19 21:22:21 UTC,108159887,question_extractor,,5.2.0,1.0,,,,
631933658,378226,2854185.0,28567,T1,2025-04-19 21:22:21 UTC,108159887,question_extractor,,5.2.0,,1.0,,,
631933667,378226,2854185.0,28567,T0,2025-04-19 21:22:23 UTC,108159935,question_extractor,1.0,5.2.0,,,,,
631933667,378226,2854185.0,28567,T1,2025-04-19 21:22:23 UTC,108159935,question_extractor,,5.2.0,,,,,
631933677,378226,2854185.0,28567,T0,2025-04-19 21:22:26 UTC,108159907,question_extractor,1.0,5.2.0,,,,,
631933677,378226,2854185.0,28567,T1,2025-04-19 21:22:26 UTC,108159907,question_extractor,,5.2.0,,,,,
631933683,378226,2854185.0,28567,T0,2025-04-19 21:22:28 UTC,108159925,question_extractor,1.0,5.2.0,,,,,
631933683,378226,2854185.0,28567,T1,2025-04-19 21:22:28 UTC,108159925,question_extractor,,5.2.0,,,,,
631933695,378226,2854185.0,28567,T0,2025-04-19 21:22:31 UTC,108159970,question_extractor,1.0,5.2.0,,,,,
631933695,378226,2854185.0,28567,T1,2025-04-19 21:22:31 UTC,108159970,question_extractor,,5.2.0,,,,,
631933702,378226,2854185.0,28567,T0,2025-04-19 21:22:35 UTC,108159958,question_extractor,1.0,5.2.0,,,,,
631933702,378226,2854185.0,28567,T1,2025-04-19 21:22:35 UTC,108159958,question_extractor,,5.2.0,,,,,
631933732,378226,2854185.0,28567,T0,2025-04-19 21:22:44 UTC,108159954,question_extractor,,5.2.0,1.0,,,,
631933732,378226,2854185.0,28567,T1,2025-04-19 21:22:44 UTC,108159954,question_extractor,,5.2.0,,,1.0,,
631933754,378226,2854185.0,28567,T0,2025-04-19 21:22:50 UTC,108159935,question_extractor,1.0,5.2.0,,,,,
631933754,378226,2854185.0,28567,T1,2025-04-19 21:22:50 UTC,108159935,question_extractor,,5.2.0,,,,,
631933763,378226,2854185.0,28567,T0,2025-04-19 21:22:53 UTC,108159921,question_extractor,1.0,5.2.0,,,,,
631933763,378226,2854185.0,28567,T1,2025-04-19 21:22:53 UTC,108159921,question_extractor,,5.2.0,,,,,
631933771,378226,2854185.0,28567,T0,2025-04-19 21:22:55 UTC,108159972,question_extractor,1.0,5.2.0,,,,,
631933771,378226,2854185.0,28567,T1,2025-04-19 21:22:55 UTC,108159972,question_extractor,,5.2.0,,,,,
631933782,378226,2854185.0,28567,T0,2025-04-19 21:22:58 UTC,108159922,question_extractor,1.0,5.2.0,,,,,
631933782,378226,2854185.0,28567,T1,2025-04-19 21:22:58 UTC,108159922,question_extractor,,5.2.0,,,,,
631933795,378226,2854185.0,28567,T0,2025-04-19 21:23:01 UTC,108159891,question_extractor,1.0,5.2.0,,,,,
631933795,378226,2854185.0,28567,T1,2025-04-19 21:23:01 UTC,108159891,question_extractor,,5.2.0,,,,,
631933818,378226,2854185.0,28567,T0,2025-04-19 21:23:08 UTC,108159892,question_extractor,,5.2.0,1.0,,,,
631933818,378226,2854185.0,28567,T1,2025-04-19 21:23:08 UTC,108159892,question_extractor,,5.2.0,,1.0,,,
631933824,378226,2854185.0,28567,T0,2025-04-19 21:23:09 UTC,108159907,question_extractor,1.0,5.2.0,,,,,
631933824,378226,2854185.0,28567,T1,2025-04-19 21:23:09 UTC,108159907,question_extractor,,5.2.0,,,,,
631933856,378226,2854185.0,28567,T0,2025-04-19 21:23:20 UTC,108159911,question_extractor,1.0,5.2.0,,,,,
631933856,378226,2854185.0,28567,T1,2025-04-19 21:23:20 UTC,108159911,question_extractor,,5.2.0,,,,,
631933926,378226,2854185.0,28567,T0,2025-04-19 21:23:48 UTC,108159915,question_extractor,1.0,5.2.0,,,,,
631933926,378226,2854185.0,28567,T1,2025-04-19 21:23:48 UTC,108159915,question_extractor,,5.2.0,,,,,
631933932,378226,2854185.0,28567,T0,2025-04-19 21:23:51 UTC,108159901,question_extractor,1.0,5.2.0,,,,,
631933932,378226,2854185.0,28567,T1,2025-04-19 21:23:51 UTC,108159901,question_extractor,,5.2.0,,,,,
631933942,378226,2854185.0,28567,T0,2025-04-19 21:23:53 UTC,108159941,question_extractor,1.0,5.2.0,,,,,
631933942,378226,2854185.0,28567,T1,2025-04-19 21:23:53 UTC,108159941,question_extractor,,5.2.0,,,,,
631933952,378226,2854185.0,28567,T0,2025-04-19 21:23:56 UTC,108159879,question_extractor,1.0,5.2.0,,,,,
631933952,378226,2854185.0,28567,T1,2025-04-19 21:23:56 UTC,108159879,question_extractor,,5.2.0,,,,,
631933972,378226,2854185.0,28567,T0,2025-04-19 21:24:03 UTC,108159953,question_extractor,,5.2.0,1.0,,,,
631933972,378226,2854185.0,28567,T1,2025-04-19 21:24:03 UTC,108159953,question_extractor,,5.2.0,,1.0,,,
631934056,378226,2854185.0,28567,T0,2025-04-19 21:24:30 UTC,108159955,question_extractor,,5.2.0,1.0,,,,
631934056,378226,2854185.0,28567,T1,2025-04-19 21:24:30 UTC,108159955,question_extractor,,5.2.0,,1.0,,,
631934061,378226,2854185.0,28567,T0,2025-04-19 21:24:32 UTC,108159882,question_extractor,1.0,5.2.0,,,,,
631934061,378226,2854185.0,28567,T1,2025-04-19 21:24:32 UTC,108159882,question_extractor,,5.2.0,,,,,
631934075,378226,2854185.0,28567,T0,2025-04-19 21:24:37 UTC,108159886,question_extractor,,5.2.0,1.0,,,,
631934075,378226,2854185.0,28567,T1,2025-04-19 21:24:37 UTC,108159886,question_extractor,,5.2.0,,,1.0,,
631934089,378226,2854185.0,28567,T0,2025-04-19 21:24:43 UTC,108159892,question_extractor,1.0,5.2.0,,,,,
631934089,378226,2854185.0,28567,T1,2025-04-19 21:24:43 UTC,108159892,question_extractor,,5.2.0,,,,,
631934099,378226,2854185.0,28567,T0,2025-04-19 21:24:47 UTC,108159910,question_extractor,,5.2.0,1.0,,,,
631934099,378226,2854185.0,28567,T1,2025-04-19 21:24:47 UTC,108159910,question_extractor,,5.2.0,,1.0,,,
631934108,378226,2854185.0,28567,T0,2025-04-19 21:24:51 UTC,108159917,question_extractor,,5.2.0,1.0,,,,
631934108,378226,2854185.0,28567,T1,2025-04-19 21:24:51 UTC,108159917,question_extractor,,5.2.0,,1.0,,,
631934174,378226,2854185.0,28567,T0,2025-04-19 21:25:14 UTC,108159953,question_extractor,,5.2.0,1.0,,,,
631934174,378226,2854185.0,28567,T1,2025-04-19 21:25:14 UTC,108159953,question_extractor,,5.2.0,,1.0,,,
631934185,378226,2854185.0,28567,T0,2025-04-19 21:25:17 UTC,108159922,question_extractor,1.0,5.2.0,,,,,
631934185,378226,2854185.0,28567,T1,2025-04-19 21:25:17 UTC,108159922,question_extractor,,5.2.0,,,,,
631934191,378226,2854185.0,28567,T0,2025-04-19 21:25:19 UTC,108159965,question_extractor,1.0,5.2.0,,,,,
631934191,378226,2854185.0,28567,T1,2025-04-19 21:25:19 UTC,108159965,question_extractor,,5.2.0,,,,,
631934211,378226,2854185.0,28567,T0,2025-04-19 21:25:24 UTC,108159884,question_extractor,,5.2.0,1.0,,,,
631934211,378226,2854185.0,28567,T1,2025-04-19 21:25:24 UTC,108159884,question_extractor,,5.2.0,,1.0,,,
631934272,378226,2854185.0,28567,T0,2025-04-19 21:25:42 UTC,108159977,question_extractor,,5.2.0,1.0,,,,
631934272,378226,2854185.0,28567,T1,2025-04-19 21:25:42 UTC,108159977,question_extractor,,5.2.0,,1.0,,,
631934277,378226,2854185.0,28567,T0,2025-04-19 21:25:42 UTC,108159879,question_extractor,1.0,5.2.0,,,,,
631934277,378226,2854185.0,28567,T1,2025-04-19 21:25:42 UTC,108159879,question_extractor,,5.2.0,,,,,
632274324,378226,2854185.0,28567,T0,2025-04-20 21:38:45 UTC,108159889,question_extractor,,5.2.0,1.0,,,,
632274324,378226,2854185.0,28567,T1,2025-04-20 21:38:45 UTC,108159889,question_extractor,,5.2.0,,1.0,,,
632556166,378226,2854185.0,28567,T0,2025-04-21 22:09:21 UTC,108159934,question_extractor,,5.2.0,1.0,,,,
632556166,378226,2854185.0,28567,T1,2025-04-21 22:09:21 UTC,108159934,question_extractor,,5.2.0,,1.0,,,
632556200,378226,2854185.0,28567,T0,2025-04-21 22:09:31 UTC,108159910,question_extractor,,5.2.0,1.0,,,,
632556200,378226,2854185.0,28567,T1,2025-04-21 22:09:31 UTC,108159910,question_extractor,,5.2.0,,1.0,,,
632556221,378226,2854185.0,28567,T0,2025-04-21 22:09:38 UTC,108159883,question_extractor,1.0,5.2.0,,,,,
632556221,378226,2854185.0,28567,T1,2025-04-21 22:09:38 UTC,108159883,question_extractor,,5.2.0,,,,,
632556242,378226,2854185.0,28567,T0,2025-04-21 22:09:43 UTC,108159913,question_extractor,1.0,5.2.0,,,,,
632556242,378226,2854185.0,28567,T1,2025-04-21 22:09:43 UTC,108159913,question_extractor,,5.2.0,,,,,
632610262,378226,2854185.0,28567,T0,2025-04-22 02:53:50 UTC,108159901,question_extractor,1.0,5.2.0,,,,,
632610262,378226,2854185.0,28567,T1,2025-04-22 02:53:50 UTC,108159901,question_extractor,,5.2.0,,,,,
632610271,378226,2854185.0,28567,T0,2025-04-22 02:53:54 UTC,108159908,question_extractor,,5.2.0,1.0,,,,
632610271,378226,2854185.0,28567,T1,2025-04-22 02:53:54 UTC,108159908,question_extractor,,5.2.0,,1.0,,,
632610276,378226,2854185.0,28567,T0,2025-04-22 02:53:56 UTC,108159922,question_extractor,1.0,5.2.0,,,,,
632610276,378226,2854185.0,28567,T1,2025-04-22 02:53:56 UTC,108159922,question_extractor,,5.2.0,,,,,
632610303,378226,2854185.0,28567,T0,2025-04-22 02:54:04 UTC,108159933,question_extractor,1.0,5.2.0,,,,,
632610303,378226,2854185.0,28567,T1,2025-04-22 02:54:04 UTC,108159933,question_extractor,,5.2.0,,,,,
632610343,378226,2854185.0,28567,T0,2025-04-22 02:54:19 UTC,108159975,question_extractor,,5.2.0,1.0,,,,
632610343,378226,2854185.0,28567,T1,2025-04-22 02:54:19 UTC,108159975,question_extractor,,5.2.0,,1.0,,,
632610352,378226,2854185.0,28567,T0,2025-04-22 02:54:23 UTC,108159974,question_extractor,,5.2.0,1.0,,,,
632610352,378226,2854185.0,28567,T1,2025-04-22 02:54:23 UTC,108159974,question_extractor,,5.2.0,,1.0,,,
632610358,378226,2854185.0,28567,T0,2025-04-22 02:54:25 UTC,108159938,question_extractor,1.0,5.2.0,,,,,
632610358,378226,2854185.0,28567,T1,2025-04-22 02:54:25 UTC,108159938,question_extractor,,5.2.0,,,,,
632610365,378226,2854185.0,28567,T0,2025-04-22 02:54:29 UTC,108159937,question_extractor,,5.2.0,1.0,,,,
632610365,378226,2854185.0,28567,T1,2025-04-22 02:54:29 UTC,108159937,question_extractor,,5.2.0,,1.0,,,
632610374,378226,2854185.0,28567,T0,2025-04-22 02:54:32 UTC,108159942,question_extractor,1.0,5.2.0,,,,,
632610374,378226,2854185.0,28567,T1,2025-04-22 02:54:32 UTC,108159942,question_extractor,,5.2.0,,,,,
632610393,378226,2854185.0,28567,T0,2025-04-22 02:54:40 UTC,108159911,question_extractor,1.0,5.2.0,,,,,
632610393,378226,2854185.0,28567,T1,2025-04-22 02:54:40 UTC,108159911,question_extractor,,5.2.0,,,,,
632610401,378226,2854185.0,28567,T0,2025-04-22 02:54:43 UTC,108159878,question_extractor,1.0,5.2.0,,,,,
632610401,378226,2854185.0,28567,T1,2025-04-22 02:54:43 UTC,108159878,question_extractor,,5.2.0,,,,,
632610410,378226,2854185.0,28567,T0,2025-04-22 02:54:46 UTC,108159890,question_extractor,,5.2.0,1.0,,,,
632610410,378226,2854185.0,28567,T1,2025-04-22 02:54:46 UTC,108159890,question_extractor,,5.2.0,,1.0,,,
632610416,378226,2854185.0,28567,T0,2025-04-22 02:54:49 UTC,108159896,question_extractor,1.0,5.2.0,,,,,
632610416,378226,2854185.0,28567,T1,2025-04-22 02:54:49 UTC,108159896,question_extractor,,5.2.0,,,,,
632610421,378226,2854185.0,28567,T0,2025-04-22 02:54:51 UTC,108159880,question_extractor,1.0,5.2.0,,,,,
632610421,378226,2854185.0,28567,T1,2025-04-22 02:54:51 UTC,108159880,question_extractor,,5.2.0,,,,,
632610426,378226,2854185.0,28567,T0,2025-04-22 02:54:54 UTC,108159894,question_extractor,,5.2.0,1.0,,,,
632610426,378226,2854185.0,28567,T1,2025-04-22 02:54:54 UTC,108159894,question_extractor,,5.2.0,,1.0,,,
632610438,378226,2854185.0,28567,T0,2025-04-22 02:54:58 UTC,108159950,question_extractor,,5.2.0,1.0,,,,
632610438,378226,2854185.0,28567,T1,2025-04-22 02:54:58 UTC,108159950,question_extractor,,5.2.0,,1.0,,,
632610460,378226,2854185.0,28567,T0,2025-04-22 02:55:07 UTC,108159949,question_extractor,,5.2.0,1.0,,,,
632610460,378226,2854185.0,28567,T1,2025-04-22 02:55:07 UTC,108159949,question_extractor,,5.2.0,,1.0,,,
632610471,378226,2854185.0,28567,T0,2025-04-22 02:55:13 UTC,108159976,question_extractor,,5.2.0,1.0,,,,
632610471,378226,2854185.0,28567,T1,2025-04-22 02:55:13 UTC,108159976,question_extractor,,5.2.0,,1.0,,,
632610484,378226,2854185.0,28567,T0,2025-04-22 02:55:17 UTC,108159971,question_extractor,1.0,5.2.0,,,,,
632610484,378226,2854185.0,28567,T1,2025-04-22 02:55:17 UTC,108159971,question_extractor,,5.2.0,,,,,
632610500,378226,2854185.0,28567,T0,2025-04-22 02:55:25 UTC,108159913,question_extractor,1.0,5.2.0,,,,,
632610500,378226,2854185.0,28567,T1,2025-04-22 02:55:25 UTC,108159913,question_extractor,,5.2.0,,,,,
632823338,378226,2854185.0,28567,T0,2025-04-22 18:14:44 UTC,108159977,question_extractor,,5.2.0,1.0,,,,
632823338,378226,2854185.0,28567,T1,2025-04-22 18:14:44 UTC,108159977,question_extractor,,5.2.0,,1.0,,,
632823361,378226,2854185.0,28567,T0,2025-04-22 18:14:46 UTC,108159971,question_extractor,1.0,5.2.0,,,,,
632823361,378226,2854185.0,28567,T1,2025-04-22 18:14:46 UTC,108159971,question_extractor,,5.2.0,,,,,
632823383,378226,2854185.0,28567,T0,2025-04-22 18:14:49 UTC,108159972,question_extractor,1.0,5.2.0,,,,,
632823383,378226,2854185.0,28567,T1,2025-04-22 18:14:49 UTC,108159972,question_extractor,,5.2.0,,,,,
632823411,378226,2854185.0,28567,T0,2025-04-22 18:14:52 UTC,108159918,question_extractor,1.0,5.2.0,,,,,
632823411,378226,2854185.0,28567,T1,2025-04-22 18:14:52 UTC,108159918,question_extractor,,5.2.0,,,,,
632823457,378226,2854185.0,28567,T0,2025-04-22 18:14:56 UTC,108159948,question_extractor,,5.2.0,1.0,,,,
632823457,378226,2854185.0,28567,T1,2025-04-22 18:14:56 UTC,108159948,question_extractor,,5.2.0,,1.0,,,
632823490,378226,2854185.0,28567,T0,2025-04-22 18:15:00 UTC,108159970,question_extractor,1.0,5.2.0,,,,,
632823490,378226,2854185.0,28567,T1,2025-04-22 18:15:00 UTC,108159970,question_extractor,,5.2.0,,,,,
632823523,378226,2854185.0,28567,T0,2025-04-22 18:15:05 UTC,108159897,question_extractor,,5.2.0,1.0,,,,
632823523,378226,2854185.0,28567,T1,2025-04-22 18:15:05 UTC,108159897,question_extractor,,5.2.0,,1.0,,,
632823552,378226,2854185.0,28567,T0,2025-04-22 18:15:07 UTC,108159879,question_extractor,1.0,5.2.0,,,,,
632823552,378226,2854185.0,28567,T1,2025-04-22 18:15:07 UTC,108159879,question_extractor,,5.2.0,,,,,
632823576,378226,2854185.0,28567,T0,2025-04-22 18:15:10 UTC,108159915,question_extractor,1.0,5.2.0,,,,,
632823576,378226,2854185.0,28567,T1,2025-04-22 18:15:10 UTC,108159915,question_extractor,,5.2.0,,,,,
632823613,378226,2854185.0,28567,T0,2025-04-22 18:15:15 UTC,108159969,question_extractor,1.0,5.2.0,,,,,
632823613,378226,2854185.0,28567,T1,2025-04-22 18:15:15 UTC,108159969,question_extractor,,5.2.0,,,,,
632823631,378226,2854185.0,28567,T0,2025-04-22 18:15:16 UTC,108159922,question_extractor,1.0,5.2.0,,,,,
632823631,378226,2854185.0,28567,T1,2025-04-22 18:15:16 UTC,108159922,question_extractor,,5.2.0,,,,,
632823652,378226,2854185.0,28567,T0,2025-04-22 18:15:19 UTC,108159968,question_extractor,1.0,5.2.0,,,,,
632823652,378226,2854185.0,28567,T1,2025-04-22 18:15:19 UTC,108159968,question_extractor,,5.2.0,,,,,
632823693,378226,2854185.0,28567,T0,2025-04-22 18:15:23 UTC,108159970,question_extractor,1.0,5.2.0,,,,,
632823693,378226,2854185.0,28567,T1,2025-04-22 18:15:23 UTC,108159970,question_extractor,,5.2.0,,,,,
632823713,378226,2854185.0,28567,T0,2025-04-22 18:15:26 UTC,108159940,question_extractor,1.0,5.2.0,,,,,
632823713,378226,2854185.0,28567,T1,2025-04-22 18:15:26 UTC,108159940,question_extractor,,5.2.0,,,,,
632823740,378226,2854185.0,28567,T0,2025-04-22 18:15:29 UTC,108159929,question_extractor,1.0,5.2.0,,,,,
632823740,378226,2854185.0,28567,T1,2025-04-22 18:15:29 UTC,108159929,question_extractor,,5.2.0,,,,,
632823786,378226,2854185.0,28567,T0,2025-04-22 18:15:33 UTC,108159966,question_extractor,,5.2.0,1.0,,,,
632823786,378226,2854185.0,28567,T1,2025-04-22 18:15:33 UTC,108159966,question_extractor,,5.2.0,,1.0,,,
632823820,378226,2854185.0,28567,T0,2025-04-22 18:15:36 UTC,108159899,question_extractor,1.0,5.2.0,,,,,
632823820,378226,2854185.0,28567,T1,2025-04-22 18:15:36 UTC,108159899,question_extractor,,5.2.0,,,,,
632823857,378226,2854185.0,28567,T0,2025-04-22 18:15:39 UTC,108159977,question_extractor,,5.2.0,1.0,,,,
632823857,378226,2854185.0,28567,T1,2025-04-22 18:15:39 UTC,108159977,question_extractor,,5.2.0,,1.0,,,
632823900,378226,2854185.0,28567,T0,2025-04-22 18:15:44 UTC,108159916,question_extractor,1.0,5.2.0,,,,,
632823900,378226,2854185.0,28567,T1,2025-04-22 18:15:44 UTC,108159916,question_extractor,,5.2.0,,,,,
632823916,378226,2854185.0,28567,T0,2025-04-22 18:15:45 UTC,108159940,question_extractor,1.0,5.2.0,,,,,
632823916,378226,2854185.0,28567,T1,2025-04-22 18:15:45 UTC,108159940,question_extractor,,5.2.0,,,,,
632823974,378226,2854185.0,28567,T0,2025-04-22 18:15:51 UTC,108159882,question_extractor,1.0,5.2.0,,,,,
632823974,378226,2854185.0,28567,T1,2025-04-22 18:15:51 UTC,108159882,question_extractor,,5.2.0,,,,,
632823987,378226,2854185.0,28567,T0,2025-04-22 18:15:52 UTC,108159970,question_extractor,1.0,5.2.0,,,,,
632823987,378226,2854185.0,28567,T1,2025-04-22 18:15:52 UTC,108159970,question_extractor,,5.2.0,,,,,
632824072,378226,2854185.0,28567,T0,2025-04-22 18:16:00 UTC,108159954,question_extractor,,5.2.0,1.0,,,,
632824072,378226,2854185.0,28567,T1,2025-04-22 18:16:00 UTC,108159954,question_extractor,,5.2.0,,1.0,,,
632824139,378226,2854185.0,28567,T0,2025-04-22 18:16:06 UTC,108159951,question_extractor,,5.2.0,1.0,,,,
632824139,378226,2854185.0,28567,T1,2025-04-22 18:16:06 UTC,108159951,question_extractor,,5.2.0,,1.0,,,
632824182,378226,2854185.0,28567,T0,2025-04-22 18:16:11 UTC,108159960,question_extractor,,5.2.0,1.0,,,,
632824182,378226,2854185.0,28567,T1,2025-04-22 18:16:11 UTC,108159960,question_extractor,,5.2.0,,1.0,,,
632824226,378226,2854185.0,28567,T0,2025-04-22 18:16:15 UTC,108159878,question_extractor,1.0,5.2.0,,,,,
632824226,378226,2854185.0,28567,T1,2025-04-22 18:16:15 UTC,108159878,question_extractor,,5.2.0,,,,,
632824307,378226,2854185.0,28567,T0,2025-04-22 18:16:22 UTC,108159945,question_extractor,,5.2.0,1.0,,,,
632824307,378226,2854185.0,28567,T1,2025-04-22 18:16:22 UTC,108159945,question_extractor,,5.2.0,,1.0,,,
632824352,378226,2854185.0,28567,T0,2025-04-22 18:16:26 UTC,108159934,question_extractor,,5.2.0,1.0,,,,
632824352,378226,2854185.0,28567,T1,2025-04-22 18:16:26 UTC,108159934,question_extractor,,5.2.0,,1.0,,,
632824389,378226,2854185.0,28567,T0,2025-04-22 18:16:30 UTC,108159908,question_extractor,,5.2.0,1.0,,,,
632824389,378226,2854185.0,28567,T1,2025-04-22 18:16:30 UTC,108159908,question_extractor,,5.2.0,,1.0,,,
632824434,378226,2854185.0,28567,T0,2025-04-22 18:16:35 UTC,108159881,question_extractor,,5.2.0,1.0,,,,
632824434,378226,2854185.0,28567,T1,2025-04-22 18:16:35 UTC,108159881,question_extractor,,5.2.0,,1.0,,,
632824484,378226,2854185.0,28567,T0,2025-04-22 18:16:39 UTC,108159953,question_extractor,,5.2.0,1.0,,,,
632824484,378226,2854185.0,28567,T1,2025-04-22 18:16:39 UTC,108159953,question_extractor,,5.2.0,,1.0,,,
632824549,378226,2854185.0,28567,T0,2025-04-22 18:16:46 UTC,108159885,question_extractor,,5.2.0,1.0,,,,
632824549,378226,2854185.0,28567,T1,2025-04-22 18:16:46 UTC,108159885,question_extractor,,5.2.0,,1.0,,,
632824577,378226,2854185.0,28567,T0,2025-04-22 18:16:49 UTC,108159937,question_extractor,,5.2.0,1.0,,,,
632824577,378226,2854185.0,28567,T1,2025-04-22 18:16:49 UTC,108159937,question_extractor,,5.2.0,,1.0,,,
632824603,378226,2854185.0,28567,T0,2025-04-22 18:16:51 UTC,108159943,question_extractor,1.0,5.2.0,,,,,
632824603,378226,2854185.0,28567,T1,2025-04-22 18:16:51 UTC,108159943,question_extractor,,5.2.0,,,,,
632824666,378226,2854185.0,28567,T0,2025-04-22 18:16:58 UTC,108159891,question_extractor,,5.2.0,1.0,,,,
632824666,378226,2854185.0,28567,T1,2025-04-22 18:16:58 UTC,108159891,question_extractor,,5.2.0,,1.0,,,
632824697,378226,2854185.0,28567,T0,2025-04-22 18:17:01 UTC,108159966,question_extractor,,5.2.0,1.0,,,,
632824697,378226,2854185.0,28567,T1,2025-04-22 18:17:01 UTC,108159966,question_extractor,,5.2.0,,1.0,,,
632824764,378226,2854185.0,28567,T0,2025-04-22 18:17:07 UTC,108159889,question_extractor,,5.2.0,1.0,,,,
632824764,378226,2854185.0,28567,T1,2025-04-22 18:17:07 UTC,108159889,question_extractor,,5.2.0,,1.0,,,
632824789,378226,2854185.0,28567,T0,2025-04-22 18:17:10 UTC,108159977,question_extractor,,5.2.0,1.0,,,,
632824789,378226,2854185.0,28567,T1,2025-04-22 18:17:10 UTC,108159977,question_extractor,,5.2.0,,1.0,,,
632824848,378226,2854185.0,28567,T0,2025-04-22 18:17:15 UTC,108159909,question_extractor,,5.2.0,1.0,,,,
632824848,378226,2854185.0,28567,T1,2025-04-22 18:17:15 UTC,108159909,question_extractor,,5.2.0,,1.0,,,
632824879,378226,2854185.0,28567,T0,2025-04-22 18:17:19 UTC,108159963,question_extractor,1.0,5.2.0,,,,,
632824879,378226,2854185.0,28567,T1,2025-04-22 18:17:19 UTC,108159963,question_extractor,,5.2.0,,,,,
632824908,378226,2854185.0,28567,T0,2025-04-22 18:17:21 UTC,108159970,question_extractor,1.0,5.2.0,,,,,
632824908,378226,2854185.0,28567,T1,2025-04-22 18:17:21 UTC,108159970,question_extractor,,5.2.0,,,,,
632824928,378226,2854185.0,28567,T0,2025-04-22 18:17:24 UTC,108159880,question_extractor,1.0,5.2.0,,,,,
632824928,378226,2854185.0,28567,T1,2025-04-22 18:17:24 UTC,108159880,question_extractor,,5.2.0,,,,,
632824971,378226,2854185.0,28567,T0,2025-04-22 18:17:29 UTC,108159973,question_extractor,,5.2.0,1.0,,,,
632824971,378226,2854185.0,28567,T1,2025-04-22 18:17:29 UTC,108159973,question_extractor,,5.2.0,,1.0,,,
632825002,378226,2854185.0,28567,T0,2025-04-22 18:17:32 UTC,108159920,question_extractor,1.0,5.2.0,,,,,
632825002,378226,2854185.0,28567,T1,2025-04-22 18:17:32 UTC,108159920,question_extractor,,5.2.0,,,,,
632825048,378226,2854185.0,28567,T0,2025-04-22 18:17:36 UTC,108159950,question_extractor,,5.2.0,1.0,,,,
632825048,378226,2854185.0,28567,T1,2025-04-22 18:17:36 UTC,108159950,question_extractor,,5.2.0,,1.0,,,
632825064,378226,2854185.0,28567,T0,2025-04-22 18:17:38 UTC,108159939,question_extractor,1.0,5.2.0,,,,,
632825064,378226,2854185.0,28567,T1,2025-04-22 18:17:38 UTC,108159939,question_extractor,,5.2.0,,,,,
632825123,378226,2854185.0,28567,T0,2025-04-22 18:17:44 UTC,108159948,question_extractor,,5.2.0,1.0,,,,
632825123,378226,2854185.0,28567,T1,2025-04-22 18:17:44 UTC,108159948,question_extractor,,5.2.0,,1.0,,,
632825143,378226,2854185.0,28567,T0,2025-04-22 18:17:47 UTC,108159922,question_extractor,1.0,5.2.0,,,,,
632825143,378226,2854185.0,28567,T1,2025-04-22 18:17:47 UTC,108159922,question_extractor,,5.2.0,,,,,
632892469,not-logged-in-3cbcba2fdea56a903351,,28567,T0,2025-04-22 21:23:44 UTC,108160017,question_extractor,,5.2.0,1.0,,,,
632892469,not-logged-in-3cbcba2fdea56a903351,,28567,T1,2025-04-22 21:23:44 UTC,108160017,question_extractor,,5.2.0,,1.0,,,
632892549,not-logged-in-3cbcba2fdea56a903351,,28567,T0,2025-04-22 21:23:54 UTC,108159928,question_extractor,1.0,5.2.0,,,,,
632892549,not-logged-in-3cbcba2fdea56a903351,,28567,T1,2025-04-22 21:23:54 UTC,108159928,question_extractor,,5.2.0,,,,,
632892672,not-logged-in-3cbcba2fdea56a903351,,28567,T0,2025-04-22 21:24:13 UTC,108160008,question_extractor,,5.2.0,1.0,,,,
632892672,not-logged-in-3cbcba2fdea56a903351,,28567,T1,2025-04-22 21:24:13 UTC,108160008,question_extractor,,5.2.0,,1.0,,,
632892723,not-logged-in-3cbcba2fdea56a903351,,28567,T0,2025-04-22 21:24:18 UTC,108160069,question_extractor,,5.2.0,1.0,,,,
632892723,not-logged-in-3cbcba2fdea56a903351,,28567,T1,2025-04-22 21:24:18 UTC,108160069,question_extractor,,5.2.0,,,1.0,,
632892766,not-logged-in-3cbcba2fdea56a903351,,28567,T0,2025-04-22 21:24:24 UTC,108159893,question_extractor,1.0,5.2.0,,,,,
632892766,not-logged-in-3cbcba2fdea56a903351,,28567,T1,2025-04-22 21:24:24 UTC,108159893,question_extractor,,5.2.0,,,,,
632892942,not-logged-in-3cbcba2fdea56a903351,,28567,T0,2025-04-22 21:24:44 UTC,108160068,question_extractor,,5.2.0,1.0,,,,
632892942,not-logged-in-3cbcba2fdea56a903351,,28567,T1,2025-04-22 21:24:44 UTC,108160068,question_extractor,,5.2.0,,,1.0,,
632892998,not-logged-in-3cbcba2fdea56a903351,,28567,T0,2025-04-22 21:24:50 UTC,108159997,question_extractor,,5.2.0,1.0,,,,
632892998,not-logged-in-3cbcba2fdea56a903351,,28567,T1,2025-04-22 21:24:50 UTC,108159997,question_extractor,,5.2.0,,1.0,,,
632893034,not-logged-in-3cbcba2fdea56a903351,,28567,T0,2025-04-22 21:24:55 UTC,108159886,question_extractor,1.0,5.2.0,,,,,
632893034,not-logged-in-3cbcba2fdea56a903351,,28567,T1,2025-04-22 21:24:55 UTC,108159886,question_extractor,,5.2.0,,,,,
632893120,not-logged-in-3cbcba2fdea56a903351,,28567,T0,2025-04-22 21:25:04 UTC,108160134,question_extractor,,5.2.0,1.0,,,,
632893120,not-logged-in-3cbcba2fdea56a903351,,28567,T1,2025-04-22 21:25:04 UTC,108160134,question_extractor,,5.2.0,,1.0,,,
632893167,not-logged-in-7edcabc70d293400c316,,28567,T0,2025-04-22 21:25:10 UTC,108159944,question_extractor,,5.2.0,1.0,,,,
632893167,not-logged-in-7edcabc70d293400c316,,28567,T1,2025-04-22 21:25:10 UTC,108159944,question_extractor,,5.2.0,,,1.0,,
632893210,not-logged-in-7edcabc70d293400c316,,28567,T0,2025-04-22 21:25:16 UTC,108159996,question_extractor,,5.2.0,1.0,,,,
632893210,not-logged-in-7edcabc70d293400c316,,28567,T1,2025-04-22 21:25:16 UTC,108159996,question_extractor,,5.2.0,,,1.0,,
632893242,not-logged-in-7edcabc70d293400c316,,28567,T0,2025-04-22 21:25:20 UTC,108160058,question_extractor,1.0,5.2.0,,,,,
632893242,not-logged-in-7edcabc70d293400c316,,28567,T1,2025-04-22 21:25:20 UTC,108160058,question_extractor,,5.2.0,,,,,
632893299,not-logged-in-7edcabc70d293400c316,,28567,T0,2025-04-22 21:25:27 UTC,108160198,question_extractor,,5.2.0,1.0,,,,
632893299,not-logged-in-7edcabc70d293400c316,,28567,T1,2025-04-22 21:25:27 UTC,108160198,question_extractor,,5.2.0,,1.0,,,
632893340,not-logged-in-7edcabc70d293400c316,,28567,T0,2025-04-22 21:25:33 UTC,108160177,question_extractor,1.0,5.2.0,,,,,
632893340,not-logged-in-7edcabc70d293400c316,,28567,T1,2025-04-22 21:25:33 UTC,108160177,question_extractor,,5.2.0,,,,,
632893361,not-logged-in-7edcabc70d293400c316,,28567,T0,2025-04-22 21:25:36 UTC,108160009,question_extractor,1.0,5.2.0,,,,,
632893361,not-logged-in-7edcabc70d293400c316,,28567,T1,2025-04-22 21:25:36 UTC,108160009,question_extractor,,5.2.0,,,,,
632893411,not-logged-in-7edcabc70d293400c316,,28567,T0,2025-04-22 21:25:42 UTC,108159884,question_extractor,,5.2.0,1.0,,,,
632893411,not-logged-in-7edcabc70d293400c316,,28567,T1,2025-04-22 21:25:42 UTC,108159884,question_extractor,,5.2.0,,,1.0,,
632893449,not-logged-in-7edcabc70d293400c316,,28567,T0,2025-04-22 21:25:47 UTC,108159917,question_extractor,,5.2.0,1.0,,,,
632893449,not-logged-in-7edcabc70d293400c316,,28567,T1,2025-04-22 21:25:47 UTC,108159917,question_extractor,,5.2.0,,1.0,,,
632893667,not-logged-in-7edcabc70d293400c316,,28567,T0,2025-04-22 21:26:19 UTC,108160062,question_extractor,1.0,5.2.0,,,,,
632893667,not-logged-in-7edcabc70d293400c316,,28567,T1,2025-04-22 21:26:19 UTC,108160062,question_extractor,,5.2.0,,,,,
632893719,not-logged-in-7edcabc70d293400c316,,28567,T0,2025-04-22 21:26:24 UTC,108160047,question_extractor,,5.2.0,1.0,,,,
632893719,not-logged-in-7edcabc70d293400c316,,28567,T1,2025-04-22 21:26:24 UTC,108160047,question_extractor,,5.2.0,,1.0,,,
632893736,not-logged-in-7edcabc70d293400c316,,28567,T0,2025-04-22 21:26:28 UTC,108159935,question_extractor,1.0,5.2.0,,,,,
632893736,not-logged-in-7edcabc70d293400c316,,28567,T1,2025-04-22 21:26:28 UTC,108159935,question_extractor,,5.2.0,,,,,
632893785,not-logged-in-7edcabc70d293400c316,,28567,T0,2025-04-22 21:26:35 UTC,108160193,question_extractor,,5.2.0,1.0,,,,
632893785,not-logged-in-7edcabc70d293400c316,,28567,T1,2025-04-22 21:26:35 UTC,108160193,question_extractor,,5.2.0,,,1.0,,
632893821,not-logged-in-7edcabc70d293400c316,,28567,T0,2025-04-22 21:26:39 UTC,108160071,question_extractor,,5.2.0,1.0,,,,
632893821,not-logged-in-7edcabc70d293400c316,,28567,T1,2025-04-22 21:26:39 UTC,108160071,question_extractor,,5.2.0,,,1.0,,
632893839,not-logged-in-7edcabc70d293400c316,,28567,T0,2025-04-22 21:26:42 UTC,108160103,question_extractor,1.0,5.2.0,,,,,
632893839,not-logged-in-7edcabc70d293400c316,,28567,T1,2025-04-22 21:26:42 UTC,108160103,question_extractor,,5.2.0,,,,,
632893852,not-logged-in-7edcabc70d293400c316,,28567,T0,2025-04-22 21:26:45 UTC,108160184,question_extractor,1.0,5.2.0,,,,,
632893852,not-logged-in-7edcabc70d293400c316,,28567,T1,2025-04-22 21:26:45 UTC,108160184,question_extractor,,5.2.0,,,,,
632893895,not-logged-in-7edcabc70d293400c316,,28567,T0,2025-04-22 21:26:52 UTC,108159932,question_extractor,,5.2.0,1.0,,,,
632893895,not-logged-in-7edcabc70d293400c316,,28567,T1,2025-04-22 21:26:52 UTC,108159932,question_extractor,,5.2.0,,1.0,,,
632893913,not-logged-in-7edcabc70d293400c316,,28567,T0,2025-04-22 21:26:55 UTC,108160035,question_extractor,1.0,5.2.0,,,,,
632893913,not-logged-in-7edcabc70d293400c316,,28567,T1,2025-04-22 21:26:55 UTC,108160035,question_extractor,,5.2.0,,,,,
632893956,not-logged-in-7edcabc70d293400c316,,28567,T0,2025-04-22 21:27:03 UTC,108160174,question_extractor,,5.2.0,1.0,,,,
632893956,not-logged-in-7edcabc70d293400c316,,28567,T1,2025-04-22 21:27:03 UTC,108160174,question_extractor,,5.2.0,,,1.0,,
632893982,not-logged-in-7edcabc70d293400c316,,28567,T0,2025-04-22 21:27:05 UTC,108160027,question_extractor,1.0,5.2.0,,,,,
632893982,not-logged-in-7edcabc70d293400c316,,28567,T1,2025-04-22 21:27:05 UTC,108160027,question_extractor,,5.2.0,,,,,
632894858,williamsugiharto,2834263.0,28567,T0,2025-04-22 21:29:21 UTC,108160151,question_extractor,1.0,5.2.0,,,,,
632894858,williamsugiharto,2834263.0,28567,T1,2025-04-22 21:29:21 UTC,108160151,question_extractor,,5.2.0,,,,,
632894895,williamsugiharto,2834263.0,28567,T0,2025-04-22 21:29:26 UTC,108160188,question_extractor,,5.2.0,1.0,,,,
632894895,williamsugiharto,2834263.0,28567,T1,2025-04-22 21:29:26 UTC,108160188,question_extractor,,5.2.0,,1.0,,,
632894926,williamsugiharto,2834263.0,28567,T0,2025-04-22 21:29:30 UTC,108160192,question_extractor,,5.2.0,1.0,,,,
632894926,williamsugiharto,2834263.0,28567,T1,2025-04-22 21:29:30 UTC,108160192,question_extractor,,5.2.0,,1.0,,,
632894973,williamsugiharto,2834263.0,28567,T0,2025-04-22 21:29:36 UTC,108160076,question_extractor,,5.2.0,1.0,,,,
632894973,williamsugiharto,2834263.0,28567,T1,2025-04-22 21:29:36 UTC,108160076,question_extractor,,5.2.0,,,1.0,,
632895019,williamsugiharto,2834263.0,28567,T0,2025-04-22 21:29:40 UTC,108159885,question_extractor,,5.2.0,1.0,,,,
632895019,williamsugiharto,2834263.0,28567,T1,2025-04-22 21:29:40 UTC,108159885,question_extractor,,5.2.0,,,1.0,,
632895040,williamsugiharto,2834263.0,28567,T0,2025-04-22 21:29:43 UTC,108160157,question_extractor,1.0,5.2.0,,,,,
632895040,williamsugiharto,2834263.0,28567,T1,2025-04-22 21:29:43 UTC,108160157,question_extractor,,5.2.0,,,,,
632895063,williamsugiharto,2834263.0,28567,T0,2025-04-22 21:29:46 UTC,108159901,question_extractor,1.0,5.2.0,,,,,
632895063,williamsugiharto,2834263.0,28567,T1,2025-04-22 21:29:46 UTC,108159901,question_extractor,,5.2.0,,,,,
632895083,williamsugiharto,2834263.0,28567,T0,2025-04-22 21:29:49 UTC,108160183,question_extractor,1.0,5.2.0,,,,,
632895083,williamsugiharto,2834263.0,28567,T1,2025-04-22 21:29:49 UTC,108160183,question_extractor,,5.2.0,,,,,
632895125,williamsugiharto,2834263.0,28567,T0,2025-04-22 21:29:55 UTC,108159952,question_extractor,,5.2.0,1.0,,,,
632895125,williamsugiharto,2834263.0,28567,T1,2025-04-22 21:29:55 UTC,108159952,question_extractor,,5.2.0,,1.0,,,
632895152,williamsugiharto,2834263.0,28567,T0,2025-04-22 21:29:58 UTC,108159911,question_extractor,1.0,5.2.0,,,,,
632895152,williamsugiharto,2834263.0,28567,T1,2025-04-22 21:29:58 UTC,108159911,question_extractor,,5.2.0,,,,,
632895174,williamsugiharto,2834263.0,28567,T0,2025-04-22 21:30:00 UTC,108159883,question_extractor,1.0,5.2.0,,,,,
632895174,williamsugiharto,2834263.0,28567,T1,2025-04-22 21:30:00 UTC,108159883,question_extractor,,5.2.0,,,,,
632895210,williamsugiharto,2834263.0,28567,T0,2025-04-22 21:30:06 UTC,108159982,question_extractor,,5.2.0,1.0,,,,
632895210,williamsugiharto,2834263.0,28567,T1,2025-04-22 21:30:06 UTC,108159982,question_extractor,,5.2.0,,,1.0,,
632895362,williamsugiharto,2834263.0,28567,T0,2025-04-22 21:30:29 UTC,108160121,question_extractor,,5.2.0,1.0,,,,
632895362,williamsugiharto,2834263.0,28567,T1,2025-04-22 21:30:29 UTC,108160121,question_extractor,,5.2.0,,,1.0,,
632895394,williamsugiharto,2834263.0,28567,T0,2025-04-22 21:30:33 UTC,108160098,question_extractor,,5.2.0,1.0,,,,
632895394,williamsugiharto,2834263.0,28567,T1,2025-04-22 21:30:33 UTC,108160098,question_extractor,,5.2.0,,,1.0,,
632895411,williamsugiharto,2834263.0,28567,T0,2025-04-22 21:30:37 UTC,108159986,question_extractor,1.0,5.2.0,,,,,
632895411,williamsugiharto,2834263.0,28567,T1,2025-04-22 21:30:37 UTC,108159986,question_extractor,,5.2.0,,,,,
632895453,williamsugiharto,2834263.0,28567,T0,2025-04-22 21:30:43 UTC,108159908,question_extractor,,5.2.0,1.0,,,,
632895453,williamsugiharto,2834263.0,28567,T1,2025-04-22 21:30:43 UTC,108159908,question_extractor,,5.2.0,,,1.0,,
632895468,williamsugiharto,2834263.0,28567,T0,2025-04-22 21:30:46 UTC,108160034,question_extractor,1.0,5.2.0,,,,,
632895468,williamsugiharto,2834263.0,28567,T1,2025-04-22 21:30:46 UTC,108160034,question_extractor,,5.2.0,,,,,
632895509,williamsugiharto,2834263.0,28567,T0,2025-04-22 21:30:53 UTC,108160020,question_extractor,,5.2.0,1.0,,,,
632895509,williamsugiharto,2834263.0,28567,T1,2025-04-22 21:30:53 UTC,108160020,question_extractor,,5.2.0,,1.0,,,
632895530,williamsugiharto,2834263.0,28567,T0,2025-04-22 21:30:56 UTC,108159896,question_extractor,1.0,5.2.0,,,,,
632895530,williamsugiharto,2834263.0,28567,T1,2025-04-22 21:30:56 UTC,108159896,question_extractor,,5.2.0,,,,,
632895578,williamsugiharto,2834263.0,28567,T0,2025-04-22 21:31:04 UTC,108160142,question_extractor,,5.2.0,1.0,,,,
632895578,williamsugiharto,2834263.0,28567,T1,2025-04-22 21:31:04 UTC,108160142,question_extractor,,5.2.0,,,1.0,,
632895591,williamsugiharto,2834263.0,28567,T0,2025-04-22 21:31:06 UTC,108160177,question_extractor,1.0,5.2.0,,,,,
632895591,williamsugiharto,2834263.0,28567,T1,2025-04-22 21:31:06 UTC,108160177,question_extractor,,5.2.0,,,,,
632895612,williamsugiharto,2834263.0,28567,T0,2025-04-22 21:31:11 UTC,108159993,question_extractor,,5.2.0,1.0,,,,
632895612,williamsugiharto,2834263.0,28567,T1,2025-04-22 21:31:11 UTC,108159993,question_extractor,,5.2.0,,,1.0,,
632895643,williamsugiharto,2834263.0,28567,T0,2025-04-22 21:31:16 UTC,108160172,question_extractor,,5.2.0,1.0,,,,
632895643,williamsugiharto,2834263.0,28567,T1,2025-04-22 21:31:16 UTC,108160172,question_extractor,,5.2.0,,,1.0,,
632895680,williamsugiharto,2834263.0,28567,T0,2025-04-22 21:31:22 UTC,108160165,question_extractor,,5.2.0,1.0,,,,
632895680,williamsugiharto,2834263.0,28567,T1,2025-04-22 21:31:22 UTC,108160165,question_extractor,,5.2.0,,,1.0,,
632895690,williamsugiharto,2834263.0,28567,T0,2025-04-22 21:31:25 UTC,108160004,question_extractor,1.0,5.2.0,,,,,
632895690,williamsugiharto,2834263.0,28567,T1,2025-04-22 21:31:25 UTC,108160004,question_extractor,,5.2.0,,,,,
632895722,williamsugiharto,2834263.0,28567,T0,2025-04-22 21:31:30 UTC,108159890,question_extractor,,5.2.0,1.0,,,,
632895722,williamsugiharto,2834263.0,28567,T1,2025-04-22 21:31:30 UTC,108159890,question_extractor,,5.2.0,,1.0,,,
632895736,williamsugiharto,2834263.0,28567,T0,2025-04-22 21:31:33 UTC,108159969,question_extractor,1.0,5.2.0,,,,,
632895736,williamsugiharto,2834263.0,28567,T1,2025-04-22 21:31:33 UTC,108159969,question_extractor,,5.2.0,,,,,
632895762,williamsugiharto,2834263.0,28567,T0,2025-04-22 21:31:37 UTC,108160173,question_extractor,,5.2.0,1.0,,,,
632895762,williamsugiharto,2834263.0,28567,T1,2025-04-22 21:31:37 UTC,108160173,question_extractor,,5.2.0,,,1.0,,
632895782,williamsugiharto,2834263.0,28567,T0,2025-04-22 21:31:41 UTC,108160068,question_extractor,,5.2.0,1.0,,,,
632895782,williamsugiharto,2834263.0,28567,T1,2025-04-22 21:31:41 UTC,108160068,question_extractor,,5.2.0,,,1.0,,
632895805,williamsugiharto,2834263.0,28567,T0,2025-04-22 21:31:45 UTC,108160022,question_extractor,,5.2.0,1.0,,,,
632895805,williamsugiharto,2834263.0,28567,T1,2025-04-22 21:31:45 UTC,108160022,question_extractor,,5.2.0,,,1.0,,
632895864,williamsugiharto,2834263.0,28567,T0,2025-04-22 21:31:55 UTC,108159888,question_extractor,,5.2.0,1.0,,,,
632895864,williamsugiharto,2834263.0,28567,T1,2025-04-22 21:31:55 UTC,108159888,question_extractor,,5.2.0,,1.0,,,
632895936,williamsugiharto,2834263.0,28567,T0,2025-04-22 21:32:08 UTC,108160082,question_extractor,1.0,5.2.0,,,,,
632895936,williamsugiharto,2834263.0,28567,T1,2025-04-22 21:32:08 UTC,108160082,question_extractor,,5.2.0,,,,,
632895960,williamsugiharto,2834263.0,28567,T0,2025-04-22 21:32:14 UTC,108160042,question_extractor,,5.2.0,1.0,,,,
632895960,williamsugiharto,2834263.0,28567,T1,2025-04-22 21:32:14 UTC,108160042,question_extractor,,5.2.0,,,1.0,,
632895982,williamsugiharto,2834263.0,28567,T0,2025-04-22 21:32:19 UTC,108160171,question_extractor,,5.2.0,1.0,,,,
632895982,williamsugiharto,2834263.0,28567,T1,2025-04-22 21:32:19 UTC,108160171,question_extractor,,5.2.0,,,1.0,,
632896004,williamsugiharto,2834263.0,28567,T0,2025-04-22 21:32:23 UTC,108159947,question_extractor,,5.2.0,1.0,,,,
632896004,williamsugiharto,2834263.0,28567,T1,2025-04-22 21:32:23 UTC,108159947,question_extractor,,5.2.0,,,1.0,,
632896014,williamsugiharto,2834263.0,28567,T0,2025-04-22 21:32:26 UTC,108159990,question_extractor,1.0,5.2.0,,,,,
632896014,williamsugiharto,2834263.0,28567,T1,2025-04-22 21:32:26 UTC,108159990,question_extractor,,5.2.0,,,,,
632896030,williamsugiharto,2834263.0,28567,T0,2025-04-22 21:32:28 UTC,108160002,question_extractor,1.0,5.2.0,,,,,
632896030,williamsugiharto,2834263.0,28567,T1,2025-04-22 21:32:28 UTC,108160002,question_extractor,,5.2.0,,,,,
632918298,378226,2854185.0,28567,T0,2025-04-22 23:15:58 UTC,108159900,question_extractor,1.0,5.2.0,,,,,
632918298,378226,2854185.0,28567,T1,2025-04-22 23:15:58 UTC,108159900,question_extractor,,5.2.0,,,,,
632918319,378226,2854185.0,28567,T0,2025-04-22 23:16:03 UTC,108159904,question_extractor,1.0,5.2.0,,,,,
632918319,378226,2854185.0,28567,T1,2025-04-22 23:16:03 UTC,108159904,question_extractor,,5.2.0,,,,,
632918328,378226,2854185.0,28567,T0,2025-04-22 23:16:06 UTC,108159977,question_extractor,,5.2.0,1.0,,,,
632918328,378226,2854185.0,28567,T1,2025-04-22 23:16:06 UTC,108159977,question_extractor,,5.2.0,,1.0,,,
632918335,378226,2854185.0,28567,T0,2025-04-22 23:16:08 UTC,108159938,question_extractor,1.0,5.2.0,,,,,
632918335,378226,2854185.0,28567,T1,2025-04-22 23:16:08 UTC,108159938,question_extractor,,5.2.0,,,,,
632918345,378226,2854185.0,28567,T0,2025-04-22 23:16:11 UTC,108159926,question_extractor,,5.2.0,1.0,,,,
632918345,378226,2854185.0,28567,T1,2025-04-22 23:16:11 UTC,108159926,question_extractor,,5.2.0,,1.0,,,
632918375,378226,2854185.0,28567,T0,2025-04-22 23:16:21 UTC,108159928,question_extractor,1.0,5.2.0,,,,,
632918375,378226,2854185.0,28567,T1,2025-04-22 23:16:21 UTC,108159928,question_extractor,,5.2.0,,,,,
632918398,378226,2854185.0,28567,T0,2025-04-22 23:16:28 UTC,108159899,question_extractor,1.0,5.2.0,,,,,
632918398,378226,2854185.0,28567,T1,2025-04-22 23:16:28 UTC,108159899,question_extractor,,5.2.0,,,,,
632918406,378226,2854185.0,28567,T0,2025-04-22 23:16:31 UTC,108159966,question_extractor,,5.2.0,1.0,,,,
632918406,378226,2854185.0,28567,T1,2025-04-22 23:16:31 UTC,108159966,question_extractor,,5.2.0,,1.0,,,
632918418,378226,2854185.0,28567,T0,2025-04-22 23:16:34 UTC,108159962,question_extractor,1.0,5.2.0,,,,,
632918418,378226,2854185.0,28567,T1,2025-04-22 23:16:34 UTC,108159962,question_extractor,,5.2.0,,,,,
632918437,378226,2854185.0,28567,T0,2025-04-22 23:16:39 UTC,108159886,question_extractor,,5.2.0,1.0,,,,
632918437,378226,2854185.0,28567,T1,2025-04-22 23:16:39 UTC,108159886,question_extractor,,5.2.0,,1.0,,,
632918445,378226,2854185.0,28567,T0,2025-04-22 23:16:40 UTC,108159940,question_extractor,1.0,5.2.0,,,,,
632918445,378226,2854185.0,28567,T1,2025-04-22 23:16:40 UTC,108159940,question_extractor,,5.2.0,,,,,
632918478,378226,2854185.0,28567,T0,2025-04-22 23:16:49 UTC,108159917,question_extractor,,5.2.0,1.0,,,,
632918478,378226,2854185.0,28567,T1,2025-04-22 23:16:49 UTC,108159917,question_extractor,,5.2.0,,1.0,,,
632918486,378226,2854185.0,28567,T0,2025-04-22 23:16:51 UTC,108159967,question_extractor,1.0,5.2.0,,,,,
632918486,378226,2854185.0,28567,T1,2025-04-22 23:16:51 UTC,108159967,question_extractor,,5.2.0,,,,,
632918499,378226,2854185.0,28567,T0,2025-04-22 23:16:57 UTC,108159912,question_extractor,1.0,5.2.0,,,,,
632918499,378226,2854185.0,28567,T1,2025-04-22 23:16:57 UTC,108159912,question_extractor,,5.2.0,,,,,
632918509,378226,2854185.0,28567,T0,2025-04-22 23:16:59 UTC,108159893,question_extractor,1.0,5.2.0,,,,,
632918509,378226,2854185.0,28567,T1,2025-04-22 23:16:59 UTC,108159893,question_extractor,,5.2.0,,,,,
632918517,378226,2854185.0,28567,T0,2025-04-22 23:17:02 UTC,108159965,question_extractor,1.0,5.2.0,,,,,
632918517,378226,2854185.0,28567,T1,2025-04-22 23:17:02 UTC,108159965,question_extractor,,5.2.0,,,,,
632918529,378226,2854185.0,28567,T0,2025-04-22 23:17:07 UTC,108159889,question_extractor,,5.2.0,1.0,,,,
632918529,378226,2854185.0,28567,T1,2025-04-22 23:17:07 UTC,108159889,question_extractor,,5.2.0,,1.0,,,
632918590,378226,2854185.0,28567,T0,2025-04-22 23:17:26 UTC,108159914,question_extractor,1.0,5.2.0,,,,,
632918590,378226,2854185.0,28567,T1,2025-04-22 23:17:26 UTC,108159914,question_extractor,,5.2.0,,,,,
632918600,378226,2854185.0,28567,T0,2025-04-22 23:17:28 UTC,108159974,question_extractor,,5.2.0,1.0,,,,
632918600,378226,2854185.0,28567,T1,2025-04-22 23:17:28 UTC,108159974,question_extractor,,5.2.0,,1.0,,,
632918613,378226,2854185.0,28567,T0,2025-04-22 23:17:31 UTC,108159903,question_extractor,1.0,5.2.0,,,,,
632918613,378226,2854185.0,28567,T1,2025-04-22 23:17:31 UTC,108159903,question_extractor,,5.2.0,,,,,
632918620,378226,2854185.0,28567,T0,2025-04-22 23:17:34 UTC,108159921,question_extractor,1.0,5.2.0,,,,,
632918620,378226,2854185.0,28567,T1,2025-04-22 23:17:34 UTC,108159921,question_extractor,,5.2.0,,,,,
632918628,378226,2854185.0,28567,T0,2025-04-22 23:17:37 UTC,108159951,question_extractor,,5.2.0,1.0,,,,
632918628,378226,2854185.0,28567,T1,2025-04-22 23:17:37 UTC,108159951,question_extractor,,5.2.0,,1.0,,,
632918675,378226,2854185.0,28567,T0,2025-04-22 23:17:54 UTC,108159882,question_extractor,1.0,5.2.0,,,,,
632918675,378226,2854185.0,28567,T1,2025-04-22 23:17:54 UTC,108159882,question_extractor,,5.2.0,,,,,
632918682,378226,2854185.0,28567,T0,2025-04-22 23:17:57 UTC,108159905,question_extractor,,5.2.0,1.0,,,,
632918682,378226,2854185.0,28567,T1,2025-04-22 23:17:57 UTC,108159905,question_extractor,,5.2.0,,1.0,,,
632918687,378226,2854185.0,28567,T0,2025-04-22 23:18:00 UTC,108159974,question_extractor,,5.2.0,1.0,,,,
632918687,378226,2854185.0,28567,T1,2025-04-22 23:18:00 UTC,108159974,question_extractor,,5.2.0,,1.0,,,
632918696,378226,2854185.0,28567,T0,2025-04-22 23:18:02 UTC,108159937,question_extractor,,5.2.0,1.0,,,,
632918696,378226,2854185.0,28567,T1,2025-04-22 23:18:02 UTC,108159937,question_extractor,,5.2.0,,1.0,,,
632918758,378226,2854185.0,28567,T0,2025-04-22 23:18:24 UTC,108159901,question_extractor,1.0,5.2.0,,,,,
632918758,378226,2854185.0,28567,T1,2025-04-22 23:18:24 UTC,108159901,question_extractor,,5.2.0,,,,,
632918763,378226,2854185.0,28567,T0,2025-04-22 23:18:26 UTC,108159945,question_extractor,,5.2.0,1.0,,,,
632918763,378226,2854185.0,28567,T1,2025-04-22 23:18:26 UTC,108159945,question_extractor,,5.2.0,,1.0,,,
632918771,378226,2854185.0,28567,T0,2025-04-22 23:18:29 UTC,108159891,question_extractor,,5.2.0,1.0,,,,
632918771,378226,2854185.0,28567,T1,2025-04-22 23:18:29 UTC,108159891,question_extractor,,5.2.0,,1.0,,,
632918776,378226,2854185.0,28567,T0,2025-04-22 23:18:31 UTC,108159934,question_extractor,,5.2.0,1.0,,,,
632918776,378226,2854185.0,28567,T1,2025-04-22 23:18:31 UTC,108159934,question_extractor,,5.2.0,,1.0,,,
632918780,378226,2854185.0,28567,T0,2025-04-22 23:18:33 UTC,108159878,question_extractor,1.0,5.2.0,,,,,
632918780,378226,2854185.0,28567,T1,2025-04-22 23:18:33 UTC,108159878,question_extractor,,5.2.0,,,,,
632918784,378226,2854185.0,28567,T0,2025-04-22 23:18:34 UTC,108159942,question_extractor,1.0,5.2.0,,,,,
632918784,378226,2854185.0,28567,T1,2025-04-22 23:18:34 UTC,108159942,question_extractor,,5.2.0,,,,,
632918790,378226,2854185.0,28567,T0,2025-04-22 23:18:37 UTC,108159905,question_extractor,,5.2.0,1.0,,,,
632918790,378226,2854185.0,28567,T1,2025-04-22 23:18:37 UTC,108159905,question_extractor,,5.2.0,,1.0,,,
632918797,378226,2854185.0,28567,T0,2025-04-22 23:18:38 UTC,108159963,question_extractor,1.0,5.2.0,,,,,
632918797,378226,2854185.0,28567,T1,2025-04-22 23:18:38 UTC,108159963,question_extractor,,5.2.0,,,,,
632918808,378226,2854185.0,28567,T0,2025-04-22 23:18:43 UTC,108159935,question_extractor,1.0,5.2.0,,,,,
632918808,378226,2854185.0,28567,T1,2025-04-22 23:18:43 UTC,108159935,question_extractor,,5.2.0,,,,,
632918814,378226,2854185.0,28567,T0,2025-04-22 23:18:45 UTC,108159949,question_extractor,,5.2.0,1.0,,,,
632918814,378226,2854185.0,28567,T1,2025-04-22 23:18:45 UTC,108159949,question_extractor,,5.2.0,,1.0,,,
632918881,378226,2854185.0,28567,T0,2025-04-22 23:19:07 UTC,108159891,question_extractor,,5.2.0,1.0,,,,
632918881,378226,2854185.0,28567,T1,2025-04-22 23:19:07 UTC,108159891,question_extractor,,5.2.0,,1.0,,,
632918971,378226,2854185.0,28567,T0,2025-04-22 23:19:45 UTC,108159885,question_extractor,,5.2.0,1.0,,,,
632918971,378226,2854185.0,28567,T1,2025-04-22 23:19:45 UTC,108159885,question_extractor,,5.2.0,,1.0,,,
632918980,378226,2854185.0,28567,T0,2025-04-22 23:19:48 UTC,108159894,question_extractor,,5.2.0,1.0,,,,
632918980,378226,2854185.0,28567,T1,2025-04-22 23:19:48 UTC,108159894,question_extractor,,5.2.0,,1.0,,,
632918984,378226,2854185.0,28567,T0,2025-04-22 23:19:50 UTC,108159968,question_extractor,1.0,5.2.0,,,,,
632918984,378226,2854185.0,28567,T1,2025-04-22 23:19:50 UTC,108159968,question_extractor,,5.2.0,,,,,
632918998,378226,2854185.0,28567,T0,2025-04-22 23:19:54 UTC,108159930,question_extractor,,5.2.0,1.0,,,,
632918998,378226,2854185.0,28567,T1,2025-04-22 23:19:54 UTC,108159930,question_extractor,,5.2.0,,1.0,,,
632919002,378226,2854185.0,28567,T0,2025-04-22 23:19:57 UTC,108159976,question_extractor,,5.2.0,1.0,,,,
632919002,378226,2854185.0,28567,T1,2025-04-22 23:19:57 UTC,108159976,question_extractor,,5.2.0,,1.0,,,
632919018,378226,2854185.0,28567,T0,2025-04-22 23:20:03 UTC,108159911,question_extractor,1.0,5.2.0,,,,,
632919018,378226,2854185.0,28567,T1,2025-04-22 23:20:03 UTC,108159911,question_extractor,,5.2.0,,,,,
632919054,378226,2854185.0,28567,T0,2025-04-22 23:20:16 UTC,108159915,question_extractor,1.0,5.2.0,,,,,
632919054,378226,2854185.0,28567,T1,2025-04-22 23:20:16 UTC,108159915,question_extractor,,5.2.0,,,,,
632919141,378226,2854185.0,28567,T0,2025-04-22 23:20:51 UTC,108159936,question_extractor,1.0,5.2.0,,,,,
632919141,378226,2854185.0,28567,T1,2025-04-22 23:20:51 UTC,108159936,question_extractor,,5.2.0,,,,,
632919149,378226,2854185.0,28567,T0,2025-04-22 23:20:53 UTC,108159962,question_extractor,1.0,5.2.0,,,,,
632919149,378226,2854185.0,28567,T1,2025-04-22 23:20:53 UTC,108159962,question_extractor,,5.2.0,,,,,
632919221,378226,2854185.0,28567,T0,2025-04-22 23:21:24 UTC,108159901,question_extractor,,5.2.0,1.0,,,,
632919221,378226,2854185.0,28567,T1,2025-04-22 23:21:24 UTC,108159901,question_extractor,,5.2.0,,1.0,,,
632919234,378226,2854185.0,28567,T0,2025-04-22 23:21:27 UTC,108159898,question_extractor,1.0,5.2.0,,,,,
632919234,378226,2854185.0,28567,T1,2025-04-22 23:21:27 UTC,108159898,question_extractor,,5.2.0,,,,,
632919242,378226,2854185.0,28567,T0,2025-04-22 23:21:29 UTC,108159913,question_extractor,1.0,5.2.0,,,,,
632919242,378226,2854185.0,28567,T1,2025-04-22 23:21:29 UTC,108159913,question_extractor,,5.2.0,,,,,
632919251,378226,2854185.0,28567,T0,2025-04-22 23:21:33 UTC,108159977,question_extractor,,5.2.0,1.0,,,,
632919251,378226,2854185.0,28567,T1,2025-04-22 23:21:33 UTC,108159977,question_extractor,,5.2.0,,1.0,,,
632919262,378226,2854185.0,28567,T0,2025-04-22 23:21:36 UTC,108159913,question_extractor,1.0,5.2.0,,,,,
632919262,378226,2854185.0,28567,T1,2025-04-22 23:21:36 UTC,108159913,question_extractor,,5.2.0,,,,,
632919273,378226,2854185.0,28567,T0,2025-04-22 23:21:40 UTC,108159891,question_extractor,,5.2.0,1.0,,,,
632919273,378226,2854185.0,28567,T1,2025-04-22 23:21:40 UTC,108159891,question_extractor,,5.2.0,,1.0,,,
632919281,378226,2854185.0,28567,T0,2025-04-22 23:21:43 UTC,108159892,question_extractor,1.0,5.2.0,,,,,
632919281,378226,2854185.0,28567,T1,2025-04-22 23:21:43 UTC,108159892,question_extractor,,5.2.0,,,,,
632919473,378226,2854185.0,28567,T0,2025-04-22 23:23:05 UTC,108159907,question_extractor,1.0,5.2.0,,,,,
632919473,378226,2854185.0,28567,T1,2025-04-22 23:23:05 UTC,108159907,question_extractor,,5.2.0,,,,,
632919480,378226,2854185.0,28567,T0,2025-04-22 23:23:08 UTC,108159888,question_extractor,,5.2.0,1.0,,,,
632919480,378226,2854185.0,28567,T1,2025-04-22 23:23:08 UTC,108159888,question_extractor,,5.2.0,,1.0,,,
632919538,378226,2854185.0,28567,T0,2025-04-22 23:23:30 UTC,108159887,question_extractor,,5.2.0,1.0,,,,
632919538,378226,2854185.0,28567,T1,2025-04-22 23:23:30 UTC,108159887,question_extractor,,5.2.0,,,1.0,,
632919547,378226,2854185.0,28567,T0,2025-04-22 23:23:33 UTC,108159917,question_extractor,,5.2.0,1.0,,,,
632919547,378226,2854185.0,28567,T1,2025-04-22 23:23:33 UTC,108159917,question_extractor,,5.2.0,,1.0,,,
632919587,378226,2854185.0,28567,T0,2025-04-22 23:23:51 UTC,108159894,question_extractor,,5.2.0,1.0,,,,
632919587,378226,2854185.0,28567,T1,2025-04-22 23:23:51 UTC,108159894,question_extractor,,5.2.0,,1.0,,,
632919595,378226,2854185.0,28567,T0,2025-04-22 23:23:54 UTC,108159934,question_extractor,,5.2.0,1.0,,,,
632919595,378226,2854185.0,28567,T1,2025-04-22 23:23:54 UTC,108159934,question_extractor,,5.2.0,,1.0,,,
632919637,378226,2854185.0,28567,T0,2025-04-22 23:24:13 UTC,108159945,question_extractor,,5.2.0,1.0,,,,
632919637,378226,2854185.0,28567,T1,2025-04-22 23:24:13 UTC,108159945,question_extractor,,5.2.0,,1.0,,,
632919651,378226,2854185.0,28567,T0,2025-04-22 23:24:19 UTC,108159886,question_extractor,1.0,5.2.0,,,,,
632919651,378226,2854185.0,28567,T1,2025-04-22 23:24:19 UTC,108159886,question_extractor,,5.2.0,,,,,
632919657,378226,2854185.0,28567,T0,2025-04-22 23:24:20 UTC,108159962,question_extractor,1.0,5.2.0,,,,,
632919657,378226,2854185.0,28567,T1,2025-04-22 23:24:20 UTC,108159962,question_extractor,,5.2.0,,,,,
632919665,378226,2854185.0,28567,T0,2025-04-22 23:24:22 UTC,108159915,question_extractor,1.0,5.2.0,,,,,
632919665,378226,2854185.0,28567,T1,2025-04-22 23:24:22 UTC,108159915,question_extractor,,5.2.0,,,,,
632919667,378226,2854185.0,28567,T0,2025-04-22 23:24:24 UTC,108159942,question_extractor,1.0,5.2.0,,,,,
632919667,378226,2854185.0,28567,T1,2025-04-22 23:24:24 UTC,108159942,question_extractor,,5.2.0,,,,,
632919687,378226,2854185.0,28567,T0,2025-04-22 23:24:31 UTC,108159936,question_extractor,1.0,5.2.0,,,,,
632919687,378226,2854185.0,28567,T1,2025-04-22 23:24:31 UTC,108159936,question_extractor,,5.2.0,,,,,
632919696,378226,2854185.0,28567,T0,2025-04-22 23:24:33 UTC,108159966,question_extractor,,5.2.0,1.0,,,,
632919696,378226,2854185.0,28567,T1,2025-04-22 23:24:33 UTC,108159966,question_extractor,,5.2.0,,1.0,,,
632919702,378226,2854185.0,28567,T0,2025-04-22 23:24:35 UTC,108159916,question_extractor,1.0,5.2.0,,,,,
632919702,378226,2854185.0,28567,T1,2025-04-22 23:24:35 UTC,108159916,question_extractor,,5.2.0,,,,,
632919705,378226,2854185.0,28567,T0,2025-04-22 23:24:37 UTC,108159961,question_extractor,1.0,5.2.0,,,,,
632919705,378226,2854185.0,28567,T1,2025-04-22 23:24:37 UTC,108159961,question_extractor,,5.2.0,,,,,
632919712,378226,2854185.0,28567,T0,2025-04-22 23:24:39 UTC,108159919,question_extractor,1.0,5.2.0,,,,,
632919712,378226,2854185.0,28567,T1,2025-04-22 23:24:39 UTC,108159919,question_extractor,,5.2.0,,,,,
632919719,378226,2854185.0,28567,T0,2025-04-22 23:24:42 UTC,108159931,question_extractor,,5.2.0,1.0,,,,
632919719,378226,2854185.0,28567,T1,2025-04-22 23:24:42 UTC,108159931,question_extractor,,5.2.0,,1.0,,,
632919743,378226,2854185.0,28567,T0,2025-04-22 23:24:49 UTC,108159952,question_extractor,,5.2.0,1.0,,,,
632919743,378226,2854185.0,28567,T1,2025-04-22 23:24:49 UTC,108159952,question_extractor,,5.2.0,,1.0,,,
632919745,378226,2854185.0,28567,T0,2025-04-22 23:24:51 UTC,108159892,question_extractor,1.0,5.2.0,,,,,
632919745,378226,2854185.0,28567,T1,2025-04-22 23:24:51 UTC,108159892,question_extractor,,5.2.0,,,,,
632919753,378226,2854185.0,28567,T0,2025-04-22 23:24:53 UTC,108159963,question_extractor,1.0,5.2.0,,,,,
632919753,378226,2854185.0,28567,T1,2025-04-22 23:24:53 UTC,108159963,question_extractor,,5.2.0,,,,,
632919765,378226,2854185.0,28567,T0,2025-04-22 23:24:58 UTC,108159949,question_extractor,,5.2.0,1.0,,,,
632919765,378226,2854185.0,28567,T1,2025-04-22 23:24:58 UTC,108159949,question_extractor,,5.2.0,,1.0,,,
632919813,378226,2854185.0,28567,T0,2025-04-22 23:25:13 UTC,108159954,question_extractor,,5.2.0,1.0,,,,
632919813,378226,2854185.0,28567,T1,2025-04-22 23:25:13 UTC,108159954,question_extractor,,5.2.0,,1.0,,,
632919818,378226,2854185.0,28567,T0,2025-04-22 23:25:16 UTC,108159929,question_extractor,1.0,5.2.0,,,,,
632919818,378226,2854185.0,28567,T1,2025-04-22 23:25:16 UTC,108159929,question_extractor,,5.2.0,,,,,
632919835,378226,2854185.0,28567,T0,2025-04-22 23:25:19 UTC,108159918,question_extractor,1.0,5.2.0,,,,,
632919835,378226,2854185.0,28567,T1,2025-04-22 23:25:19 UTC,108159918,question_extractor,,5.2.0,,,,,
632919847,378226,2854185.0,28567,T0,2025-04-22 23:25:22 UTC,108159937,question_extractor,,5.2.0,1.0,,,,
632919847,378226,2854185.0,28567,T1,2025-04-22 23:25:22 UTC,108159937,question_extractor,,5.2.0,,1.0,,,
632919854,378226,2854185.0,28567,T0,2025-04-22 23:25:24 UTC,108159915,question_extractor,1.0,5.2.0,,,,,
632919854,378226,2854185.0,28567,T1,2025-04-22 23:25:24 UTC,108159915,question_extractor,,5.2.0,,,,,
632919862,378226,2854185.0,28567,T0,2025-04-22 23:25:27 UTC,108159954,question_extractor,,5.2.0,1.0,,,,
632919862,378226,2854185.0,28567,T1,2025-04-22 23:25:27 UTC,108159954,question_extractor,,5.2.0,,1.0,,,
632919869,378226,2854185.0,28567,T0,2025-04-22 23:25:28 UTC,108159939,question_extractor,1.0,5.2.0,,,,,
632919869,378226,2854185.0,28567,T1,2025-04-22 23:25:28 UTC,108159939,question_extractor,,5.2.0,,,,,
632919877,378226,2854185.0,28567,T0,2025-04-22 23:25:31 UTC,108159963,question_extractor,1.0,5.2.0,,,,,
632919877,378226,2854185.0,28567,T1,2025-04-22 23:25:31 UTC,108159963,question_extractor,,5.2.0,,,,,
632919885,378226,2854185.0,28567,T0,2025-04-22 23:25:32 UTC,108159901,question_extractor,1.0,5.2.0,,,,,
632919885,378226,2854185.0,28567,T1,2025-04-22 23:25:32 UTC,108159901,question_extractor,,5.2.0,,,,,
632919893,378226,2854185.0,28567,T0,2025-04-22 23:25:35 UTC,108159934,question_extractor,,5.2.0,1.0,,,,
632919893,378226,2854185.0,28567,T1,2025-04-22 23:25:35 UTC,108159934,question_extractor,,5.2.0,,1.0,,,
632920033,378226,2854185.0,28567,T0,2025-04-22 23:26:18 UTC,108159900,question_extractor,1.0,5.2.0,,,,,
632920033,378226,2854185.0,28567,T1,2025-04-22 23:26:18 UTC,108159900,question_extractor,,5.2.0,,,,,
632920057,378226,2854185.0,28567,T0,2025-04-22 23:26:27 UTC,108159920,question_extractor,1.0,5.2.0,,,,,
632920057,378226,2854185.0,28567,T1,2025-04-22 23:26:27 UTC,108159920,question_extractor,,5.2.0,,,,,
632920073,378226,2854185.0,28567,T0,2025-04-22 23:26:31 UTC,108159906,question_extractor,1.0,5.2.0,,,,,
632920073,378226,2854185.0,28567,T1,2025-04-22 23:26:31 UTC,108159906,question_extractor,,5.2.0,,,,,
632920082,378226,2854185.0,28567,T0,2025-04-22 23:26:34 UTC,108159924,question_extractor,1.0,5.2.0,,,,,
632920082,378226,2854185.0,28567,T1,2025-04-22 23:26:34 UTC,108159924,question_extractor,,5.2.0,,,,,
632920127,378226,2854185.0,28567,T0,2025-04-22 23:26:46 UTC,108159943,question_extractor,1.0,5.2.0,,,,,
632920127,378226,2854185.0,28567,T1,2025-04-22 23:26:46 UTC,108159943,question_extractor,,5.2.0,,,,,
632920135,378226,2854185.0,28567,T0,2025-04-22 23:26:49 UTC,108159923,question_extractor,1.0,5.2.0,,,,,
632920135,378226,2854185.0,28567,T1,2025-04-22 23:26:49 UTC,108159923,question_extractor,,5.2.0,,,,,
632920189,378226,2854185.0,28567,T0,2025-04-22 23:27:06 UTC,108159900,question_extractor,1.0,5.2.0,,,,,
632920189,378226,2854185.0,28567,T1,2025-04-22 23:27:06 UTC,108159900,question_extractor,,5.2.0,,,,,
632920194,378226,2854185.0,28567,T0,2025-04-22 23:27:08 UTC,108159922,question_extractor,1.0,5.2.0,,,,,
632920194,378226,2854185.0,28567,T1,2025-04-22 23:27:08 UTC,108159922,question_extractor,,5.2.0,,,,,
632920201,378226,2854185.0,28567,T0,2025-04-22 23:27:10 UTC,108159962,question_extractor,1.0,5.2.0,,,,,
632920201,378226,2854185.0,28567,T1,2025-04-22 23:27:10 UTC,108159962,question_extractor,,5.2.0,,,,,
632920320,378226,2854185.0,28567,T0,2025-04-22 23:27:49 UTC,108159888,question_extractor,,5.2.0,1.0,,,,
632920320,378226,2854185.0,28567,T1,2025-04-22 23:27:49 UTC,108159888,question_extractor,,5.2.0,,1.0,,,
632920329,378226,2854185.0,28567,T0,2025-04-22 23:27:51 UTC,108159950,question_extractor,,5.2.0,1.0,,,,
632920329,378226,2854185.0,28567,T1,2025-04-22 23:27:51 UTC,108159950,question_extractor,,5.2.0,,1.0,,,
632920343,378226,2854185.0,28567,T0,2025-04-22 23:27:56 UTC,108159948,question_extractor,,5.2.0,1.0,,,,
632920343,378226,2854185.0,28567,T1,2025-04-22 23:27:56 UTC,108159948,question_extractor,,5.2.0,,1.0,,,
632920348,378226,2854185.0,28567,T0,2025-04-22 23:27:58 UTC,108159882,question_extractor,1.0,5.2.0,,,,,
632920348,378226,2854185.0,28567,T1,2025-04-22 23:27:58 UTC,108159882,question_extractor,,5.2.0,,,,,
632920355,378226,2854185.0,28567,T0,2025-04-22 23:28:00 UTC,108159916,question_extractor,1.0,5.2.0,,,,,
632920355,378226,2854185.0,28567,T1,2025-04-22 23:28:00 UTC,108159916,question_extractor,,5.2.0,,,,,
632920360,378226,2854185.0,28567,T0,2025-04-22 23:28:03 UTC,108159925,question_extractor,1.0,5.2.0,,,,,
632920360,378226,2854185.0,28567,T1,2025-04-22 23:28:03 UTC,108159925,question_extractor,,5.2.0,,,,,
632920370,378226,2854185.0,28567,T0,2025-04-22 23:28:07 UTC,108159908,question_extractor,,5.2.0,1.0,,,,
632920370,378226,2854185.0,28567,T1,2025-04-22 23:28:07 UTC,108159908,question_extractor,,5.2.0,,1.0,,,
632920379,378226,2854185.0,28567,T0,2025-04-22 23:28:10 UTC,108159976,question_extractor,,5.2.0,1.0,,,,
632920379,378226,2854185.0,28567,T1,2025-04-22 23:28:10 UTC,108159976,question_extractor,,5.2.0,,1.0,,,
632920387,378226,2854185.0,28567,T0,2025-04-22 23:28:12 UTC,108159897,question_extractor,,5.2.0,1.0,,,,
632920387,378226,2854185.0,28567,T1,2025-04-22 23:28:12 UTC,108159897,question_extractor,,5.2.0,,1.0,,,
632920392,378226,2854185.0,28567,T0,2025-04-22 23:28:15 UTC,108159950,question_extractor,,5.2.0,1.0,,,,
632920392,378226,2854185.0,28567,T1,2025-04-22 23:28:15 UTC,108159950,question_extractor,,5.2.0,,1.0,,,
632920398,378226,2854185.0,28567,T0,2025-04-22 23:28:16 UTC,108159928,question_extractor,1.0,5.2.0,,,,,
632920398,378226,2854185.0,28567,T1,2025-04-22 23:28:16 UTC,108159928,question_extractor,,5.2.0,,,,,
632920418,378226,2854185.0,28567,T0,2025-04-22 23:28:23 UTC,108159943,question_extractor,1.0,5.2.0,,,,,
632920418,378226,2854185.0,28567,T1,2025-04-22 23:28:23 UTC,108159943,question_extractor,,5.2.0,,,,,
632920439,378226,2854185.0,28567,T0,2025-04-22 23:28:31 UTC,108159909,question_extractor,,5.2.0,1.0,,,,
632920439,378226,2854185.0,28567,T1,2025-04-22 23:28:31 UTC,108159909,question_extractor,,5.2.0,,1.0,,,
632920447,378226,2854185.0,28567,T0,2025-04-22 23:28:33 UTC,108159878,question_extractor,1.0,5.2.0,,,,,
632920447,378226,2854185.0,28567,T1,2025-04-22 23:28:33 UTC,108159878,question_extractor,,5.2.0,,,,,
632920459,378226,2854185.0,28567,T0,2025-04-22 23:28:35 UTC,108159883,question_extractor,1.0,5.2.0,,,,,
632920459,378226,2854185.0,28567,T1,2025-04-22 23:28:35 UTC,108159883,question_extractor,,5.2.0,,,,,
632920463,378226,2854185.0,28567,T0,2025-04-22 23:28:37 UTC,108159913,question_extractor,1.0,5.2.0,,,,,
632920463,378226,2854185.0,28567,T1,2025-04-22 23:28:37 UTC,108159913,question_extractor,,5.2.0,,,,,
632920473,378226,2854185.0,28567,T0,2025-04-22 23:28:41 UTC,108159959,question_extractor,,5.2.0,1.0,,,,
632920473,378226,2854185.0,28567,T1,2025-04-22 23:28:41 UTC,108159959,question_extractor,,5.2.0,,1.0,,,
632920480,378226,2854185.0,28567,T0,2025-04-22 23:28:42 UTC,108159923,question_extractor,1.0,5.2.0,,,,,
632920480,378226,2854185.0,28567,T1,2025-04-22 23:28:42 UTC,108159923,question_extractor,,5.2.0,,,,,
632920484,378226,2854185.0,28567,T0,2025-04-22 23:28:44 UTC,108159893,question_extractor,1.0,5.2.0,,,,,
632920484,378226,2854185.0,28567,T1,2025-04-22 23:28:44 UTC,108159893,question_extractor,,5.2.0,,,,,
632920492,378226,2854185.0,28567,T0,2025-04-22 23:28:46 UTC,108159912,question_extractor,1.0,5.2.0,,,,,
632920492,378226,2854185.0,28567,T1,2025-04-22 23:28:46 UTC,108159912,question_extractor,,5.2.0,,,,,
632920499,378226,2854185.0,28567,T0,2025-04-22 23:28:47 UTC,108159880,question_extractor,1.0,5.2.0,,,,,
632920499,378226,2854185.0,28567,T1,2025-04-22 23:28:47 UTC,108159880,question_extractor,,5.2.0,,,,,
632920513,378226,2854185.0,28567,T0,2025-04-22 23:28:51 UTC,108159902,question_extractor,,5.2.0,1.0,,,,
632920513,378226,2854185.0,28567,T1,2025-04-22 23:28:51 UTC,108159902,question_extractor,,5.2.0,,1.0,,,
632920520,378226,2854185.0,28567,T0,2025-04-22 23:28:53 UTC,108159941,question_extractor,1.0,5.2.0,,,,,
632920520,378226,2854185.0,28567,T1,2025-04-22 23:28:53 UTC,108159941,question_extractor,,5.2.0,,,,,
632920528,378226,2854185.0,28567,T0,2025-04-22 23:28:56 UTC,108159903,question_extractor,1.0,5.2.0,,,,,
632920528,378226,2854185.0,28567,T1,2025-04-22 23:28:56 UTC,108159903,question_extractor,,5.2.0,,,,,
632920558,378226,2854185.0,28567,T0,2025-04-22 23:29:05 UTC,108159908,question_extractor,,5.2.0,1.0,,,,
632920558,378226,2854185.0,28567,T1,2025-04-22 23:29:05 UTC,108159908,question_extractor,,5.2.0,,1.0,,,
632920563,378226,2854185.0,28567,T0,2025-04-22 23:29:07 UTC,108159911,question_extractor,1.0,5.2.0,,,,,
632920563,378226,2854185.0,28567,T1,2025-04-22 23:29:07 UTC,108159911,question_extractor,,5.2.0,,,,,
633310812,378226,2854185.0,28567,T0,2025-04-24 04:09:49 UTC,108159950,question_extractor,,5.2.0,1.0,,,,
633310812,378226,2854185.0,28567,T1,2025-04-24 04:09:49 UTC,108159950,question_extractor,,5.2.0,,1.0,,,
633620655,not-logged-in-e4f5997e358f839a99fe,,28567,T0,2025-04-25 02:15:26 UTC,108160179,question_extractor,1.0,5.2.0,,,,,
633620655,not-logged-in-e4f5997e358f839a99fe,,28567,T1,2025-04-25 02:15:26 UTC,108160179,question_extractor,,5.2.0,,,,,
633620760,not-logged-in-e4f5997e358f839a99fe,,28567,T0,2025-04-25 02:16:30 UTC,108160153,question_extractor,,5.2.0,1.0,,,,
633620760,not-logged-in-e4f5997e358f839a99fe,,28567,T1,2025-04-25 02:16:30 UTC,108160153,question_extractor,,5.2.0,,1.0,,,
633620770,not-logged-in-e4f5997e358f839a99fe,,28567,T0,2025-04-25 02:16:36 UTC,108159906,question_extractor,1.0,5.2.0,,,,,
633620770,not-logged-in-e4f5997e358f839a99fe,,28567,T1,2025-04-25 02:16:36 UTC,108159906,question_extractor,,5.2.0,,,,,
633620777,not-logged-in-e4f5997e358f839a99fe,,28567,T0,2025-04-25 02:16:43 UTC,108159908,question_extractor,,5.2.0,1.0,,,,
633620777,not-logged-in-e4f5997e358f839a99fe,,28567,T1,2025-04-25 02:16:43 UTC,108159908,question_extractor,,5.2.0,,,1.0,,
633620786,not-logged-in-e4f5997e358f839a99fe,,28567,T0,2025-04-25 02:16:46 UTC,108160093,question_extractor,1.0,5.2.0,,,,,
633620786,not-logged-in-e4f5997e358f839a99fe,,28567,T1,2025-04-25 02:16:46 UTC,108160093,question_extractor,,5.2.0,,,,,
633620819,not-logged-in-e4f5997e358f839a99fe,,28567,T0,2025-04-25 02:17:01 UTC,108160026,question_extractor,,5.2.0,1.0,,,,
633620819,not-logged-in-e4f5997e358f839a99fe,,28567,T1,2025-04-25 02:17:01 UTC,108160026,question_extractor,,5.2.0,,,1.0,,
633620840,not-logged-in-e4f5997e358f839a99fe,,28567,T0,2025-04-25 02:17:06 UTC,108160062,question_extractor,1.0,5.2.0,,,,,
633620840,not-logged-in-e4f5997e358f839a99fe,,28567,T1,2025-04-25 02:17:06 UTC,108160062,question_extractor,,5.2.0,,,,,
633620878,not-logged-in-e4f5997e358f839a99fe,,28567,T0,2025-04-25 02:17:21 UTC,108159900,question_extractor,1.0,5.2.0,,,,,
633620878,not-logged-in-e4f5997e358f839a99fe,,28567,T1,2025-04-25 02:17:21 UTC,108159900,question_extractor,,5.2.0,,,,,
633620884,not-logged-in-e4f5997e358f839a99fe,,28567,T0,2025-04-25 02:17:24 UTC,108160091,question_extractor,1.0,5.2.0,,,,,
633620884,not-logged-in-e4f5997e358f839a99fe,,28567,T1,2025-04-25 02:17:24 UTC,108160091,question_extractor,,5.2.0,,,,,
633620890,not-logged-in-e4f5997e358f839a99fe,,28567,T0,2025-04-25 02:17:27 UTC,108160202,question_extractor,1.0,5.2.0,,,,,
633620890,not-logged-in-e4f5997e358f839a99fe,,28567,T1,2025-04-25 02:17:27 UTC,108160202,question_extractor,,5.2.0,,,,,
633620896,not-logged-in-e4f5997e358f839a99fe,,28567,T0,2025-04-25 02:17:30 UTC,108159919,question_extractor,1.0,5.2.0,,,,,
633620896,not-logged-in-e4f5997e358f839a99fe,,28567,T1,2025-04-25 02:17:30 UTC,108159919,question_extractor,,5.2.0,,,,,
633620910,not-logged-in-e4f5997e358f839a99fe,,28567,T0,2025-04-25 02:17:36 UTC,108159981,question_extractor,,5.2.0,1.0,,,,
633620910,not-logged-in-e4f5997e358f839a99fe,,28567,T1,2025-04-25 02:17:36 UTC,108159981,question_extractor,,5.2.0,,1.0,,,
633620919,not-logged-in-e4f5997e358f839a99fe,,28567,T0,2025-04-25 02:17:40 UTC,108160135,question_extractor,1.0,5.2.0,,,,,
633620919,not-logged-in-e4f5997e358f839a99fe,,28567,T1,2025-04-25 02:17:40 UTC,108160135,question_extractor,,5.2.0,,,,,
633620994,emmatantriady,2840366.0,28567,T0,2025-04-25 02:18:25 UTC,108160049,question_extractor,1.0,5.2.0,,,,,
633620994,emmatantriady,2840366.0,28567,T1,2025-04-25 02:18:25 UTC,108160049,question_extractor,,5.2.0,,,,,
633621016,emmatantriady,2840366.0,28567,T0,2025-04-25 02:18:44 UTC,108159988,question_extractor,,5.2.0,,,,,1.0
633621016,emmatantriady,2840366.0,28567,T1,2025-04-25 02:18:44 UTC,108159988,question_extractor,,5.2.0,,,,,
633621020,emmatantriady,2840366.0,28567,T0,2025-04-25 02:18:48 UTC,108160010,question_extractor,1.0,5.2.0,,,,,
633621020,emmatantriady,2840366.0,28567,T1,2025-04-25 02:18:48 UTC,108160010,question_extractor,,5.2.0,,,,,
633621023,emmatantriady,2840366.0,28567,T0,2025-04-25 02:18:51 UTC,108160085,question_extractor,1.0,5.2.0,,,,,
633621023,emmatantriady,2840366.0,28567,T1,2025-04-25 02:18:51 UTC,108160085,question_extractor,,5.2.0,,,,,
633621026,emmatantriady,2840366.0,28567,T0,2025-04-25 02:18:54 UTC,108160011,question_extractor,1.0,5.2.0,,,,,
633621026,emmatantriady,2840366.0,28567,T1,2025-04-25 02:18:54 UTC,108160011,question_extractor,,5.2.0,,,,,
633621039,emmatantriady,2840366.0,28567,T0,2025-04-25 02:19:03 UTC,108160141,question_extractor,1.0,5.2.0,,,,,
633621039,emmatantriady,2840366.0,28567,T1,2025-04-25 02:19:03 UTC,108160141,question_extractor,,5.2.0,,,,,
633621047,emmatantriady,2840366.0,28567,T0,2025-04-25 02:19:07 UTC,108159924,question_extractor,1.0,5.2.0,,,,,
633621047,emmatantriady,2840366.0,28567,T1,2025-04-25 02:19:07 UTC,108159924,question_extractor,,5.2.0,,,,,
633621055,emmatantriady,2840366.0,28567,T0,2025-04-25 02:19:15 UTC,108159976,question_extractor,,5.2.0,1.0,,,,
633621055,emmatantriady,2840366.0,28567,T1,2025-04-25 02:19:15 UTC,108159976,question_extractor,,5.2.0,,,1.0,,
633621069,emmatantriady,2840366.0,28567,T0,2025-04-25 02:19:24 UTC,108159956,question_extractor,,5.2.0,1.0,,,,
633621069,emmatantriady,2840366.0,28567,T1,2025-04-25 02:19:24 UTC,108159956,question_extractor,,5.2.0,,,1.0,,
633621082,emmatantriady,2840366.0,28567,T0,2025-04-25 02:19:31 UTC,108159959,question_extractor,,5.2.0,1.0,,,,
633621082,emmatantriady,2840366.0,28567,T1,2025-04-25 02:19:31 UTC,108159959,question_extractor,,5.2.0,,1.0,,,
633621092,emmatantriady,2840366.0,28567,T0,2025-04-25 02:19:36 UTC,108160047,question_extractor,1.0,5.2.0,,,,,
633621092,emmatantriady,2840366.0,28567,T1,2025-04-25 02:19:36 UTC,108160047,question_extractor,,5.2.0,,,,,
633621277,emmatantriady,2840366.0,28567,T0,2025-04-25 02:21:17 UTC,108159984,question_extractor,,5.2.0,1.0,,,,
633621277,emmatantriady,2840366.0,28567,T1,2025-04-25 02:21:17 UTC,108159984,question_extractor,,5.2.0,,,1.0,,
633621289,emmatantriady,2840366.0,28567,T0,2025-04-25 02:21:24 UTC,108160095,question_extractor,,5.2.0,1.0,,,,
633621289,emmatantriady,2840366.0,28567,T1,2025-04-25 02:21:24 UTC,108160095,question_extractor,,5.2.0,,,1.0,,
633621302,emmatantriady,2840366.0,28567,T0,2025-04-25 02:21:29 UTC,108160056,question_extractor,,5.2.0,1.0,,,,
633621302,emmatantriady,2840366.0,28567,T1,2025-04-25 02:21:29 UTC,108160056,question_extractor,,5.2.0,,,1.0,,
633621450,emmatantriady,2840366.0,28567,T0,2025-04-25 02:22:49 UTC,108159990,question_extractor,1.0,5.2.0,,,,,
633621450,emmatantriady,2840366.0,28567,T1,2025-04-25 02:22:49 UTC,108159990,question_extractor,,5.2.0,,,,,
633621460,emmatantriady,2840366.0,28567,T0,2025-04-25 02:22:52 UTC,108160104,question_extractor,1.0,5.2.0,,,,,
633621460,emmatantriady,2840366.0,28567,T1,2025-04-25 02:22:52 UTC,108160104,question_extractor,,5.2.0,,,,,
633621468,emmatantriady,2840366.0,28567,T0,2025-04-25 02:22:56 UTC,108159910,question_extractor,1.0,5.2.0,,,,,
633621468,emmatantriady,2840366.0,28567,T1,2025-04-25 02:22:56 UTC,108159910,question_extractor,,5.2.0,,,,,
633621475,emmatantriady,2840366.0,28567,T0,2025-04-25 02:23:00 UTC,108160081,question_extractor,1.0,5.2.0,,,,,
633621475,emmatantriady,2840366.0,28567,T1,2025-04-25 02:23:00 UTC,108160081,question_extractor,,5.2.0,,,,,
633621481,emmatantriady,2840366.0,28567,T0,2025-04-25 02:23:05 UTC,108160123,question_extractor,,5.2.0,1.0,,,,
633621481,emmatantriady,2840366.0,28567,T1,2025-04-25 02:23:05 UTC,108160123,question_extractor,,5.2.0,,1.0,,,
633621490,emmatantriady,2840366.0,28567,T0,2025-04-25 02:23:09 UTC,108160186,question_extractor,1.0,5.2.0,,,,,
633621490,emmatantriady,2840366.0,28567,T1,2025-04-25 02:23:09 UTC,108160186,question_extractor,,5.2.0,,,,,
633621502,emmatantriady,2840366.0,28567,T0,2025-04-25 02:23:14 UTC,108159971,question_extractor,1.0,5.2.0,,,,,
633621502,emmatantriady,2840366.0,28567,T1,2025-04-25 02:23:14 UTC,108159971,question_extractor,,5.2.0,,,,,
633621511,emmatantriady,2840366.0,28567,T0,2025-04-25 02:23:19 UTC,108160194,question_extractor,,5.2.0,1.0,,,,
633621511,emmatantriady,2840366.0,28567,T1,2025-04-25 02:23:19 UTC,108160194,question_extractor,,5.2.0,,,1.0,,
633621517,emmatantriady,2840366.0,28567,T0,2025-04-25 02:23:21 UTC,108159968,question_extractor,1.0,5.2.0,,,,,
633621517,emmatantriady,2840366.0,28567,T1,2025-04-25 02:23:21 UTC,108159968,question_extractor,,5.2.0,,,,,
633621531,emmatantriady,2840366.0,28567,T0,2025-04-25 02:23:30 UTC,108159931,question_extractor,1.0,5.2.0,,,,,
633621531,emmatantriady,2840366.0,28567,T1,2025-04-25 02:23:30 UTC,108159931,question_extractor,,5.2.0,,,,,
633621539,emmatantriady,2840366.0,28567,T0,2025-04-25 02:23:36 UTC,108160188,question_extractor,,5.2.0,1.0,,,,
633621539,emmatantriady,2840366.0,28567,T1,2025-04-25 02:23:36 UTC,108160188,question_extractor,,5.2.0,,,1.0,,
633621544,emmatantriady,2840366.0,28567,T0,2025-04-25 02:23:39 UTC,108159904,question_extractor,1.0,5.2.0,,,,,
633621544,emmatantriady,2840366.0,28567,T1,2025-04-25 02:23:39 UTC,108159904,question_extractor,,5.2.0,,,,,
633621552,emmatantriady,2840366.0,28567,T0,2025-04-25 02:23:43 UTC,108160067,question_extractor,1.0,5.2.0,,,,,
633621552,emmatantriady,2840366.0,28567,T1,2025-04-25 02:23:43 UTC,108160067,question_extractor,,5.2.0,,,,,
633621567,emmatantriady,2840366.0,28567,T0,2025-04-25 02:23:50 UTC,108159944,question_extractor,1.0,5.2.0,,,,,
633621567,emmatantriady,2840366.0,28567,T1,2025-04-25 02:23:50 UTC,108159944,question_extractor,,5.2.0,,,,,
633621579,emmatantriady,2840366.0,28567,T0,2025-04-25 02:23:56 UTC,108160072,question_extractor,,5.2.0,1.0,,,,
633621579,emmatantriady,2840366.0,28567,T1,2025-04-25 02:23:56 UTC,108160072,question_extractor,,5.2.0,,,1.0,,
633621587,emmatantriady,2840366.0,28567,T0,2025-04-25 02:23:59 UTC,108160087,question_extractor,1.0,5.2.0,,,,,
633621587,emmatantriady,2840366.0,28567,T1,2025-04-25 02:23:59 UTC,108160087,question_extractor,,5.2.0,,,,,
633621597,emmatantriady,2840366.0,28567,T0,2025-04-25 02:24:05 UTC,108160061,question_extractor,,5.2.0,1.0,,,,
633621597,emmatantriady,2840366.0,28567,T1,2025-04-25 02:24:05 UTC,108160061,question_extractor,,5.2.0,,,1.0,,
633641807,epark56,2836565.0,28567,T0,2025-04-25 05:30:03 UTC,108159893,question_extractor,1.0,5.2.0,,,,,
633641807,epark56,2836565.0,28567,T1,2025-04-25 05:30:03 UTC,108159893,question_extractor,,5.2.0,,,,,
633641853,epark56,2836565.0,28567,T0,2025-04-25 05:31:57 UTC,108160155,question_extractor,,5.2.0,1.0,,,,
633641853,epark56,2836565.0,28567,T1,2025-04-25 05:31:57 UTC,108160155,question_extractor,,5.2.0,,1.0,,,
633641861,epark56,2836565.0,28567,T0,2025-04-25 05:32:11 UTC,108160103,question_extractor,,5.2.0,1.0,,,,
633641861,epark56,2836565.0,28567,T1,2025-04-25 05:32:11 UTC,108160103,question_extractor,,5.2.0,,1.0,,,
633641863,epark56,2836565.0,28567,T0,2025-04-25 05:32:17 UTC,108160095,question_extractor,,5.2.0,1.0,,,,
633641863,epark56,2836565.0,28567,T1,2025-04-25 05:32:17 UTC,108160095,question_extractor,,5.2.0,,,1.0,,
633641871,epark56,2836565.0,28567,T0,2025-04-25 05:32:28 UTC,108159943,question_extractor,,5.2.0,1.0,,,,
633641871,epark56,2836565.0,28567,T1,2025-04-25 05:32:28 UTC,108159943,question_extractor,,5.2.0,,1.0,,,
633641906,epark56,2836565.0,28567,T0,2025-04-25 05:33:03 UTC,108159923,question_extractor,1.0,5.2.0,,,,,
633641906,epark56,2836565.0,28567,T1,2025-04-25 05:33:03 UTC,108159923,question_extractor,,5.2.0,,,,,
633641917,epark56,2836565.0,28567,T0,2025-04-25 05:33:12 UTC,108159920,question_extractor,,5.2.0,1.0,,,,
633641917,epark56,2836565.0,28567,T1,2025-04-25 05:33:12 UTC,108159920,question_extractor,,5.2.0,,1.0,,,
633641925,epark56,2836565.0,28567,T0,2025-04-25 05:33:16 UTC,108159884,question_extractor,,5.2.0,1.0,,,,
633641925,epark56,2836565.0,28567,T1,2025-04-25 05:33:16 UTC,108159884,question_extractor,,5.2.0,,,1.0,,
633641931,epark56,2836565.0,28567,T0,2025-04-25 05:33:20 UTC,108159917,question_extractor,,5.2.0,1.0,,,,
633641931,epark56,2836565.0,28567,T1,2025-04-25 05:33:20 UTC,108159917,question_extractor,,5.2.0,,,1.0,,
633641941,epark56,2836565.0,28567,T0,2025-04-25 05:33:24 UTC,108160168,question_extractor,,5.2.0,1.0,,,,
633641941,epark56,2836565.0,28567,T1,2025-04-25 05:33:24 UTC,108160168,question_extractor,,5.2.0,,,1.0,,
633641952,epark56,2836565.0,28567,T0,2025-04-25 05:33:30 UTC,108159915,question_extractor,,5.2.0,1.0,,,,
633641952,epark56,2836565.0,28567,T1,2025-04-25 05:33:30 UTC,108159915,question_extractor,,5.2.0,,,1.0,,
633641962,epark56,2836565.0,28567,T0,2025-04-25 05:33:35 UTC,108160143,question_extractor,,5.2.0,1.0,,,,
633641962,epark56,2836565.0,28567,T1,2025-04-25 05:33:35 UTC,108160143,question_extractor,,5.2.0,,,1.0,,
633641975,epark56,2836565.0,28567,T0,2025-04-25 05:33:40 UTC,108159879,question_extractor,,5.2.0,1.0,,,,
633641975,epark56,2836565.0,28567,T1,2025-04-25 05:33:40 UTC,108159879,question_extractor,,5.2.0,,1.0,,,
633641982,epark56,2836565.0,28567,T0,2025-04-25 05:33:44 UTC,108160106,question_extractor,,5.2.0,1.0,,,,
633641982,epark56,2836565.0,28567,T1,2025-04-25 05:33:44 UTC,108160106,question_extractor,,5.2.0,,,1.0,,
633641996,epark56,2836565.0,28567,T0,2025-04-25 05:33:52 UTC,108160178,question_extractor,,5.2.0,1.0,,,,
633641996,epark56,2836565.0,28567,T1,2025-04-25 05:33:52 UTC,108160178,question_extractor,,5.2.0,,,1.0,,
633642004,epark56,2836565.0,28567,T0,2025-04-25 05:33:55 UTC,108159990,question_extractor,1.0,5.2.0,,,,,
633642004,epark56,2836565.0,28567,T1,2025-04-25 05:33:55 UTC,108159990,question_extractor,,5.2.0,,,,,
633642007,epark56,2836565.0,28567,T0,2025-04-25 05:33:58 UTC,108160170,question_extractor,,5.2.0,1.0,,,,
633642007,epark56,2836565.0,28567,T1,2025-04-25 05:33:58 UTC,108160170,question_extractor,,5.2.0,,,1.0,,
633642012,epark56,2836565.0,28567,T0,2025-04-25 05:34:01 UTC,108160016,question_extractor,1.0,5.2.0,,,,,
633642012,epark56,2836565.0,28567,T1,2025-04-25 05:34:01 UTC,108160016,question_extractor,,5.2.0,,,,,
633642023,epark56,2836565.0,28567,T0,2025-04-25 05:34:06 UTC,108159959,question_extractor,,5.2.0,1.0,,,,
633642023,epark56,2836565.0,28567,T1,2025-04-25 05:34:06 UTC,108159959,question_extractor,,5.2.0,,,1.0,,
633642029,epark56,2836565.0,28567,T0,2025-04-25 05:34:09 UTC,108159905,question_extractor,,5.2.0,1.0,,,,
633642029,epark56,2836565.0,28567,T1,2025-04-25 05:34:09 UTC,108159905,question_extractor,,5.2.0,,,1.0,,
633642037,epark56,2836565.0,28567,T0,2025-04-25 05:34:13 UTC,108160057,question_extractor,,5.2.0,1.0,,,,
633642037,epark56,2836565.0,28567,T1,2025-04-25 05:34:13 UTC,108160057,question_extractor,,5.2.0,,1.0,,,
633642043,epark56,2836565.0,28567,T0,2025-04-25 05:34:17 UTC,108160105,question_extractor,,5.2.0,1.0,,,,
633642043,epark56,2836565.0,28567,T1,2025-04-25 05:34:17 UTC,108160105,question_extractor,,5.2.0,,1.0,,,
633642052,epark56,2836565.0,28567,T0,2025-04-25 05:34:20 UTC,108160165,question_extractor,,5.2.0,1.0,,,,
633642052,epark56,2836565.0,28567,T1,2025-04-25 05:34:20 UTC,108160165,question_extractor,,5.2.0,,,1.0,,
633642070,epark56,2836565.0,28567,T0,2025-04-25 05:34:30 UTC,108159992,question_extractor,,5.2.0,1.0,,,,
633642070,epark56,2836565.0,28567,T1,2025-04-25 05:34:30 UTC,108159992,question_extractor,,5.2.0,,1.0,,,
633642077,epark56,2836565.0,28567,T0,2025-04-25 05:34:33 UTC,108160047,question_extractor,,5.2.0,1.0,,,,
633642077,epark56,2836565.0,28567,T1,2025-04-25 05:34:33 UTC,108160047,question_extractor,,5.2.0,,1.0,,,
633642084,epark56,2836565.0,28567,T0,2025-04-25 05:34:35 UTC,108160081,question_extractor,1.0,5.2.0,,,,,
633642084,epark56,2836565.0,28567,T1,2025-04-25 05:34:35 UTC,108160081,question_extractor,,5.2.0,,,,,
633642091,epark56,2836565.0,28567,T0,2025-04-25 05:34:38 UTC,108160070,question_extractor,,5.2.0,1.0,,,,
633642091,epark56,2836565.0,28567,T1,2025-04-25 05:34:38 UTC,108160070,question_extractor,,5.2.0,,,1.0,,
633642103,epark56,2836565.0,28567,T0,2025-04-25 05:34:42 UTC,108160001,question_extractor,,5.2.0,1.0,,,,
633642103,epark56,2836565.0,28567,T1,2025-04-25 05:34:42 UTC,108160001,question_extractor,,5.2.0,,,1.0,,
633642109,epark56,2836565.0,28567,T0,2025-04-25 05:34:45 UTC,108160015,question_extractor,1.0,5.2.0,,,,,
633642109,epark56,2836565.0,28567,T1,2025-04-25 05:34:45 UTC,108160015,question_extractor,,5.2.0,,,,,
633642118,epark56,2836565.0,28567,T0,2025-04-25 05:34:49 UTC,108159937,question_extractor,,5.2.0,1.0,,,,
633642118,epark56,2836565.0,28567,T1,2025-04-25 05:34:49 UTC,108159937,question_extractor,,5.2.0,,,1.0,,
633642123,epark56,2836565.0,28567,T0,2025-04-25 05:34:52 UTC,108160040,question_extractor,,5.2.0,1.0,,,,
633642123,epark56,2836565.0,28567,T1,2025-04-25 05:34:52 UTC,108160040,question_extractor,,5.2.0,,1.0,,,
633642132,epark56,2836565.0,28567,T0,2025-04-25 05:34:54 UTC,108160049,question_extractor,1.0,5.2.0,,,,,
633642132,epark56,2836565.0,28567,T1,2025-04-25 05:34:54 UTC,108160049,question_extractor,,5.2.0,,,,,
633642142,epark56,2836565.0,28567,T0,2025-04-25 05:35:01 UTC,108160107,question_extractor,,5.2.0,1.0,,,,
633642142,epark56,2836565.0,28567,T1,2025-04-25 05:35:01 UTC,108160107,question_extractor,,5.2.0,,1.0,,,
633642150,epark56,2836565.0,28567,T0,2025-04-25 05:35:05 UTC,108159926,question_extractor,,5.2.0,1.0,,,,
633642150,epark56,2836565.0,28567,T1,2025-04-25 05:35:05 UTC,108159926,question_extractor,,5.2.0,,1.0,,,
633642155,epark56,2836565.0,28567,T0,2025-04-25 05:35:08 UTC,108159980,question_extractor,,5.2.0,1.0,,,,
633642155,epark56,2836565.0,28567,T1,2025-04-25 05:35:08 UTC,108159980,question_extractor,,5.2.0,,,1.0,,
633642161,epark56,2836565.0,28567,T0,2025-04-25 05:35:13 UTC,108159886,question_extractor,,5.2.0,1.0,,,,
633642161,epark56,2836565.0,28567,T1,2025-04-25 05:35:13 UTC,108159886,question_extractor,,5.2.0,,1.0,,,
633642171,epark56,2836565.0,28567,T0,2025-04-25 05:35:16 UTC,108159887,question_extractor,,5.2.0,1.0,,,,
633642171,epark56,2836565.0,28567,T1,2025-04-25 05:35:16 UTC,108159887,question_extractor,,5.2.0,,,1.0,,
633822882,not-logged-in-2a0a16562aef72083c1d,,28567,T0,2025-04-25 18:11:50 UTC,108159965,question_extractor,1.0,5.2.0,,,,,
633822882,not-logged-in-2a0a16562aef72083c1d,,28567,T1,2025-04-25 18:11:50 UTC,108159965,question_extractor,,5.2.0,,,,,
633822903,not-logged-in-2a0a16562aef72083c1d,,28567,T0,2025-04-25 18:11:55 UTC,108159972,question_extractor,1.0,5.2.0,,,,,
633822903,not-logged-in-2a0a16562aef72083c1d,,28567,T1,2025-04-25 18:11:55 UTC,108159972,question_extractor,,5.2.0,,,,,
633822921,not-logged-in-2a0a16562aef72083c1d,,28567,T0,2025-04-25 18:11:59 UTC,108160143,question_extractor,,5.2.0,1.0,,,,
633822921,not-logged-in-2a0a16562aef72083c1d,,28567,T1,2025-04-25 18:11:59 UTC,108160143,question_extractor,,5.2.0,,1.0,,,
633822935,not-logged-in-2a0a16562aef72083c1d,,28567,T0,2025-04-25 18:12:02 UTC,108159942,question_extractor,1.0,5.2.0,,,,,
633822935,not-logged-in-2a0a16562aef72083c1d,,28567,T1,2025-04-25 18:12:02 UTC,108159942,question_extractor,,5.2.0,,,,,
633822947,not-logged-in-2a0a16562aef72083c1d,,28567,T0,2025-04-25 18:12:04 UTC,108159913,question_extractor,1.0,5.2.0,,,,,
633822947,not-logged-in-2a0a16562aef72083c1d,,28567,T1,2025-04-25 18:12:04 UTC,108159913,question_extractor,,5.2.0,,,,,
633822958,not-logged-in-2a0a16562aef72083c1d,,28567,T0,2025-04-25 18:12:07 UTC,108160138,question_extractor,1.0,5.2.0,,,,,
633822958,not-logged-in-2a0a16562aef72083c1d,,28567,T1,2025-04-25 18:12:07 UTC,108160138,question_extractor,,5.2.0,,,,,
633901167,378226,2854185.0,28567,T0,2025-04-25 22:27:55 UTC,108159941,question_extractor,1.0,5.2.0,,,,,
633901167,378226,2854185.0,28567,T1,2025-04-25 22:27:55 UTC,108159941,question_extractor,,5.2.0,,,,,
633901194,378226,2854185.0,28567,T0,2025-04-25 22:28:03 UTC,108159927,question_extractor,,5.2.0,1.0,,,,
633901194,378226,2854185.0,28567,T1,2025-04-25 22:28:03 UTC,108159927,question_extractor,,5.2.0,,1.0,,,
633901597,378226,2854185.0,28567,T0,2025-04-25 22:29:57 UTC,108159898,question_extractor,1.0,5.2.0,,,,,
633901597,378226,2854185.0,28567,T1,2025-04-25 22:29:57 UTC,108159898,question_extractor,,5.2.0,,,,,
633901607,378226,2854185.0,28567,T0,2025-04-25 22:30:01 UTC,108159904,question_extractor,1.0,5.2.0,,,,,
633901607,378226,2854185.0,28567,T1,2025-04-25 22:30:01 UTC,108159904,question_extractor,,5.2.0,,,,,
633901768,378226,2854185.0,28567,T0,2025-04-25 22:30:58 UTC,108159957,question_extractor,,5.2.0,1.0,,,,
633901768,378226,2854185.0,28567,T1,2025-04-25 22:30:58 UTC,108159957,question_extractor,,5.2.0,,1.0,,,
633901800,378226,2854185.0,28567,T0,2025-04-25 22:31:10 UTC,108159943,question_extractor,1.0,5.2.0,,,,,
633901800,378226,2854185.0,28567,T1,2025-04-25 22:31:10 UTC,108159943,question_extractor,,5.2.0,,,,,
633901808,378226,2854185.0,28567,T0,2025-04-25 22:31:11 UTC,108159972,question_extractor,1.0,5.2.0,,,,,
633901808,378226,2854185.0,28567,T1,2025-04-25 22:31:11 UTC,108159972,question_extractor,,5.2.0,,,,,
633901820,378226,2854185.0,28567,T0,2025-04-25 22:31:16 UTC,108159903,question_extractor,1.0,5.2.0,,,,,
633901820,378226,2854185.0,28567,T1,2025-04-25 22:31:16 UTC,108159903,question_extractor,,5.2.0,,,,,
633901826,378226,2854185.0,28567,T0,2025-04-25 22:31:19 UTC,108159908,question_extractor,,5.2.0,1.0,,,,
633901826,378226,2854185.0,28567,T1,2025-04-25 22:31:19 UTC,108159908,question_extractor,,5.2.0,,1.0,,,
633901835,378226,2854185.0,28567,T0,2025-04-25 22:31:23 UTC,108159974,question_extractor,,5.2.0,1.0,,,,
633901835,378226,2854185.0,28567,T1,2025-04-25 22:31:23 UTC,108159974,question_extractor,,5.2.0,,1.0,,,
633901855,378226,2854185.0,28567,T0,2025-04-25 22:31:29 UTC,108159950,question_extractor,,5.2.0,1.0,,,,
633901855,378226,2854185.0,28567,T1,2025-04-25 22:31:29 UTC,108159950,question_extractor,,5.2.0,,1.0,,,
633901859,378226,2854185.0,28567,T0,2025-04-25 22:31:31 UTC,108159903,question_extractor,1.0,5.2.0,,,,,
633901859,378226,2854185.0,28567,T1,2025-04-25 22:31:31 UTC,108159903,question_extractor,,5.2.0,,,,,
633901870,378226,2854185.0,28567,T0,2025-04-25 22:31:34 UTC,108159966,question_extractor,,5.2.0,1.0,,,,
633901870,378226,2854185.0,28567,T1,2025-04-25 22:31:34 UTC,108159966,question_extractor,,5.2.0,,1.0,,,
633901876,378226,2854185.0,28567,T0,2025-04-25 22:31:36 UTC,108159938,question_extractor,1.0,5.2.0,,,,,
633901876,378226,2854185.0,28567,T1,2025-04-25 22:31:36 UTC,108159938,question_extractor,,5.2.0,,,,,
633902131,378226,2854185.0,28567,T0,2025-04-25 22:33:05 UTC,108159954,question_extractor,,5.2.0,1.0,,,,
633902131,378226,2854185.0,28567,T1,2025-04-25 22:33:05 UTC,108159954,question_extractor,,5.2.0,,1.0,,,
633902145,378226,2854185.0,28567,T0,2025-04-25 22:33:10 UTC,108159906,question_extractor,1.0,5.2.0,,,,,
633902145,378226,2854185.0,28567,T1,2025-04-25 22:33:10 UTC,108159906,question_extractor,,5.2.0,,,,,
633902150,378226,2854185.0,28567,T0,2025-04-25 22:33:12 UTC,108159918,question_extractor,1.0,5.2.0,,,,,
633902150,378226,2854185.0,28567,T1,2025-04-25 22:33:12 UTC,108159918,question_extractor,,5.2.0,,,,,
633902184,378226,2854185.0,28567,T0,2025-04-25 22:33:24 UTC,108159953,question_extractor,,5.2.0,1.0,,,,
633902184,378226,2854185.0,28567,T1,2025-04-25 22:33:24 UTC,108159953,question_extractor,,5.2.0,,1.0,,,
633902200,378226,2854185.0,28567,T0,2025-04-25 22:33:29 UTC,108159927,question_extractor,,5.2.0,1.0,,,,
633902200,378226,2854185.0,28567,T1,2025-04-25 22:33:29 UTC,108159927,question_extractor,,5.2.0,,1.0,,,
633902214,378226,2854185.0,28567,T0,2025-04-25 22:33:35 UTC,108159897,question_extractor,,5.2.0,1.0,,,,
633902214,378226,2854185.0,28567,T1,2025-04-25 22:33:35 UTC,108159897,question_extractor,,5.2.0,,1.0,,,
633902242,378226,2854185.0,28567,T0,2025-04-25 22:33:44 UTC,108159946,question_extractor,,5.2.0,1.0,,,,
633902242,378226,2854185.0,28567,T1,2025-04-25 22:33:44 UTC,108159946,question_extractor,,5.2.0,,,1.0,,
633902261,378226,2854185.0,28567,T0,2025-04-25 22:33:51 UTC,108159878,question_extractor,1.0,5.2.0,,,,,
633902261,378226,2854185.0,28567,T1,2025-04-25 22:33:51 UTC,108159878,question_extractor,,5.2.0,,,,,
633902271,378226,2854185.0,28567,T0,2025-04-25 22:33:54 UTC,108159927,question_extractor,,5.2.0,1.0,,,,
633902271,378226,2854185.0,28567,T1,2025-04-25 22:33:54 UTC,108159927,question_extractor,,5.2.0,,1.0,,,
633902321,378226,2854185.0,28567,T0,2025-04-25 22:34:11 UTC,108159900,question_extractor,1.0,5.2.0,,,,,
633902321,378226,2854185.0,28567,T1,2025-04-25 22:34:11 UTC,108159900,question_extractor,,5.2.0,,,,,
633902329,378226,2854185.0,28567,T0,2025-04-25 22:34:13 UTC,108159924,question_extractor,1.0,5.2.0,,,,,
633902329,378226,2854185.0,28567,T1,2025-04-25 22:34:13 UTC,108159924,question_extractor,,5.2.0,,,,,
633902342,378226,2854185.0,28567,T0,2025-04-25 22:34:17 UTC,108159911,question_extractor,1.0,5.2.0,,,,,
633902342,378226,2854185.0,28567,T1,2025-04-25 22:34:17 UTC,108159911,question_extractor,,5.2.0,,,,,
633902348,378226,2854185.0,28567,T0,2025-04-25 22:34:19 UTC,108159936,question_extractor,1.0,5.2.0,,,,,
633902348,378226,2854185.0,28567,T1,2025-04-25 22:34:19 UTC,108159936,question_extractor,,5.2.0,,,,,
633902357,378226,2854185.0,28567,T0,2025-04-25 22:34:22 UTC,108159882,question_extractor,1.0,5.2.0,,,,,
633902357,378226,2854185.0,28567,T1,2025-04-25 22:34:22 UTC,108159882,question_extractor,,5.2.0,,,,,
633902372,378226,2854185.0,28567,T0,2025-04-25 22:34:27 UTC,108159976,question_extractor,,5.2.0,1.0,,,,
633902372,378226,2854185.0,28567,T1,2025-04-25 22:34:27 UTC,108159976,question_extractor,,5.2.0,,1.0,,,
633902379,378226,2854185.0,28567,T0,2025-04-25 22:34:29 UTC,108159879,question_extractor,1.0,5.2.0,,,,,
633902379,378226,2854185.0,28567,T1,2025-04-25 22:34:29 UTC,108159879,question_extractor,,5.2.0,,,,,
633902386,378226,2854185.0,28567,T0,2025-04-25 22:34:32 UTC,108159962,question_extractor,1.0,5.2.0,,,,,
633902386,378226,2854185.0,28567,T1,2025-04-25 22:34:32 UTC,108159962,question_extractor,,5.2.0,,,,,
633902394,378226,2854185.0,28567,T0,2025-04-25 22:34:36 UTC,108159963,question_extractor,1.0,5.2.0,,,,,
633902394,378226,2854185.0,28567,T1,2025-04-25 22:34:36 UTC,108159963,question_extractor,,5.2.0,,,,,
633902398,378226,2854185.0,28567,T0,2025-04-25 22:34:38 UTC,108159940,question_extractor,1.0,5.2.0,,,,,
633902398,378226,2854185.0,28567,T1,2025-04-25 22:34:38 UTC,108159940,question_extractor,,5.2.0,,,,,
633902409,378226,2854185.0,28567,T0,2025-04-25 22:34:41 UTC,108159961,question_extractor,1.0,5.2.0,,,,,
633902409,378226,2854185.0,28567,T1,2025-04-25 22:34:41 UTC,108159961,question_extractor,,5.2.0,,,,,
633902413,378226,2854185.0,28567,T0,2025-04-25 22:34:43 UTC,108159919,question_extractor,1.0,5.2.0,,,,,
633902413,378226,2854185.0,28567,T1,2025-04-25 22:34:43 UTC,108159919,question_extractor,,5.2.0,,,,,
633902423,378226,2854185.0,28567,T0,2025-04-25 22:34:47 UTC,108159970,question_extractor,1.0,5.2.0,,,,,
633902423,378226,2854185.0,28567,T1,2025-04-25 22:34:47 UTC,108159970,question_extractor,,5.2.0,,,,,
633902427,378226,2854185.0,28567,T0,2025-04-25 22:34:50 UTC,108159926,question_extractor,1.0,5.2.0,,,,,
633902427,378226,2854185.0,28567,T1,2025-04-25 22:34:50 UTC,108159926,question_extractor,,5.2.0,,,,,
633902440,378226,2854185.0,28567,T0,2025-04-25 22:34:56 UTC,108159946,question_extractor,,5.2.0,1.0,,,,
633902440,378226,2854185.0,28567,T1,2025-04-25 22:34:56 UTC,108159946,question_extractor,,5.2.0,,,1.0,,
633902447,378226,2854185.0,28567,T0,2025-04-25 22:34:59 UTC,108159912,question_extractor,1.0,5.2.0,,,,,
633902447,378226,2854185.0,28567,T1,2025-04-25 22:34:59 UTC,108159912,question_extractor,,5.2.0,,,,,
633902453,378226,2854185.0,28567,T0,2025-04-25 22:35:01 UTC,108159878,question_extractor,1.0,5.2.0,,,,,
633902453,378226,2854185.0,28567,T1,2025-04-25 22:35:01 UTC,108159878,question_extractor,,5.2.0,,,,,
633902467,378226,2854185.0,28567,T0,2025-04-25 22:35:05 UTC,108159904,question_extractor,1.0,5.2.0,,,,,
633902467,378226,2854185.0,28567,T1,2025-04-25 22:35:05 UTC,108159904,question_extractor,,5.2.0,,,,,
633902703,378226,2854185.0,28567,T0,2025-04-25 22:36:13 UTC,108159934,question_extractor,,5.2.0,1.0,,,,
633902703,378226,2854185.0,28567,T1,2025-04-25 22:36:13 UTC,108159934,question_extractor,,5.2.0,,1.0,,,
633902791,378226,2854185.0,28567,T0,2025-04-25 22:36:35 UTC,108159956,question_extractor,,5.2.0,1.0,,,,
633902791,378226,2854185.0,28567,T1,2025-04-25 22:36:35 UTC,108159956,question_extractor,,5.2.0,,1.0,,,
633902802,378226,2854185.0,28567,T0,2025-04-25 22:36:37 UTC,108159882,question_extractor,1.0,5.2.0,,,,,
633902802,378226,2854185.0,28567,T1,2025-04-25 22:36:37 UTC,108159882,question_extractor,,5.2.0,,,,,
633902813,378226,2854185.0,28567,T0,2025-04-25 22:36:40 UTC,108159922,question_extractor,1.0,5.2.0,,,,,
633902813,378226,2854185.0,28567,T1,2025-04-25 22:36:40 UTC,108159922,question_extractor,,5.2.0,,,,,
633902828,378226,2854185.0,28567,T0,2025-04-25 22:36:44 UTC,108159932,question_extractor,,5.2.0,1.0,,,,
633902828,378226,2854185.0,28567,T1,2025-04-25 22:36:44 UTC,108159932,question_extractor,,5.2.0,,1.0,,,
633902848,378226,2854185.0,28567,T0,2025-04-25 22:36:50 UTC,108159891,question_extractor,,5.2.0,1.0,,,,
633902848,378226,2854185.0,28567,T1,2025-04-25 22:36:50 UTC,108159891,question_extractor,,5.2.0,,1.0,,,
633902866,378226,2854185.0,28567,T0,2025-04-25 22:36:54 UTC,108159927,question_extractor,,5.2.0,1.0,,,,
633902866,378226,2854185.0,28567,T1,2025-04-25 22:36:54 UTC,108159927,question_extractor,,5.2.0,,1.0,,,
633902909,378226,2854185.0,28567,T0,2025-04-25 22:37:05 UTC,108159886,question_extractor,,5.2.0,1.0,,,,
633902909,378226,2854185.0,28567,T1,2025-04-25 22:37:05 UTC,108159886,question_extractor,,5.2.0,,1.0,,,
633902923,378226,2854185.0,28567,T0,2025-04-25 22:37:09 UTC,108159960,question_extractor,,5.2.0,1.0,,,,
633902923,378226,2854185.0,28567,T1,2025-04-25 22:37:09 UTC,108159960,question_extractor,,5.2.0,,1.0,,,
633902951,378226,2854185.0,28567,T0,2025-04-25 22:37:16 UTC,108159974,question_extractor,,5.2.0,1.0,,,,
633902951,378226,2854185.0,28567,T1,2025-04-25 22:37:16 UTC,108159974,question_extractor,,5.2.0,,1.0,,,
633902959,378226,2854185.0,28567,T0,2025-04-25 22:37:19 UTC,108159923,question_extractor,1.0,5.2.0,,,,,
633902959,378226,2854185.0,28567,T1,2025-04-25 22:37:19 UTC,108159923,question_extractor,,5.2.0,,,,,
633902968,378226,2854185.0,28567,T0,2025-04-25 22:37:22 UTC,108159907,question_extractor,1.0,5.2.0,,,,,
633902968,378226,2854185.0,28567,T1,2025-04-25 22:37:22 UTC,108159907,question_extractor,,5.2.0,,,,,
633902984,378226,2854185.0,28567,T0,2025-04-25 22:37:28 UTC,108159934,question_extractor,,5.2.0,1.0,,,,
633902984,378226,2854185.0,28567,T1,2025-04-25 22:37:28 UTC,108159934,question_extractor,,5.2.0,,1.0,,,
633903036,378226,2854185.0,28567,T0,2025-04-25 22:37:43 UTC,108159893,question_extractor,,5.2.0,1.0,,,,
633903036,378226,2854185.0,28567,T1,2025-04-25 22:37:43 UTC,108159893,question_extractor,,5.2.0,,1.0,,,
633903056,378226,2854185.0,28567,T0,2025-04-25 22:37:49 UTC,108159948,question_extractor,,5.2.0,1.0,,,,
633903056,378226,2854185.0,28567,T1,2025-04-25 22:37:49 UTC,108159948,question_extractor,,5.2.0,,1.0,,,
633903157,378226,2854185.0,28567,T0,2025-04-25 22:38:24 UTC,108159968,question_extractor,1.0,5.2.0,,,,,
633903157,378226,2854185.0,28567,T1,2025-04-25 22:38:24 UTC,108159968,question_extractor,,5.2.0,,,,,
633903163,378226,2854185.0,28567,T0,2025-04-25 22:38:26 UTC,108159911,question_extractor,1.0,5.2.0,,,,,
633903163,378226,2854185.0,28567,T1,2025-04-25 22:38:26 UTC,108159911,question_extractor,,5.2.0,,,,,
633903170,378226,2854185.0,28567,T0,2025-04-25 22:38:28 UTC,108159878,question_extractor,1.0,5.2.0,,,,,
633903170,378226,2854185.0,28567,T1,2025-04-25 22:38:28 UTC,108159878,question_extractor,,5.2.0,,,,,
633903194,378226,2854185.0,28567,T0,2025-04-25 22:38:34 UTC,108159959,question_extractor,,5.2.0,1.0,,,,
633903194,378226,2854185.0,28567,T1,2025-04-25 22:38:34 UTC,108159959,question_extractor,,5.2.0,,1.0,,,
633903200,378226,2854185.0,28567,T0,2025-04-25 22:38:36 UTC,108159893,question_extractor,1.0,5.2.0,,,,,
633903200,378226,2854185.0,28567,T1,2025-04-25 22:38:36 UTC,108159893,question_extractor,,5.2.0,,,,,
633903249,378226,2854185.0,28567,T0,2025-04-25 22:38:47 UTC,108159930,question_extractor,,5.2.0,1.0,,,,
633903249,378226,2854185.0,28567,T1,2025-04-25 22:38:47 UTC,108159930,question_extractor,,5.2.0,,1.0,,,
633903256,378226,2854185.0,28567,T0,2025-04-25 22:38:50 UTC,108159906,question_extractor,1.0,5.2.0,,,,,
633903256,378226,2854185.0,28567,T1,2025-04-25 22:38:50 UTC,108159906,question_extractor,,5.2.0,,,,,
633903319,378226,2854185.0,28567,T0,2025-04-25 22:39:04 UTC,108159894,question_extractor,,5.2.0,1.0,,,,
633903319,378226,2854185.0,28567,T1,2025-04-25 22:39:04 UTC,108159894,question_extractor,,5.2.0,,,1.0,,
633903334,378226,2854185.0,28567,T0,2025-04-25 22:39:07 UTC,108159939,question_extractor,1.0,5.2.0,,,,,
633903334,378226,2854185.0,28567,T1,2025-04-25 22:39:07 UTC,108159939,question_extractor,,5.2.0,,,,,
633903357,378226,2854185.0,28567,T0,2025-04-25 22:39:11 UTC,108159964,question_extractor,1.0,5.2.0,,,,,
633903357,378226,2854185.0,28567,T1,2025-04-25 22:39:11 UTC,108159964,question_extractor,,5.2.0,,,,,
633903367,378226,2854185.0,28567,T0,2025-04-25 22:39:13 UTC,108159935,question_extractor,1.0,5.2.0,,,,,
633903367,378226,2854185.0,28567,T1,2025-04-25 22:39:13 UTC,108159935,question_extractor,,5.2.0,,,,,
633903380,378226,2854185.0,28567,T0,2025-04-25 22:39:17 UTC,108159905,question_extractor,,5.2.0,1.0,,,,
633903380,378226,2854185.0,28567,T1,2025-04-25 22:39:17 UTC,108159905,question_extractor,,5.2.0,,1.0,,,
633903390,378226,2854185.0,28567,T0,2025-04-25 22:39:20 UTC,108159891,question_extractor,,5.2.0,1.0,,,,
633903390,378226,2854185.0,28567,T1,2025-04-25 22:39:20 UTC,108159891,question_extractor,,5.2.0,,1.0,,,
633903404,378226,2854185.0,28567,T0,2025-04-25 22:39:22 UTC,108159925,question_extractor,1.0,5.2.0,,,,,
633903404,378226,2854185.0,28567,T1,2025-04-25 22:39:22 UTC,108159925,question_extractor,,5.2.0,,,,,
633903420,378226,2854185.0,28567,T0,2025-04-25 22:39:26 UTC,108159971,question_extractor,1.0,5.2.0,,,,,
633903420,378226,2854185.0,28567,T1,2025-04-25 22:39:26 UTC,108159971,question_extractor,,5.2.0,,,,,
633903605,378226,2854185.0,28567,T0,2025-04-25 22:40:24 UTC,108159977,question_extractor,,5.2.0,1.0,,,,
633903605,378226,2854185.0,28567,T1,2025-04-25 22:40:24 UTC,108159977,question_extractor,,5.2.0,,1.0,,,
633903718,378226,2854185.0,28567,T0,2025-04-25 22:41:01 UTC,108159890,question_extractor,,5.2.0,1.0,,,,
633903718,378226,2854185.0,28567,T1,2025-04-25 22:41:01 UTC,108159890,question_extractor,,5.2.0,,1.0,,,
633903734,378226,2854185.0,28567,T0,2025-04-25 22:41:07 UTC,108159956,question_extractor,,5.2.0,1.0,,,,
633903734,378226,2854185.0,28567,T1,2025-04-25 22:41:07 UTC,108159956,question_extractor,,5.2.0,,1.0,,,
633903751,378226,2854185.0,28567,T0,2025-04-25 22:41:12 UTC,108159915,question_extractor,1.0,5.2.0,,,,,
633903751,378226,2854185.0,28567,T1,2025-04-25 22:41:12 UTC,108159915,question_extractor,,5.2.0,,,,,
633903789,378226,2854185.0,28567,T0,2025-04-25 22:41:24 UTC,108159965,question_extractor,1.0,5.2.0,,,,,
633903789,378226,2854185.0,28567,T1,2025-04-25 22:41:24 UTC,108159965,question_extractor,,5.2.0,,,,,
633903801,378226,2854185.0,28567,T0,2025-04-25 22:41:27 UTC,108159912,question_extractor,1.0,5.2.0,,,,,
633903801,378226,2854185.0,28567,T1,2025-04-25 22:41:27 UTC,108159912,question_extractor,,5.2.0,,,,,
633903807,378226,2854185.0,28567,T0,2025-04-25 22:41:29 UTC,108159938,question_extractor,1.0,5.2.0,,,,,
633903807,378226,2854185.0,28567,T1,2025-04-25 22:41:29 UTC,108159938,question_extractor,,5.2.0,,,,,
633903823,378226,2854185.0,28567,T0,2025-04-25 22:41:33 UTC,108159961,question_extractor,1.0,5.2.0,,,,,
633903823,378226,2854185.0,28567,T1,2025-04-25 22:41:33 UTC,108159961,question_extractor,,5.2.0,,,,,
633903833,378226,2854185.0,28567,T0,2025-04-25 22:41:36 UTC,108159908,question_extractor,,5.2.0,1.0,,,,
633903833,378226,2854185.0,28567,T1,2025-04-25 22:41:36 UTC,108159908,question_extractor,,5.2.0,,1.0,,,
633903842,378226,2854185.0,28567,T0,2025-04-25 22:41:38 UTC,108159962,question_extractor,1.0,5.2.0,,,,,
633903842,378226,2854185.0,28567,T1,2025-04-25 22:41:38 UTC,108159962,question_extractor,,5.2.0,,,,,
633903855,378226,2854185.0,28567,T0,2025-04-25 22:41:41 UTC,108159948,question_extractor,,5.2.0,1.0,,,,
633903855,378226,2854185.0,28567,T1,2025-04-25 22:41:41 UTC,108159948,question_extractor,,5.2.0,,1.0,,,
633903863,378226,2854185.0,28567,T0,2025-04-25 22:41:44 UTC,108159927,question_extractor,,5.2.0,1.0,,,,
633903863,378226,2854185.0,28567,T1,2025-04-25 22:41:44 UTC,108159927,question_extractor,,5.2.0,,1.0,,,
633903879,378226,2854185.0,28567,T0,2025-04-25 22:41:48 UTC,108159878,question_extractor,1.0,5.2.0,,,,,
633903879,378226,2854185.0,28567,T1,2025-04-25 22:41:48 UTC,108159878,question_extractor,,5.2.0,,,,,
633903890,378226,2854185.0,28567,T0,2025-04-25 22:41:50 UTC,108159940,question_extractor,1.0,5.2.0,,,,,
633903890,378226,2854185.0,28567,T1,2025-04-25 22:41:50 UTC,108159940,question_extractor,,5.2.0,,,,,
633903935,378226,2854185.0,28567,T0,2025-04-25 22:42:05 UTC,108159881,question_extractor,,5.2.0,1.0,,,,
633903935,378226,2854185.0,28567,T1,2025-04-25 22:42:05 UTC,108159881,question_extractor,,5.2.0,,1.0,,,
633903954,378226,2854185.0,28567,T0,2025-04-25 22:42:10 UTC,108159930,question_extractor,,5.2.0,1.0,,,,
633903954,378226,2854185.0,28567,T1,2025-04-25 22:42:10 UTC,108159930,question_extractor,,5.2.0,,1.0,,,
633903962,378226,2854185.0,28567,T0,2025-04-25 22:42:12 UTC,108159903,question_extractor,1.0,5.2.0,,,,,
633903962,378226,2854185.0,28567,T1,2025-04-25 22:42:12 UTC,108159903,question_extractor,,5.2.0,,,,,
633903990,378226,2854185.0,28567,T0,2025-04-25 22:42:20 UTC,108159916,question_extractor,1.0,5.2.0,,,,,
633903990,378226,2854185.0,28567,T1,2025-04-25 22:42:20 UTC,108159916,question_extractor,,5.2.0,,,,,
633904047,378226,2854185.0,28567,T0,2025-04-25 22:42:42 UTC,108159964,question_extractor,1.0,5.2.0,,,,,
633904047,378226,2854185.0,28567,T1,2025-04-25 22:42:42 UTC,108159964,question_extractor,,5.2.0,,,,,
633904054,378226,2854185.0,28567,T0,2025-04-25 22:42:43 UTC,108159936,question_extractor,1.0,5.2.0,,,,,
633904054,378226,2854185.0,28567,T1,2025-04-25 22:42:43 UTC,108159936,question_extractor,,5.2.0,,,,,
633904062,378226,2854185.0,28567,T0,2025-04-25 22:42:45 UTC,108159904,question_extractor,1.0,5.2.0,,,,,
633904062,378226,2854185.0,28567,T1,2025-04-25 22:42:45 UTC,108159904,question_extractor,,5.2.0,,,,,
633904069,378226,2854185.0,28567,T0,2025-04-25 22:42:47 UTC,108159939,question_extractor,1.0,5.2.0,,,,,
633904069,378226,2854185.0,28567,T1,2025-04-25 22:42:47 UTC,108159939,question_extractor,,5.2.0,,,,,
633904074,378226,2854185.0,28567,T0,2025-04-25 22:42:48 UTC,108159882,question_extractor,1.0,5.2.0,,,,,
633904074,378226,2854185.0,28567,T1,2025-04-25 22:42:48 UTC,108159882,question_extractor,,5.2.0,,,,,
633904089,378226,2854185.0,28567,T0,2025-04-25 22:42:55 UTC,108159955,question_extractor,,5.2.0,1.0,,,,
633904089,378226,2854185.0,28567,T1,2025-04-25 22:42:55 UTC,108159955,question_extractor,,5.2.0,,1.0,,,
633904150,378226,2854185.0,28567,T0,2025-04-25 22:43:17 UTC,108159951,question_extractor,,5.2.0,1.0,,,,
633904150,378226,2854185.0,28567,T1,2025-04-25 22:43:17 UTC,108159951,question_extractor,,5.2.0,,1.0,,,
633904154,378226,2854185.0,28567,T0,2025-04-25 22:43:19 UTC,108159913,question_extractor,1.0,5.2.0,,,,,
633904154,378226,2854185.0,28567,T1,2025-04-25 22:43:19 UTC,108159913,question_extractor,,5.2.0,,,,,
633904167,378226,2854185.0,28567,T0,2025-04-25 22:43:24 UTC,108159929,question_extractor,1.0,5.2.0,,,,,
633904167,378226,2854185.0,28567,T1,2025-04-25 22:43:24 UTC,108159929,question_extractor,,5.2.0,,,,,
633904169,378226,2854185.0,28567,T0,2025-04-25 22:43:26 UTC,108159939,question_extractor,1.0,5.2.0,,,,,
633904169,378226,2854185.0,28567,T1,2025-04-25 22:43:26 UTC,108159939,question_extractor,,5.2.0,,,,,
633904179,378226,2854185.0,28567,T0,2025-04-25 22:43:31 UTC,108159974,question_extractor,,5.2.0,1.0,,,,
633904179,378226,2854185.0,28567,T1,2025-04-25 22:43:31 UTC,108159974,question_extractor,,5.2.0,,1.0,,,
633904187,378226,2854185.0,28567,T0,2025-04-25 22:43:34 UTC,108159886,question_extractor,,5.2.0,1.0,,,,
633904187,378226,2854185.0,28567,T1,2025-04-25 22:43:34 UTC,108159886,question_extractor,,5.2.0,,1.0,,,
633904194,378226,2854185.0,28567,T0,2025-04-25 22:43:37 UTC,108159928,question_extractor,1.0,5.2.0,,,,,
633904194,378226,2854185.0,28567,T1,2025-04-25 22:43:37 UTC,108159928,question_extractor,,5.2.0,,,,,
633904207,378226,2854185.0,28567,T0,2025-04-25 22:43:42 UTC,108159899,question_extractor,1.0,5.2.0,,,,,
633904207,378226,2854185.0,28567,T1,2025-04-25 22:43:42 UTC,108159899,question_extractor,,5.2.0,,,,,
633904223,378226,2854185.0,28567,T0,2025-04-25 22:43:50 UTC,108159944,question_extractor,,5.2.0,1.0,,,,
633904223,378226,2854185.0,28567,T1,2025-04-25 22:43:50 UTC,108159944,question_extractor,,5.2.0,,,1.0,,
633904236,378226,2854185.0,28567,T0,2025-04-25 22:43:55 UTC,108159937,question_extractor,,5.2.0,1.0,,,,
633904236,378226,2854185.0,28567,T1,2025-04-25 22:43:55 UTC,108159937,question_extractor,,5.2.0,,1.0,,,
633904297,378226,2854185.0,28567,T0,2025-04-25 22:44:25 UTC,108159887,question_extractor,,5.2.0,1.0,,,,
633904297,378226,2854185.0,28567,T1,2025-04-25 22:44:25 UTC,108159887,question_extractor,,5.2.0,,1.0,,,
633904320,378226,2854185.0,28567,T0,2025-04-25 22:44:36 UTC,108159948,question_extractor,,5.2.0,1.0,,,,
633904320,378226,2854185.0,28567,T1,2025-04-25 22:44:36 UTC,108159948,question_extractor,,5.2.0,,1.0,,,
633904332,378226,2854185.0,28567,T0,2025-04-25 22:44:40 UTC,108159932,question_extractor,,5.2.0,1.0,,,,
633904332,378226,2854185.0,28567,T1,2025-04-25 22:44:40 UTC,108159932,question_extractor,,5.2.0,,1.0,,,
633904341,378226,2854185.0,28567,T0,2025-04-25 22:44:43 UTC,108159911,question_extractor,1.0,5.2.0,,,,,
633904341,378226,2854185.0,28567,T1,2025-04-25 22:44:43 UTC,108159911,question_extractor,,5.2.0,,,,,
633904349,378226,2854185.0,28567,T0,2025-04-25 22:44:46 UTC,108159956,question_extractor,,5.2.0,1.0,,,,
633904349,378226,2854185.0,28567,T1,2025-04-25 22:44:46 UTC,108159956,question_extractor,,5.2.0,,1.0,,,
633904359,378226,2854185.0,28567,T0,2025-04-25 22:44:49 UTC,108159954,question_extractor,,5.2.0,1.0,,,,
633904359,378226,2854185.0,28567,T1,2025-04-25 22:44:49 UTC,108159954,question_extractor,,5.2.0,,1.0,,,
633904426,378226,2854185.0,28567,T0,2025-04-25 22:45:11 UTC,108159937,question_extractor,,5.2.0,1.0,,,,
633904426,378226,2854185.0,28567,T1,2025-04-25 22:45:11 UTC,108159937,question_extractor,,5.2.0,,1.0,,,
633904441,378226,2854185.0,28567,T0,2025-04-25 22:45:17 UTC,108159917,question_extractor,,5.2.0,1.0,,,,
633904441,378226,2854185.0,28567,T1,2025-04-25 22:45:17 UTC,108159917,question_extractor,,5.2.0,,1.0,,,
633904460,378226,2854185.0,28567,T0,2025-04-25 22:45:22 UTC,108159878,question_extractor,1.0,5.2.0,,,,,
633904460,378226,2854185.0,28567,T1,2025-04-25 22:45:22 UTC,108159878,question_extractor,,5.2.0,,,,,
633905529,378226,2854185.0,28567,T0,2025-04-25 22:51:23 UTC,108159925,question_extractor,1.0,5.2.0,,,,,
633905529,378226,2854185.0,28567,T1,2025-04-25 22:51:23 UTC,108159925,question_extractor,,5.2.0,,,,,
633906816,378226,2854185.0,28567,T0,2025-04-25 22:58:29 UTC,108159966,question_extractor,,5.2.0,1.0,,,,
633906816,378226,2854185.0,28567,T1,2025-04-25 22:58:29 UTC,108159966,question_extractor,,5.2.0,,1.0,,,
633906828,378226,2854185.0,28567,T0,2025-04-25 22:58:33 UTC,108159902,question_extractor,,5.2.0,1.0,,,,
633906828,378226,2854185.0,28567,T1,2025-04-25 22:58:33 UTC,108159902,question_extractor,,5.2.0,,1.0,,,
633906832,378226,2854185.0,28567,T0,2025-04-25 22:58:36 UTC,108159936,question_extractor,1.0,5.2.0,,,,,
633906832,378226,2854185.0,28567,T1,2025-04-25 22:58:36 UTC,108159936,question_extractor,,5.2.0,,,,,
633906844,378226,2854185.0,28567,T0,2025-04-25 22:58:40 UTC,108159953,question_extractor,,5.2.0,1.0,,,,
633906844,378226,2854185.0,28567,T1,2025-04-25 22:58:40 UTC,108159953,question_extractor,,5.2.0,,1.0,,,
633906858,378226,2854185.0,28567,T0,2025-04-25 22:58:44 UTC,108159892,question_extractor,1.0,5.2.0,,,,,
633906858,378226,2854185.0,28567,T1,2025-04-25 22:58:44 UTC,108159892,question_extractor,,5.2.0,,,,,
634378478,samanthamcd20,2851430.0,28567,T0,2025-04-28 03:54:24 UTC,108160136,question_extractor,1.0,5.2.0,,,,,
634378478,samanthamcd20,2851430.0,28567,T1,2025-04-28 03:54:24 UTC,108160136,question_extractor,,5.2.0,,,,,
634378512,samanthamcd20,2851430.0,28567,T0,2025-04-28 03:54:32 UTC,108159903,question_extractor,,5.2.0,,,,,1.0
634378512,samanthamcd20,2851430.0,28567,T1,2025-04-28 03:54:32 UTC,108159903,question_extractor,,5.2.0,,,,,
634378540,samanthamcd20,2851430.0,28567,T0,2025-04-28 03:54:40 UTC,108160194,question_extractor,,5.2.0,1.0,,,,
634378540,samanthamcd20,2851430.0,28567,T1,2025-04-28 03:54:40 UTC,108160194,question_extractor,,5.2.0,,,1.0,,
634378567,samanthamcd20,2851430.0,28567,T0,2025-04-28 03:54:47 UTC,108160019,question_extractor,1.0,5.2.0,,,,,
634378567,samanthamcd20,2851430.0,28567,T1,2025-04-28 03:54:47 UTC,108160019,question_extractor,,5.2.0,,,,,
634378588,samanthamcd20,2851430.0,28567,T0,2025-04-28 03:54:53 UTC,108159913,question_extractor,1.0,5.2.0,,,,,
634378588,samanthamcd20,2851430.0,28567,T1,2025-04-28 03:54:53 UTC,108159913,question_extractor,,5.2.0,,,,,
634378619,samanthamcd20,2851430.0,28567,T0,2025-04-28 03:55:01 UTC,108160097,question_extractor,,5.2.0,1.0,,,,
634378619,samanthamcd20,2851430.0,28567,T1,2025-04-28 03:55:01 UTC,108160097,question_extractor,,5.2.0,,,1.0,,
634378642,samanthamcd20,2851430.0,28567,T0,2025-04-28 03:55:06 UTC,108160083,question_extractor,1.0,5.2.0,,,,,
634378642,samanthamcd20,2851430.0,28567,T1,2025-04-28 03:55:06 UTC,108160083,question_extractor,,5.2.0,,,,,
634378666,samanthamcd20,2851430.0,28567,T0,2025-04-28 03:55:14 UTC,108159969,question_extractor,1.0,5.2.0,,,,,
634378666,samanthamcd20,2851430.0,28567,T1,2025-04-28 03:55:14 UTC,108159969,question_extractor,,5.2.0,,,,,
634378935,samanthamcd20,2851430.0,28567,T0,2025-04-28 03:56:33 UTC,108160058,question_extractor,1.0,5.2.0,,,,,
634378935,samanthamcd20,2851430.0,28567,T1,2025-04-28 03:56:33 UTC,108160058,question_extractor,,5.2.0,,,,,
634379026,samanthamcd20,2851430.0,28567,T0,2025-04-28 03:57:00 UTC,108160140,question_extractor,1.0,5.2.0,,,,,
634379026,samanthamcd20,2851430.0,28567,T1,2025-04-28 03:57:00 UTC,108160140,question_extractor,,5.2.0,,,,,
634379054,samanthamcd20,2851430.0,28567,T0,2025-04-28 03:57:07 UTC,108160147,question_extractor,,5.2.0,1.0,,,,
634379054,samanthamcd20,2851430.0,28567,T1,2025-04-28 03:57:07 UTC,108160147,question_extractor,,5.2.0,,,1.0,,
634379249,samanthamcd20,2851430.0,28567,T0,2025-04-28 03:58:11 UTC,108159901,question_extractor,1.0,5.2.0,,,,,
634379249,samanthamcd20,2851430.0,28567,T1,2025-04-28 03:58:11 UTC,108159901,question_extractor,,5.2.0,,,,,
634379273,samanthamcd20,2851430.0,28567,T0,2025-04-28 03:58:19 UTC,108160045,question_extractor,1.0,5.2.0,,,,,
634379273,samanthamcd20,2851430.0,28567,T1,2025-04-28 03:58:19 UTC,108160045,question_extractor,,5.2.0,,,,,
634379347,samanthamcd20,2851430.0,28567,T0,2025-04-28 03:58:46 UTC,108159890,question_extractor,,5.2.0,1.0,,,,
634379347,samanthamcd20,2851430.0,28567,T1,2025-04-28 03:58:46 UTC,108159890,question_extractor,,5.2.0,,,,,1.0
634380039,samanthamcd20,2851430.0,28567,T0,2025-04-28 04:01:55 UTC,108159943,question_extractor,1.0,5.2.0,,,,,
634380039,samanthamcd20,2851430.0,28567,T1,2025-04-28 04:01:55 UTC,108159943,question_extractor,,5.2.0,,,,,
634380176,samanthamcd20,2851430.0,28567,T0,2025-04-28 04:02:45 UTC,108160060,question_extractor,1.0,5.2.0,,,,,
634380176,samanthamcd20,2851430.0,28567,T1,2025-04-28 04:02:45 UTC,108160060,question_extractor,,5.2.0,,,,,
634380208,samanthamcd20,2851430.0,28567,T0,2025-04-28 04:02:54 UTC,108160137,question_extractor,1.0,5.2.0,,,,,
634380208,samanthamcd20,2851430.0,28567,T1,2025-04-28 04:02:54 UTC,108160137,question_extractor,,5.2.0,,,,,
634380418,samanthamcd20,2851430.0,28567,T0,2025-04-28 04:03:54 UTC,108159947,question_extractor,,5.2.0,1.0,,,,
634380418,samanthamcd20,2851430.0,28567,T1,2025-04-28 04:03:54 UTC,108159947,question_extractor,,5.2.0,,,1.0,,
634380443,samanthamcd20,2851430.0,28567,T0,2025-04-28 04:04:01 UTC,108160120,question_extractor,,5.2.0,1.0,,,,
634380443,samanthamcd20,2851430.0,28567,T1,2025-04-28 04:04:01 UTC,108160120,question_extractor,,5.2.0,,,1.0,,
634380897,samanthamcd20,2851430.0,28567,T0,2025-04-28 04:06:00 UTC,108159882,question_extractor,1.0,5.2.0,,,,,
634380897,samanthamcd20,2851430.0,28567,T1,2025-04-28 04:06:00 UTC,108159882,question_extractor,,5.2.0,,,,,
634381057,samanthamcd20,2851430.0,28567,T0,2025-04-28 04:06:52 UTC,108159892,question_extractor,1.0,5.2.0,,,,,
634381057,samanthamcd20,2851430.0,28567,T1,2025-04-28 04:06:52 UTC,108159892,question_extractor,,5.2.0,,,,,
634381310,samanthamcd20,2851430.0,28567,T0,2025-04-28 04:08:07 UTC,108160142,question_extractor,,5.2.0,1.0,,,,
634381310,samanthamcd20,2851430.0,28567,T1,2025-04-28 04:08:07 UTC,108160142,question_extractor,,5.2.0,,,1.0,,
634560325,samanthamcd20,2851430.0,28567,T0,2025-04-28 17:34:56 UTC,108159954,question_extractor,,5.2.0,1.0,,,,
634560325,samanthamcd20,2851430.0,28567,T1,2025-04-28 17:34:56 UTC,108159954,question_extractor,,5.2.0,,,1.0,,
634560375,samanthamcd20,2851430.0,28567,T0,2025-04-28 17:35:02 UTC,108160103,question_extractor,,5.2.0,,,,,1.0
634560375,samanthamcd20,2851430.0,28567,T1,2025-04-28 17:35:02 UTC,108160103,question_extractor,,5.2.0,,,,,
634560630,samanthamcd20,2851430.0,28567,T0,2025-04-28 17:35:40 UTC,108160170,question_extractor,,5.2.0,1.0,,,,
634560630,samanthamcd20,2851430.0,28567,T1,2025-04-28 17:35:40 UTC,108160170,question_extractor,,5.2.0,,,1.0,,
634560669,samanthamcd20,2851430.0,28567,T0,2025-04-28 17:35:46 UTC,108160030,question_extractor,1.0,5.2.0,,,,,
634560669,samanthamcd20,2851430.0,28567,T1,2025-04-28 17:35:46 UTC,108160030,question_extractor,,5.2.0,,,,,
634561889,samanthamcd20,2851430.0,28567,T0,2025-04-28 17:38:16 UTC,108159966,question_extractor,,5.2.0,1.0,,,,
634561889,samanthamcd20,2851430.0,28567,T1,2025-04-28 17:38:16 UTC,108159966,question_extractor,,5.2.0,,,,,1.0
634562123,samanthamcd20,2851430.0,28567,T0,2025-04-28 17:38:43 UTC,108159975,question_extractor,,5.2.0,1.0,,,,
634562123,samanthamcd20,2851430.0,28567,T1,2025-04-28 17:38:43 UTC,108159975,question_extractor,,5.2.0,,,1.0,,
634562497,samanthamcd20,2851430.0,28567,T0,2025-04-28 17:39:36 UTC,108160130,question_extractor,,5.2.0,1.0,,,,
634562497,samanthamcd20,2851430.0,28567,T1,2025-04-28 17:39:36 UTC,108160130,question_extractor,,5.2.0,,,1.0,,
634566060,samanthamcd20,2851430.0,28567,T0,2025-04-28 17:47:04 UTC,108160082,question_extractor,1.0,5.2.0,,,,,
634566060,samanthamcd20,2851430.0,28567,T1,2025-04-28 17:47:04 UTC,108160082,question_extractor,,5.2.0,,,,,
634566119,samanthamcd20,2851430.0,28567,T0,2025-04-28 17:47:13 UTC,108160061,question_extractor,,5.2.0,1.0,,,,
634566119,samanthamcd20,2851430.0,28567,T1,2025-04-28 17:47:13 UTC,108160061,question_extractor,,5.2.0,,,1.0,,
634566282,samanthamcd20,2851430.0,28567,T0,2025-04-28 17:47:33 UTC,108160068,question_extractor,,5.2.0,1.0,,,,
634566282,samanthamcd20,2851430.0,28567,T1,2025-04-28 17:47:33 UTC,108160068,question_extractor,,5.2.0,,,1.0,,
634566415,samanthamcd20,2851430.0,28567,T0,2025-04-28 17:47:52 UTC,108160174,question_extractor,,5.2.0,1.0,,,,
634566415,samanthamcd20,2851430.0,28567,T1,2025-04-28 17:47:52 UTC,108160174,question_extractor,,5.2.0,,,1.0,,
634572088,samanthamcd20,2851430.0,28567,T0,2025-04-28 18:05:31 UTC,108159941,question_extractor,1.0,5.2.0,,,,,
634572088,samanthamcd20,2851430.0,28567,T1,2025-04-28 18:05:31 UTC,108159941,question_extractor,,5.2.0,,,,,
634572175,samanthamcd20,2851430.0,28567,T0,2025-04-28 18:05:54 UTC,108160013,question_extractor,1.0,5.2.0,,,,,
634572175,samanthamcd20,2851430.0,28567,T1,2025-04-28 18:05:54 UTC,108160013,question_extractor,,5.2.0,,,,,
634935561,not-logged-in-3d9df382aeb3f29d3d1f,,28567,T0,2025-04-29 20:05:09 UTC,108159883,question_extractor,1.0,5.2.0,,,,,
634935561,not-logged-in-3d9df382aeb3f29d3d1f,,28567,T1,2025-04-29 20:05:09 UTC,108159883,question_extractor,,5.2.0,,,,,
634935810,not-logged-in-3d9df382aeb3f29d3d1f,,28567,T0,2025-04-29 20:05:43 UTC,108159916,question_extractor,1.0,5.2.0,,,,,
634935810,not-logged-in-3d9df382aeb3f29d3d1f,,28567,T1,2025-04-29 20:05:43 UTC,108159916,question_extractor,,5.2.0,,,,,
634935837,not-logged-in-3d9df382aeb3f29d3d1f,,28567,T0,2025-04-29 20:05:46 UTC,108160080,question_extractor,1.0,5.2.0,,,,,
634935837,not-logged-in-3d9df382aeb3f29d3d1f,,28567,T1,2025-04-29 20:05:46 UTC,108160080,question_extractor,,5.2.0,,,,,
634935839,not-logged-in-3d9df382aeb3f29d3d1f,,28567,T0,2025-04-29 20:05:46 UTC,108160009,question_extractor,1.0,5.2.0,,,,,
634935839,not-logged-in-3d9df382aeb3f29d3d1f,,28567,T1,2025-04-29 20:05:46 UTC,108160009,question_extractor,,5.2.0,,,,,
634935878,not-logged-in-3d9df382aeb3f29d3d1f,,28567,T0,2025-04-29 20:05:52 UTC,108160013,question_extractor,1.0,5.2.0,,,,,
634935878,not-logged-in-3d9df382aeb3f29d3d1f,,28567,T1,2025-04-29 20:05:52 UTC,108160013,question_extractor,,5.2.0,,,,,
634935904,not-logged-in-3d9df382aeb3f29d3d1f,,28567,T0,2025-04-29 20:05:55 UTC,108160176,question_extractor,1.0,5.2.0,,,,,
634935904,not-logged-in-3d9df382aeb3f29d3d1f,,28567,T1,2025-04-29 20:05:55 UTC,108160176,question_extractor,,5.2.0,,,,,
634935981,not-logged-in-3d9df382aeb3f29d3d1f,,28567,T0,2025-04-29 20:06:04 UTC,108160043,question_extractor,1.0,5.2.0,,,,,
634935981,not-logged-in-3d9df382aeb3f29d3d1f,,28567,T1,2025-04-29 20:06:04 UTC,108160043,question_extractor,,5.2.0,,,,,
634935996,not-logged-in-3d9df382aeb3f29d3d1f,,28567,T0,2025-04-29 20:06:07 UTC,108159924,question_extractor,1.0,5.2.0,,,,,
634935996,not-logged-in-3d9df382aeb3f29d3d1f,,28567,T1,2025-04-29 20:06:07 UTC,108159924,question_extractor,,5.2.0,,,,,
634936025,not-logged-in-3d9df382aeb3f29d3d1f,,28567,T0,2025-04-29 20:06:11 UTC,108160093,question_extractor,1.0,5.2.0,,,,,
634936025,not-logged-in-3d9df382aeb3f29d3d1f,,28567,T1,2025-04-29 20:06:11 UTC,108160093,question_extractor,,5.2.0,,,,,
634936058,not-logged-in-3d9df382aeb3f29d3d1f,,28567,T0,2025-04-29 20:06:17 UTC,108160110,question_extractor,1.0,5.2.0,,,,,
634936058,not-logged-in-3d9df382aeb3f29d3d1f,,28567,T1,2025-04-29 20:06:17 UTC,108160110,question_extractor,,5.2.0,,,,,
634936098,not-logged-in-3d9df382aeb3f29d3d1f,,28567,T0,2025-04-29 20:06:22 UTC,108160081,question_extractor,1.0,5.2.0,,,,,
634936098,not-logged-in-3d9df382aeb3f29d3d1f,,28567,T1,2025-04-29 20:06:22 UTC,108160081,question_extractor,,5.2.0,,,,,
634936174,not-logged-in-3d9df382aeb3f29d3d1f,,28567,T0,2025-04-29 20:06:33 UTC,108159972,question_extractor,1.0,5.2.0,,,,,
634936174,not-logged-in-3d9df382aeb3f29d3d1f,,28567,T1,2025-04-29 20:06:33 UTC,108159972,question_extractor,,5.2.0,,,,,
634936380,not-logged-in-3d9df382aeb3f29d3d1f,,28567,T0,2025-04-29 20:06:59 UTC,108159931,question_extractor,,5.2.0,1.0,,,,
634936380,not-logged-in-3d9df382aeb3f29d3d1f,,28567,T1,2025-04-29 20:06:59 UTC,108159931,question_extractor,,5.2.0,,1.0,,,
634936446,not-logged-in-3d9df382aeb3f29d3d1f,,28567,T0,2025-04-29 20:07:08 UTC,108159930,question_extractor,,5.2.0,1.0,,,,
634936446,not-logged-in-3d9df382aeb3f29d3d1f,,28567,T1,2025-04-29 20:07:08 UTC,108159930,question_extractor,,5.2.0,,1.0,,,
634936634,not-logged-in-3d9df382aeb3f29d3d1f,,28567,T0,2025-04-29 20:07:32 UTC,108160166,question_extractor,,5.2.0,1.0,,,,
634936634,not-logged-in-3d9df382aeb3f29d3d1f,,28567,T1,2025-04-29 20:07:32 UTC,108160166,question_extractor,,5.2.0,,1.0,,,
634936659,not-logged-in-3d9df382aeb3f29d3d1f,,28567,T0,2025-04-29 20:07:35 UTC,108159925,question_extractor,1.0,5.2.0,,,,,
634936659,not-logged-in-3d9df382aeb3f29d3d1f,,28567,T1,2025-04-29 20:07:35 UTC,108159925,question_extractor,,5.2.0,,,,,
634936702,not-logged-in-3d9df382aeb3f29d3d1f,,28567,T0,2025-04-29 20:07:40 UTC,108160095,question_extractor,,5.2.0,1.0,,,,
634936702,not-logged-in-3d9df382aeb3f29d3d1f,,28567,T1,2025-04-29 20:07:40 UTC,108160095,question_extractor,,5.2.0,,1.0,,,
634936761,not-logged-in-3d9df382aeb3f29d3d1f,,28567,T0,2025-04-29 20:07:47 UTC,108160152,question_extractor,1.0,5.2.0,,,,,
634936761,not-logged-in-3d9df382aeb3f29d3d1f,,28567,T1,2025-04-29 20:07:47 UTC,108160152,question_extractor,,5.2.0,,,,,
634936799,not-logged-in-3d9df382aeb3f29d3d1f,,28567,T0,2025-04-29 20:07:52 UTC,108159937,question_extractor,,5.2.0,1.0,,,,
634936799,not-logged-in-3d9df382aeb3f29d3d1f,,28567,T1,2025-04-29 20:07:52 UTC,108159937,question_extractor,,5.2.0,,1.0,,,
